o 
v 0.056298691779375076 0.014445201493799686 0.023999780416488647
v 0.05062555521726608 0.02846621721982956 0.023999778553843498
v -0.05774136260151863 -0.006644460838288069 0.023999841883778572
v 0.013076283037662506 0.05663248151540756 0.023999780416488647
v 0.00198018504306674 0.05796604976058006 0.023999780416488647
v -0.05774136260151863 -0.006644460838288069 0.023999841883778572
v -0.05774136260151863 -0.006644460838288069 0.023999841883778572
v 0.00198018504306674 0.05796604976058006 0.023999780416488647
v -0.010568613186478615 0.05715338885784149 0.023999802768230438
v -0.05062485486268997 -0.02846718579530716 0.023999840021133423
v 0.05810835212469101 -0.0012798846000805497 0.023999780416488647
v -0.0552823506295681 -0.017545700073242188 0.023999840021133423
v -0.0552823506295681 -0.017545700073242188 0.023999840021133423
v 0.05810835212469101 -0.0012798846000805497 0.023999780416488647
v -0.05774136260151863 -0.006644460838288069 0.023999841883778572
v 0.05810835212469101 -0.0012798846000805497 0.023999780416488647
v -0.05062485486268997 -0.02846718579530716 0.023999840021133423
v -0.04371517151594162 -0.03811763972043991 0.023999840021133423
v 0.05810835212469101 -0.0012798846000805497 0.023999780416488647
v -0.04371517151594162 -0.03811763972043991 0.023999840021133423
v -0.03449535742402077 -0.046761319041252136 0.023997684940695763
v -0.020664256066083908 -0.05432489514350891 0.023999838158488274
v -0.009854733012616634 -0.05715655907988548 0.023999840021133423
v 0.05810835212469101 -0.0012798846000805497 0.023999780416488647
v 0.05810835212469101 -0.0012798846000805497 0.023999780416488647
v -0.009854733012616634 -0.05715655907988548 0.023999840021133423
v 0.002688688924536109 -0.058060191571712494 0.02399977296590805
v -0.05774136260151863 -0.006644460838288069 0.023999841883778572
v 0.05810835212469101 -0.0012798846000805497 0.023999780416488647
v 0.056298691779375076 0.014445201493799686 0.023999780416488647
v -0.05774136260151863 -0.006644460838288069 0.023999841883778572
v 0.05062555521726608 0.02846621721982956 0.023999778553843498
v 0.043715231120586395 0.03811763972043991 0.023999780416488647
v -0.05774136260151863 -0.006644460838288069 0.023999841883778572
v 0.043715231120586395 0.03811763972043991 0.023999780416488647
v 0.03449559956789017 0.04676118120551109 0.023997580632567406
v 0.05810835212469101 -0.0012798846000805497 0.023999780416488647
v -0.03449535742402077 -0.046761319041252136 0.023997684940695763
v -0.020664256066083908 -0.05432489514350891 0.023999838158488274
v -0.010568613186478615 0.05715338885784149 0.023999802768230438
v -0.024943113327026367 0.05245089530944824 0.023999866098165512
v -0.05774136260151863 -0.006644460838288069 0.023999841883778572
v -0.05774136260151863 -0.006644460838288069 0.023999841883778572
v -0.024943113327026367 0.05245089530944824 0.023999866098165512
v -0.03504567965865135 0.04621464014053345 0.023999840021133423
v -0.03504567965865135 0.04621464014053345 0.023999840021133423
v -0.043862104415893555 0.03808870166540146 0.024000277742743492
v -0.05774136260151863 -0.006644460838288069 0.023999841883778572
v -0.05774136260151863 -0.006644460838288069 0.023999841883778572
v -0.043862104415893555 0.03808870166540146 0.024000277742743492
v -0.0505562387406826 0.0284262802451849 0.023999840021133423
v -0.0505562387406826 0.0284262802451849 0.023999840021133423
v -0.05560797452926636 0.016910195350646973 0.023999838158488274
v -0.05774136260151863 -0.006644460838288069 0.023999841883778572
v -0.05774136260151863 -0.006644460838288069 0.023999841883778572
v -0.05560797452926636 0.016910195350646973 0.023999838158488274
v -0.05769579857587814 0.005931258201599121 0.023999840021133423
v 0.024944067001342773 -0.05245065689086914 0.023999789729714394
v 0.03504567965865135 -0.04621464014053345 0.023999780416488647
v 0.043862733989953995 -0.03808834031224251 0.024000296369194984
v 0.002688688924536109 -0.058060191571712494 0.02399977296590805
v 0.013732310384511948 -0.0563507005572319 0.023999780416488647
v 0.05810835212469101 -0.0012798846000805497 0.023999780416488647
v 0.05810835212469101 -0.0012798846000805497 0.023999780416488647
v 0.013732310384511948 -0.0563507005572319 0.023999780416488647
v 0.024944067001342773 -0.05245065689086914 0.023999789729714394
v 0.05810835212469101 -0.0012798846000805497 0.023999780416488647
v 0.024944067001342773 -0.05245065689086914 0.023999789729714394
v 0.05560794472694397 -0.016910672187805176 0.023999780416488647
v -0.05774136260151863 -0.006644460838288069 0.023999841883778572
v 0.03449559956789017 0.04676118120551109 0.023997580632567406
v 0.024910030886530876 0.05237811058759689 0.023999780416488647
v -0.05774136260151863 -0.006644460838288069 0.023999841883778572
v 0.024910030886530876 0.05237811058759689 0.023999780416488647
v 0.013076283037662506 0.05663248151540756 0.023999780416488647
v 0.043862733989953995 -0.03808834031224251 0.024000296369194984
v 0.0505562387406826 -0.0284262802451849 0.023999780416488647
v 0.024944067001342773 -0.05245065689086914 0.023999789729714394
v 0.024944067001342773 -0.05245065689086914 0.023999789729714394
v 0.0505562387406826 -0.0284262802451849 0.023999780416488647
v 0.05560794472694397 -0.016910672187805176 0.023999780416488647
v 0.05929989367723465 -0.014102524146437645 0.007999876514077187
v 0.057111889123916626 -0.0068693459033966064 0.007999874651432037
v 0.062377095222473145 -0.01325453631579876 0.007999875582754612
v 0.05929989367723465 -0.014102524146437645 0.007999876514077187
v 0.0560971274971962 -0.011445470154285431 0.007999875582754612
v 0.057111889123916626 -0.0068693459033966064 0.007999874651432037
v 0.06227639690041542 -0.006400175392627716 0.007999875582754612
v 0.06410259008407593 -0.010699658654630184 0.007999876514077187
v 0.057111889123916626 -0.0068693459033966064 0.007999874651432037
v 0.057111889123916626 -0.0068693459033966064 0.007999874651432037
v 0.06410259008407593 -0.010699658654630184 0.007999876514077187
v 0.062377095222473145 -0.01325453631579876 0.007999875582754612
v -0.056643515825271606 -0.006497201509773731 0.007999966852366924
v -0.056721094995737076 -0.013579837046563625 0.007999949157238007
v -0.06277575343847275 -0.006248001009225845 0.007999960333108902
v -0.06277575343847275 -0.006248001009225845 0.007999960333108902
v -0.056721094995737076 -0.013579837046563625 0.007999949157238007
v -0.06285662204027176 -0.013693095184862614 0.007999947294592857
v -0.06285662204027176 -0.013693095184862614 0.007999947294592857
v -0.06524637341499329 -0.010000303387641907 0.008000124245882034
v -0.06277575343847275 -0.006248001009225845 0.007999960333108902
v -0.056643515825271606 -0.006497201509773731 0.007999966852366924
v -0.05491678789258003 -0.009999719448387623 0.008000041358172894
v -0.056721094995737076 -0.013579837046563625 0.007999949157238007
v -0.03279208391904831 -0.048338633030653 0.010999953374266624
v -0.03269307315349579 -0.04852044954895973 0.016999870538711548
v -0.03347975015640259 -0.04749102145433426 0.01699971966445446
v -0.03269307315349579 -0.04852044954895973 0.016999870538711548
v -0.03279208391904831 -0.048338633030653 0.010999953374266624
v -0.032440461218357086 -0.06358428299427032 0.016999870538711548
v -0.032440461218357086 -0.06358428299427032 0.016999870538711548
v -0.03279208391904831 -0.048338633030653 0.010999953374266624
v -0.03224002942442894 -0.06464645266532898 0.010999955236911774
v -0.048337310552597046 -0.03283732384443283 0.010999955236911774
v -0.04741843044757843 -0.03355629742145538 0.016998732462525368
v -0.04898940771818161 -0.03263069689273834 0.0169998686760664
v -0.048337310552597046 -0.03283732384443283 0.010999955236911774
v -0.04898940771818161 -0.03263069689273834 0.0169998686760664
v -0.06470853090286255 -0.032262172549963 0.010999955236911774
v -0.06470853090286255 -0.032262172549963 0.010999955236911774
v -0.04898940771818161 -0.03263069689273834 0.0169998686760664
v -0.06464643776416779 -0.032239992171525955 0.0169998686760664
v -0.04799417778849602 0.032945699989795685 0.01699969731271267
v -0.04819425940513611 0.03283071517944336 0.010999955236911774
v -0.06470869481563568 0.03226218372583389 0.0169998686760664
v -0.06470869481563568 0.03226218372583389 0.0169998686760664
v -0.04819425940513611 0.03283071517944336 0.010999955236911774
v -0.06464645266532898 0.03224001079797745 0.010999957099556923
v -0.03290245682001114 0.04811762273311615 0.010999953374266624
v -0.032839223742485046 0.04814034700393677 0.01699954830110073
v -0.032262131571769714 0.06470873951911926 0.010999955236911774
v -0.032262131571769714 0.06470873951911926 0.010999955236911774
v -0.032839223742485046 0.04814034700393677 0.01699954830110073
v -0.03223995864391327 0.06464649736881256 0.01699986681342125
v 0.03279208391904831 0.0483386367559433 0.010999895632266998
v 0.0326930470764637 0.04852048307657242 0.016999810934066772
v 0.033479709178209305 0.0474911592900753 0.016999658197164536
v 0.0326930470764637 0.04852048307657242 0.016999810934066772
v 0.03279208391904831 0.0483386367559433 0.010999895632266998
v 0.03244052454829216 0.06358411908149719 0.016999810934066772
v 0.03244052454829216 0.06358411908149719 0.016999810934066772
v 0.03279208391904831 0.0483386367559433 0.010999895632266998
v 0.032240018248558044 0.06464648246765137 0.010999897494912148
v 0.048337310552597046 0.032837338745594025 0.010999897494912148
v 0.04803479090332985 0.03287810459733009 0.016998330131173134
v 0.06470867991447449 0.03226213902235031 0.010999895632266998
v 0.06470867991447449 0.03226213902235031 0.010999895632266998
v 0.04803479090332985 0.03287810459733009 0.016998330131173134
v 0.06464646756649017 0.032239966094493866 0.016999805346131325
v 0.032902494072914124 -0.04811762273311615 0.010999897494912148
v 0.032839253544807434 -0.04814034700393677 0.016999490559101105
v 0.03226213902235031 -0.06470867991447449 0.010999895632266998
v 0.03226213902235031 -0.06470867991447449 0.010999895632266998
v 0.032839253544807434 -0.04814034700393677 0.016999490559101105
v 0.032239966094493866 -0.06464646756649017 0.016999805346131325
v 0.03279208391904831 0.0483386367559433 0.010999895632266998
v 0.033479709178209305 0.0474911592900753 0.016999658197164536
v 0.03449559956789017 0.04676118120551109 0.023997580632567406
v 0.043715231120586395 0.03811763972043991 0.023999780416488647
v 0.05062555521726608 0.02846621721982956 0.023999778553843498
v 0.04803479090332985 0.03287810459733009 0.016998330131173134
v 0.04803479090332985 0.03287810459733009 0.016998330131173134
v 0.05062555521726608 0.02846621721982956 0.023999778553843498
v 0.054324984550476074 0.020664572715759277 0.01699981279671192
v 0.054324984550476074 0.020664572715759277 0.01699981279671192
v 0.05062555521726608 0.02846621721982956 0.023999778553843498
v 0.056298691779375076 0.014445201493799686 0.023999780416488647
v 0.054324984550476074 0.020664572715759277 0.01699981279671192
v 0.056298691779375076 0.014445201493799686 0.023999780416488647
v 0.057885557413101196 0.005242049694061279 0.016999807208776474
v 0.057885557413101196 0.005242049694061279 0.016999807208776474
v 0.056298691779375076 0.014445201493799686 0.023999780416488647
v 0.05810835212469101 -0.0012798846000805497 0.023999780416488647
v 0.057885557413101196 0.005242049694061279 0.016999807208776474
v 0.05810835212469101 -0.0012798846000805497 0.023999780416488647
v 0.05715341866016388 -0.010568618774414062 0.016999809071421623
v 0.05715341866016388 -0.010568618774414062 0.016999809071421623
v 0.05810835212469101 -0.0012798846000805497 0.023999780416488647
v 0.05560794472694397 -0.016910672187805176 0.023999780416488647
v 0.05715341866016388 -0.010568618774414062 0.016999809071421623
v 0.05560794472694397 -0.016910672187805176 0.023999780416488647
v 0.052504658699035645 -0.024819612503051758 0.016999827697873116
v 0.052504658699035645 -0.024819612503051758 0.016999827697873116
v 0.05560794472694397 -0.016910672187805176 0.023999780416488647
v 0.0505562387406826 -0.0284262802451849 0.023999780416488647
v 0.03504567965865135 -0.04621464014053345 0.023999780416488647
v 0.024944067001342773 -0.05245065689086914 0.023999789729714394
v 0.032839253544807434 -0.04814034700393677 0.016999490559101105
v 0.032839253544807434 -0.04814034700393677 0.016999490559101105
v 0.024944067001342773 -0.05245065689086914 0.023999789729714394
v 0.016910314559936523 -0.055608004331588745 0.01699981838464737
v 0.016910314559936523 -0.055608004331588745 0.01699981838464737
v 0.024944067001342773 -0.05245065689086914 0.023999789729714394
v 0.013732310384511948 -0.0563507005572319 0.023999780416488647
v 0.016910314559936523 -0.055608004331588745 0.01699981838464737
v 0.013732310384511948 -0.0563507005572319 0.023999780416488647
v 0.002688688924536109 -0.058060191571712494 0.02399977296590805
v 0.016910314559936523 -0.055608004331588745 0.01699981838464737
v 0.002688688924536109 -0.058060191571712494 0.02399977296590805
v 0.0012803163845092058 -0.058108292520046234 0.016999801620841026
v 0.0012803163845092058 -0.058108292520046234 0.016999801620841026
v 0.002688688924536109 -0.058060191571712494 0.02399977296590805
v -0.009854733012616634 -0.05715655907988548 0.023999840021133423
v 0.0012803163845092058 -0.058108292520046234 0.016999801620841026
v -0.009854733012616634 -0.05715655907988548 0.023999840021133423
v -0.014445406384766102 -0.05629868805408478 0.01699986681342125
v -0.014445406384766102 -0.05629868805408478 0.01699986681342125
v -0.009854733012616634 -0.05715655907988548 0.023999840021133423
v -0.020664256066083908 -0.05432489514350891 0.023999838158488274
v -0.014445406384766102 -0.05629868805408478 0.01699986681342125
v -0.020664256066083908 -0.05432489514350891 0.023999838158488274
v -0.03269307315349579 -0.04852044954895973 0.016999870538711548
v -0.03269307315349579 -0.04852044954895973 0.016999870538711548
v -0.020664256066083908 -0.05432489514350891 0.023999838158488274
v -0.03449535742402077 -0.046761319041252136 0.023997684940695763
v -0.03269307315349579 -0.04852044954895973 0.016999870538711548
v -0.03449535742402077 -0.046761319041252136 0.023997684940695763
v -0.03347975015640259 -0.04749102145433426 0.01699971966445446
v -0.03347975015640259 -0.04749102145433426 0.01699971966445446
v -0.03449535742402077 -0.046761319041252136 0.023997684940695763
v -0.03279208391904831 -0.048338633030653 0.010999953374266624
v -0.04371517151594162 -0.03811763972043991 0.023999840021133423
v -0.05062485486268997 -0.02846718579530716 0.023999840021133423
v -0.04741843044757843 -0.03355629742145538 0.016998732462525368
v -0.04741843044757843 -0.03355629742145538 0.016998732462525368
v -0.05062485486268997 -0.02846718579530716 0.023999840021133423
v -0.04898940771818161 -0.03263069689273834 0.0169998686760664
v -0.04898940771818161 -0.03263069689273834 0.0169998686760664
v -0.05062485486268997 -0.02846718579530716 0.023999840021133423
v -0.0552823506295681 -0.017545700073242188 0.023999840021133423
v -0.04898940771818161 -0.03263069689273834 0.0169998686760664
v -0.0552823506295681 -0.017545700073242188 0.023999840021133423
v -0.05663245916366577 -0.013075947761535645 0.01699986681342125
v -0.05663245916366577 -0.013075947761535645 0.01699986681342125
v -0.0552823506295681 -0.017545700073242188 0.023999840021133423
v -0.05774136260151863 -0.006644460838288069 0.023999841883778572
v -0.05663245916366577 -0.013075947761535645 0.01699986681342125
v -0.05774136260151863 -0.006644460838288069 0.023999841883778572
v -0.05796604976058006 -0.001980066066607833 0.016999870538711548
v -0.05796604976058006 -0.001980066066607833 0.016999870538711548
v -0.05774136260151863 -0.006644460838288069 0.023999841883778572
v -0.05769579857587814 0.005931258201599121 0.023999840021133423
v -0.05796604976058006 -0.001980066066607833 0.016999870538711548
v -0.05769579857587814 0.005931258201599121 0.023999840021133423
v -0.057153403759002686 0.010568857192993164 0.016999870538711548
v -0.057153403759002686 0.010568857192993164 0.016999870538711548
v -0.05769579857587814 0.005931258201599121 0.023999840021133423
v -0.05560797452926636 0.016910195350646973 0.023999838158488274
v -0.057153403759002686 0.010568857192993164 0.016999870538711548
v -0.05560797452926636 0.016910195350646973 0.023999838158488274
v -0.05250418186187744 0.024820327758789062 0.016999874264001846
v -0.05250418186187744 0.024820327758789062 0.016999874264001846
v -0.05560797452926636 0.016910195350646973 0.023999838158488274
v -0.0505562387406826 0.0284262802451849 0.023999840021133423
v 0.03449559956789017 0.04676118120551109 0.023997580632567406
v 0.033479709178209305 0.0474911592900753 0.016999658197164536
v 0.0326930470764637 0.04852048307657242 0.016999810934066772
v 0.03449559956789017 0.04676118120551109 0.023997580632567406
v 0.0326930470764637 0.04852048307657242 0.016999810934066772
v 0.024910030886530876 0.05237811058759689 0.023999780416488647
v 0.024910030886530876 0.05237811058759689 0.023999780416488647
v 0.0326930470764637 0.04852048307657242 0.016999810934066772
v 0.014445304870605469 0.05629882216453552 0.016999810934066772
v 0.024910030886530876 0.05237811058759689 0.023999780416488647
v 0.014445304870605469 0.05629882216453552 0.016999810934066772
v 0.013076283037662506 0.05663248151540756 0.023999780416488647
v 0.013076283037662506 0.05663248151540756 0.023999780416488647
v 0.014445304870605469 0.05629882216453552 0.016999810934066772
v -0.0012803488643839955 0.05810829624533653 0.016999801620841026
v 0.013076283037662506 0.05663248151540756 0.023999780416488647
v -0.0012803488643839955 0.05810829624533653 0.016999801620841026
v 0.00198018504306674 0.05796604976058006 0.023999780416488647
v 0.00198018504306674 0.05796604976058006 0.023999780416488647
v -0.0012803488643839955 0.05810829624533653 0.016999801620841026
v -0.010568613186478615 0.05715338885784149 0.023999802768230438
v -0.010568613186478615 0.05715338885784149 0.023999802768230438
v -0.0012803488643839955 0.05810829624533653 0.016999801620841026
v -0.016910366714000702 0.05560791492462158 0.016999870538711548
v -0.010568613186478615 0.05715338885784149 0.023999802768230438
v -0.016910366714000702 0.05560791492462158 0.016999870538711548
v -0.024943113327026367 0.05245089530944824 0.023999866098165512
v -0.024943113327026367 0.05245089530944824 0.023999866098165512
v -0.016910366714000702 0.05560791492462158 0.016999870538711548
v -0.032839223742485046 0.04814034700393677 0.01699954830110073
v -0.024943113327026367 0.05245089530944824 0.023999866098165512
v -0.032839223742485046 0.04814034700393677 0.01699954830110073
v -0.03504567965865135 0.04621464014053345 0.023999840021133423
v -0.03279208391904831 -0.048338633030653 0.010999953374266624
v -0.03449535742402077 -0.046761319041252136 0.023997684940695763
v -0.04155499115586281 -0.04056183621287346 0.01099993847310543
v -0.04155499115586281 -0.04056183621287346 0.01099993847310543
v -0.03449535742402077 -0.046761319041252136 0.023997684940695763
v -0.04371517151594162 -0.03811763972043991 0.023999840021133423
v -0.04155499115586281 -0.04056183621287346 0.01099993847310543
v -0.04371517151594162 -0.03811763972043991 0.023999840021133423
v -0.04741843044757843 -0.03355629742145538 0.016998732462525368
v -0.04155499115586281 -0.04056183621287346 0.01099993847310543
v -0.04741843044757843 -0.03355629742145538 0.016998732462525368
v -0.048337310552597046 -0.03283732384443283 0.010999955236911774
v -0.05250418186187744 0.024820327758789062 0.016999874264001846
v -0.0505562387406826 0.0284262802451849 0.023999840021133423
v -0.04799417778849602 0.032945699989795685 0.01699969731271267
v -0.04799417778849602 0.032945699989795685 0.01699969731271267
v -0.0505562387406826 0.0284262802451849 0.023999840021133423
v -0.043862104415893555 0.03808870166540146 0.024000277742743492
v -0.04799417778849602 0.032945699989795685 0.01699969731271267
v -0.043862104415893555 0.03808870166540146 0.024000277742743492
v -0.04819425940513611 0.03283071517944336 0.010999955236911774
v -0.04819425940513611 0.03283071517944336 0.010999955236911774
v -0.043862104415893555 0.03808870166540146 0.024000277742743492
v -0.041011981666088104 0.04101204127073288 0.010999955236911774
v -0.041011981666088104 0.04101204127073288 0.010999955236911774
v -0.043862104415893555 0.03808870166540146 0.024000277742743492
v -0.03504567965865135 0.04621464014053345 0.023999840021133423
v -0.041011981666088104 0.04101204127073288 0.010999955236911774
v -0.03504567965865135 0.04621464014053345 0.023999840021133423
v -0.03290245682001114 0.04811762273311615 0.010999953374266624
v -0.03290245682001114 0.04811762273311615 0.010999953374266624
v -0.03504567965865135 0.04621464014053345 0.023999840021133423
v -0.032839223742485046 0.04814034700393677 0.01699954830110073
v 0.03279208391904831 0.0483386367559433 0.010999895632266998
v 0.03449559956789017 0.04676118120551109 0.023997580632567406
v 0.041554734110832214 0.04056212678551674 0.010999862104654312
v 0.041554734110832214 0.04056212678551674 0.010999862104654312
v 0.03449559956789017 0.04676118120551109 0.023997580632567406
v 0.043715231120586395 0.03811763972043991 0.023999780416488647
v 0.041554734110832214 0.04056212678551674 0.010999862104654312
v 0.043715231120586395 0.03811763972043991 0.023999780416488647
v 0.04803479090332985 0.03287810459733009 0.016998330131173134
v 0.041554734110832214 0.04056212678551674 0.010999862104654312
v 0.04803479090332985 0.03287810459733009 0.016998330131173134
v 0.048337310552597046 0.032837338745594025 0.010999897494912148
v 0.052504658699035645 -0.024819612503051758 0.016999827697873116
v 0.0505562387406826 -0.0284262802451849 0.023999780416488647
v 0.04799417033791542 -0.032945726066827774 0.016999635845422745
v 0.04799417033791542 -0.032945726066827774 0.016999635845422745
v 0.0505562387406826 -0.0284262802451849 0.023999780416488647
v 0.043862733989953995 -0.03808834031224251 0.024000296369194984
v 0.04799417033791542 -0.032945726066827774 0.016999635845422745
v 0.043862733989953995 -0.03808834031224251 0.024000296369194984
v 0.04819425567984581 -0.03283071145415306 0.010999897494912148
v 0.04819425567984581 -0.03283071145415306 0.010999897494912148
v 0.043862733989953995 -0.03808834031224251 0.024000296369194984
v 0.041011981666088104 -0.04101204127073288 0.010999897494912148
v 0.041011981666088104 -0.04101204127073288 0.010999897494912148
v 0.043862733989953995 -0.03808834031224251 0.024000296369194984
v 0.03504567965865135 -0.04621464014053345 0.023999780416488647
v 0.041011981666088104 -0.04101204127073288 0.010999897494912148
v 0.03504567965865135 -0.04621464014053345 0.023999780416488647
v 0.032902494072914124 -0.04811762273311615 0.010999897494912148
v 0.032902494072914124 -0.04811762273311615 0.010999897494912148
v 0.03504567965865135 -0.04621464014053345 0.023999780416488647
v 0.032839253544807434 -0.04814034700393677 0.016999490559101105
v 0.04799417033791542 -0.032945726066827774 0.016999635845422745
v 0.04819425567984581 -0.03283071145415306 0.010999897494912148
v 0.06358405947685242 -0.03244053199887276 0.016999810934066772
v 0.06358405947685242 -0.03244053199887276 0.016999810934066772
v 0.04819425567984581 -0.03283071145415306 0.010999897494912148
v 0.06464648246765137 -0.03224000334739685 0.010999897494912148
v 0.057111889123916626 -0.0068693459033966064 0.007999874651432037
v 0.058264393359422684 -0.006223184987902641 0.0010158396326005459
v 0.06227639690041542 -0.006400175392627716 0.007999875582754612
v 0.06227639690041542 -0.006400175392627716 0.007999875582754612
v 0.058264393359422684 -0.006223184987902641 0.0010158396326005459
v 0.062403351068496704 -0.006608899682760239 0.0010158284567296505
v 0.06227639690041542 -0.006400175392627716 0.007999875582754612
v 0.062403351068496704 -0.006608899682760239 0.0010158284567296505
v 0.0640806257724762 -0.0098629305139184 0.001006097998470068
v 0.06227639690041542 -0.006400175392627716 0.007999875582754612
v 0.0640806257724762 -0.0098629305139184 0.001006097998470068
v 0.06410259008407593 -0.010699658654630184 0.007999876514077187
v 0.06410259008407593 -0.010699658654630184 0.007999876514077187
v 0.0640806257724762 -0.0098629305139184 0.001006097998470068
v 0.06298225373029709 -0.012788655236363411 0.001006090547889471
v 0.06410259008407593 -0.010699658654630184 0.007999876514077187
v 0.06298225373029709 -0.012788655236363411 0.001006090547889471
v 0.062377095222473145 -0.01325453631579876 0.007999875582754612
v 0.062377095222473145 -0.01325453631579876 0.007999875582754612
v 0.06298225373029709 -0.012788655236363411 0.001006090547889471
v 0.06062055379152298 -0.013981527648866177 0.0010017058812081814
v 0.062377095222473145 -0.01325453631579876 0.007999875582754612
v 0.06062055379152298 -0.013981527648866177 0.0010017058812081814
v 0.05929989367723465 -0.014102524146437645 0.007999876514077187
v 0.05929989367723465 -0.014102524146437645 0.007999876514077187
v 0.06062055379152298 -0.013981527648866177 0.0010017058812081814
v 0.05759687349200249 -0.013391354121267796 0.0010158172808587551
v 0.05929989367723465 -0.014102524146437645 0.007999876514077187
v 0.05759687349200249 -0.013391354121267796 0.0010158172808587551
v 0.0560971274971962 -0.011445470154285431 0.007999875582754612
v 0.0560971274971962 -0.011445470154285431 0.007999875582754612
v 0.05759687349200249 -0.013391354121267796 0.0010158172808587551
v 0.0558614581823349 -0.009614362381398678 0.0010158582590520382
v 0.0560971274971962 -0.011445470154285431 0.007999875582754612
v 0.0558614581823349 -0.009614362381398678 0.0010158582590520382
v 0.057111889123916626 -0.0068693459033966064 0.007999874651432037
v 0.057111889123916626 -0.0068693459033966064 0.007999874651432037
v 0.0558614581823349 -0.009614362381398678 0.0010158582590520382
v 0.058264393359422684 -0.006223184987902641 0.0010158396326005459
v -0.05747309699654579 -0.006199643015861511 0.0009874827228486538
v -0.05526770278811455 -0.008371463045477867 0.0009976341389119625
v -0.056643515825271606 -0.006497201509773731 0.007999966852366924
v -0.056643515825271606 -0.006497201509773731 0.007999966852366924
v -0.05526770278811455 -0.008371463045477867 0.0009976341389119625
v -0.05491678789258003 -0.009999719448387623 0.008000041358172894
v -0.05526770278811455 -0.008371463045477867 0.0009976341389119625
v -0.055253442376852036 -0.011763304471969604 0.0010002418421208858
v -0.05491678789258003 -0.009999719448387623 0.008000041358172894
v -0.05491678789258003 -0.009999719448387623 0.008000041358172894
v -0.055253442376852036 -0.011763304471969604 0.0010002418421208858
v -0.056721094995737076 -0.013579837046563625 0.007999949157238007
v -0.055253442376852036 -0.011763304471969604 0.0010002418421208858
v -0.057734694331884384 -0.013848911970853806 0.0010178671218454838
v -0.056721094995737076 -0.013579837046563625 0.007999949157238007
v -0.06285662204027176 -0.013693095184862614 0.007999947294592857
v -0.056721094995737076 -0.013579837046563625 0.007999949157238007
v -0.06222764775156975 -0.013873156160116196 0.0009904331527650356
v -0.06222764775156975 -0.013873156160116196 0.0009904331527650356
v -0.056721094995737076 -0.013579837046563625 0.007999949157238007
v -0.057734694331884384 -0.013848911970853806 0.0010178671218454838
v -0.06285662204027176 -0.013693095184862614 0.007999947294592857
v -0.06222764775156975 -0.013873156160116196 0.0009904331527650356
v -0.06405817717313766 -0.012620151042938232 0.0010011284612119198
v -0.06285662204027176 -0.013693095184862614 0.007999947294592857
v -0.06405817717313766 -0.012620151042938232 0.0010011284612119198
v -0.06524637341499329 -0.010000303387641907 0.008000124245882034
v -0.06524637341499329 -0.010000303387641907 0.008000124245882034
v -0.06405817717313766 -0.012620151042938232 0.0010011284612119198
v -0.06505792587995529 -0.010354525409638882 0.0010116412304341793
v -0.06524637341499329 -0.010000303387641907 0.008000124245882034
v -0.06505792587995529 -0.010354525409638882 0.0010116412304341793
v -0.0644882395863533 -0.007994629442691803 0.0009975670836865902
v -0.06524637341499329 -0.010000303387641907 0.008000124245882034
v -0.0644882395863533 -0.007994629442691803 0.0009975670836865902
v -0.06277575343847275 -0.006248001009225845 0.007999960333108902
v -0.06277575343847275 -0.006248001009225845 0.007999960333108902
v -0.0644882395863533 -0.007994629442691803 0.0009975670836865902
v -0.06255093216896057 -0.006224943324923515 0.0010148878209292889
v -0.056643515825271606 -0.006497201509773731 0.007999966852366924
v -0.06277575343847275 -0.006248001009225845 0.007999960333108902
v -0.05747309699654579 -0.006199643015861511 0.0009874827228486538
v -0.05747309699654579 -0.006199643015861511 0.0009874827228486538
v -0.06277575343847275 -0.006248001009225845 0.007999960333108902
v -0.06255093216896057 -0.006224943324923515 0.0010148878209292889
v 0.03226213902235031 -0.06470867991447449 0.010999895632266998
v 0.032239966094493866 -0.06464646756649017 0.016999805346131325
v 0.030213594436645508 -0.06696021556854248 0.016999810934066772
v 0.03226213902235031 -0.06470867991447449 0.010999895632266998
v 0.030213594436645508 -0.06696021556854248 0.016999810934066772
v 0.030039669945836067 -0.06707499176263809 0.01099981740117073
v -0.031000494956970215 -0.0665045976638794 0.016999870538711548
v -0.01587698422372341 -0.07193722575902939 0.01700105145573616
v -0.014445406384766102 -0.05629868805408478 0.01699986681342125
v -0.014445406384766102 -0.05629868805408478 0.01699986681342125
v -0.01587698422372341 -0.07193722575902939 0.01700105145573616
v 0.0012803163845092058 -0.058108292520046234 0.016999801620841026
v 0.0012803163845092058 -0.058108292520046234 0.016999801620841026
v -0.01587698422372341 -0.07193722575902939 0.01700105145573616
v -0.000060891485190950334 -0.07355229556560516 0.0169919952750206
v 0.0012803163845092058 -0.058108292520046234 0.016999801620841026
v -0.000060891485190950334 -0.07355229556560516 0.0169919952750206
v 0.016910314559936523 -0.055608004331588745 0.01699981838464737
v 0.030213594436645508 -0.06696021556854248 0.016999810934066772
v 0.016910314559936523 -0.055608004331588745 0.01699981838464737
v 0.01658167876303196 -0.0718434676527977 0.017001695930957794
v 0.01658167876303196 -0.0718434676527977 0.017001695930957794
v 0.016910314559936523 -0.055608004331588745 0.01699981838464737
v -0.000060891485190950334 -0.07355229556560516 0.0169919952750206
v 0.016910314559936523 -0.055608004331588745 0.01699981838464737
v 0.030213594436645508 -0.06696021556854248 0.016999810934066772
v 0.032239966094493866 -0.06464646756649017 0.016999805346131325
v -0.03269307315349579 -0.04852044954895973 0.016999870538711548
v -0.032440461218357086 -0.06358428299427032 0.016999870538711548
v -0.014445406384766102 -0.05629868805408478 0.01699986681342125
v -0.014445406384766102 -0.05629868805408478 0.01699986681342125
v -0.032440461218357086 -0.06358428299427032 0.016999870538711548
v -0.031000494956970215 -0.0665045976638794 0.016999870538711548
v 0.016910314559936523 -0.055608004331588745 0.01699981838464737
v 0.032239966094493866 -0.06464646756649017 0.016999805346131325
v 0.032839253544807434 -0.04814034700393677 0.016999490559101105
v -0.030123772099614143 -0.06703472882509232 0.010999929159879684
v -0.031000494956970215 -0.0665045976638794 0.016999870538711548
v -0.03224002942442894 -0.06464645266532898 0.010999955236911774
v -0.03224002942442894 -0.06464645266532898 0.010999955236911774
v -0.031000494956970215 -0.0665045976638794 0.016999870538711548
v -0.032440461218357086 -0.06358428299427032 0.016999870538711548
v -0.04822723940014839 -0.05562598258256912 0.010999968275427818
v -0.04862384498119354 -0.05092340707778931 0.010999955236911774
v -0.051145415753126144 -0.04770936071872711 0.010999955236911774
v -0.04822723940014839 -0.05562598258256912 0.010999968275427818
v -0.051145415753126144 -0.04770936071872711 0.010999955236911774
v -0.05998064577579498 -0.04258011654019356 0.010999960824847221
v -0.04155499115586281 -0.04056183621287346 0.01099993847310543
v -0.045881643891334534 -0.042053449898958206 0.010999953374266624
v -0.043007370084524155 -0.04399479925632477 0.010999953374266624
v -0.0380241796374321 -0.0628998801112175 0.010999955236911774
v -0.030123772099614143 -0.06703472882509232 0.010999929159879684
v -0.03224002942442894 -0.06464645266532898 0.010999955236911774
v -0.0380241796374321 -0.0628998801112175 0.010999955236911774
v -0.03224002942442894 -0.06464645266532898 0.010999955236911774
v -0.04396159201860428 -0.050488829612731934 0.010999953374266624
v -0.0380241796374321 -0.0628998801112175 0.010999955236911774
v -0.04396159201860428 -0.050488829612731934 0.010999953374266624
v -0.04822723940014839 -0.05562598258256912 0.010999968275427818
v -0.04822723940014839 -0.05562598258256912 0.010999968275427818
v -0.04396159201860428 -0.050488829612731934 0.010999953374266624
v -0.04862384498119354 -0.05092340707778931 0.010999955236911774
v -0.045881643891334534 -0.042053449898958206 0.010999953374266624
v -0.04155499115586281 -0.04056183621287346 0.01099993847310543
v -0.048337310552597046 -0.03283732384443283 0.010999955236911774
v -0.05998064577579498 -0.04258011654019356 0.010999960824847221
v -0.051145415753126144 -0.04770936071872711 0.010999955236911774
v -0.050272535532712936 -0.0436796210706234 0.010999953374266624
v -0.045881643891334534 -0.042053449898958206 0.010999953374266624
v -0.048337310552597046 -0.03283732384443283 0.010999955236911774
v -0.050272535532712936 -0.0436796210706234 0.010999953374266624
v -0.04155499115586281 -0.04056183621287346 0.01099993847310543
v -0.043007370084524155 -0.04399479925632477 0.010999953374266624
v -0.04207582026720047 -0.04682305082678795 0.010999955236911774
v -0.04155499115586281 -0.04056183621287346 0.01099993847310543
v -0.04207582026720047 -0.04682305082678795 0.010999955236911774
v -0.03279208391904831 -0.048338633030653 0.010999953374266624
v -0.04396159201860428 -0.050488829612731934 0.010999953374266624
v -0.03224002942442894 -0.06464645266532898 0.010999955236911774
v -0.03279208391904831 -0.048338633030653 0.010999953374266624
v -0.04396159201860428 -0.050488829612731934 0.010999953374266624
v -0.03279208391904831 -0.048338633030653 0.010999953374266624
v -0.04207582026720047 -0.04682305082678795 0.010999955236911774
v -0.050272535532712936 -0.0436796210706234 0.010999953374266624
v -0.048337310552597046 -0.03283732384443283 0.010999955236911774
v -0.06470853090286255 -0.032262172549963 0.010999955236911774
v -0.050272535532712936 -0.0436796210706234 0.010999953374266624
v -0.06470853090286255 -0.032262172549963 0.010999955236911774
v -0.05998064577579498 -0.04258011654019356 0.010999960824847221
v -0.06707510352134705 -0.030039453878998756 0.010999878868460655
v -0.05998064577579498 -0.04258011654019356 0.010999960824847221
v -0.06470853090286255 -0.032262172549963 0.010999955236911774
v -0.06470853090286255 -0.032262172549963 0.010999955236911774
v -0.06464643776416779 -0.032239992171525955 0.0169998686760664
v -0.06696027517318726 -0.030213594436645508 0.016999870538711548
v -0.06470853090286255 -0.032262172549963 0.010999955236911774
v -0.06696027517318726 -0.030213594436645508 0.016999870538711548
v -0.06707510352134705 -0.030039453878998756 0.010999878868460655
v -0.05663245916366577 -0.013075947761535645 0.01699986681342125
v -0.07155686616897583 -0.017498979344964027 0.01699986308813095
v -0.06696027517318726 -0.030213594436645508 0.016999870538711548
v -0.07155686616897583 -0.017498979344964027 0.01699986308813095
v -0.05663245916366577 -0.013075947761535645 0.01699986681342125
v -0.07357943803071976 -0.000892658019438386 0.016999870538711548
v -0.07357943803071976 -0.000892658019438386 0.016999870538711548
v -0.05663245916366577 -0.013075947761535645 0.01699986681342125
v -0.05796604976058006 -0.001980066066607833 0.016999870538711548
v -0.07357943803071976 -0.000892658019438386 0.016999870538711548
v -0.05796604976058006 -0.001980066066607833 0.016999870538711548
v -0.057153403759002686 0.010568857192993164 0.016999870538711548
v -0.07357943803071976 -0.000892658019438386 0.016999870538711548
v -0.057153403759002686 0.010568857192993164 0.016999870538711548
v -0.07169270515441895 0.016717910766601562 0.016999876126646996
v -0.07169270515441895 0.016717910766601562 0.016999876126646996
v -0.057153403759002686 0.010568857192993164 0.016999870538711548
v -0.05250418186187744 0.024820327758789062 0.016999874264001846
v -0.07169270515441895 0.016717910766601562 0.016999876126646996
v -0.05250418186187744 0.024820327758789062 0.016999874264001846
v -0.06706428527832031 0.030046463012695312 0.0169998686760664
v -0.05663245916366577 -0.013075947761535645 0.01699986681342125
v -0.06696027517318726 -0.030213594436645508 0.016999870538711548
v -0.06464643776416779 -0.032239992171525955 0.0169998686760664
v -0.05663245916366577 -0.013075947761535645 0.01699986681342125
v -0.06464643776416779 -0.032239992171525955 0.0169998686760664
v -0.04898940771818161 -0.03263069689273834 0.0169998686760664
v -0.04799417778849602 0.032945699989795685 0.01699969731271267
v -0.06470869481563568 0.03226218372583389 0.0169998686760664
v -0.05250418186187744 0.024820327758789062 0.016999874264001846
v -0.05250418186187744 0.024820327758789062 0.016999874264001846
v -0.06470869481563568 0.03226218372583389 0.0169998686760664
v -0.06706428527832031 0.030046463012695312 0.0169998686760664
v -0.06703490018844604 0.030123654752969742 0.010999929159879684
v -0.06706428527832031 0.030046463012695312 0.0169998686760664
v -0.06470869481563568 0.03226218372583389 0.0169998686760664
v -0.06703490018844604 0.030123654752969742 0.010999929159879684
v -0.06470869481563568 0.03226218372583389 0.0169998686760664
v -0.06464645266532898 0.03224001079797745 0.010999957099556923
v -0.005225689150393009 -0.07236028462648392 0.008773189038038254
v -0.004260212182998657 -0.07246877253055573 0.011445710435509682
v -0.006338242441415787 -0.0732225552201271 0.008707821369171143
v -0.006338242441415787 -0.0732225552201271 0.008707821369171143
v -0.004260212182998657 -0.07246877253055573 0.011445710435509682
v -0.004377543926239014 -0.07337351888418198 0.012890318408608437
v -0.004377543926239014 -0.07337351888418198 0.012890318408608437
v -0.004260212182998657 -0.07246877253055573 0.011445710435509682
v -0.002453833818435669 -0.07257089018821716 0.013095894828438759
v -0.004377543926239014 -0.07337351888418198 0.012890318408608437
v -0.002453833818435669 -0.07257089018821716 0.013095894828438759
v -0.0009587109088897705 -0.07349845767021179 0.014565849676728249
v -0.0009587109088897705 -0.07349845767021179 0.014565849676728249
v -0.002453833818435669 -0.07257089018821716 0.013095894828438759
v 0.0008839964866638184 -0.07263520359992981 0.013647345826029778
v -0.0009587109088897705 -0.07349845767021179 0.014565849676728249
v 0.0008839964866638184 -0.07263520359992981 0.013647345826029778
v 0.0033867061138153076 -0.07343301922082901 0.01375640369951725
v 0.0033867061138153076 -0.07343301922082901 0.01375640369951725
v 0.0008839964866638184 -0.07263520359992981 0.013647345826029778
v 0.004006437957286835 -0.0724850594997406 0.011889228597283363
v 0.0033867061138153076 -0.07343301922082901 0.01375640369951725
v 0.004006437957286835 -0.0724850594997406 0.011889228597283363
v 0.0053713321685791016 -0.07330308109521866 0.011478880420327187
v 0.0053713321685791016 -0.07330308109521866 0.011478880420327187
v 0.004006437957286835 -0.0724850594997406 0.011889228597283363
v 0.005128301680088043 -0.0723780170083046 0.009220758453011513
v 0.0053713321685791016 -0.07330308109521866 0.011478880420327187
v 0.005128301680088043 -0.0723780170083046 0.009220758453011513
v 0.006268204189836979 -0.07323051989078522 0.008372507989406586
v 0.006268204189836979 -0.07323051989078522 0.008372507989406586
v 0.005128301680088043 -0.0723780170083046 0.009220758453011513
v 0.004750892519950867 -0.072424978017807 0.006293037440627813
v 0.006268204189836979 -0.07323051989078522 0.008372507989406586
v 0.004750892519950867 -0.072424978017807 0.006293037440627813
v 0.0050032734870910645 -0.07332983613014221 0.004913547541946173
v 0.0050032734870910645 -0.07332983613014221 0.004913547541946173
v 0.004750892519950867 -0.072424978017807 0.006293037440627813
v 0.0030420422554016113 -0.07254906743764877 0.004315474536269903
v 0.0050032734870910645 -0.07332983613014221 0.004913547541946173
v 0.0030420422554016113 -0.07254906743764877 0.004315474536269903
v 0.002172529697418213 -0.07347846031188965 0.0027161925099790096
v 0.0030420422554016113 -0.07254906743764877 0.004315474536269903
v 0.0005985498428344727 -0.07264018058776855 0.0033181398175656796
v 0.002172529697418213 -0.07347846031188965 0.0027161925099790096
v 0.002172529697418213 -0.07347846031188965 0.0027161925099790096
v 0.0005985498428344727 -0.07264018058776855 0.0033181398175656796
v -0.0015575885772705078 -0.0734875276684761 0.0025737970136106014
v 0.0005985498428344727 -0.07264018058776855 0.0033181398175656796
v -0.0020019114017486572 -0.0726102888584137 0.003719115164130926
v -0.0015575885772705078 -0.0734875276684761 0.0025737970136106014
v -0.0015575885772705078 -0.0734875276684761 0.0025737970136106014
v -0.0020019114017486572 -0.0726102888584137 0.003719115164130926
v -0.004566073417663574 -0.07336125522851944 0.004312077071517706
v -0.004566073417663574 -0.07336125522851944 0.004312077071517706
v -0.0020019114017486572 -0.0726102888584137 0.003719115164130926
v -0.004268631339073181 -0.07246498018503189 0.0055080740712583065
v -0.004566073417663574 -0.07336125522851944 0.004312077071517706
v -0.004268631339073181 -0.07246498018503189 0.0055080740712583065
v -0.006338242441415787 -0.0732225552201271 0.008707821369171143
v -0.006338242441415787 -0.0732225552201271 0.008707821369171143
v -0.004268631339073181 -0.07246498018503189 0.0055080740712583065
v -0.005225689150393009 -0.07236028462648392 0.008773189038038254
v -0.04980812966823578 0.050025586038827896 0.010999957099556923
v -0.05562594532966614 0.04822704195976257 0.010999949648976326
v -0.05133078992366791 0.046234820038080215 0.010999955236911774
v -0.05562594532966614 0.04822704195976257 0.010999949648976326
v -0.04980812966823578 0.050025586038827896 0.010999957099556923
v -0.04258009418845177 0.059981152415275574 0.010999945923686028
v -0.04258009418845177 0.059981152415275574 0.010999945923686028
v -0.04980812966823578 0.050025586038827896 0.010999957099556923
v -0.04588223248720169 0.05128446966409683 0.010999955236911774
v -0.04819425940513611 0.03283071517944336 0.010999955236911774
v -0.04909885674715042 0.042768046259880066 0.010999953374266624
v -0.06464645266532898 0.03224001079797745 0.010999957099556923
v -0.06464645266532898 0.03224001079797745 0.010999957099556923
v -0.04909885674715042 0.042768046259880066 0.010999953374266624
v -0.05133078992366791 0.046234820038080215 0.010999955236911774
v -0.06289982050657272 0.0380241796374321 0.010999955236911774
v -0.06703490018844604 0.030123654752969742 0.010999929159879684
v -0.06464645266532898 0.03224001079797745 0.010999957099556923
v -0.06289982050657272 0.0380241796374321 0.010999955236911774
v -0.06464645266532898 0.03224001079797745 0.010999957099556923
v -0.05133078992366791 0.046234820038080215 0.010999955236911774
v -0.06289982050657272 0.0380241796374321 0.010999955236911774
v -0.05133078992366791 0.046234820038080215 0.010999955236911774
v -0.05562594532966614 0.04822704195976257 0.010999949648976326
v -0.04306505247950554 0.04367984086275101 0.010999957099556923
v -0.041011981666088104 0.04101204127073288 0.010999955236911774
v -0.03290245682001114 0.04811762273311615 0.010999953374266624
v -0.04306505247950554 0.04367984086275101 0.010999957099556923
v -0.03290245682001114 0.04811762273311615 0.010999953374266624
v -0.042278390377759933 0.04829559847712517 0.010999955236911774
v -0.041011981666088104 0.04101204127073288 0.010999955236911774
v -0.04306505247950554 0.04367984086275101 0.010999957099556923
v -0.04819425940513611 0.03283071517944336 0.010999955236911774
v -0.04819425940513611 0.03283071517944336 0.010999955236911774
v -0.04306505247950554 0.04367984086275101 0.010999957099556923
v -0.04618300497531891 0.0421609990298748 0.010999955236911774
v -0.04819425940513611 0.03283071517944336 0.010999955236911774
v -0.04618300497531891 0.0421609990298748 0.010999955236911774
v -0.04909885674715042 0.042768046259880066 0.010999953374266624
v -0.030039656907320023 0.06707511097192764 0.010999880731105804
v -0.04258009418845177 0.059981152415275574 0.010999945923686028
v -0.032262131571769714 0.06470873951911926 0.010999955236911774
v -0.04258009418845177 0.059981152415275574 0.010999945923686028
v -0.04588223248720169 0.05128446966409683 0.010999955236911774
v -0.032262131571769714 0.06470873951911926 0.010999955236911774
v -0.032262131571769714 0.06470873951911926 0.010999955236911774
v -0.04588223248720169 0.05128446966409683 0.010999955236911774
v -0.042278390377759933 0.04829559847712517 0.010999955236911774
v -0.032262131571769714 0.06470873951911926 0.010999955236911774
v -0.042278390377759933 0.04829559847712517 0.010999955236911774
v -0.03290245682001114 0.04811762273311615 0.010999953374266624
v -0.032262131571769714 0.06470873951911926 0.010999955236911774
v -0.03223995864391327 0.06464649736881256 0.01699986681342125
v -0.030213475227355957 0.06696021556854248 0.0169998686760664
v -0.032262131571769714 0.06470873951911926 0.010999955236911774
v -0.030213475227355957 0.06696021556854248 0.0169998686760664
v -0.030039656907320023 0.06707511097192764 0.010999880731105804
v 0.014445304870605469 0.05629882216453552 0.016999810934066772
v 0.03100045770406723 0.06650469452142715 0.016999810934066772
v 0.016718387603759766 0.0716925859451294 0.016999799758195877
v 0.014445304870605469 0.05629882216453552 0.016999810934066772
v 0.016718387603759766 0.0716925859451294 0.016999799758195877
v -0.0012803488643839955 0.05810829624533653 0.016999801620841026
v -0.0012803488643839955 0.05810829624533653 0.016999801620841026
v 0.016718387603759766 0.0716925859451294 0.016999799758195877
v -0.0009695445187389851 0.07355142384767532 0.016999801620841026
v -0.0012803488643839955 0.05810829624533653 0.016999801620841026
v -0.0009695445187389851 0.07355142384767532 0.016999801620841026
v -0.016910366714000702 0.05560791492462158 0.016999870538711548
v -0.03223995864391327 0.06464649736881256 0.01699986681342125
v -0.032839223742485046 0.04814034700393677 0.01699954830110073
v -0.016910366714000702 0.05560791492462158 0.016999870538711548
v -0.0009695445187389851 0.07355142384767532 0.016999801620841026
v -0.018247466534376144 0.07131940126419067 0.016999883577227592
v -0.016910366714000702 0.05560791492462158 0.016999870538711548
v -0.016910366714000702 0.05560791492462158 0.016999870538711548
v -0.018247466534376144 0.07131940126419067 0.016999883577227592
v -0.030213475227355957 0.06696021556854248 0.0169998686760664
v 0.014445304870605469 0.05629882216453552 0.016999810934066772
v 0.0326930470764637 0.04852048307657242 0.016999810934066772
v 0.03244052454829216 0.06358411908149719 0.016999810934066772
v -0.030213475227355957 0.06696021556854248 0.0169998686760664
v -0.03223995864391327 0.06464649736881256 0.01699986681342125
v -0.016910366714000702 0.05560791492462158 0.016999870538711548
v 0.03244052454829216 0.06358411908149719 0.016999810934066772
v 0.03100045770406723 0.06650469452142715 0.016999810934066772
v 0.014445304870605469 0.05629882216453552 0.016999810934066772
v 0.03012489154934883 0.06703317910432816 0.01099986582994461
v 0.03100045770406723 0.06650469452142715 0.016999810934066772
v 0.032240018248558044 0.06464648246765137 0.010999897494912148
v 0.032240018248558044 0.06464648246765137 0.010999897494912148
v 0.03100045770406723 0.06650469452142715 0.016999810934066772
v 0.03244052454829216 0.06358411908149719 0.016999810934066772
v 0.04562922567129135 0.05114540457725525 0.010999897494912148
v 0.049658238887786865 0.050272658467292786 0.010999897494912148
v 0.04822760820388794 0.055626094341278076 0.010999895632266998
v 0.05128446966409683 0.045882321894168854 0.010999895632266998
v 0.06063111498951912 0.04184999316930771 0.010999886319041252
v 0.049658238887786865 0.050272658467292786 0.010999897494912148
v 0.049658238887786865 0.050272658467292786 0.010999897494912148
v 0.06063111498951912 0.04184999316930771 0.010999886319041252
v 0.04822760820388794 0.055626094341278076 0.010999895632266998
v 0.04382500424981117 0.04313770681619644 0.010999897494912148
v 0.041554734110832214 0.04056212678551674 0.010999862104654312
v 0.04651489853858948 0.04207579419016838 0.010999897494912148
v 0.032240018248558044 0.06464648246765137 0.010999897494912148
v 0.04313788563013077 0.049513183534145355 0.010999901220202446
v 0.04562922567129135 0.05114540457725525 0.010999897494912148
v 0.06063111498951912 0.04184999316930771 0.010999886319041252
v 0.05128446966409683 0.045882321894168854 0.010999895632266998
v 0.06470867991447449 0.03226213902235031 0.010999895632266998
v 0.06470867991447449 0.03226213902235031 0.010999895632266998
v 0.05128446966409683 0.045882321894168854 0.010999895632266998
v 0.04934370890259743 0.04300777241587639 0.010999895632266998
v 0.06470867991447449 0.03226213902235031 0.010999895632266998
v 0.04934370890259743 0.04300777241587639 0.010999895632266998
v 0.048337310552597046 0.032837338745594025 0.010999897494912148
v 0.048337310552597046 0.032837338745594025 0.010999897494912148
v 0.04934370890259743 0.04300777241587639 0.010999895632266998
v 0.04651489853858948 0.04207579419016838 0.010999897494912148
v 0.04382500424981117 0.04313770681619644 0.010999897494912148
v 0.04200706258416176 0.04623435065150261 0.010999897494912148
v 0.041554734110832214 0.04056212678551674 0.010999862104654312
v 0.041554734110832214 0.04056212678551674 0.010999862104654312
v 0.04200706258416176 0.04623435065150261 0.010999897494912148
v 0.03279208391904831 0.0483386367559433 0.010999895632266998
v 0.06707499921321869 0.03003942221403122 0.010999815538525581
v 0.06063111498951912 0.04184999316930771 0.010999886319041252
v 0.06470867991447449 0.03226213902235031 0.010999895632266998
v 0.04651489853858948 0.04207579419016838 0.010999897494912148
v 0.041554734110832214 0.04056212678551674 0.010999862104654312
v 0.048337310552597046 0.032837338745594025 0.010999897494912148
v 0.04313788563013077 0.049513183534145355 0.010999901220202446
v 0.032240018248558044 0.06464648246765137 0.010999897494912148
v 0.03279208391904831 0.0483386367559433 0.010999895632266998
v 0.04313788563013077 0.049513183534145355 0.010999901220202446
v 0.03279208391904831 0.0483386367559433 0.010999895632266998
v 0.04200706258416176 0.04623435065150261 0.010999897494912148
v 0.032240018248558044 0.06464648246765137 0.010999897494912148
v 0.038024239242076874 0.0628998801112175 0.010999897494912148
v 0.03012489154934883 0.06703317910432816 0.01099986582994461
v 0.038024239242076874 0.0628998801112175 0.010999897494912148
v 0.032240018248558044 0.06464648246765137 0.010999897494912148
v 0.04562922567129135 0.05114540457725525 0.010999897494912148
v 0.038024239242076874 0.0628998801112175 0.010999897494912148
v 0.04562922567129135 0.05114540457725525 0.010999897494912148
v 0.04822760820388794 0.055626094341278076 0.010999895632266998
v 0.06470867991447449 0.03226213902235031 0.010999895632266998
v 0.06464646756649017 0.032239966094493866 0.016999805346131325
v 0.06696021556854248 0.030213594436645508 0.016999810934066772
v 0.06470867991447449 0.03226213902235031 0.010999895632266998
v 0.06696021556854248 0.030213594436645508 0.016999810934066772
v 0.06707499921321869 0.03003942221403122 0.010999815538525581
v 0.06464646756649017 0.032239966094493866 0.016999805346131325
v 0.04803479090332985 0.03287810459733009 0.016998330131173134
v 0.054324984550476074 0.020664572715759277 0.01699981279671192
v 0.07131928205490112 0.018248319625854492 0.016999805346131325
v 0.054324984550476074 0.020664572715759277 0.01699981279671192
v 0.057885557413101196 0.005242049694061279 0.016999807208776474
v 0.07131928205490112 0.018248319625854492 0.016999805346131325
v 0.057885557413101196 0.005242049694061279 0.016999807208776474
v 0.07363327592611313 1.9559837483029696e-7 0.016999809071421623
v 0.07363327592611313 1.9559837483029696e-7 0.016999809071421623
v 0.057885557413101196 0.005242049694061279 0.016999807208776474
v 0.05715341866016388 -0.010568618774414062 0.016999809071421623
v 0.07363327592611313 1.9559837483029696e-7 0.016999809071421623
v 0.05715341866016388 -0.010568618774414062 0.016999809071421623
v 0.07169277966022491 -0.016717854887247086 0.016999807208776474
v 0.07169277966022491 -0.016717854887247086 0.016999807208776474
v 0.05715341866016388 -0.010568618774414062 0.016999809071421623
v 0.052504658699035645 -0.024819612503051758 0.016999827697873116
v 0.07169277966022491 -0.016717854887247086 0.016999807208776474
v 0.052504658699035645 -0.024819612503051758 0.016999827697873116
v 0.066504567861557 -0.031000524759292603 0.016999810934066772
v 0.07131928205490112 0.018248319625854492 0.016999805346131325
v 0.06696021556854248 0.030213594436645508 0.016999810934066772
v 0.054324984550476074 0.020664572715759277 0.01699981279671192
v 0.054324984550476074 0.020664572715759277 0.01699981279671192
v 0.06696021556854248 0.030213594436645508 0.016999810934066772
v 0.06464646756649017 0.032239966094493866 0.016999805346131325
v 0.052504658699035645 -0.024819612503051758 0.016999827697873116
v 0.04799417033791542 -0.032945726066827774 0.016999635845422745
v 0.06358405947685242 -0.03244053199887276 0.016999810934066772
v 0.06358405947685242 -0.03244053199887276 0.016999810934066772
v 0.066504567861557 -0.031000524759292603 0.016999810934066772
v 0.052504658699035645 -0.024819612503051758 0.016999827697873116
v 0.06703318655490875 -0.030124790966510773 0.010999877005815506
v 0.066504567861557 -0.031000524759292603 0.016999810934066772
v 0.06464648246765137 -0.03224000334739685 0.010999897494912148
v 0.06464648246765137 -0.03224000334739685 0.010999897494912148
v 0.066504567861557 -0.031000524759292603 0.016999810934066772
v 0.06358405947685242 -0.03244053199887276 0.016999810934066772
v 0.04710334539413452 -0.051330938935279846 0.010999899357557297
v 0.049407958984375 -0.0545804500579834 0.010999884456396103
v 0.05056949704885483 -0.049099311232566833 0.010999895632266998
v 0.05114540457725525 -0.04562922567129135 0.010999897494912148
v 0.05056949704885483 -0.049099311232566833 0.010999895632266998
v 0.06106209382414818 -0.0410623736679554 0.010999923571944237
v 0.06106209382414818 -0.0410623736679554 0.010999923571944237
v 0.05056949704885483 -0.049099311232566833 0.010999895632266998
v 0.049407958984375 -0.0545804500579834 0.010999884456396103
v 0.041011981666088104 -0.04101204127073288 0.010999897494912148
v 0.042414341121912 -0.04471417888998985 0.010999897494912148
v 0.04503321647644043 -0.04244014620780945 0.010999897494912148
v 0.041011981666088104 -0.04101204127073288 0.010999897494912148
v 0.04503321647644043 -0.04244014620780945 0.010999897494912148
v 0.04819425567984581 -0.03283071145415306 0.010999897494912148
v 0.04819425567984581 -0.03283071145415306 0.010999897494912148
v 0.04503321647644043 -0.04244014620780945 0.010999897494912148
v 0.04862385243177414 -0.042414385825395584 0.010999895632266998
v 0.030039669945836067 -0.06707499176263809 0.01099981740117073
v 0.0380241796374321 -0.0628998801112175 0.010999897494912148
v 0.03226213902235031 -0.06470867991447449 0.010999895632266998
v 0.04819425567984581 -0.03283071145415306 0.010999897494912148
v 0.04862385243177414 -0.042414385825395584 0.010999895632266998
v 0.06464648246765137 -0.03224000334739685 0.010999897494912148
v 0.06464648246765137 -0.03224000334739685 0.010999897494912148
v 0.04862385243177414 -0.042414385825395584 0.010999895632266998
v 0.05114540457725525 -0.04562922567129135 0.010999897494912148
v 0.049407958984375 -0.0545804500579834 0.010999884456396103
v 0.04710334539413452 -0.051330938935279846 0.010999899357557297
v 0.0380241796374321 -0.0628998801112175 0.010999897494912148
v 0.0380241796374321 -0.0628998801112175 0.010999897494912148
v 0.04710334539413452 -0.051330938935279846 0.010999899357557297
v 0.04284849390387535 -0.049375832080841064 0.010999897494912148
v 0.0380241796374321 -0.0628998801112175 0.010999897494912148
v 0.04284849390387535 -0.049375832080841064 0.010999897494912148
v 0.03226213902235031 -0.06470867991447449 0.010999895632266998
v 0.03226213902235031 -0.06470867991447449 0.010999895632266998
v 0.04284849390387535 -0.049375832080841064 0.010999897494912148
v 0.032902494072914124 -0.04811762273311615 0.010999897494912148
v 0.042414341121912 -0.04471417888998985 0.010999897494912148
v 0.041011981666088104 -0.04101204127073288 0.010999897494912148
v 0.032902494072914124 -0.04811762273311615 0.010999897494912148
v 0.042414341121912 -0.04471417888998985 0.010999897494912148
v 0.032902494072914124 -0.04811762273311615 0.010999897494912148
v 0.04284849390387535 -0.049375832080841064 0.010999897494912148
v 0.06464648246765137 -0.03224000334739685 0.010999897494912148
v 0.06106209382414818 -0.0410623736679554 0.010999923571944237
v 0.06703318655490875 -0.030124790966510773 0.010999877005815506
v 0.06106209382414818 -0.0410623736679554 0.010999923571944237
v 0.06464648246765137 -0.03224000334739685 0.010999897494912148
v 0.05114540457725525 -0.04562922567129135 0.010999897494912148
v 0.058264393359422684 -0.006223184987902641 0.0010158396326005459
v 0.057028621435165405 -0.0059325918555259705 8.805654942989349e-7
v 0.060872532427310944 -0.004880495369434357 0.00000871904194355011
v 0.058264393359422684 -0.006223184987902641 0.0010158396326005459
v 0.060872532427310944 -0.004880495369434357 0.00000871904194355011
v 0.062403351068496704 -0.006608899682760239 0.0010158284567296505
v 0.062403351068496704 -0.006608899682760239 0.0010158284567296505
v 0.060872532427310944 -0.004880495369434357 0.00000871904194355011
v 0.0645023062825203 -0.007597769610583782 0.000003261025995016098
v 0.062403351068496704 -0.006608899682760239 0.0010158284567296505
v 0.0645023062825203 -0.007597769610583782 0.000003261025995016098
v 0.0640806257724762 -0.0098629305139184 0.001006097998470068
v 0.0640806257724762 -0.0098629305139184 0.001006097998470068
v 0.0645023062825203 -0.007597769610583782 0.000003261025995016098
v 0.06471987813711166 -0.012168343178927898 0.0000078580342233181
v 0.0640806257724762 -0.0098629305139184 0.001006097998470068
v 0.06471987813711166 -0.012168343178927898 0.0000078580342233181
v 0.06298225373029709 -0.012788655236363411 0.001006090547889471
v 0.06298225373029709 -0.012788655236363411 0.001006090547889471
v 0.06471987813711166 -0.012168343178927898 0.0000078580342233181
v 0.06048228591680527 -0.015177191235125065 0.0000025620684027671814
v 0.06298225373029709 -0.012788655236363411 0.001006090547889471
v 0.06048228591680527 -0.015177191235125065 0.0000025620684027671814
v 0.06062055379152298 -0.013981527648866177 0.0010017058812081814
v 0.06062055379152298 -0.013981527648866177 0.0010017058812081814
v 0.06048228591680527 -0.015177191235125065 0.0000025620684027671814
v 0.05759687349200249 -0.013391354121267796 0.0010158172808587551
v 0.05759687349200249 -0.013391354121267796 0.0010158172808587551
v 0.06048228591680527 -0.015177191235125065 0.0000025620684027671814
v 0.05627261847257614 -0.013485409319400787 0.000003253575414419174
v 0.05759687349200249 -0.013391354121267796 0.0010158172808587551
v 0.05627261847257614 -0.013485409319400787 0.000003253575414419174
v 0.0558614581823349 -0.009614362381398678 0.0010158582590520382
v 0.0558614581823349 -0.009614362381398678 0.0010158582590520382
v 0.05627261847257614 -0.013485409319400787 0.000003253575414419174
v 0.05488133803009987 -0.009127615951001644 0.000009798910468816757
v 0.0558614581823349 -0.009614362381398678 0.0010158582590520382
v 0.05488133803009987 -0.009127615951001644 0.000009798910468816757
v 0.058264393359422684 -0.006223184987902641 0.0010158396326005459
v 0.058264393359422684 -0.006223184987902641 0.0010158396326005459
v 0.05488133803009987 -0.009127615951001644 0.000009798910468816757
v 0.057028621435165405 -0.0059325918555259705 8.805654942989349e-7
v -0.057734694331884384 -0.013848911970853806 0.0010178671218454838
v -0.055253442376852036 -0.011763304471969604 0.0010002418421208858
v -0.05687221884727478 -0.014666160568594933 0.000005246605724096298
v -0.05687221884727478 -0.014666160568594933 0.000005246605724096298
v -0.055253442376852036 -0.011763304471969604 0.0010002418421208858
v -0.05382854864001274 -0.01080389879643917 0.00001560663804411888
v -0.05382854864001274 -0.01080389879643917 0.00001560663804411888
v -0.055253442376852036 -0.011763304471969604 0.0010002418421208858
v -0.05526770278811455 -0.008371463045477867 0.0009976341389119625
v -0.05382854864001274 -0.01080389879643917 0.00001560663804411888
v -0.05526770278811455 -0.008371463045477867 0.0009976341389119625
v -0.05627386271953583 -0.005501231178641319 0.000015986617654561996
v -0.05627386271953583 -0.005501231178641319 0.000015986617654561996
v -0.05526770278811455 -0.008371463045477867 0.0009976341389119625
v -0.05747309699654579 -0.006199643015861511 0.0009874827228486538
v -0.06222764775156975 -0.013873156160116196 0.0009904331527650356
v -0.057734694331884384 -0.013848911970853806 0.0010178671218454838
v -0.06312605738639832 -0.014706036075949669 0.0000064908526837825775
v -0.06312605738639832 -0.014706036075949669 0.0000064908526837825775
v -0.057734694331884384 -0.013848911970853806 0.0010178671218454838
v -0.05687221884727478 -0.014666160568594933 0.000005246605724096298
v -0.0637126937508583 -0.005544240586459637 0.000010723713785409927
v -0.06255093216896057 -0.006224943324923515 0.0010148878209292889
v -0.0644882395863533 -0.007994629442691803 0.0009975670836865902
v -0.0637126937508583 -0.005544240586459637 0.000010723713785409927
v -0.0644882395863533 -0.007994629442691803 0.0009975670836865902
v -0.06621334701776505 -0.010456977412104607 0.000015614088624715805
v -0.06621334701776505 -0.010456977412104607 0.000015614088624715805
v -0.0644882395863533 -0.007994629442691803 0.0009975670836865902
v -0.06505792587995529 -0.010354525409638882 0.0010116412304341793
v -0.06505792587995529 -0.010354525409638882 0.0010116412304341793
v -0.06405817717313766 -0.012620151042938232 0.0010011284612119198
v -0.06621334701776505 -0.010456977412104607 0.000015614088624715805
v -0.06621334701776505 -0.010456977412104607 0.000015614088624715805
v -0.06405817717313766 -0.012620151042938232 0.0010011284612119198
v -0.06312605738639832 -0.014706036075949669 0.0000064908526837825775
v -0.06405817717313766 -0.012620151042938232 0.0010011284612119198
v -0.06222764775156975 -0.013873156160116196 0.0009904331527650356
v -0.06312605738639832 -0.014706036075949669 0.0000064908526837825775
v -0.0637126937508583 -0.005544240586459637 0.000010723713785409927
v -0.05627386271953583 -0.005501231178641319 0.000015986617654561996
v -0.06255093216896057 -0.006224943324923515 0.0010148878209292889
v -0.06255093216896057 -0.006224943324923515 0.0010148878209292889
v -0.05627386271953583 -0.005501231178641319 0.000015986617654561996
v -0.05747309699654579 -0.006199643015861511 0.0009874827228486538
v -0.04483557865023613 0.04252200946211815 1.5972182154655457e-7
v -0.04306505247950554 0.04367984086275101 0.010999957099556923
v -0.04261383041739464 0.044506143778562546 1.5809200704097748e-7
v -0.04261383041739464 0.044506143778562546 1.5809200704097748e-7
v -0.04306505247950554 0.04367984086275101 0.010999957099556923
v -0.042278390377759933 0.04829559847712517 0.010999955236911774
v -0.04261383041739464 0.044506143778562546 1.5809200704097748e-7
v -0.042278390377759933 0.04829559847712517 0.010999955236911774
v -0.04218895733356476 0.047367438673973083 1.5809200704097748e-7
v -0.04218895733356476 0.047367438673973083 1.5809200704097748e-7
v -0.042278390377759933 0.04829559847712517 0.010999955236911774
v -0.043529730290174484 0.050025440752506256 1.5832483768463135e-7
v -0.043529730290174484 0.050025440752506256 1.5832483768463135e-7
v -0.042278390377759933 0.04829559847712517 0.010999955236911774
v -0.04588223248720169 0.05128446966409683 0.010999955236911774
v -0.043529730290174484 0.050025440752506256 1.5832483768463135e-7
v -0.04588223248720169 0.05128446966409683 0.010999955236911774
v -0.0468231663107872 0.05126212164759636 1.5855766832828522e-7
v -0.0468231663107872 0.05126212164759636 1.5855766832828522e-7
v -0.04588223248720169 0.05128446966409683 0.010999955236911774
v -0.04980812966823578 0.050025586038827896 0.010999957099556923
v -0.0468231663107872 0.05126212164759636 1.5855766832828522e-7
v -0.04980812966823578 0.050025586038827896 0.010999957099556923
v -0.04951363056898117 0.05019957944750786 1.578591763973236e-7
v -0.04951363056898117 0.05019957944750786 1.578591763973236e-7
v -0.04980812966823578 0.050025586038827896 0.010999957099556923
v -0.05114542320370674 0.04770882427692413 1.5809200704097748e-7
v -0.05114542320370674 0.04770882427692413 1.5809200704097748e-7
v -0.04980812966823578 0.050025586038827896 0.010999957099556923
v -0.05133078992366791 0.046234820038080215 0.010999955236911774
v -0.05114542320370674 0.04770882427692413 1.5809200704097748e-7
v -0.05133078992366791 0.046234820038080215 0.010999955236911774
v -0.05081572011113167 0.04483567550778389 1.5692785382270813e-7
v -0.05081572011113167 0.04483567550778389 1.5692785382270813e-7
v -0.05133078992366791 0.046234820038080215 0.010999955236911774
v -0.04909885674715042 0.042768046259880066 0.010999953374266624
v -0.05081572011113167 0.04483567550778389 1.5692785382270813e-7
v -0.04909885674715042 0.042768046259880066 0.010999953374266624
v -0.048295505344867706 0.04227837547659874 1.587904989719391e-7
v -0.048295505344867706 0.04227837547659874 1.587904989719391e-7
v -0.04909885674715042 0.042768046259880066 0.010999953374266624
v -0.04618300497531891 0.0421609990298748 0.010999955236911774
v -0.048295505344867706 0.04227837547659874 1.587904989719391e-7
v -0.04618300497531891 0.0421609990298748 0.010999955236911774
v -0.04483557865023613 0.04252200946211815 1.5972182154655457e-7
v -0.04483557865023613 0.04252200946211815 1.5972182154655457e-7
v -0.04618300497531891 0.0421609990298748 0.010999955236911774
v -0.04306505247950554 0.04367984086275101 0.010999957099556923
v -0.042848631739616394 -0.04937596991658211 1.5762634575366974e-7
v -0.04396159201860428 -0.050488829612731934 0.010999953374266624
v -0.04207582026720047 -0.04682305082678795 0.010999955236911774
v -0.042848631739616394 -0.04937596991658211 1.5762634575366974e-7
v -0.04207582026720047 -0.04682305082678795 0.010999955236911774
v -0.04241432622075081 -0.04471430554986 1.5809200704097748e-7
v -0.04241432622075081 -0.04471430554986 1.5809200704097748e-7
v -0.04207582026720047 -0.04682305082678795 0.010999955236911774
v -0.043007370084524155 -0.04399479925632477 0.010999953374266624
v -0.04241432622075081 -0.04471430554986 1.5809200704097748e-7
v -0.043007370084524155 -0.04399479925632477 0.010999953374266624
v -0.045881643891334534 -0.042053449898958206 0.010999953374266624
v -0.04241432622075081 -0.04471430554986 1.5809200704097748e-7
v -0.045881643891334534 -0.042053449898958206 0.010999953374266624
v -0.04503333568572998 -0.0424400269985199 1.5739351511001587e-7
v -0.04503333568572998 -0.0424400269985199 1.5739351511001587e-7
v -0.045881643891334534 -0.042053449898958206 0.010999953374266624
v -0.04862402752041817 -0.042414408177137375 1.578591763973236e-7
v -0.04862402752041817 -0.042414408177137375 1.578591763973236e-7
v -0.045881643891334534 -0.042053449898958206 0.010999953374266624
v -0.050272535532712936 -0.0436796210706234 0.010999953374266624
v -0.04862402752041817 -0.042414408177137375 1.578591763973236e-7
v -0.050272535532712936 -0.0436796210706234 0.010999953374266624
v -0.051330916583538055 -0.046234797686338425 1.5855766832828522e-7
v -0.051330916583538055 -0.046234797686338425 1.5855766832828522e-7
v -0.050272535532712936 -0.0436796210706234 0.010999953374266624
v -0.051145415753126144 -0.04770936071872711 0.010999955236911774
v -0.051330916583538055 -0.046234797686338425 1.5855766832828522e-7
v -0.051145415753126144 -0.04770936071872711 0.010999955236911774
v -0.04980793595314026 -0.050025731325149536 1.5832483768463135e-7
v -0.04980793595314026 -0.050025731325149536 1.5832483768463135e-7
v -0.051145415753126144 -0.04770936071872711 0.010999955236911774
v -0.04862384498119354 -0.05092340707778931 0.010999955236911774
v -0.04980793595314026 -0.050025731325149536 1.5832483768463135e-7
v -0.04862384498119354 -0.05092340707778931 0.010999955236911774
v -0.04651510715484619 -0.0512620247900486 1.5832483768463135e-7
v -0.04651510715484619 -0.0512620247900486 1.5832483768463135e-7
v -0.04862384498119354 -0.05092340707778931 0.010999955236911774
v -0.04396159201860428 -0.050488829612731934 0.010999953374266624
v -0.04651510715484619 -0.0512620247900486 1.5832483768463135e-7
v -0.04396159201860428 -0.050488829612731934 0.010999953374266624
v -0.042848631739616394 -0.04937596991658211 1.5762634575366974e-7
v 0.050025735050439835 -0.04980795830488205 3.864988684654236e-8
v 0.05056949704885483 -0.049099311232566833 0.010999895632266998
v 0.05117690935730934 -0.04715441167354584 3.91155481338501e-8
v 0.05117690935730934 -0.04715441167354584 3.91155481338501e-8
v 0.05056949704885483 -0.049099311232566833 0.010999895632266998
v 0.05114540457725525 -0.04562922567129135 0.010999897494912148
v 0.05117690935730934 -0.04715441167354584 3.91155481338501e-8
v 0.05114540457725525 -0.04562922567129135 0.010999897494912148
v 0.0502723827958107 -0.043679479509592056 3.841705620288849e-8
v 0.0502723827958107 -0.043679479509592056 3.841705620288849e-8
v 0.05114540457725525 -0.04562922567129135 0.010999897494912148
v 0.04862385243177414 -0.042414385825395584 0.010999895632266998
v 0.0502723827958107 -0.043679479509592056 3.841705620288849e-8
v 0.04862385243177414 -0.042414385825395584 0.010999895632266998
v 0.045881759375333786 -0.04205349087715149 3.934837877750397e-8
v 0.045881759375333786 -0.04205349087715149 3.934837877750397e-8
v 0.04862385243177414 -0.042414385825395584 0.010999895632266998
v 0.04503321647644043 -0.04244014620780945 0.010999897494912148
v 0.045881759375333786 -0.04205349087715149 3.934837877750397e-8
v 0.04503321647644043 -0.04244014620780945 0.010999897494912148
v 0.042414341121912 -0.04471417888998985 0.010999897494912148
v 0.045881759375333786 -0.04205349087715149 3.934837877750397e-8
v 0.042414341121912 -0.04471417888998985 0.010999897494912148
v 0.042613912373781204 -0.044505972415208817 3.934837877750397e-8
v 0.042613912373781204 -0.044505972415208817 3.934837877750397e-8
v 0.042414341121912 -0.04471417888998985 0.010999897494912148
v 0.04241439327597618 -0.04862397164106369 3.934837877750397e-8
v 0.04241439327597618 -0.04862397164106369 3.934837877750397e-8
v 0.042414341121912 -0.04471417888998985 0.010999897494912148
v 0.04284849390387535 -0.049375832080841064 0.010999897494912148
v 0.04241439327597618 -0.04862397164106369 3.934837877750397e-8
v 0.04284849390387535 -0.049375832080841064 0.010999897494912148
v 0.046234726905822754 -0.05133090540766716 3.91155481338501e-8
v 0.046234726905822754 -0.05133090540766716 3.91155481338501e-8
v 0.04284849390387535 -0.049375832080841064 0.010999897494912148
v 0.04710334539413452 -0.051330938935279846 0.010999899357557297
v 0.046234726905822754 -0.05133090540766716 3.91155481338501e-8
v 0.04710334539413452 -0.051330938935279846 0.010999899357557297
v 0.050025735050439835 -0.04980795830488205 3.864988684654236e-8
v 0.050025735050439835 -0.04980795830488205 3.864988684654236e-8
v 0.04710334539413452 -0.051330938935279846 0.010999899357557297
v 0.05056949704885483 -0.049099311232566833 0.010999895632266998
v 0.05002535507082939 0.04352965205907822 3.795139491558075e-8
v 0.04934370890259743 0.04300777241587639 0.010999895632266998
v 0.05128446966409683 0.045882321894168854 0.010999895632266998
v 0.05002535507082939 0.04352965205907822 3.795139491558075e-8
v 0.05128446966409683 0.045882321894168854 0.010999895632266998
v 0.05128449574112892 0.04745589941740036 3.91155481338501e-8
v 0.05128449574112892 0.04745589941740036 3.91155481338501e-8
v 0.05128446966409683 0.045882321894168854 0.010999895632266998
v 0.049658238887786865 0.050272658467292786 0.010999897494912148
v 0.05128449574112892 0.04745589941740036 3.91155481338501e-8
v 0.049658238887786865 0.050272658467292786 0.010999897494912148
v 0.048832327127456665 0.0507236123085022 3.934837877750397e-8
v 0.048832327127456665 0.0507236123085022 3.934837877750397e-8
v 0.049658238887786865 0.050272658467292786 0.010999897494912148
v 0.04562922567129135 0.05114540457725525 0.010999897494912148
v 0.048832327127456665 0.0507236123085022 3.934837877750397e-8
v 0.04562922567129135 0.05114540457725525 0.010999897494912148
v 0.045971423387527466 0.05114895850419998 3.888271749019623e-8
v 0.045971423387527466 0.05114895850419998 3.888271749019623e-8
v 0.04562922567129135 0.05114540457725525 0.010999897494912148
v 0.04331204295158386 0.049807727336883545 3.818422555923462e-8
v 0.04331204295158386 0.049807727336883545 3.818422555923462e-8
v 0.04562922567129135 0.05114540457725525 0.010999897494912148
v 0.04313788563013077 0.049513183534145355 0.010999901220202446
v 0.04331204295158386 0.049807727336883545 3.818422555923462e-8
v 0.04313788563013077 0.049513183534145355 0.010999901220202446
v 0.04200706258416176 0.04623435065150261 0.010999897494912148
v 0.04331204295158386 0.049807727336883545 3.818422555923462e-8
v 0.04200706258416176 0.04623435065150261 0.010999897494912148
v 0.04205349087715149 0.045881640166044235 3.934837877750397e-8
v 0.04205349087715149 0.045881640166044235 3.934837877750397e-8
v 0.04200706258416176 0.04623435065150261 0.010999897494912148
v 0.04382500424981117 0.04313770681619644 0.010999897494912148
v 0.04205349087715149 0.045881640166044235 3.934837877750397e-8
v 0.04382500424981117 0.04313770681619644 0.010999897494912148
v 0.04450613260269165 0.042613863945007324 3.818422555923462e-8
v 0.04450613260269165 0.042613863945007324 3.818422555923462e-8
v 0.04382500424981117 0.04313770681619644 0.010999897494912148
v 0.04651489853858948 0.04207579419016838 0.010999897494912148
v 0.04450613260269165 0.042613863945007324 3.818422555923462e-8
v 0.04651489853858948 0.04207579419016838 0.010999897494912148
v 0.047367461025714874 0.042188964784145355 3.91155481338501e-8
v 0.047367461025714874 0.042188964784145355 3.91155481338501e-8
v 0.04651489853858948 0.04207579419016838 0.010999897494912148
v 0.04934370890259743 0.04300777241587639 0.010999895632266998
v 0.047367461025714874 0.042188964784145355 3.91155481338501e-8
v 0.04934370890259743 0.04300777241587639 0.010999895632266998
v 0.05002535507082939 0.04352965205907822 3.795139491558075e-8
v -0.030039656907320023 0.06707511097192764 0.010999880731105804
v -0.030213475227355957 0.06696021556854248 0.0169998686760664
v -0.018247466534376144 0.07131940126419067 0.016999883577227592
v 0.06707499921321869 0.03003942221403122 0.010999815538525581
v 0.06696021556854248 0.030213594436645508 0.016999810934066772
v 0.07131928205490112 0.018248319625854492 0.016999805346131325
v 0.030039669945836067 -0.06707499176263809 0.01099981740117073
v 0.030213594436645508 -0.06696021556854248 0.016999810934066772
v 0.01658167876303196 -0.0718434676527977 0.017001695930957794
v -0.06707510352134705 -0.030039453878998756 0.010999878868460655
v -0.06696027517318726 -0.030213594436645508 0.016999870538711548
v -0.07155686616897583 -0.017498979344964027 0.01699986308813095
v -0.013248739764094353 -0.07229602336883545 1.5809200704097748e-7
v -0.004566073417663574 -0.07336125522851944 0.004312077071517706
v -0.006338242441415787 -0.0732225552201271 0.008707821369171143
v -0.01587698422372341 -0.07193722575902939 0.01700105145573616
v -0.006338242441415787 -0.0732225552201271 0.008707821369171143
v -0.004377543926239014 -0.07337351888418198 0.012890318408608437
v -0.0008043355774134398 -0.07357320934534073 0.0000016356352716684341
v 0.0050032734870910645 -0.07332983613014221 0.004913547541946173
v 0.002172529697418213 -0.07347846031188965 0.0027161925099790096
v 0.002172529697418213 -0.07347846031188965 0.0027161925099790096
v -0.0015575885772705078 -0.0734875276684761 0.0025737970136106014
v -0.0008043355774134398 -0.07357320934534073 0.0000016356352716684341
v -0.0015575885772705078 -0.0734875276684761 0.0025737970136106014
v -0.004566073417663574 -0.07336125522851944 0.004312077071517706
v -0.0008043355774134398 -0.07357320934534073 0.0000016356352716684341
v -0.0008043355774134398 -0.07357320934534073 0.0000016356352716684341
v -0.004566073417663574 -0.07336125522851944 0.004312077071517706
v -0.013248739764094353 -0.07229602336883545 1.5809200704097748e-7
v 0.0053713321685791016 -0.07330308109521866 0.011478880420327187
v 0.006268204189836979 -0.07323051989078522 0.008372507989406586
v 0.01658167876303196 -0.0718434676527977 0.017001695930957794
v 0.017365003004670143 -0.07174377143383026 -0.0000013774260878562927
v 0.006268204189836979 -0.07323051989078522 0.008372507989406586
v 0.0050032734870910645 -0.07332983613014221 0.004913547541946173
v 0.017365003004670143 -0.07174377143383026 -0.0000013774260878562927
v 0.0050032734870910645 -0.07332983613014221 0.004913547541946173
v -0.0008043355774134398 -0.07357320934534073 0.0000016356352716684341
v -0.01587698422372341 -0.07193722575902939 0.01700105145573616
v -0.004377543926239014 -0.07337351888418198 0.012890318408608437
v -0.000060891485190950334 -0.07355229556560516 0.0169919952750206
v -0.000060891485190950334 -0.07355229556560516 0.0169919952750206
v -0.004377543926239014 -0.07337351888418198 0.012890318408608437
v -0.0009587109088897705 -0.07349845767021179 0.014565849676728249
v -0.000060891485190950334 -0.07355229556560516 0.0169919952750206
v -0.0009587109088897705 -0.07349845767021179 0.014565849676728249
v 0.0033867061138153076 -0.07343301922082901 0.01375640369951725
v -0.000060891485190950334 -0.07355229556560516 0.0169919952750206
v 0.0033867061138153076 -0.07343301922082901 0.01375640369951725
v 0.01658167876303196 -0.0718434676527977 0.017001695930957794
v 0.01658167876303196 -0.0718434676527977 0.017001695930957794
v 0.0033867061138153076 -0.07343301922082901 0.01375640369951725
v 0.0053713321685791016 -0.07330308109521866 0.011478880420327187
v -0.07111114263534546 -0.019185878336429596 -0.0000023993197828531265
v -0.06452249735593796 -0.03554631769657135 1.5762634575366974e-7
v -0.06707510352134705 -0.030039453878998756 0.010999878868460655
v -0.06707510352134705 -0.030039453878998756 0.010999878868460655
v -0.06452249735593796 -0.03554631769657135 1.5762634575366974e-7
v -0.05998064577579498 -0.04258011654019356 0.010999960824847221
v -0.06452249735593796 -0.03554631769657135 1.5762634575366974e-7
v -0.05507516860961914 -0.04879140853881836 1.5855766832828522e-7
v -0.05998064577579498 -0.04258011654019356 0.010999960824847221
v -0.05998064577579498 -0.04258011654019356 0.010999960824847221
v -0.05507516860961914 -0.04879140853881836 1.5855766832828522e-7
v -0.04822723940014839 -0.05562598258256912 0.010999968275427818
v -0.04822723940014839 -0.05562598258256912 0.010999968275427818
v -0.05507516860961914 -0.04879140853881836 1.5855766832828522e-7
v -0.04258010908961296 -0.059980884194374084 1.6298145055770874e-7
v -0.04822723940014839 -0.05562598258256912 0.010999968275427818
v -0.04258010908961296 -0.059980884194374084 1.6298145055770874e-7
v -0.0380241796374321 -0.0628998801112175 0.010999955236911774
v -0.0380241796374321 -0.0628998801112175 0.010999955236911774
v -0.04258010908961296 -0.059980884194374084 1.6298145055770874e-7
v -0.027470238506793976 -0.06830000877380371 3.73227521777153e-7
v -0.0380241796374321 -0.0628998801112175 0.010999955236911774
v -0.027470238506793976 -0.06830000877380371 3.73227521777153e-7
v -0.030123772099614143 -0.06703472882509232 0.010999929159879684
v 0.017365003004670143 -0.07174377143383026 -0.0000013774260878562927
v 0.03016570582985878 -0.06702420860528946 3.119930624961853e-8
v 0.030039669945836067 -0.06707499176263809 0.01099981740117073
v 0.030039669945836067 -0.06707499176263809 0.01099981740117073
v 0.03016570582985878 -0.06702420860528946 3.119930624961853e-8
v 0.0380241796374321 -0.0628998801112175 0.010999897494912148
v 0.03016570582985878 -0.06702420860528946 3.119930624961853e-8
v 0.041797637939453125 -0.06055498123168945 3.91155481338501e-8
v 0.0380241796374321 -0.0628998801112175 0.010999897494912148
v 0.0380241796374321 -0.0628998801112175 0.010999897494912148
v 0.041797637939453125 -0.06055498123168945 3.91155481338501e-8
v 0.049407958984375 -0.0545804500579834 0.010999884456396103
v 0.049407958984375 -0.0545804500579834 0.010999884456396103
v 0.041797637939453125 -0.06055498123168945 3.91155481338501e-8
v 0.054579973220825195 -0.0494081974029541 4.1443854570388794e-8
v 0.049407958984375 -0.0545804500579834 0.010999884456396103
v 0.054579973220825195 -0.0494081974029541 4.1443854570388794e-8
v 0.06106209382414818 -0.0410623736679554 0.010999923571944237
v 0.06106209382414818 -0.0410623736679554 0.010999923571944237
v 0.054579973220825195 -0.0494081974029541 4.1443854570388794e-8
v 0.06290007382631302 -0.0380239337682724 2.8870999813079834e-8
v 0.06106209382414818 -0.0410623736679554 0.010999923571944237
v 0.06290007382631302 -0.0380239337682724 2.8870999813079834e-8
v 0.0684841200709343 -0.026931950822472572 4.353933036327362e-7
v 0.0684841200709343 -0.026931950822472572 4.353933036327362e-7
v 0.06703318655490875 -0.030124790966510773 0.010999877005815506
v 0.06106209382414818 -0.0410623736679554 0.010999923571944237
v 0.07017189264297485 0.021866440773010254 3.91155481338501e-8
v 0.06509757041931152 0.0341649055480957 3.166496753692627e-8
v 0.06707499921321869 0.03003942221403122 0.010999815538525581
v 0.06707499921321869 0.03003942221403122 0.010999815538525581
v 0.06509757041931152 0.0341649055480957 3.166496753692627e-8
v 0.06063111498951912 0.04184999316930771 0.010999886319041252
v 0.06063111498951912 0.04184999316930771 0.010999886319041252
v 0.06509757041931152 0.0341649055480957 3.166496753692627e-8
v 0.0578579306602478 0.045328669250011444 3.91155481338501e-8
v 0.06063111498951912 0.04184999316930771 0.010999886319041252
v 0.0578579306602478 0.045328669250011444 3.91155481338501e-8
v 0.049407958984375 0.054579973220825195 4.6333298087120056e-8
v 0.06063111498951912 0.04184999316930771 0.010999886319041252
v 0.049407958984375 0.054579973220825195 4.6333298087120056e-8
v 0.04822760820388794 0.055626094341278076 0.010999895632266998
v 0.04822760820388794 0.055626094341278076 0.010999895632266998
v 0.049407958984375 0.054579973220825195 4.6333298087120056e-8
v 0.03802398964762688 0.06289908289909363 6.030313670635223e-8
v 0.04822760820388794 0.055626094341278076 0.010999895632266998
v 0.03802398964762688 0.06289908289909363 6.030313670635223e-8
v 0.038024239242076874 0.0628998801112175 0.010999897494912148
v 0.038024239242076874 0.0628998801112175 0.010999897494912148
v 0.03802398964762688 0.06289908289909363 6.030313670635223e-8
v 0.026931462809443474 0.06848447769880295 4.486646503210068e-7
v 0.026931462809443474 0.06848447769880295 4.486646503210068e-7
v 0.03012489154934883 0.06703317910432816 0.01099986582994461
v 0.038024239242076874 0.0628998801112175 0.010999897494912148
v -0.021866440773010254 0.07017189264297485 1.5809200704097748e-7
v -0.03419635817408562 0.06515003740787506 1.5809200704097748e-7
v -0.030039656907320023 0.06707511097192764 0.010999880731105804
v -0.030039656907320023 0.06707511097192764 0.010999880731105804
v -0.03419635817408562 0.06515003740787506 1.5809200704097748e-7
v -0.04258009418845177 0.059981152415275574 0.010999945923686028
v -0.03419635817408562 0.06515003740787506 1.5809200704097748e-7
v -0.047725699841976166 0.05611584335565567 1.5855766832828522e-7
v -0.04258009418845177 0.059981152415275574 0.010999945923686028
v -0.04258009418845177 0.059981152415275574 0.010999945923686028
v -0.047725699841976166 0.05611584335565567 1.5855766832828522e-7
v -0.05562594532966614 0.04822704195976257 0.010999949648976326
v -0.05562594532966614 0.04822704195976257 0.010999949648976326
v -0.047725699841976166 0.05611584335565567 1.5855766832828522e-7
v -0.05785704404115677 0.04533003643155098 1.5809200704097748e-7
v -0.05562594532966614 0.04822704195976257 0.010999949648976326
v -0.05785704404115677 0.04533003643155098 1.5809200704097748e-7
v -0.06289982050657272 0.0380241796374321 0.010999955236911774
v -0.05785704404115677 0.04533003643155098 1.5809200704097748e-7
v -0.06522246450185776 0.03396017849445343 1.2922100722789764e-7
v -0.06289982050657272 0.0380241796374321 0.010999955236911774
v -0.06289982050657272 0.0380241796374321 0.010999955236911774
v -0.06522246450185776 0.03396017849445343 1.2922100722789764e-7
v -0.06703490018844604 0.030123654752969742 0.010999929159879684
v -0.06703490018844604 0.030123654752969742 0.010999929159879684
v -0.06522246450185776 0.03396017849445343 1.2922100722789764e-7
v -0.07017189264297485 0.02186650037765503 1.5809200704097748e-7
v 0.030039669945836067 -0.06707499176263809 0.01099981740117073
v 0.01658167876303196 -0.0718434676527977 0.017001695930957794
v 0.017365003004670143 -0.07174377143383026 -0.0000013774260878562927
v 0.017365003004670143 -0.07174377143383026 -0.0000013774260878562927
v 0.01658167876303196 -0.0718434676527977 0.017001695930957794
v 0.006268204189836979 -0.07323051989078522 0.008372507989406586
v -0.006338242441415787 -0.0732225552201271 0.008707821369171143
v -0.01587698422372341 -0.07193722575902939 0.01700105145573616
v -0.013248739764094353 -0.07229602336883545 1.5809200704097748e-7
v -0.013248739764094353 -0.07229602336883545 1.5809200704097748e-7
v -0.01587698422372341 -0.07193722575902939 0.01700105145573616
v -0.027470238506793976 -0.06830000877380371 3.73227521777153e-7
v -0.027470238506793976 -0.06830000877380371 3.73227521777153e-7
v -0.01587698422372341 -0.07193722575902939 0.01700105145573616
v -0.031000494956970215 -0.0665045976638794 0.016999870538711548
v -0.027470238506793976 -0.06830000877380371 3.73227521777153e-7
v -0.031000494956970215 -0.0665045976638794 0.016999870538711548
v -0.030123772099614143 -0.06703472882509232 0.010999929159879684
v -0.06707510352134705 -0.030039453878998756 0.010999878868460655
v -0.07155686616897583 -0.017498979344964027 0.01699986308813095
v -0.07111114263534546 -0.019185878336429596 -0.0000023993197828531265
v -0.07111114263534546 -0.019185878336429596 -0.0000023993197828531265
v -0.07155686616897583 -0.017498979344964027 0.01699986308813095
v -0.07336580753326416 -0.004437686875462532 1.5809200704097748e-7
v -0.07336580753326416 -0.004437686875462532 1.5809200704097748e-7
v -0.07155686616897583 -0.017498979344964027 0.01699986308813095
v -0.07357943803071976 -0.000892658019438386 0.016999870538711548
v -0.07336580753326416 -0.004437686875462532 1.5809200704097748e-7
v -0.07357943803071976 -0.000892658019438386 0.016999870538711548
v -0.07298554480075836 0.009657144546508789 1.5809200704097748e-7
v -0.07298554480075836 0.009657144546508789 1.5809200704097748e-7
v -0.07357943803071976 -0.000892658019438386 0.016999870538711548
v -0.07169270515441895 0.016717910766601562 0.016999876126646996
v -0.07298554480075836 0.009657144546508789 1.5809200704097748e-7
v -0.07169270515441895 0.016717910766601562 0.016999876126646996
v -0.07017189264297485 0.02186650037765503 1.5809200704097748e-7
v -0.07017189264297485 0.02186650037765503 1.5809200704097748e-7
v -0.07169270515441895 0.016717910766601562 0.016999876126646996
v -0.06706428527832031 0.030046463012695312 0.0169998686760664
v -0.07017189264297485 0.02186650037765503 1.5809200704097748e-7
v -0.06706428527832031 0.030046463012695312 0.0169998686760664
v -0.06703490018844604 0.030123654752969742 0.010999929159879684
v -0.030039656907320023 0.06707511097192764 0.010999880731105804
v -0.018247466534376144 0.07131940126419067 0.016999883577227592
v -0.021866440773010254 0.07017189264297485 1.5809200704097748e-7
v -0.021866440773010254 0.07017189264297485 1.5809200704097748e-7
v -0.018247466534376144 0.07131940126419067 0.016999883577227592
v -0.007398094050586224 0.07329390197992325 2.48197466135025e-7
v -0.007398094050586224 0.07329390197992325 2.48197466135025e-7
v -0.018247466534376144 0.07131940126419067 0.016999883577227592
v -0.0009695445187389851 0.07355142384767532 0.016999801620841026
v -0.007398094050586224 0.07329390197992325 2.48197466135025e-7
v -0.0009695445187389851 0.07355142384767532 0.016999801620841026
v 0.009657066315412521 0.07298558950424194 2.2351741790771484e-8
v 0.009657066315412521 0.07298558950424194 2.2351741790771484e-8
v -0.0009695445187389851 0.07355142384767532 0.016999801620841026
v 0.016718387603759766 0.0716925859451294 0.016999799758195877
v 0.009657066315412521 0.07298558950424194 2.2351741790771484e-8
v 0.016718387603759766 0.0716925859451294 0.016999799758195877
v 0.026931462809443474 0.06848447769880295 4.486646503210068e-7
v 0.026931462809443474 0.06848447769880295 4.486646503210068e-7
v 0.016718387603759766 0.0716925859451294 0.016999799758195877
v 0.03100045770406723 0.06650469452142715 0.016999810934066772
v 0.026931462809443474 0.06848447769880295 4.486646503210068e-7
v 0.03100045770406723 0.06650469452142715 0.016999810934066772
v 0.03012489154934883 0.06703317910432816 0.01099986582994461
v 0.06707499921321869 0.03003942221403122 0.010999815538525581
v 0.07131928205490112 0.018248319625854492 0.016999805346131325
v 0.07017189264297485 0.021866440773010254 3.91155481338501e-8
v 0.07017189264297485 0.021866440773010254 3.91155481338501e-8
v 0.07131928205490112 0.018248319625854492 0.016999805346131325
v 0.07304294407367706 0.00886957161128521 3.841705620288849e-8
v 0.07304294407367706 0.00886957161128521 3.841705620288849e-8
v 0.07131928205490112 0.018248319625854492 0.016999805346131325
v 0.07363327592611313 1.9559837483029696e-7 0.016999809071421623
v 0.07304294407367706 0.00886957161128521 3.841705620288849e-8
v 0.07363327592611313 1.9559837483029696e-7 0.016999809071421623
v 0.07319191843271255 -0.008161203004419804 3.888271749019623e-8
v 0.07319191843271255 -0.008161203004419804 3.888271749019623e-8
v 0.07363327592611313 1.9559837483029696e-7 0.016999809071421623
v 0.07169277966022491 -0.016717854887247086 0.016999807208776474
v 0.07319191843271255 -0.008161203004419804 3.888271749019623e-8
v 0.07169277966022491 -0.016717854887247086 0.016999807208776474
v 0.0684841200709343 -0.026931950822472572 4.353933036327362e-7
v 0.0684841200709343 -0.026931950822472572 4.353933036327362e-7
v 0.07169277966022491 -0.016717854887247086 0.016999807208776474
v 0.066504567861557 -0.031000524759292603 0.016999810934066772
v 0.0684841200709343 -0.026931950822472572 4.353933036327362e-7
v 0.066504567861557 -0.031000524759292603 0.016999810934066772
v 0.06703318655490875 -0.030124790966510773 0.010999877005815506
v -0.07111114263534546 -0.019185878336429596 -0.0000023993197828531265
v -0.07336580753326416 -0.004437686875462532 1.5809200704097748e-7
v -0.04503333568572998 -0.0424400269985199 1.5739351511001587e-7
v 0.042613912373781204 -0.044505972415208817 3.934837877750397e-8
v 0.04241439327597618 -0.04862397164106369 3.934837877750397e-8
v 0.017365003004670143 -0.07174377143383026 -0.0000013774260878562927
v 0.0502723827958107 -0.043679479509592056 3.841705620288849e-8
v 0.045881759375333786 -0.04205349087715149 3.934837877750397e-8
v 0.06048228591680527 -0.015177191235125065 0.0000025620684027671814
v 0.046234726905822754 -0.05133090540766716 3.91155481338501e-8
v 0.041797637939453125 -0.06055498123168945 3.91155481338501e-8
v 0.04241439327597618 -0.04862397164106369 3.934837877750397e-8
v 0.04241439327597618 -0.04862397164106369 3.934837877750397e-8
v 0.041797637939453125 -0.06055498123168945 3.91155481338501e-8
v 0.03016570582985878 -0.06702420860528946 3.119930624961853e-8
v 0.041797637939453125 -0.06055498123168945 3.91155481338501e-8
v 0.046234726905822754 -0.05133090540766716 3.91155481338501e-8
v 0.054579973220825195 -0.0494081974029541 4.1443854570388794e-8
v 0.054579973220825195 -0.0494081974029541 4.1443854570388794e-8
v 0.046234726905822754 -0.05133090540766716 3.91155481338501e-8
v 0.050025735050439835 -0.04980795830488205 3.864988684654236e-8
v 0.05117690935730934 -0.04715441167354584 3.91155481338501e-8
v 0.054579973220825195 -0.0494081974029541 4.1443854570388794e-8
v 0.050025735050439835 -0.04980795830488205 3.864988684654236e-8
v 0.0502723827958107 -0.043679479509592056 3.841705620288849e-8
v 0.06290007382631302 -0.0380239337682724 2.8870999813079834e-8
v 0.054579973220825195 -0.0494081974029541 4.1443854570388794e-8
v 0.0502723827958107 -0.043679479509592056 3.841705620288849e-8
v 0.054579973220825195 -0.0494081974029541 4.1443854570388794e-8
v 0.05117690935730934 -0.04715441167354584 3.91155481338501e-8
v 0.07319191843271255 -0.008161203004419804 3.888271749019623e-8
v 0.0684841200709343 -0.026931950822472572 4.353933036327362e-7
v 0.06048228591680527 -0.015177191235125065 0.0000025620684027671814
v 0.06290007382631302 -0.0380239337682724 2.8870999813079834e-8
v 0.0502723827958107 -0.043679479509592056 3.841705620288849e-8
v 0.06048228591680527 -0.015177191235125065 0.0000025620684027671814
v 0.06290007382631302 -0.0380239337682724 2.8870999813079834e-8
v 0.06048228591680527 -0.015177191235125065 0.0000025620684027671814
v 0.0684841200709343 -0.026931950822472572 4.353933036327362e-7
v 0.07319191843271255 -0.008161203004419804 3.888271749019623e-8
v 0.06048228591680527 -0.015177191235125065 0.0000025620684027671814
v 0.06471987813711166 -0.012168343178927898 0.0000078580342233181
v 0.057028621435165405 -0.0059325918555259705 8.805654942989349e-7
v 0.05488133803009987 -0.009127615951001644 0.000009798910468816757
v 0.013405093923211098 -0.0004959851503372192 9.872019290924072e-8
v 0.07304294407367706 0.00886957161128521 3.841705620288849e-8
v 0.060872532427310944 -0.004880495369434357 0.00000871904194355011
v 0.057028621435165405 -0.0059325918555259705 8.805654942989349e-7
v 0.013405093923211098 -0.0004959851503372192 9.872019290924072e-8
v 0.05488133803009987 -0.009127615951001644 0.000009798910468816757
v 0.05627261847257614 -0.013485409319400787 0.000003253575414419174
v 0.013405093923211098 -0.0004959851503372192 9.872019290924072e-8
v 0.05627261847257614 -0.013485409319400787 0.000003253575414419174
v 0.06048228591680527 -0.015177191235125065 0.0000025620684027671814
v 0.07319191843271255 -0.008161203004419804 3.888271749019623e-8
v 0.06471987813711166 -0.012168343178927898 0.0000078580342233181
v 0.0645023062825203 -0.007597769610583782 0.000003261025995016098
v 0.07304294407367706 0.00886957161128521 3.841705620288849e-8
v 0.06509757041931152 0.0341649055480957 3.166496753692627e-8
v 0.07017189264297485 0.021866440773010254 3.91155481338501e-8
v 0.0645023062825203 -0.007597769610583782 0.000003261025995016098
v 0.060872532427310944 -0.004880495369434357 0.00000871904194355011
v 0.07319191843271255 -0.008161203004419804 3.888271749019623e-8
v 0.07319191843271255 -0.008161203004419804 3.888271749019623e-8
v 0.060872532427310944 -0.004880495369434357 0.00000871904194355011
v 0.07304294407367706 0.00886957161128521 3.841705620288849e-8
v 0.04331204295158386 0.049807727336883545 3.818422555923462e-8
v 0.04205349087715149 0.045881640166044235 3.934837877750397e-8
v 0.009657066315412521 0.07298558950424194 2.2351741790771484e-8
v 0.0578579306602478 0.045328669250011444 3.91155481338501e-8
v 0.05128449574112892 0.04745589941740036 3.91155481338501e-8
v 0.049407958984375 0.054579973220825195 4.6333298087120056e-8
v 0.049407958984375 0.054579973220825195 4.6333298087120056e-8
v 0.05128449574112892 0.04745589941740036 3.91155481338501e-8
v 0.048832327127456665 0.0507236123085022 3.934837877750397e-8
v 0.048832327127456665 0.0507236123085022 3.934837877750397e-8
v 0.045971423387527466 0.05114895850419998 3.888271749019623e-8
v 0.049407958984375 0.054579973220825195 4.6333298087120056e-8
v 0.049407958984375 0.054579973220825195 4.6333298087120056e-8
v 0.045971423387527466 0.05114895850419998 3.888271749019623e-8
v 0.03802398964762688 0.06289908289909363 6.030313670635223e-8
v 0.03802398964762688 0.06289908289909363 6.030313670635223e-8
v 0.045971423387527466 0.05114895850419998 3.888271749019623e-8
v 0.04331204295158386 0.049807727336883545 3.818422555923462e-8
v 0.04450613260269165 0.042613863945007324 3.818422555923462e-8
v 0.047367461025714874 0.042188964784145355 3.91155481338501e-8
v 0.07304294407367706 0.00886957161128521 3.841705620288849e-8
v 0.009657066315412521 0.07298558950424194 2.2351741790771484e-8
v 0.04205349087715149 0.045881640166044235 3.934837877750397e-8
v 0.04450613260269165 0.042613863945007324 3.818422555923462e-8
v 0.009657066315412521 0.07298558950424194 2.2351741790771484e-8
v 0.04450613260269165 0.042613863945007324 3.818422555923462e-8
v 0.07304294407367706 0.00886957161128521 3.841705620288849e-8
v 0.07304294407367706 0.00886957161128521 3.841705620288849e-8
v 0.047367461025714874 0.042188964784145355 3.91155481338501e-8
v 0.05002535507082939 0.04352965205907822 3.795139491558075e-8
v 0.07304294407367706 0.00886957161128521 3.841705620288849e-8
v 0.05002535507082939 0.04352965205907822 3.795139491558075e-8
v 0.06509757041931152 0.0341649055480957 3.166496753692627e-8
v 0.06509757041931152 0.0341649055480957 3.166496753692627e-8
v 0.05002535507082939 0.04352965205907822 3.795139491558075e-8
v 0.0578579306602478 0.045328669250011444 3.91155481338501e-8
v 0.0578579306602478 0.045328669250011444 3.91155481338501e-8
v 0.05002535507082939 0.04352965205907822 3.795139491558075e-8
v 0.05128449574112892 0.04745589941740036 3.91155481338501e-8
v 0.013405093923211098 -0.0004959851503372192 9.872019290924072e-8
v -0.007398094050586224 0.07329390197992325 2.48197466135025e-7
v 0.009657066315412521 0.07298558950424194 2.2351741790771484e-8
v 0.03802398964762688 0.06289908289909363 6.030313670635223e-8
v 0.04331204295158386 0.049807727336883545 3.818422555923462e-8
v 0.009657066315412521 0.07298558950424194 2.2351741790771484e-8
v 0.03802398964762688 0.06289908289909363 6.030313670635223e-8
v 0.009657066315412521 0.07298558950424194 2.2351741790771484e-8
v 0.026931462809443474 0.06848447769880295 4.486646503210068e-7
v 0.013405093923211098 -0.0004959851503372192 9.872019290924072e-8
v -0.047725699841976166 0.05611584335565567 1.5855766832828522e-7
v -0.03419635817408562 0.06515003740787506 1.5809200704097748e-7
v 0.013405093923211098 -0.0004959851503372192 9.872019290924072e-8
v -0.03419635817408562 0.06515003740787506 1.5809200704097748e-7
v -0.021866440773010254 0.07017189264297485 1.5809200704097748e-7
v 0.013405093923211098 -0.0004959851503372192 9.872019290924072e-8
v -0.021866440773010254 0.07017189264297485 1.5809200704097748e-7
v -0.007398094050586224 0.07329390197992325 2.48197466135025e-7
v -0.04483557865023613 0.04252200946211815 1.5972182154655457e-7
v -0.04261383041739464 0.044506143778562546 1.5809200704097748e-7
v 0.013405093923211098 -0.0004959851503372192 9.872019290924072e-8
v 0.013405093923211098 -0.0004959851503372192 9.872019290924072e-8
v -0.04261383041739464 0.044506143778562546 1.5809200704097748e-7
v -0.04218895733356476 0.047367438673973083 1.5809200704097748e-7
v 0.013405093923211098 -0.0004959851503372192 9.872019290924072e-8
v -0.04218895733356476 0.047367438673973083 1.5809200704097748e-7
v -0.043529730290174484 0.050025440752506256 1.5832483768463135e-7
v 0.013405093923211098 -0.0004959851503372192 9.872019290924072e-8
v -0.043529730290174484 0.050025440752506256 1.5832483768463135e-7
v -0.047725699841976166 0.05611584335565567 1.5855766832828522e-7
v -0.047725699841976166 0.05611584335565567 1.5855766832828522e-7
v -0.0468231663107872 0.05126212164759636 1.5855766832828522e-7
v -0.04951363056898117 0.05019957944750786 1.578591763973236e-7
v -0.06522246450185776 0.03396017849445343 1.2922100722789764e-7
v -0.048295505344867706 0.04227837547659874 1.587904989719391e-7
v -0.04483557865023613 0.04252200946211815 1.5972182154655457e-7
v -0.047725699841976166 0.05611584335565567 1.5855766832828522e-7
v -0.043529730290174484 0.050025440752506256 1.5832483768463135e-7
v -0.0468231663107872 0.05126212164759636 1.5855766832828522e-7
v -0.05785704404115677 0.04533003643155098 1.5809200704097748e-7
v -0.05114542320370674 0.04770882427692413 1.5809200704097748e-7
v -0.05081572011113167 0.04483567550778389 1.5692785382270813e-7
v -0.05785704404115677 0.04533003643155098 1.5809200704097748e-7
v -0.05081572011113167 0.04483567550778389 1.5692785382270813e-7
v -0.06522246450185776 0.03396017849445343 1.2922100722789764e-7
v -0.06522246450185776 0.03396017849445343 1.2922100722789764e-7
v -0.05081572011113167 0.04483567550778389 1.5692785382270813e-7
v -0.048295505344867706 0.04227837547659874 1.587904989719391e-7
v -0.05785704404115677 0.04533003643155098 1.5809200704097748e-7
v -0.047725699841976166 0.05611584335565567 1.5855766832828522e-7
v -0.04951363056898117 0.05019957944750786 1.578591763973236e-7
v -0.05785704404115677 0.04533003643155098 1.5809200704097748e-7
v -0.04951363056898117 0.05019957944750786 1.578591763973236e-7
v -0.05114542320370674 0.04770882427692413 1.5809200704097748e-7
v -0.07298554480075836 0.009657144546508789 1.5809200704097748e-7
v -0.07017189264297485 0.02186650037765503 1.5809200704097748e-7
v -0.06522246450185776 0.03396017849445343 1.2922100722789764e-7
v -0.07336580753326416 -0.004437686875462532 1.5809200704097748e-7
v -0.0637126937508583 -0.005544240586459637 0.000010723713785409927
v -0.06621334701776505 -0.010456977412104607 0.000015614088624715805
v -0.0008043355774134398 -0.07357320934534073 0.0000016356352716684341
v -0.05382854864001274 -0.01080389879643917 0.00001560663804411888
v -0.05627386271953583 -0.005501231178641319 0.000015986617654561996
v -0.0008043355774134398 -0.07357320934534073 0.0000016356352716684341
v -0.05627386271953583 -0.005501231178641319 0.000015986617654561996
v -0.06522246450185776 0.03396017849445343 1.2922100722789764e-7
v -0.07298554480075836 0.009657144546508789 1.5809200704097748e-7
v -0.06522246450185776 0.03396017849445343 1.2922100722789764e-7
v -0.07336580753326416 -0.004437686875462532 1.5809200704097748e-7
v -0.07336580753326416 -0.004437686875462532 1.5809200704097748e-7
v -0.06522246450185776 0.03396017849445343 1.2922100722789764e-7
v -0.0637126937508583 -0.005544240586459637 0.000010723713785409927
v -0.07336580753326416 -0.004437686875462532 1.5809200704097748e-7
v -0.06621334701776505 -0.010456977412104607 0.000015614088624715805
v -0.06312605738639832 -0.014706036075949669 0.0000064908526837825775
v -0.07336580753326416 -0.004437686875462532 1.5809200704097748e-7
v -0.06312605738639832 -0.014706036075949669 0.0000064908526837825775
v -0.04503333568572998 -0.0424400269985199 1.5739351511001587e-7
v -0.06522246450185776 0.03396017849445343 1.2922100722789764e-7
v -0.05627386271953583 -0.005501231178641319 0.000015986617654561996
v -0.0637126937508583 -0.005544240586459637 0.000010723713785409927
v -0.04503333568572998 -0.0424400269985199 1.5739351511001587e-7
v -0.06312605738639832 -0.014706036075949669 0.0000064908526837825775
v -0.05687221884727478 -0.014666160568594933 0.000005246605724096298
v -0.04503333568572998 -0.0424400269985199 1.5739351511001587e-7
v -0.06452249735593796 -0.03554631769657135 1.5762634575366974e-7
v -0.07111114263534546 -0.019185878336429596 -0.0000023993197828531265
v -0.051330916583538055 -0.046234797686338425 1.5855766832828522e-7
v -0.06452249735593796 -0.03554631769657135 1.5762634575366974e-7
v -0.04862402752041817 -0.042414408177137375 1.578591763973236e-7
v -0.06452249735593796 -0.03554631769657135 1.5762634575366974e-7
v -0.051330916583538055 -0.046234797686338425 1.5855766832828522e-7
v -0.04980793595314026 -0.050025731325149536 1.5832483768463135e-7
v -0.04980793595314026 -0.050025731325149536 1.5832483768463135e-7
v -0.04651510715484619 -0.0512620247900486 1.5832483768463135e-7
v -0.04258010908961296 -0.059980884194374084 1.6298145055770874e-7
v -0.06452249735593796 -0.03554631769657135 1.5762634575366974e-7
v -0.04503333568572998 -0.0424400269985199 1.5739351511001587e-7
v -0.04862402752041817 -0.042414408177137375 1.578591763973236e-7
v -0.04241432622075081 -0.04471430554986 1.5809200704097748e-7
v -0.0008043355774134398 -0.07357320934534073 0.0000016356352716684341
v -0.042848631739616394 -0.04937596991658211 1.5762634575366974e-7
v -0.04258010908961296 -0.059980884194374084 1.6298145055770874e-7
v -0.04651510715484619 -0.0512620247900486 1.5832483768463135e-7
v -0.042848631739616394 -0.04937596991658211 1.5762634575366974e-7
v -0.04258010908961296 -0.059980884194374084 1.6298145055770874e-7
v -0.042848631739616394 -0.04937596991658211 1.5762634575366974e-7
v -0.027470238506793976 -0.06830000877380371 3.73227521777153e-7
v -0.027470238506793976 -0.06830000877380371 3.73227521777153e-7
v -0.042848631739616394 -0.04937596991658211 1.5762634575366974e-7
v -0.0008043355774134398 -0.07357320934534073 0.0000016356352716684341
v -0.0008043355774134398 -0.07357320934534073 0.0000016356352716684341
v -0.04241432622075081 -0.04471430554986 1.5809200704097748e-7
v -0.04503333568572998 -0.0424400269985199 1.5739351511001587e-7
v -0.06452249735593796 -0.03554631769657135 1.5762634575366974e-7
v -0.04980793595314026 -0.050025731325149536 1.5832483768463135e-7
v -0.04258010908961296 -0.059980884194374084 1.6298145055770874e-7
v -0.06452249735593796 -0.03554631769657135 1.5762634575366974e-7
v -0.04258010908961296 -0.059980884194374084 1.6298145055770874e-7
v -0.05507516860961914 -0.04879140853881836 1.5855766832828522e-7
v -0.013248739764094353 -0.07229602336883545 1.5809200704097748e-7
v -0.027470238506793976 -0.06830000877380371 3.73227521777153e-7
v -0.0008043355774134398 -0.07357320934534073 0.0000016356352716684341
v -0.0008043355774134398 -0.07357320934534073 0.0000016356352716684341
v 0.013405093923211098 -0.0004959851503372192 9.872019290924072e-8
v 0.017365003004670143 -0.07174377143383026 -0.0000013774260878562927
v 0.04241439327597618 -0.04862397164106369 3.934837877750397e-8
v 0.03016570582985878 -0.06702420860528946 3.119930624961853e-8
v 0.017365003004670143 -0.07174377143383026 -0.0000013774260878562927
v -0.05687221884727478 -0.014666160568594933 0.000005246605724096298
v -0.05382854864001274 -0.01080389879643917 0.00001560663804411888
v -0.04503333568572998 -0.0424400269985199 1.5739351511001587e-7
v -0.04503333568572998 -0.0424400269985199 1.5739351511001587e-7
v -0.05382854864001274 -0.01080389879643917 0.00001560663804411888
v -0.0008043355774134398 -0.07357320934534073 0.0000016356352716684341
v -0.06522246450185776 0.03396017849445343 1.2922100722789764e-7
v -0.04483557865023613 0.04252200946211815 1.5972182154655457e-7
v 0.013405093923211098 -0.0004959851503372192 9.872019290924072e-8
v -0.06522246450185776 0.03396017849445343 1.2922100722789764e-7
v 0.013405093923211098 -0.0004959851503372192 9.872019290924072e-8
v -0.0008043355774134398 -0.07357320934534073 0.0000016356352716684341
v 0.017365003004670143 -0.07174377143383026 -0.0000013774260878562927
v 0.013405093923211098 -0.0004959851503372192 9.872019290924072e-8
v 0.06048228591680527 -0.015177191235125065 0.0000025620684027671814
v 0.017365003004670143 -0.07174377143383026 -0.0000013774260878562927
v 0.06048228591680527 -0.015177191235125065 0.0000025620684027671814
v 0.042613912373781204 -0.044505972415208817 3.934837877750397e-8
v 0.042613912373781204 -0.044505972415208817 3.934837877750397e-8
v 0.06048228591680527 -0.015177191235125065 0.0000025620684027671814
v 0.045881759375333786 -0.04205349087715149 3.934837877750397e-8
v 0.013405093923211098 -0.0004959851503372192 9.872019290924072e-8
v 0.009657066315412521 0.07298558950424194 2.2351741790771484e-8
v 0.07304294407367706 0.00886957161128521 3.841705620288849e-8
v 0.013405093923211098 -0.0004959851503372192 9.872019290924072e-8
v 0.07304294407367706 0.00886957161128521 3.841705620288849e-8
v 0.057028621435165405 -0.0059325918555259705 8.805654942989349e-7
v 0.004055045545101166 -0.11000002920627594 0.011978426948189735
v -0.0006661824882030487 -0.10999945551156998 0.01374836079776287
v -0.0043523795902729034 -0.1100001111626625 0.011485332623124123
v 0.004055045545101166 -0.11000002920627594 0.011978426948189735
v -0.0043523795902729034 -0.1100001111626625 0.011485332623124123
v -0.005095337517559528 -0.10999995470046997 0.007154274266213179
v -0.0023496486246585846 -0.10999982804059982 0.003704529022797942
v 0.005147884599864483 -0.11000004410743713 0.007295854855328798
v -0.005095337517559528 -0.10999995470046997 0.007154274266213179
v 0.005147884599864483 -0.11000004410743713 0.007295854855328798
v 0.004055045545101166 -0.11000002920627594 0.011978426948189735
v -0.005095337517559528 -0.10999995470046997 0.007154274266213179
v 0.005147884599864483 -0.11000004410743713 0.007295854855328798
v -0.0023496486246585846 -0.10999982804059982 0.003704529022797942
v 0.002325429581105709 -0.10999999195337296 0.0037550712004303932
v -0.005225689150393009 -0.07236028462648392 0.008773189038038254
v -0.005095337517559528 -0.10999995470046997 0.007154274266213179
v -0.0043523795902729034 -0.1100001111626625 0.011485332623124123
v -0.0043523795902729034 -0.1100001111626625 0.011485332623124123
v -0.004260212182998657 -0.07246877253055573 0.011445710435509682
v -0.005225689150393009 -0.07236028462648392 0.008773189038038254
v -0.0043523795902729034 -0.1100001111626625 0.011485332623124123
v -0.002453833818435669 -0.07257089018821716 0.013095894828438759
v -0.004260212182998657 -0.07246877253055573 0.011445710435509682
v -0.0006661824882030487 -0.10999945551156998 0.01374836079776287
v -0.002453833818435669 -0.07257089018821716 0.013095894828438759
v -0.0043523795902729034 -0.1100001111626625 0.011485332623124123
v 0.0008839964866638184 -0.07263520359992981 0.013647345826029778
v -0.002453833818435669 -0.07257089018821716 0.013095894828438759
v -0.0006661824882030487 -0.10999945551156998 0.01374836079776287
v 0.004055045545101166 -0.11000002920627594 0.011978426948189735
v 0.0008839964866638184 -0.07263520359992981 0.013647345826029778
v -0.0006661824882030487 -0.10999945551156998 0.01374836079776287
v 0.004055045545101166 -0.11000002920627594 0.011978426948189735
v 0.004006437957286835 -0.0724850594997406 0.011889228597283363
v 0.0008839964866638184 -0.07263520359992981 0.013647345826029778
v 0.005147884599864483 -0.11000004410743713 0.007295854855328798
v 0.005128301680088043 -0.0723780170083046 0.009220758453011513
v 0.004055045545101166 -0.11000002920627594 0.011978426948189735
v 0.004055045545101166 -0.11000002920627594 0.011978426948189735
v 0.005128301680088043 -0.0723780170083046 0.009220758453011513
v 0.004006437957286835 -0.0724850594997406 0.011889228597283363
v 0.005147884599864483 -0.11000004410743713 0.007295854855328798
v 0.004750892519950867 -0.072424978017807 0.006293037440627813
v 0.005128301680088043 -0.0723780170083046 0.009220758453011513
v 0.004750892519950867 -0.072424978017807 0.006293037440627813
v 0.005147884599864483 -0.11000004410743713 0.007295854855328798
v 0.002325429581105709 -0.10999999195337296 0.0037550712004303932
v 0.002325429581105709 -0.10999999195337296 0.0037550712004303932
v 0.0030420422554016113 -0.07254906743764877 0.004315474536269903
v 0.004750892519950867 -0.072424978017807 0.006293037440627813
v 0.0005985498428344727 -0.07264018058776855 0.0033181398175656796
v 0.0030420422554016113 -0.07254906743764877 0.004315474536269903
v 0.002325429581105709 -0.10999999195337296 0.0037550712004303932
v 0.0005985498428344727 -0.07264018058776855 0.0033181398175656796
v 0.002325429581105709 -0.10999999195337296 0.0037550712004303932
v -0.0023496486246585846 -0.10999982804059982 0.003704529022797942
v 0.0005985498428344727 -0.07264018058776855 0.0033181398175656796
v -0.0023496486246585846 -0.10999982804059982 0.003704529022797942
v -0.0020019114017486572 -0.0726102888584137 0.003719115164130926
v -0.0023496486246585846 -0.10999982804059982 0.003704529022797942
v -0.004268631339073181 -0.07246498018503189 0.0055080740712583065
v -0.0020019114017486572 -0.0726102888584137 0.003719115164130926
v -0.005095337517559528 -0.10999995470046997 0.007154274266213179
v -0.004268631339073181 -0.07246498018503189 0.0055080740712583065
v -0.0023496486246585846 -0.10999982804059982 0.003704529022797942
v -0.005095337517559528 -0.10999995470046997 0.007154274266213179
v -0.005225689150393009 -0.07236028462648392 0.008773189038038254
v -0.004268631339073181 -0.07246498018503189 0.0055080740712583065
vn 4.786165277436445e-7 3.2650288517283093e-7 0.9999999999998321
vn 4.786165277436445e-7 3.2650288517283093e-7 0.9999999999998321
vn 4.786165277436445e-7 3.2650288517283093e-7 0.9999999999998321
vn 1.029050835654361e-7 8.562328730473837e-7 0.9999999999996283
vn 1.029050835654361e-7 8.562328730473837e-7 0.9999999999996283
vn 1.029050835654361e-7 8.562328730473837e-7 0.9999999999996283
vn 0.0000018290636489801603 -7.393103373928335e-7 0.999999999998054
vn 0.0000018290636489801603 -7.393103373928335e-7 0.999999999998054
vn 0.0000018290636489801603 -7.393103373928335e-7 0.999999999998054
vn 4.953542429574746e-7 2.1124510851674707e-7 0.999999999999855
vn 4.953542429574746e-7 2.1124510851674707e-7 0.999999999999855
vn 4.953542429574746e-7 2.1124510851674707e-7 0.999999999999855
vn 5.329233658812119e-7 -5.0652971594892757e-8 0.9999999999998568
vn 5.329233658812119e-7 -5.0652971594892757e-8 0.9999999999998568
vn 5.329233658812119e-7 -5.0652971594892757e-8 0.9999999999998568
vn 4.649377558506935e-7 3.3289342127312935e-7 0.9999999999998366
vn 4.649377558506935e-7 3.3289342127312935e-7 0.9999999999998366
vn 4.649377558506935e-7 3.3289342127312935e-7 0.9999999999998366
vn 0.00006550719871097414 -0.00017945092658895267 0.9999999817530857
vn 0.00006550719871097414 -0.00017945092658895267 0.9999999817530857
vn 0.00006550719871097414 -0.00017945092658895267 0.9999999817530857
vn 8.123799233313355e-8 9.679075674280266e-7 0.9999999999995284
vn 8.123799233313355e-8 9.679075674280266e-7 0.9999999999995284
vn 8.123799233313355e-8 9.679075674280266e-7 0.9999999999995284
vn 0.000004985821760659206 -0.000004997562882511451 0.999999999975083
vn 0.000004985821760659206 -0.000004997562882511451 0.999999999975083
vn 0.000004985821760659206 -0.000004997562882511451 0.999999999975083
vn 5.277653372103652e-7 6.073582170528478e-8 0.999999999999859
vn 5.277653372103652e-7 6.073582170528478e-8 0.999999999999859
vn 5.277653372103652e-7 6.073582170528478e-8 0.999999999999859
vn 5.251157517704185e-7 1.829859428425779e-7 0.9999999999998455
vn 5.251157517704185e-7 1.829859428425779e-7 0.9999999999998455
vn 5.251157517704185e-7 1.829859428425779e-7 0.9999999999998455
vn -0.00007594063072477015 0.00017349823299700042 0.9999999820656916
vn -0.00007594063072477015 0.00017349823299700042 0.9999999820656916
vn -0.00007594063072477015 0.00017349823299700042 0.9999999820656916
vn -0.0000855832903492555 0.0001281809657721506 0.9999999881225702
vn -0.0000855832903492555 0.0001281809657721506 0.9999999881225702
vn -0.0000855832903492555 0.0001281809657721506 0.9999999881225702
vn 0.000005546881311483112 -0.000003488300990209301 0.9999999999785321
vn 0.000005546881311483112 -0.000003488300990209301 0.9999999999785321
vn 0.000005546881311483112 -0.000003488300990209301 0.9999999999785321
vn -0.0000035416755963259348 0.0000015558982795366322 0.999999999992518
vn -0.0000035416755963259348 0.0000015558982795366322 0.999999999992518
vn -0.0000035416755963259348 0.0000015558982795366322 0.999999999992518
vn 0.00008210958880197069 -0.00003521948733163653 0.9999999960088015
vn 0.00008210958880197069 -0.00003521948733163653 0.9999999960088015
vn 0.00008210958880197069 -0.00003521948733163653 0.9999999960088015
vn -0.00009295379963061539 0.000019097036697947294 0.9999999954974472
vn -0.00009295379963061539 0.000019097036697947294 0.9999999954974472
vn -0.00009295379963061539 0.000019097036697947294 0.9999999954974472
vn -9.18993805498343e-7 2.413900972441117e-7 0.9999999999995486
vn -9.18993805498343e-7 2.413900972441117e-7 0.9999999999995486
vn -9.18993805498343e-7 2.413900972441117e-7 0.9999999999995486
vn 1.1547908229658585e-7 1.4769599943065e-7 0.9999999999999825
vn 1.1547908229658585e-7 1.4769599943065e-7 0.9999999999999825
vn 1.1547908229658585e-7 1.4769599943065e-7 0.9999999999999825
vn 0.00012149488290206572 -0.000195313952935017 0.9999999735457263
vn 0.00012149488290206572 -0.000195313952935017 0.9999999735457263
vn 0.00012149488290206572 -0.000195313952935017 0.9999999735457263
vn -7.707937470509795e-7 6.211053005242007e-7 0.9999999999995102
vn -7.707937470509795e-7 6.211053005242007e-7 0.9999999999995102
vn -7.707937470509795e-7 6.211053005242007e-7 0.9999999999995102
vn -0.000001154183564720921 9.300406418323079e-7 0.9999999999989015
vn -0.000001154183564720921 9.300406418323079e-7 0.9999999999989015
vn -0.000001154183564720921 9.300406418323079e-7 0.9999999999989015
vn 3.728472961483665e-7 -5.964319882422872e-8 0.9999999999999287
vn 3.728472961483665e-7 -5.964319882422872e-8 0.9999999999999287
vn 3.728472961483665e-7 -5.964319882422872e-8 0.9999999999999287
vn 0.00012638898327994765 -0.00017594554397919643 0.999999976534495
vn 0.00012638898327994765 -0.00017594554397919643 0.999999976534495
vn 0.00012638898327994765 -0.00017594554397919643 0.999999976534495
vn 2.490312169810985e-7 6.926929358994982e-7 0.9999999999997291
vn 2.490312169810985e-7 6.926929358994982e-7 0.9999999999997291
vn 2.490312169810985e-7 6.926929358994982e-7 0.9999999999997291
vn -0.00014199848795012256 0.00015177097192980874 0.9999999784010005
vn -0.00014199848795012256 0.00015177097192980874 0.9999999784010005
vn -0.00014199848795012256 0.00015177097192980874 0.9999999784010005
vn 6.178716489556295e-7 -2.7104999844589855e-7 0.9999999999997724
vn 6.178716489556295e-7 -2.7104999844589855e-7 0.9999999999997724
vn 6.178716489556295e-7 -2.7104999844589855e-7 0.9999999999997724
vn -2.1386169635205296e-7 -3.222062900931392e-7 -0.9999999999999252
vn -2.1386169635205296e-7 -3.222062900931392e-7 -0.9999999999999252
vn -2.1386169635205296e-7 -3.222062900931392e-7 -0.9999999999999252
vn 1.0299783781419729e-7 -2.26357656174507e-7 -0.9999999999999691
vn 1.0299783781419729e-7 -2.26357656174507e-7 -0.9999999999999691
vn 1.0299783781419729e-7 -2.26357656174507e-7 -0.9999999999999691
vn 1.9257865346843953e-7 -1.3481543703619166e-7 -0.9999999999999725
vn 1.9257865346843953e-7 -1.3481543703619166e-7 -0.9999999999999725
vn 1.9257865346843953e-7 -1.3481543703619166e-7 -0.9999999999999725
vn 3.4026288631137047e-7 1.3472295279369983e-7 -0.9999999999999332
vn 3.4026288631137047e-7 1.3472295279369983e-7 -0.9999999999999332
vn 3.4026288631137047e-7 1.3472295279369983e-7 -0.9999999999999332
vn 0.0000011641229775661293 0.00000248563105741569 -0.9999999999962332
vn 0.0000011641229775661293 0.00000248563105741569 -0.9999999999962332
vn 0.0000011641229775661293 0.00000248563105741569 -0.9999999999962332
vn 2.7131019919537095e-7 0.0000017483425835935042 -0.9999999999984348
vn 2.7131019919537095e-7 0.0000017483425835935042 -0.9999999999984348
vn 2.7131019919537095e-7 0.0000017483425835935042 -0.9999999999984348
vn -0.00007016205182469771 0.000002513389739023577 -0.9999999975354847
vn -0.00007016205182469771 0.000002513389739023577 -0.9999999975354847
vn -0.00007016205182469771 0.000002513389739023577 -0.9999999975354847
vn 0.00004716831239621158 0.0000019817271073150765 -0.9999999988856116
vn 0.00004716831239621158 0.0000019817271073150765 -0.9999999988856116
vn 0.00004716831239621158 0.0000019817271073150765 -0.9999999988856116
vn -0.7945447070564041 -0.6071826297876992 -0.00528796489651993
vn -0.7945447070564041 -0.6071826297876992 -0.00528796489651993
vn -0.7945447070564041 -0.6071826297876992 -0.00528796489651993
vn -0.9997315994957194 -0.016764929504874918 0.015989562483926065
vn -0.9997315994957194 -0.016764929504874918 0.015989562483926065
vn -0.9997315994957194 -0.016764929504874918 0.015989562483926065
vn -0.9990526308548693 -0.03382006616363213 -0.02738692948564546
vn -0.9990526308548693 -0.03382006616363213 -0.02738692948564546
vn -0.9990526308548693 -0.03382006616363213 -0.02738692948564546
vn -0.507478351987991 -0.8612872883958402 -0.025493707288146494
vn -0.507478351987991 -0.8612872883958402 -0.025493707288146494
vn -0.507478351987991 -0.8612872883958402 -0.025493707288146494
vn -0.035093761902553 -0.998915848896525 0.030586838654263076
vn -0.035093761902553 -0.998915848896525 0.030586838654263076
vn -0.035093761902553 -0.998915848896525 0.030586838654263076
vn -0.024945985174913532 -0.9996809818779374 0.003953769747426684
vn -0.024945985174913532 -0.9996809818779374 0.003953769747426684
vn -0.024945985174913532 -0.9996809818779374 0.003953769747426684
vn -0.04085313994512492 0.9990068902013036 -0.01778353977543752
vn -0.04085313994512492 0.9990068902013036 -0.01778353977543752
vn -0.04085313994512492 0.9990068902013036 -0.01778353977543752
vn -0.035880878534126 0.9993478050418927 -0.004065355282198673
vn -0.035880878534126 0.9993478050418927 -0.004065355282198673
vn -0.035880878534126 0.9993478050418927 -0.004065355282198673
vn -0.9992021785043349 0.0385636682135902 0.01038508382746183
vn -0.9992021785043349 0.0385636682135902 0.01038508382746183
vn -0.9992021785043349 0.0385636682135902 0.01038508382746183
vn -0.9993333317495708 0.036281284297058666 0.004069455007481298
vn -0.9993333317495708 0.036281284297058666 0.004069455007481298
vn -0.9993333317495708 0.036281284297058666 0.004069455007481298
vn 0.7945205619141852 0.607214216229279 -0.0052888850082161275
vn 0.7945205619141852 0.607214216229279 -0.0052888850082161275
vn 0.7945205619141852 0.607214216229279 -0.0052888850082161275
vn 0.9997316242028659 0.016759219049035518 0.015994003425230597
vn 0.9997316242028659 0.016759219049035518 0.015994003425230597
vn 0.9997316242028659 0.016759219049035518 0.015994003425230597
vn 0.9990523026728806 0.033820685558638056 -0.027398134103600515
vn 0.9990523026728806 0.033820685558638056 -0.027398134103600515
vn 0.9990523026728806 0.033820685558638056 -0.027398134103600515
vn 0.035112381103870854 0.9993707572495896 -0.005020980740708768
vn 0.035112381103870854 0.9993707572495896 -0.005020980740708768
vn 0.035112381103870854 0.9993707572495896 -0.005020980740708768
vn 0.03838606277164323 0.999254609928623 0.004090809368158069
vn 0.03838606277164323 0.999254609928623 0.004090809368158069
vn 0.03838606277164323 0.999254609928623 0.004090809368158069
vn 0.9992020909867336 -0.03856560286241432 0.010386320021924713
vn 0.9992020909867336 -0.03856560286241432 0.010386320021924713
vn 0.9992020909867336 -0.03856560286241432 0.010386320021924713
vn 0.999333281009778 -0.0362827002292412 0.004069291130804307
vn 0.999333281009778 -0.0362827002292412 0.004069291130804307
vn 0.999333281009778 -0.0362827002292412 0.004069291130804307
vn -0.7585083900109538 0.6275650906727408 0.17557641997690113
vn -0.7585083900109538 0.6275650906727408 0.17557641997690113
vn -0.7585083900109538 0.6275650906727408 0.17557641997690113
vn 0.8113137237713931 0.5808927240751712 0.06583072790667481
vn 0.8113137237713931 0.5808927240751712 0.06583072790667481
vn 0.8113137237713931 0.5808927240751712 0.06583072790667481
vn 0.8882982076836021 0.45748498737215315 -0.040420051400275096
vn 0.8882982076836021 0.45748498737215315 -0.040420051400275096
vn 0.8882982076836021 0.45748498737215315 -0.040420051400275096
vn 0.9246083595436183 0.3741119841422001 0.07169103697984426
vn 0.9246083595436183 0.3741119841422001 0.07169103697984426
vn 0.9246083595436183 0.3741119841422001 0.07169103697984426
vn 0.9716507478107559 0.22432345802214063 -0.07465795643993926
vn 0.9716507478107559 0.22432345802214063 -0.07465795643993926
vn 0.9716507478107559 0.22432345802214063 -0.07465795643993926
vn 0.9906682990945831 0.11400720503349794 0.07469055073766477
vn 0.9906682990945831 0.11400720503349794 0.07469055073766477
vn 0.9906682990945831 0.11400720503349794 0.07469055073766477
vn 0.9961398964941651 -0.04612788988414488 -0.07468282525072661
vn 0.9961398964941651 -0.04612788988414488 -0.07468282525072661
vn 0.9961398964941651 -0.04612788988414488 -0.07468282525072661
vn 0.984687634622601 -0.15751734508098328 0.07468967947437738
vn 0.984687634622601 -0.15751734508098328 0.07468967947437738
vn 0.984687634622601 -0.15751734508098328 0.07468967947437738
vn 0.9483040502783643 -0.3093425609201134 -0.07089857705931478
vn 0.9483040502783643 -0.3093425609201134 -0.07089857705931478
vn 0.9483040502783643 -0.3093425609201134 -0.07089857705931478
vn 0.914709635431954 -0.401267949189771 0.04785724397598785
vn 0.914709635431954 -0.401267949189771 0.04785724397598785
vn 0.914709635431954 -0.401267949189771 0.04785724397598785
vn 0.5240684252447927 -0.8489290639126945 0.06835005563830689
vn 0.5240684252447927 -0.8489290639126945 0.06835005563830689
vn 0.5240684252447927 -0.8489290639126945 0.06835005563830689
vn 0.42316696162757567 -0.9026426697460331 -0.0785234572636721
vn 0.42316696162757567 -0.9026426697460331 -0.0785234572636721
vn 0.42316696162757567 -0.9026426697460331 -0.0785234572636721
vn 0.3281504157449581 -0.9433594184022881 0.04889082079601505
vn 0.3281504157449581 -0.9433594184022881 0.04889082079601505
vn 0.3281504157449581 -0.9433594184022881 0.04889082079601505
vn 0.1528768085477321 -0.9876117661616641 -0.035379100430879815
vn 0.1528768085477321 -0.9876117661616641 -0.035379100430879815
vn 0.1528768085477321 -0.9876117661616641 -0.035379100430879815
vn 0.15790971047366237 -0.9871373441549488 -0.024987739250251207
vn 0.15790971047366237 -0.9871373441549488 -0.024987739250251207
vn 0.15790971047366237 -0.9871373441549488 -0.024987739250251207
vn -0.07183770869754638 -0.9971887516980332 0.021305799586143842
vn -0.07183770869754638 -0.9971887516980332 0.021305799586143842
vn -0.07183770869754638 -0.9971887516980332 0.021305799586143842
vn -0.11419381860476026 -0.9923589751026062 -0.0467272546354742
vn -0.11419381860476026 -0.9923589751026062 -0.0467272546354742
vn -0.11419381860476026 -0.9923589751026062 -0.0467272546354742
vn -0.25312247523259895 -0.9662634001030826 0.047582078068873504
vn -0.25312247523259895 -0.9662634001030826 0.047582078068873504
vn -0.25312247523259895 -0.9662634001030826 0.047582078068873504
vn -0.3905786899502948 -0.9162935083271972 -0.08862558069850794
vn -0.3905786899502948 -0.9162935083271972 -0.08862558069850794
vn -0.3905786899502948 -0.9162935083271972 -0.08862558069850794
vn -0.4775683248489505 -0.8732758099826776 0.09652903604649465
vn -0.4775683248489505 -0.8732758099826776 0.09652903604649465
vn -0.4775683248489505 -0.8732758099826776 0.09652903604649465
vn -0.7934805234821367 -0.6063762368318906 -0.05192801036154961
vn -0.7934805234821367 -0.6063762368318906 -0.05192801036154961
vn -0.7934805234821367 -0.6063762368318906 -0.05192801036154961
vn 0.7595170646493344 -0.6263541505174676 0.17554004282784097
vn 0.7595170646493344 -0.6263541505174676 0.17554004282784097
vn 0.7595170646493344 -0.6263541505174676 0.17554004282784097
vn -0.812028535214206 -0.5814089832038468 0.05072723378758053
vn -0.812028535214206 -0.5814089832038468 0.05072723378758053
vn -0.812028535214206 -0.5814089832038468 0.05072723378758053
vn -0.4720996952937536 -0.8017220559359417 0.3665564386685787
vn -0.4720996952937536 -0.8017220559359417 0.3665564386685787
vn -0.4720996952937536 -0.8017220559359417 0.3665564386685787
vn -0.9196934065320057 -0.3922056241244203 0.018406150785231563
vn -0.9196934065320057 -0.3922056241244203 0.018406150785231563
vn -0.9196934065320057 -0.3922056241244203 0.018406150785231563
vn -0.9300889279980205 -0.36352896327478634 -0.05273783154294559
vn -0.9300889279980205 -0.36352896327478634 -0.05273783154294559
vn -0.9300889279980205 -0.36352896327478634 -0.05273783154294559
vn -0.9743850608695905 -0.2197937916100847 0.047586156850781866
vn -0.9743850608695905 -0.2197937916100847 0.047586156850781866
vn -0.9743850608695905 -0.2197937916100847 0.047586156850781866
vn -0.9917297399672294 -0.11919388218748299 -0.04759139957606065
vn -0.9917297399672294 -0.11919388218748299 -0.04759139957606065
vn -0.9917297399672294 -0.11919388218748299 -0.04759139957606065
vn -0.9993984203221956 0.0036209999014726268 0.034491822468719416
vn -0.9993984203221956 0.0036209999014726268 0.034491822468719416
vn -0.9993984203221956 0.0036209999014726268 0.034491822468719416
vn -0.9973160767873868 0.06458442005971625 -0.03448906590450633
vn -0.9973160767873868 0.06458442005971625 -0.03448906590450633
vn -0.9973160767873868 0.06458442005971625 -0.03448906590450633
vn -0.9812811344283368 0.18660662557128366 0.04759519416847899
vn -0.9812811344283368 0.18660662557128366 0.04759519416847899
vn -0.9812811344283368 0.18660662557128366 0.04759519416847899
vn -0.9482985658468613 0.3093610977021451 -0.07089105191284566
vn -0.9482985658468613 0.3093610977021451 -0.07089105191284566
vn -0.9482985658468613 0.3093610977021451 -0.07089105191284566
vn -0.9147154898629468 0.4012562426567523 0.04784349834381709
vn -0.9147154898629468 0.4012562426567523 0.04784349834381709
vn -0.9147154898629468 0.4012562426567523 0.04784349834381709
vn 0.7934563175698052 0.6064077627779173 -0.05192973475038934
vn 0.7934563175698052 0.6064077627779173 -0.05192973475038934
vn 0.7934563175698052 0.6064077627779173 -0.05192973475038934
vn 0.503698654118848 0.8595528127655879 0.08635176839895856
vn 0.503698654118848 0.8595528127655879 0.08635176839895856
vn 0.503698654118848 0.8595528127655879 0.08635176839895856
vn 0.3911408872341075 0.9176043483943326 -0.07078888430768816
vn 0.3911408872341075 0.9176043483943326 -0.07078888430768816
vn 0.3911408872341075 0.9176043483943326 -0.07078888430768816
vn 0.3382358563146028 0.9408201608993403 0.021305641235763728
vn 0.3382358563146028 0.9408201608993403 0.021305641235763728
vn 0.3382358563146028 0.9408201608993403 0.021305641235763728
vn 0.11427517244404203 0.9931347974124549 -0.02498918028681155
vn 0.11427517244404203 0.9931347974124549 -0.02498918028681155
vn 0.11427517244404203 0.9931347974124549 -0.02498918028681155
vn 0.11925013433251594 0.9922335802057036 -0.03538259139532459
vn 0.11925013433251594 0.9922335802057036 -0.03538259139532459
vn 0.11925013433251594 0.9922335802057036 -0.03538259139532459
vn -0.06454274035200612 0.9966456258325691 0.050316311238604396
vn -0.06454274035200612 0.9966456258325691 0.050316311238604396
vn -0.06454274035200612 0.9966456258325691 0.050316311238604396
vn -0.1575236146721174 0.9846865379989015 -0.07469091447002259
vn -0.1575236146721174 0.9846865379989015 -0.07469091447002259
vn -0.1575236146721174 0.9846865379989015 -0.07469091447002259
vn -0.31012651888940374 0.9479903155318767 0.0716652212674538
vn -0.31012651888940374 0.9479903155318767 0.0716652212674538
vn -0.31012651888940374 0.9479903155318767 0.0716652212674538
vn -0.42316534199020767 0.9026453299588357 -0.07850160279774636
vn -0.42316534199020767 0.9026453299588357 -0.07850160279774636
vn -0.42316534199020767 0.9026453299588357 -0.07850160279774636
vn -0.5240469087622431 0.848941701384906 0.06835806511625604
vn -0.5240469087622431 0.848941701384906 0.06835806511625604
vn -0.5240469087622431 0.848941701384906 0.06835806511625604
vn -0.6637650863227649 -0.7479315552243997 0.0037813857966850525
vn -0.6637650863227649 -0.7479315552243997 0.0037813857966850525
vn -0.6637650863227649 -0.7479315552243997 0.0037813857966850525
vn -0.6837535559853454 -0.7293342415195363 0.023508271406418497
vn -0.6837535559853454 -0.7293342415195363 0.023508271406418497
vn -0.6837535559853454 -0.7293342415195363 0.023508271406418497
vn -0.7702178286306595 -0.6377296983584992 -0.008082591852224657
vn -0.7702178286306595 -0.6377296983584992 -0.008082591852224657
vn -0.7702178286306595 -0.6377296983584992 -0.008082591852224657
vn -0.7509616598126564 -0.6593635664891335 0.0360037869973437
vn -0.7509616598126564 -0.6593635664891335 0.0360037869973437
vn -0.7509616598126564 -0.6593635664891335 0.0360037869973437
vn -0.8743246195488495 0.485295504208811 -0.006688291670925087
vn -0.8743246195488495 0.485295504208811 -0.006688291670925087
vn -0.8743246195488495 0.485295504208811 -0.006688291670925087
vn -0.8201752095131358 0.5682151172178668 0.06666488029817158
vn -0.8201752095131358 0.5682151172178668 0.06666488029817158
vn -0.8201752095131358 0.5682151172178668 0.06666488029817158
vn -0.7890508140120072 0.61415576664135 0.014543287391938371
vn -0.7890508140120072 0.61415576664135 0.014543287391938371
vn -0.7890508140120072 0.61415576664135 0.014543287391938371
vn -0.7513994979267197 0.6596436928633139 -0.01640100549123414
vn -0.7513994979267197 0.6596436928633139 -0.01640100549123414
vn -0.7513994979267197 0.6596436928633139 -0.01640100549123414
vn -0.677630340645129 0.735211584483722 0.01676447070746209
vn -0.677630340645129 0.735211584483722 0.01676447070746209
vn -0.677630340645129 0.735211584483722 0.01676447070746209
vn -0.659015779470291 0.7521277124181658 0.0014514206081790132
vn -0.659015779470291 0.7521277124181658 0.0014514206081790132
vn -0.659015779470291 0.7521277124181658 0.0014514206081790132
vn -0.6503508131899154 0.7596235919117738 0.003977234500343156
vn -0.6503508131899154 0.7596235919117738 0.003977234500343156
vn -0.6503508131899154 0.7596235919117738 0.003977234500343156
vn 0.6637622852231357 0.747934058978682 0.003777847936796863
vn 0.6637622852231357 0.747934058978682 0.003777847936796863
vn 0.6637622852231357 0.747934058978682 0.003777847936796863
vn 0.6837549237013486 0.7293329864184502 0.023507429381103014
vn 0.6837549237013486 0.7293329864184502 0.023507429381103014
vn 0.6837549237013486 0.7293329864184502 0.023507429381103014
vn 0.7670654041978708 0.6415323601293083 -0.0068481084743556
vn 0.7670654041978708 0.6415323601293083 -0.0068481084743556
vn 0.7670654041978708 0.6415323601293083 -0.0068481084743556
vn 0.7510289590504423 0.6594241893244084 0.03339522722569432
vn 0.7510289590504423 0.6594241893244084 0.03339522722569432
vn 0.7510289590504423 0.6594241893244084 0.03339522722569432
vn 0.8743213530562507 -0.48530147120239064 -0.006682337815609289
vn 0.8743213530562507 -0.48530147120239064 -0.006682337815609289
vn 0.8743213530562507 -0.48530147120239064 -0.006682337815609289
vn 0.8201915424902106 -0.5681937200548666 0.06664630610724491
vn 0.8201915424902106 -0.5681937200548666 0.06664630610724491
vn 0.8201915424902106 -0.5681937200548666 0.06664630610724491
vn 0.7890748028601626 -0.6141249726617164 0.014542126544679524
vn 0.7890748028601626 -0.6141249726617164 0.014542126544679524
vn 0.7890748028601626 -0.6141249726617164 0.014542126544679524
vn 0.7513995960695694 -0.6596431306490305 -0.01641911124373631
vn 0.7513995960695694 -0.6596431306490305 -0.01641911124373631
vn 0.7513995960695694 -0.6596431306490305 -0.01641911124373631
vn 0.6776204802743485 -0.7352208600933535 0.01675624051959375
vn 0.6776204802743485 -0.7352208600933535 0.01675624051959375
vn 0.6776204802743485 -0.7352208600933535 0.01675624051959375
vn 0.6590174945673121 -0.7521262069658136 0.0014528074342944639
vn 0.6590174945673121 -0.7521262069658136 0.0014528074342944639
vn 0.6590174945673121 -0.7521262069658136 0.0014528074342944639
vn 0.6503543125424394 -0.7596205914477777 0.003978090745503416
vn 0.6503543125424394 -0.7596205914477777 0.003978090745503416
vn 0.6503543125424394 -0.7596205914477777 0.003978090745503416
vn 0.03238314764641222 -0.999312043785488 -0.018076805408640043
vn 0.03238314764641222 -0.999312043785488 -0.018076805408640043
vn 0.03238314764641222 -0.999312043785488 -0.018076805408640043
vn 0.03586820939326379 -0.9989907295307042 -0.027036898243556172
vn 0.03586820939326379 -0.9989907295307042 -0.027036898243556172
vn 0.03586820939326379 -0.9989907295307042 -0.027036898243556172
vn 0.09020413452938664 -0.9929436439282496 -0.07698138798627818
vn 0.09020413452938664 -0.9929436439282496 -0.07698138798627818
vn 0.09020413452938664 -0.9929436439282496 -0.07698138798627818
vn -0.09275260635257923 -0.9952937437109592 0.028059182893073225
vn -0.09275260635257923 -0.9952937437109592 0.028059182893073225
vn -0.09275260635257923 -0.9952937437109592 0.028059182893073225
vn -0.8888685600262388 -0.45815565651158185 -0.002465238998944228
vn -0.8888685600262388 -0.45815565651158185 -0.002465238998944228
vn -0.8888685600262388 -0.45815565651158185 -0.002465238998944228
vn -0.9195297955430464 -0.39056763048539095 -0.04383926465613348
vn -0.9195297955430464 -0.39056763048539095 -0.04383926465613348
vn -0.9195297955430464 -0.39056763048539095 -0.04383926465613348
vn -0.9352542357751524 0.3511118962365708 0.044943862604311074
vn -0.9352542357751524 0.3511118962365708 0.044943862604311074
vn -0.9352542357751524 0.3511118962365708 0.044943862604311074
vn -0.8282148171384767 0.5593537640565887 -0.034403245602785563
vn -0.8282148171384767 0.5593537640565887 -0.034403245602785563
vn -0.8282148171384767 0.5593537640565887 -0.034403245602785563
vn -0.4507810390581029 0.8924004867547648 0.02044079415179489
vn -0.4507810390581029 0.8924004867547648 0.02044079415179489
vn -0.4507810390581029 0.8924004867547648 0.02044079415179489
vn -0.265519646284855 0.9635250477469453 -0.0334484648528487
vn -0.265519646284855 0.9635250477469453 -0.0334484648528487
vn -0.265519646284855 0.9635250477469453 -0.0334484648528487
vn 0.1915373819472003 0.9800483672856917 0.05309076282614637
vn 0.1915373819472003 0.9800483672856917 0.05309076282614637
vn 0.1915373819472003 0.9800483672856917 0.05309076282614637
vn 0.6365925014304268 0.7673373746894977 -0.0770930640666299
vn 0.6365925014304268 0.7673373746894977 -0.0770930640666299
vn 0.6365925014304268 0.7673373746894977 -0.0770930640666299
vn 0.9058652039921675 0.416217243031073 0.07855850558559216
vn 0.9058652039921675 0.416217243031073 0.07855850558559216
vn 0.9058652039921675 0.416217243031073 0.07855850558559216
vn 0.9723797947414127 -0.2156265060203516 -0.08934620685906877
vn 0.9723797947414127 -0.2156265060203516 -0.08934620685906877
vn 0.9723797947414127 -0.2156265060203516 -0.08934620685906877
vn 0.8132544772815999 -0.5762588989774848 0.08088780211310441
vn 0.8132544772815999 -0.5762588989774848 0.08088780211310441
vn 0.8132544772815999 -0.5762588989774848 0.08088780211310441
vn -0.7008099007358363 -0.7113972950450173 0.052719746141840974
vn -0.7008099007358363 -0.7113972950450173 0.052719746141840974
vn -0.7008099007358363 -0.7113972950450173 0.052719746141840974
vn -0.8954271553188146 -0.4414433777300004 -0.05777502726943209
vn -0.8954271553188146 -0.4414433777300004 -0.05777502726943209
vn -0.8954271553188146 -0.4414433777300004 -0.05777502726943209
vn -0.9987859372676717 -0.004161485571983007 0.04908496260742627
vn -0.9987859372676717 -0.004161485571983007 0.04908496260742627
vn -0.9987859372676717 -0.004161485571983007 0.04908496260742627
vn -0.890792982576011 0.44894353396271264 -0.07026781273389153
vn -0.890792982576011 0.44894353396271264 -0.07026781273389153
vn -0.890792982576011 0.44894353396271264 -0.07026781273389153
vn -0.6418639438664768 0.7641655823206147 0.06373099999818206
vn -0.6418639438664768 0.7641655823206147 0.06373099999818206
vn -0.6418639438664768 0.7641655823206147 0.06373099999818206
vn -0.018449350868565806 0.9994562093302874 -0.027329600869043263
vn -0.018449350868565806 0.9994562093302874 -0.027329600869043263
vn -0.018449350868565806 0.9994562093302874 -0.027329600869043263
vn -0.005161560628662858 0.9992734833314101 -0.037760611787774366
vn -0.005161560628662858 0.9992734833314101 -0.037760611787774366
vn -0.005161560628662858 0.9992734833314101 -0.037760611787774366
vn 0.5647207012453048 0.8247551482560186 0.029486861654029806
vn 0.5647207012453048 0.8247551482560186 0.029486861654029806
vn 0.5647207012453048 0.8247551482560186 0.029486861654029806
vn 0.8379883896870477 0.5422982658088313 -0.060729314588946266
vn 0.8379883896870477 0.5422982658088313 -0.060729314588946266
vn 0.8379883896870477 0.5422982658088313 -0.060729314588946266
vn 0.9148858946160002 0.40369058363671373 0.004208623971131017
vn 0.9148858946160002 0.40369058363671373 0.004208623971131017
vn 0.9148858946160002 0.40369058363671373 0.004208623971131017
vn 0.9714240235960785 -0.2342777652005149 0.03806960878519451
vn 0.9714240235960785 -0.2342777652005149 0.03806960878519451
vn 0.9714240235960785 -0.2342777652005149 0.03806960878519451
vn 0.8333381270515123 -0.548695852818528 -0.06693599257519123
vn 0.8333381270515123 -0.548695852818528 -0.06693599257519123
vn 0.8333381270515123 -0.548695852818528 -0.06693599257519123
vn 0.6742249697884514 -0.7382747498782992 0.019263535654092535
vn 0.6742249697884514 -0.7382747498782992 0.019263535654092535
vn 0.6742249697884514 -0.7382747498782992 0.019263535654092535
vn -0.040575565064946695 -0.9984699772476442 -0.03756764638288512
vn -0.040575565064946695 -0.9984699772476442 -0.03756764638288512
vn -0.040575565064946695 -0.9984699772476442 -0.03756764638288512
vn 0.004965460512671367 -0.9999827386369935 -0.0031411192201947656
vn 0.004965460512671367 -0.9999827386369935 -0.0031411192201947656
vn 0.004965460512671367 -0.9999827386369935 -0.0031411192201947656
vn 0.752245076860336 -0.6588133050266293 0.009611111240466874
vn 0.752245076860336 -0.6588133050266293 0.009611111240466874
vn 0.752245076860336 -0.6588133050266293 0.009611111240466874
vn 0.7288907672022729 -0.6845828802214542 -0.008033031493785002
vn 0.7288907672022729 -0.6845828802214542 -0.008033031493785002
vn 0.7288907672022729 -0.6845828802214542 -0.008033031493785002
vn -0.00004925396548049726 0.00008026027317894399 0.9999999955661678
vn -0.00004925396548049726 0.00008026027317894399 0.9999999955661678
vn -0.00004925396548049726 0.00008026027317894399 0.9999999955661678
vn 0.00001272846198838866 0.00007458628512290077 0.9999999971374363
vn 0.00001272846198838866 0.00007458628512290077 0.9999999971374363
vn 0.00001272846198838866 0.00007458628512290077 0.9999999971374363
vn 0.0005163977107578206 -0.0005503068169036156 0.9999997152478652
vn 0.0005163977107578206 -0.0005503068169036156 0.9999997152478652
vn 0.0005163977107578206 -0.0005503068169036156 0.9999997152478652
vn 0.0000809087056325517 -0.0005124875963978677 0.9999998654051135
vn 0.0000809087056325517 -0.0005124875963978677 0.9999998654051135
vn 0.0000809087056325517 -0.0005124875963978677 0.9999998654051135
vn 0.00009755911632649488 0.00011366998532848124 0.9999999887806766
vn 0.00009755911632649488 0.00011366998532848124 0.9999999887806766
vn 0.00009755911632649488 0.00011366998532848124 0.9999999887806766
vn -0.00059599487162668 0.00012770877131032708 0.9999998142402741
vn -0.00059599487162668 0.00012770877131032708 0.9999998142402741
vn -0.00059599487162668 0.00012770877131032708 0.9999998142402741
vn 0.0000014999598079131323 0.000001101442194338145 0.9999999999982685
vn 0.0000014999598079131323 0.000001101442194338145 0.9999999999982685
vn 0.0000014999598079131323 0.000001101442194338145 0.9999999999982685
vn 2.0562140434776232e-7 3.4481542066088604e-9 0.9999999999999789
vn 2.0562140434776232e-7 3.4481542066088604e-9 0.9999999999999789
vn 2.0562140434776232e-7 3.4481542066088604e-9 0.9999999999999789
vn 1.7256716944302435e-7 8.50904484650512e-8 0.9999999999999816
vn 1.7256716944302435e-7 8.50904484650512e-8 0.9999999999999816
vn 1.7256716944302435e-7 8.50904484650512e-8 0.9999999999999816
vn 0.000011841399097488736 0.000018641001584002874 0.9999999997561473
vn 0.000011841399097488736 0.000018641001584002874 0.9999999997561473
vn 0.000011841399097488736 0.000018641001584002874 0.9999999997561473
vn -0.7474816442526504 -0.6623447538299913 -0.0507012680240109
vn -0.7474816442526504 -0.6623447538299913 -0.0507012680240109
vn -0.7474816442526504 -0.6623447538299913 -0.0507012680240109
vn -0.8958482548964148 -0.44173022151308483 0.04827334255102828
vn -0.8958482548964148 -0.44173022151308483 0.04827334255102828
vn -0.8958482548964148 -0.44173022151308483 0.04827334255102828
vn 0.000003959721197993404 0.000003106587655526473 0.999999999987335
vn 0.000003959721197993404 0.000003106587655526473 0.999999999987335
vn 0.000003959721197993404 0.000003106587655526473 0.999999999987335
vn 0.000002021118461915743 0.0000023919919840292136 0.9999999999950968
vn 0.000002021118461915743 0.0000023919919840292136 0.9999999999950968
vn 0.000002021118461915743 0.0000023919919840292136 0.9999999999950968
vn 0.0000022801843897279433 0.0000033759376946993132 0.999999999991702
vn 0.0000022801843897279433 0.0000033759376946993132 0.999999999991702
vn 0.0000022801843897279433 0.0000033759376946993132 0.999999999991702
vn -0.000004501447619440927 -0.000014907511284047924 0.9999999998787517
vn -0.000004501447619440927 -0.000014907511284047924 0.9999999998787517
vn -0.000004501447619440927 -0.000014907511284047924 0.9999999998787517
vn 5.2969554076297784e-8 1.7542005537052028e-7 0.9999999999999833
vn 5.2969554076297784e-8 1.7542005537052028e-7 0.9999999999999833
vn 5.2969554076297784e-8 1.7542005537052028e-7 0.9999999999999833
vn 0.00000210168968805497 0.0000011555221135461995 0.9999999999971239
vn 0.00000210168968805497 0.0000011555221135461995 0.9999999999971239
vn 0.00000210168968805497 0.0000011555221135461995 0.9999999999971239
vn 1.3997333780880753e-7 0.000002784438038350438 0.9999999999961138
vn 1.3997333780880753e-7 0.000002784438038350438 0.9999999999961138
vn 1.3997333780880753e-7 0.000002784438038350438 0.9999999999961138
vn 0.0000032181014830538685 6.553664206841077e-7 0.9999999999946072
vn 0.0000032181014830538685 6.553664206841077e-7 0.9999999999946072
vn 0.0000032181014830538685 6.553664206841077e-7 0.9999999999946072
vn 8.001789524311623e-7 2.8889826353396083e-7 0.9999999999996383
vn 8.001789524311623e-7 2.8889826353396083e-7 0.9999999999996383
vn 8.001789524311623e-7 2.8889826353396083e-7 0.9999999999996383
vn 6.812766883967795e-8 -1.8395432732631537e-7 0.9999999999999809
vn 6.812766883967795e-8 -1.8395432732631537e-7 0.9999999999999809
vn 6.812766883967795e-8 -1.8395432732631537e-7 0.9999999999999809
vn 0.0000048934384721376 0.0000022703520698666388 0.9999999999854499
vn 0.0000048934384721376 0.0000022703520698666388 0.9999999999854499
vn 0.0000048934384721376 0.0000022703520698666388 0.9999999999854499
vn 6.291809881963487e-7 0.0000026250675091337 0.9999999999963567
vn 6.291809881963487e-7 0.0000026250675091337 0.9999999999963567
vn 6.291809881963487e-7 0.0000026250675091337 0.9999999999963567
vn -2.18452651523647e-8 1.1347840001008005e-7 0.9999999999999933
vn -2.18452651523647e-8 1.1347840001008005e-7 0.9999999999999933
vn -2.18452651523647e-8 1.1347840001008005e-7 0.9999999999999933
vn 1.0856695809023252e-7 -5.639668074762974e-7 0.9999999999998352
vn 1.0856695809023252e-7 -5.639668074762974e-7 0.9999999999998352
vn 1.0856695809023252e-7 -5.639668074762974e-7 0.9999999999998352
vn -5.997842666971478e-9 -1.707237800019332e-7 0.9999999999999856
vn -5.997842666971478e-9 -1.707237800019332e-7 0.9999999999999856
vn -5.997842666971478e-9 -1.707237800019332e-7 0.9999999999999856
vn 8.741618557898676e-7 9.42132658109717e-7 0.9999999999991742
vn 8.741618557898676e-7 9.42132658109717e-7 0.9999999999991742
vn 8.741618557898676e-7 9.42132658109717e-7 0.9999999999991742
vn -0.000055756878178305614 -0.00002500732439208384 0.9999999981329022
vn -0.000055756878178305614 -0.00002500732439208384 0.9999999981329022
vn -0.000055756878178305614 -0.00002500732439208384 0.9999999981329022
vn -0.658803760753202 -0.7522535917263392 0.009598882865211402
vn -0.658803760753202 -0.7522535917263392 0.009598882865211402
vn -0.658803760753202 -0.7522535917263392 0.009598882865211402
vn -0.6845835334089923 -0.7288899301142697 -0.008053295181120641
vn -0.6845835334089923 -0.7288899301142697 -0.008053295181120641
vn -0.6845835334089923 -0.7288899301142697 -0.008053295181120641
vn -3.823132317392512e-7 4.4777158336720706e-7 0.9999999999998268
vn -3.823132317392512e-7 4.4777158336720706e-7 0.9999999999998268
vn -3.823132317392512e-7 4.4777158336720706e-7 0.9999999999998268
vn -1.1258122611933321e-7 -4.623711618023139e-7 0.9999999999998868
vn -1.1258122611933321e-7 -4.623711618023139e-7 0.9999999999998868
vn -1.1258122611933321e-7 -4.623711618023139e-7 0.9999999999998868
vn -2.3580026820012343e-8 -3.3857034509308376e-7 0.9999999999999425
vn -2.3580026820012343e-8 -3.3857034509308376e-7 0.9999999999999425
vn -2.3580026820012343e-8 -3.3857034509308376e-7 0.9999999999999425
vn 0 0 1
vn 0 0 1
vn 0 0 1
vn 2.39293569848066e-7 -3.4294282613697487e-7 0.9999999999999125
vn 2.39293569848066e-7 -3.4294282613697487e-7 0.9999999999999125
vn 2.39293569848066e-7 -3.4294282613697487e-7 0.9999999999999125
vn 2.405875818567229e-7 -3.3988320069508303e-7 0.9999999999999134
vn 2.405875818567229e-7 -3.3988320069508303e-7 0.9999999999999134
vn 2.405875818567229e-7 -3.3988320069508303e-7 0.9999999999999134
vn -1.628440884359986e-7 6.155426035546614e-7 0.9999999999997973
vn -1.628440884359986e-7 6.155426035546614e-7 0.9999999999997973
vn -1.628440884359986e-7 6.155426035546614e-7 0.9999999999997973
vn 6.515182917608736e-7 -1.752557210465567e-7 0.9999999999997724
vn 6.515182917608736e-7 -1.752557210465567e-7 0.9999999999997724
vn 6.515182917608736e-7 -1.752557210465567e-7 0.9999999999997724
vn 2.4003454779375377e-9 9.619100893587484e-8 0.9999999999999953
vn 2.4003454779375377e-9 9.619100893587484e-8 0.9999999999999953
vn 2.4003454779375377e-9 9.619100893587484e-8 0.9999999999999953
vn 0.000009579232026307961 0.000016460651747108998 0.9999999998186426
vn 0.000009579232026307961 0.000016460651747108998 0.9999999998186426
vn 0.000009579232026307961 0.000016460651747108998 0.9999999998186426
vn -2.777836414224793e-7 2.9531901191146366e-7 0.9999999999999178
vn -2.777836414224793e-7 2.9531901191146366e-7 0.9999999999999178
vn -2.777836414224793e-7 2.9531901191146366e-7 0.9999999999999178
vn -0.6851381880863479 0.7283882734070196 0.0060155123553071585
vn -0.6851381880863479 0.7283882734070196 0.0060155123553071585
vn -0.6851381880863479 0.7283882734070196 0.0060155123553071585
vn -0.6631577619838012 0.7484174976820788 -0.00964530372419388
vn -0.6631577619838012 0.7484174976820788 -0.00964530372419388
vn -0.6631577619838012 0.7484174976820788 -0.00964530372419388
vn 0.6024614743096924 -0.758498332517769 -0.24843601095726048
vn 0.6024614743096924 -0.758498332517769 -0.24843601095726048
vn 0.6024614743096924 -0.758498332517769 -0.24843601095726048
vn 0.686661662310501 -0.6399019971865121 -0.34499448620187045
vn 0.686661662310501 -0.6399019971865121 -0.34499448620187045
vn 0.686661662310501 -0.6399019971865121 -0.34499448620187045
vn 0.38242762726970403 -0.7967377785679863 -0.4679295054849763
vn 0.38242762726970403 -0.7967377785679863 -0.4679295054849763
vn 0.38242762726970403 -0.7967377785679863 -0.4679295054849763
vn 0.33106336328764 -0.608832723032352 -0.720915920793602
vn 0.33106336328764 -0.608832723032352 -0.720915920793602
vn 0.33106336328764 -0.608832723032352 -0.720915920793602
vn 0.08203402891594501 -0.8030805573023685 -0.5901966084134466
vn 0.08203402891594501 -0.8030805573023685 -0.5901966084134466
vn 0.08203402891594501 -0.8030805573023685 -0.5901966084134466
vn -0.14338959827434647 -0.5612327485407408 -0.8151424569191126
vn -0.14338959827434647 -0.5612327485407408 -0.8151424569191126
vn -0.14338959827434647 -0.5612327485407408 -0.8151424569191126
vn -0.24274400145953684 -0.8300985786042874 -0.5020076688204616
vn -0.24274400145953684 -0.8300985786042874 -0.5020076688204616
vn -0.24274400145953684 -0.8300985786042874 -0.5020076688204616
vn -0.5491365972102796 -0.6573967555172492 -0.5160218051979093
vn -0.5491365972102796 -0.6573967555172492 -0.5160218051979093
vn -0.5491365972102796 -0.6573967555172492 -0.5160218051979093
vn -0.5530066521493068 -0.7901820585180402 -0.2641892448128955
vn -0.5530066521493068 -0.7901820585180402 -0.2641892448128955
vn -0.5530066521493068 -0.7901820585180402 -0.2641892448128955
vn -0.6819238008945 -0.6996525466817646 -0.21322814939711832
vn -0.6819238008945 -0.6996525466817646 -0.21322814939711832
vn -0.6819238008945 -0.6996525466817646 -0.21322814939711832
vn -0.5554752821051075 -0.8271902017640214 0.08487391281099783
vn -0.5554752821051075 -0.8271902017640214 0.08487391281099783
vn -0.5554752821051075 -0.8271902017640214 0.08487391281099783
vn -0.7220865987471218 -0.6316279088374668 0.28220051149390524
vn -0.7220865987471218 -0.6316279088374668 0.28220051149390524
vn -0.7220865987471218 -0.6316279088374668 0.28220051149390524
vn -0.44428294758027453 -0.784230348993569 0.43312287195068316
vn -0.44428294758027453 -0.784230348993569 0.43312287195068316
vn -0.44428294758027453 -0.784230348993569 0.43312287195068316
vn -0.44612766628988765 -0.6468812418183123 0.6184777800004918
vn -0.44612766628988765 -0.6468812418183123 0.6184777800004918
vn -0.44612766628988765 -0.6468812418183123 0.6184777800004918
vn -0.20403423718937674 -0.7941553520116461 0.5724397845414028
vn -0.20403423718937674 -0.7941553520116461 0.5724397845414028
vn -0.20403423718937674 -0.7941553520116461 0.5724397845414028
vn -0.028496833018182666 -0.6177890788408716 0.7858273249085203
vn -0.028496833018182666 -0.6177890788408716 0.7858273249085203
vn -0.028496833018182666 -0.6177890788408716 0.7858273249085203
vn 0.08777492417173828 -0.7740933827894578 0.6269569342532384
vn 0.08777492417173828 -0.7740933827894578 0.6269569342532384
vn 0.08777492417173828 -0.7740933827894578 0.6269569342532384
vn 0.3480824321427946 -0.6741706305897543 0.6514081526076946
vn 0.3480824321427946 -0.6741706305897543 0.6514081526076946
vn 0.3480824321427946 -0.6741706305897543 0.6514081526076946
vn 0.3481020298267595 -0.7896768971661006 0.505208249054397
vn 0.3481020298267595 -0.7896768971661006 0.505208249054397
vn 0.3481020298267595 -0.7896768971661006 0.505208249054397
vn 0.7051604960780452 -0.6403374052815133 0.30449414143510894
vn 0.7051604960780452 -0.6403374052815133 0.30449414143510894
vn 0.7051604960780452 -0.6403374052815133 0.30449414143510894
vn 0.5930318297021726 -0.7802395304394412 0.19884547794640262
vn 0.5930318297021726 -0.7802395304394412 0.19884547794640262
vn 0.5930318297021726 -0.7802395304394412 0.19884547794640262
vn -0.0000012887825278074368 2.630940443280085e-8 0.9999999999991693
vn -0.0000012887825278074368 2.630940443280085e-8 0.9999999999991693
vn -0.0000012887825278074368 2.630940443280085e-8 0.9999999999991693
vn -0.0000020987456536994047 0.0000026463264930347612 0.9999999999942961
vn -0.0000020987456536994047 0.0000026463264930347612 0.9999999999942961
vn -0.0000020987456536994047 0.0000026463264930347612 0.9999999999942961
vn 1.4922547109100723e-7 0.0000010142330211232676 0.9999999999994746
vn 1.4922547109100723e-7 0.0000010142330211232676 0.9999999999994746
vn 1.4922547109100723e-7 0.0000010142330211232676 0.9999999999994746
vn 1.0613883461018947e-7 1.9710101639702276e-7 0.9999999999999749
vn 1.0613883461018947e-7 1.9710101639702276e-7 0.9999999999999749
vn 1.0613883461018947e-7 1.9710101639702276e-7 0.9999999999999749
vn 4.2022776369771484e-7 -2.667393346200367e-7 0.9999999999998761
vn 4.2022776369771484e-7 -2.667393346200367e-7 0.9999999999998761
vn 4.2022776369771484e-7 -2.667393346200367e-7 0.9999999999998761
vn -0.000016360800143359775 0.000005262457761223666 0.9999999998523155
vn -0.000016360800143359775 0.000005262457761223666 0.9999999998523155
vn -0.000016360800143359775 0.000005262457761223666 0.9999999998523155
vn -2.9088241149107453e-7 4.098617694125488e-7 0.9999999999998737
vn -2.9088241149107453e-7 4.098617694125488e-7 0.9999999999998737
vn -2.9088241149107453e-7 4.098617694125488e-7 0.9999999999998737
vn -7.867834028722434e-7 0.000001108600599763007 0.9999999999990761
vn -7.867834028722434e-7 0.000001108600599763007 0.9999999999990761
vn -7.867834028722434e-7 0.000001108600599763007 0.9999999999990761
vn 5.025651148570464e-7 -3.1143395062821597e-7 0.9999999999998253
vn 5.025651148570464e-7 -3.1143395062821597e-7 0.9999999999998253
vn 5.025651148570464e-7 -3.1143395062821597e-7 0.9999999999998253
vn 2.0565711622564764e-7 3.684904186229359e-7 0.999999999999911
vn 2.0565711622564764e-7 3.684904186229359e-7 0.999999999999911
vn 2.0565711622564764e-7 3.684904186229359e-7 0.999999999999911
vn 4.238007136336145e-7 -3.720490155955622e-7 0.999999999999841
vn 4.238007136336145e-7 -3.720490155955622e-7 0.999999999999841
vn 4.238007136336145e-7 -3.720490155955622e-7 0.999999999999841
vn -6.67483618599207e-7 1.4388409397266798e-7 0.9999999999997669
vn -6.67483618599207e-7 1.4388409397266798e-7 0.9999999999997669
vn -6.67483618599207e-7 1.4388409397266798e-7 0.9999999999997669
vn -6.113631911829256e-7 1.3178664914900915e-7 0.9999999999998044
vn -6.113631911829256e-7 1.3178664914900915e-7 0.9999999999998044
vn -6.113631911829256e-7 1.3178664914900915e-7 0.9999999999998044
vn -0.00002690819741622864 0.000056757187737177785 0.9999999980272853
vn -0.00002690819741622864 0.000056757187737177785 0.9999999980272853
vn -0.00002690819741622864 0.000056757187737177785 0.9999999980272853
vn -0.0000016867476233479884 0.0000017113536614438709 0.9999999999971132
vn -0.0000016867476233479884 0.0000017113536614438709 0.9999999999971132
vn -0.0000016867476233479884 0.0000017113536614438709 0.9999999999971132
vn 0 0 1
vn 0 0 1
vn 0 0 1
vn 1.9638741832749865e-7 -1.1984708692125105e-7 0.9999999999999736
vn 1.9638741832749865e-7 -1.1984708692125105e-7 0.9999999999999736
vn 1.9638741832749865e-7 -1.1984708692125105e-7 0.9999999999999736
vn -0.7522228454882463 0.6588386380175068 0.009614560874156335
vn -0.7522228454882463 0.6588386380175068 0.009614560874156335
vn -0.7522228454882463 0.6588386380175068 0.009614560874156335
vn -0.7288986524585505 0.6845747903724245 -0.00800692392000229
vn -0.7288986524585505 0.6845747903724245 -0.00800692392000229
vn -0.7288986524585505 0.6845747903724245 -0.00800692392000229
vn -4.92384344852109e-7 7.987065941957676e-7 0.9999999999995599
vn -4.92384344852109e-7 7.987065941957676e-7 0.9999999999995599
vn -4.92384344852109e-7 7.987065941957676e-7 0.9999999999995599
vn -5.001953695680234e-7 7.998600040078678e-7 0.999999999999555
vn -5.001953695680234e-7 7.998600040078678e-7 0.999999999999555
vn -5.001953695680234e-7 7.998600040078678e-7 0.999999999999555
vn 1.050837283855793e-7 -2.114887598381176e-9 0.9999999999999944
vn 1.050837283855793e-7 -2.114887598381176e-9 0.9999999999999944
vn 1.050837283855793e-7 -2.114887598381176e-9 0.9999999999999944
vn 0.00000442356940762001 -8.902760839559222e-8 0.999999999990212
vn 0.00000442356940762001 -8.902760839559222e-8 0.999999999990212
vn 0.00000442356940762001 -8.902760839559222e-8 0.999999999990212
vn -0.00001137705930610546 -0.000018883534717091977 0.9999999997569873
vn -0.00001137705930610546 -0.000018883534717091977 0.9999999997569873
vn -0.00001137705930610546 -0.000018883534717091977 0.9999999997569873
vn 0.0000047978751353537645 -4.2155645018703944e-7 0.9999999999884015
vn 0.0000047978751353537645 -4.2155645018703944e-7 0.9999999999884015
vn 0.0000047978751353537645 -4.2155645018703944e-7 0.9999999999884015
vn -9.146151000997316e-7 -9.077084541778926e-7 0.9999999999991698
vn -9.146151000997316e-7 -9.077084541778926e-7 0.9999999999991698
vn -9.146151000997316e-7 -9.077084541778926e-7 0.9999999999991698
vn 0 0 1
vn 0 0 1
vn 0 0 1
vn -4.7327310426217267e-7 -3.905250878232611e-7 0.9999999999998117
vn -4.7327310426217267e-7 -3.905250878232611e-7 0.9999999999998117
vn -4.7327310426217267e-7 -3.905250878232611e-7 0.9999999999998117
vn 0 0 1
vn 0 0 1
vn 0 0 1
vn 0.7474388522050812 0.6623909510519972 -0.050728593305764125
vn 0.7474388522050812 0.6623909510519972 -0.050728593305764125
vn 0.7474388522050812 0.6623909510519972 -0.050728593305764125
vn 0.8958515953249456 0.441723249036261 0.04827515318048391
vn 0.8958515953249456 0.441723249036261 0.04827515318048391
vn 0.8958515953249456 0.441723249036261 0.04827515318048391
vn 7.999888396170147e-8 3.6931308500240545e-7 0.9999999999999287
vn 7.999888396170147e-8 3.6931308500240545e-7 0.9999999999999287
vn 7.999888396170147e-8 3.6931308500240545e-7 0.9999999999999287
vn 9.68094354902404e-7 -6.56670096077196e-8 0.9999999999995293
vn 9.68094354902404e-7 -6.56670096077196e-8 0.9999999999995293
vn 9.68094354902404e-7 -6.56670096077196e-8 0.9999999999995293
vn 0.0000016173294170558924 7.801431252106497e-7 0.999999999998388
vn 0.0000016173294170558924 7.801431252106497e-7 0.999999999998388
vn 0.0000016173294170558924 7.801431252106497e-7 0.999999999998388
vn -0.000004024188910747667 -0.000010193533852840986 0.9999999999399489
vn -0.000004024188910747667 -0.000010193533852840986 0.9999999999399489
vn -0.000004024188910747667 -0.000010193533852840986 0.9999999999399489
vn 9.063886068353787e-7 8.988782269618194e-7 0.9999999999991853
vn 9.063886068353787e-7 8.988782269618194e-7 0.9999999999991853
vn 9.063886068353787e-7 8.988782269618194e-7 0.9999999999991853
vn 0.0000017335526081245495 0.000001708609602241663 0.9999999999970377
vn 0.0000017335526081245495 0.000001708609602241663 0.9999999999970377
vn 0.0000017335526081245495 0.000001708609602241663 0.9999999999970377
vn 0 0 1
vn 0 0 1
vn 0 0 1
vn 1.1979270198025656e-7 1.7128924412190454e-7 0.9999999999999782
vn 1.1979270198025656e-7 1.7128924412190454e-7 0.9999999999999782
vn 1.1979270198025656e-7 1.7128924412190454e-7 0.9999999999999782
vn 6.182734750835744e-7 1.2196292686892172e-7 0.9999999999998015
vn 6.182734750835744e-7 1.2196292686892172e-7 0.9999999999998015
vn 6.182734750835744e-7 1.2196292686892172e-7 0.9999999999998015
vn -0.000009356780537377235 -0.000005493069693006413 0.9999999999411384
vn -0.000009356780537377235 -0.000005493069693006413 0.9999999999411384
vn -0.000009356780537377235 -0.000005493069693006413 0.9999999999411384
vn -0.0000015977934708325353 -0.000006111805760034178 0.9999999999800464
vn -0.0000015977934708325353 -0.000006111805760034178 0.9999999999800464
vn -0.0000015977934708325353 -0.000006111805760034178 0.9999999999800464
vn 0.000057882414578264214 0.00002558784394173911 0.9999999979974441
vn 0.000057882414578264214 0.00002558784394173911 0.9999999979974441
vn 0.000057882414578264214 0.00002558784394173911 0.9999999979974441
vn -0.000006729777396527352 -0.0000013275408718670044 0.9999999999764739
vn -0.000006729777396527352 -0.0000013275408718670044 0.9999999999764739
vn -0.000006729777396527352 -0.0000013275408718670044 0.9999999999764739
vn -5.251310426500962e-7 -1.3199486659230272e-7 0.9999999999998535
vn -5.251310426500962e-7 -1.3199486659230272e-7 0.9999999999998535
vn -5.251310426500962e-7 -1.3199486659230272e-7 0.9999999999998535
vn -4.2788241216815283e-7 -9.885928875513575e-7 0.9999999999994198
vn -4.2788241216815283e-7 -9.885928875513575e-7 0.9999999999994198
vn -4.2788241216815283e-7 -9.885928875513575e-7 0.9999999999994198
vn 0.000005469951246526072 0.000018114831615488678 0.9999999998209663
vn 0.000005469951246526072 0.000018114831615488678 0.9999999998209663
vn 0.000005469951246526072 0.000018114831615488678 0.9999999998209663
vn 0 0 1
vn 0 0 1
vn 0 0 1
vn 3.3882736261145486e-7 2.1921671589096187e-7 0.9999999999999187
vn 3.3882736261145486e-7 2.1921671589096187e-7 0.9999999999999187
vn 3.3882736261145486e-7 2.1921671589096187e-7 0.9999999999999187
vn 0.6588133050266293 0.752245076860336 0.009611111240466874
vn 0.6588133050266293 0.752245076860336 0.009611111240466874
vn 0.6588133050266293 0.752245076860336 0.009611111240466874
vn 0.6846221264760555 0.7288536020088149 -0.008060445284222695
vn 0.6846221264760555 0.7288536020088149 -0.008060445284222695
vn 0.6846221264760555 0.7288536020088149 -0.008060445284222695
vn -0.00008584080876163453 0.00007718571526722558 0.9999999933368604
vn -0.00008584080876163453 0.00007718571526722558 0.9999999933368604
vn -0.00008584080876163453 0.00007718571526722558 0.9999999933368604
vn 4.0003237700143367e-7 -2.6996823976329823e-7 0.9999999999998836
vn 4.0003237700143367e-7 -2.6996823976329823e-7 0.9999999999998836
vn 4.0003237700143367e-7 -2.6996823976329823e-7 0.9999999999998836
vn -5.254514334751438e-8 1.974833736539908e-7 0.9999999999999791
vn -5.254514334751438e-8 1.974833736539908e-7 0.9999999999999791
vn -5.254514334751438e-8 1.974833736539908e-7 0.9999999999999791
vn -7.786557176814232e-8 1.2141508420881892e-7 0.9999999999999896
vn -7.786557176814232e-8 1.2141508420881892e-7 0.9999999999999896
vn -7.786557176814232e-8 1.2141508420881892e-7 0.9999999999999896
vn 7.719909689285407e-8 -1.2037585861435096e-7 0.9999999999999898
vn 7.719909689285407e-8 -1.2037585861435096e-7 0.9999999999999898
vn 7.719909689285407e-8 -1.2037585861435096e-7 0.9999999999999898
vn 5.983501978330201e-7 0.000001111842834688128 0.9999999999992029
vn 5.983501978330201e-7 0.000001111842834688128 0.9999999999992029
vn 5.983501978330201e-7 0.000001111842834688128 0.9999999999992029
vn 0.0000011311659591221453 -1.500726511948347e-7 0.999999999999349
vn 0.0000011311659591221453 -1.500726511948347e-7 0.999999999999349
vn 0.0000011311659591221453 -1.500726511948347e-7 0.999999999999349
vn 3.923387623671662e-7 -3.24079877600483e-7 0.9999999999998705
vn 3.923387623671662e-7 -3.24079877600483e-7 0.9999999999998705
vn 3.923387623671662e-7 -3.24079877600483e-7 0.9999999999998705
vn -0.0000010395658591714643 0.0000015706111753360684 0.9999999999982263
vn -0.0000010395658591714643 0.0000015706111753360684 0.9999999999982263
vn -0.0000010395658591714643 0.0000015706111753360684 0.9999999999982263
vn -0.000010657538948635391 -0.000017693790137718524 0.9999999997866733
vn -0.000010657538948635391 -0.000017693790137718524 0.9999999997866733
vn -0.000010657538948635391 -0.000017693790137718524 0.9999999997866733
vn 6.317491170187088e-7 -0.0000012812633940471303 0.9999999999989797
vn 6.317491170187088e-7 -0.0000012812633940471303 0.9999999999989797
vn 6.317491170187088e-7 -0.0000012812633940471303 0.9999999999989797
vn 0.6624048376832702 -0.7474263338179967 -0.05073171127794798
vn 0.6624048376832702 -0.7474263338179967 -0.05073171127794798
vn 0.6624048376832702 -0.7474263338179967 -0.05073171127794798
vn 0.4417167267315268 -0.8958548229070328 0.04827493759493328
vn 0.4417167267315268 -0.8958548229070328 0.04827493759493328
vn 0.4417167267315268 -0.8958548229070328 0.04827493759493328
vn 0.000002764737246232389 -0.0000026248592348374837 0.9999999999927331
vn 0.000002764737246232389 -0.0000026248592348374837 0.9999999999927331
vn 0.000002764737246232389 -0.0000026248592348374837 0.9999999999927331
vn -0.0000025795714009205286 -1.0865738886386845e-7 0.9999999999966671
vn -0.0000025795714009205286 -1.0865738886386845e-7 0.9999999999966671
vn -0.0000025795714009205286 -1.0865738886386845e-7 0.9999999999966671
vn -0.0000013143733212896333 -0.000001760432724036335 0.9999999999975866
vn -0.0000013143733212896333 -0.000001760432724036335 0.9999999999975866
vn -0.0000013143733212896333 -0.000001760432724036335 0.9999999999975866
vn 0 0 1
vn 0 0 1
vn 0 0 1
vn 0 0 1
vn 0 0 1
vn 0 0 1
vn 5.199779025132688e-7 -1.7104758853745066e-7 0.9999999999998503
vn 5.199779025132688e-7 -1.7104758853745066e-7 0.9999999999998503
vn 5.199779025132688e-7 -1.7104758853745066e-7 0.9999999999998503
vn 0.000014258957873144961 -0.00004645254006363925 0.9999999988194219
vn 0.000014258957873144961 -0.00004645254006363925 0.9999999988194219
vn 0.000014258957873144961 -0.00004645254006363925 0.9999999988194219
vn 6.967033616689246e-9 -1.9404374995701436e-7 0.9999999999999811
vn 6.967033616689246e-9 -1.9404374995701436e-7 0.9999999999999811
vn 6.967033616689246e-9 -1.9404374995701436e-7 0.9999999999999811
vn -3.2319357501361317e-7 3.2589360898779185e-7 0.9999999999998948
vn -3.2319357501361317e-7 3.2589360898779185e-7 0.9999999999998948
vn -3.2319357501361317e-7 3.2589360898779185e-7 0.9999999999998948
vn 0.0000029616057872550874 -0.0000024852365640795847 0.9999999999925262
vn 0.0000029616057872550874 -0.0000024852365640795847 0.9999999999925262
vn 0.0000029616057872550874 -0.0000024852365640795847 0.9999999999925262
vn -3.7611877701234976e-7 1.341695252676693e-7 0.9999999999999203
vn -3.7611877701234976e-7 1.341695252676693e-7 0.9999999999999203
vn -3.7611877701234976e-7 1.341695252676693e-7 0.9999999999999203
vn -3.640251691194591e-7 1.2985547925835758e-7 0.9999999999999254
vn -3.640251691194591e-7 1.2985547925835758e-7 0.9999999999999254
vn -3.640251691194591e-7 1.2985547925835758e-7 0.9999999999999254
vn -1.4133352266298883e-8 -1.1172252101232447e-7 0.9999999999999938
vn -1.4133352266298883e-8 -1.1172252101232447e-7 0.9999999999999938
vn -1.4133352266298883e-8 -1.1172252101232447e-7 0.9999999999999938
vn 0 0 1
vn 0 0 1
vn 0 0 1
vn 0 0 1
vn 0 0 1
vn 0 0 1
vn 0.000009321503966522127 -8.313930947769857e-7 0.9999999999562093
vn 0.000009321503966522127 -8.313930947769857e-7 0.9999999999562093
vn 0.000009321503966522127 -8.313930947769857e-7 0.9999999999562093
vn -0.000004909370545527789 0.000004950384209103242 0.9999999999756959
vn -0.000004909370545527789 0.000004950384209103242 0.9999999999756959
vn -0.000004909370545527789 0.000004950384209103242 0.9999999999756959
vn 0.227460437995965 -0.8272152921725258 -0.5137865408344274
vn 0.227460437995965 -0.8272152921725258 -0.5137865408344274
vn 0.227460437995965 -0.8272152921725258 -0.5137865408344274
vn -0.04990159701867148 -0.5354506353752932 -0.8430910079529854
vn -0.04990159701867148 -0.5354506353752932 -0.8430910079529854
vn -0.04990159701867148 -0.5354506353752932 -0.8430910079529854
vn -0.5444957095400129 -0.7265031441145893 -0.4191868364871852
vn -0.5444957095400129 -0.7265031441145893 -0.4191868364871852
vn -0.5444957095400129 -0.7265031441145893 -0.4191868364871852
vn -0.5171773332024143 -0.26414221005969907 -0.8140985805702013
vn -0.5171773332024143 -0.26414221005969907 -0.8140985805702013
vn -0.5171773332024143 -0.26414221005969907 -0.8140985805702013
vn -0.8830618301868881 -0.042506199520599905 -0.4673275372469494
vn -0.8830618301868881 -0.042506199520599905 -0.4673275372469494
vn -0.8830618301868881 -0.042506199520599905 -0.4673275372469494
vn -0.5412744309738463 0.20320665934178053 -0.8159222046084371
vn -0.5412744309738463 0.20320665934178053 -0.8159222046084371
vn -0.5412744309738463 0.20320665934178053 -0.8159222046084371
vn -0.5174125347957259 0.7294993280716988 -0.44734215001405997
vn -0.5174125347957259 0.7294993280716988 -0.44734215001405997
vn -0.5174125347957259 0.7294993280716988 -0.44734215001405997
vn -0.3166506895592088 0.6295266765585772 -0.7095269581226565
vn -0.3166506895592088 0.6295266765585772 -0.7095269581226565
vn -0.3166506895592088 0.6295266765585772 -0.7095269581226565
vn 0.11908976130440305 0.6285197213631362 -0.7686225267386235
vn 0.11908976130440305 0.6285197213631362 -0.7686225267386235
vn 0.11908976130440305 0.6285197213631362 -0.7686225267386235
vn 0.32336631069032995 0.804837098990889 -0.4976660257627145
vn 0.32336631069032995 0.804837098990889 -0.4976660257627145
vn 0.32336631069032995 0.804837098990889 -0.4976660257627145
vn 0.5740125838694449 0.2637501388097594 -0.7752066936226468
vn 0.5740125838694449 0.2637501388097594 -0.7752066936226468
vn 0.5740125838694449 0.2637501388097594 -0.7752066936226468
vn 0.7508541784395528 0.24064346643975304 -0.6150680651600468
vn 0.7508541784395528 0.24064346643975304 -0.6150680651600468
vn 0.7508541784395528 0.24064346643975304 -0.6150680651600468
vn 0.5558381135419396 -0.39386216194258516 -0.7320632410687279
vn 0.5558381135419396 -0.39386216194258516 -0.7320632410687279
vn 0.5558381135419396 -0.39386216194258516 -0.7320632410687279
vn 0.5385214542475328 -0.36404587845647296 -0.7599113380480498
vn 0.5385214542475328 -0.36404587845647296 -0.7599113380480498
vn 0.5385214542475328 -0.36404587845647296 -0.7599113380480498
vn -0.42189750670689863 0.49551603897285906 -0.7592538106293246
vn -0.42189750670689863 0.49551603897285906 -0.7592538106293246
vn -0.42189750670689863 0.49551603897285906 -0.7592538106293246
vn -0.6928927314136251 0.5472959885361784 -0.46943238457351166
vn -0.6928927314136251 0.5472959885361784 -0.46943238457351166
vn -0.6928927314136251 0.5472959885361784 -0.46943238457351166
vn -0.567117138105945 -0.0030175674760483497 -0.8236316202969929
vn -0.567117138105945 -0.0030175674760483497 -0.8236316202969929
vn -0.567117138105945 -0.0030175674760483497 -0.8236316202969929
vn -0.8713246589327064 -0.40178936744741955 -0.2817066611601603
vn -0.8713246589327064 -0.40178936744741955 -0.2817066611601603
vn -0.8713246589327064 -0.40178936744741955 -0.2817066611601603
vn -0.41047668040686897 -0.4206039862886453 -0.8090742744397811
vn -0.41047668040686897 -0.4206039862886453 -0.8090742744397811
vn -0.41047668040686897 -0.4206039862886453 -0.8090742744397811
vn -0.00017462559148762882 0.7633450204140181 -0.6459909823790306
vn -0.00017462559148762882 0.7633450204140181 -0.6459909823790306
vn -0.00017462559148762882 0.7633450204140181 -0.6459909823790306
vn -0.005073720698213094 0.7760540413582583 -0.6306460039116965
vn -0.005073720698213094 0.7760540413582583 -0.6306460039116965
vn -0.005073720698213094 0.7760540413582583 -0.6306460039116965
vn 0.41822114646560676 -0.4501121646633906 -0.7889804255309698
vn 0.41822114646560676 -0.4501121646633906 -0.7889804255309698
vn 0.41822114646560676 -0.4501121646633906 -0.7889804255309698
vn 0.8194452279915795 -0.4175002152444303 -0.3926870109803516
vn 0.8194452279915795 -0.4175002152444303 -0.3926870109803516
vn 0.8194452279915795 -0.4175002152444303 -0.3926870109803516
vn 0.6525107040017606 -0.16193304990498136 -0.7402752653652543
vn 0.6525107040017606 -0.16193304990498136 -0.7402752653652543
vn 0.6525107040017606 -0.16193304990498136 -0.7402752653652543
vn 0.6138192580778372 0.2742938771312433 -0.7402626475657704
vn 0.6138192580778372 0.2742938771312433 -0.7402626475657704
vn 0.6138192580778372 0.2742938771312433 -0.7402626475657704
vn 0.7299129937950645 0.5312651973669468 -0.43009802551951487
vn 0.7299129937950645 0.5312651973669468 -0.43009802551951487
vn 0.7299129937950645 0.5312651973669468 -0.43009802551951487
vn 0.3562964225920522 0.527102831716464 -0.7715020829813687
vn 0.3562964225920522 0.527102831716464 -0.7715020829813687
vn 0.3562964225920522 0.527102831716464 -0.7715020829813687
vn 0.005169475016678873 -0.8249425937895618 -0.5651928816605905
vn 0.005169475016678873 -0.8249425937895618 -0.5651928816605905
vn 0.005169475016678873 -0.8249425937895618 -0.5651928816605905
vn 0.0009018314682996927 -0.8124832924187809 -0.5829837787111584
vn 0.0009018314682996927 -0.8124832924187809 -0.5829837787111584
vn 0.0009018314682996927 -0.8124832924187809 -0.5829837787111584
vn -0.6658219194813381 0.74555874943225 0.028693600039136694
vn -0.6658219194813381 0.74555874943225 0.028693600039136694
vn -0.6658219194813381 0.74555874943225 0.028693600039136694
vn -0.9854045979640774 0.16794219397144722 -0.027806434422839928
vn -0.9854045979640774 0.16794219397144722 -0.027806434422839928
vn -0.9854045979640774 0.16794219397144722 -0.027806434422839928
vn -0.9889479352643331 0.14684866477354055 -0.020431617425956734
vn -0.9889479352643331 0.14684866477354055 -0.020431617425956734
vn -0.9889479352643331 0.14684866477354055 -0.020431617425956734
vn -0.8924182616999258 -0.4501615148288857 0.030728760981296933
vn -0.8924182616999258 -0.4501615148288857 0.030728760981296933
vn -0.8924182616999258 -0.4501615148288857 0.030728760981296933
vn -0.6376290465068243 -0.7688235217768042 -0.048369323062350165
vn -0.6376290465068243 -0.7688235217768042 -0.048369323062350165
vn -0.6376290465068243 -0.7688235217768042 -0.048369323062350165
vn -0.351353160050087 -0.9356974734673297 0.031956142909833736
vn -0.351353160050087 -0.9356974734673297 0.031956142909833736
vn -0.351353160050087 -0.9356974734673297 0.031956142909833736
vn 0.30525771449869893 -0.9519627898149906 -0.0241779764804843
vn 0.30525771449869893 -0.9519627898149906 -0.0241779764804843
vn 0.30525771449869893 -0.9519627898149906 -0.0241779764804843
vn 0.3673167610447741 -0.9300831172275886 -0.004877715017069953
vn 0.3673167610447741 -0.9300831172275886 -0.004877715017069953
vn 0.3673167610447741 -0.9300831172275886 -0.004877715017069953
vn 0.8363949039611553 -0.5479554520312853 0.013725422288570054
vn 0.8363949039611553 -0.5479554520312853 0.013725422288570054
vn 0.8363949039611553 -0.5479554520312853 0.013725422288570054
vn 0.9273937190572119 -0.37251191712817333 -0.03428937810351766
vn 0.9273937190572119 -0.37251191712817333 -0.03428937810351766
vn 0.9273937190572119 -0.37251191712817333 -0.03428937810351766
vn 0.9929712976524696 0.11394664605876807 0.032002560683926096
vn 0.9929712976524696 0.11394664605876807 0.032002560683926096
vn 0.9929712976524696 0.11394664605876807 0.032002560683926096
vn 0.8404498020834873 0.5410874434821726 -0.02947047138668523
vn 0.8404498020834873 0.5410874434821726 -0.02947047138668523
vn 0.8404498020834873 0.5410874434821726 -0.02947047138668523
vn 0.7120987803299251 0.7017720967646305 0.02076658987911323
vn 0.7120987803299251 0.7017720967646305 0.02076658987911323
vn 0.7120987803299251 0.7017720967646305 0.02076658987911323
vn 0.2037346457595205 0.9786058402616808 -0.02868455199183131
vn 0.2037346457595205 0.9786058402616808 -0.02868455199183131
vn 0.2037346457595205 0.9786058402616808 -0.02868455199183131
vn -0.07022157326001698 0.9972395917591855 0.02412731391724531
vn -0.07022157326001698 0.9972395917591855 0.02412731391724531
vn -0.07022157326001698 0.9972395917591855 0.02412731391724531
vn -0.43780442431310423 0.8987462985056437 -0.024132487942101596
vn -0.43780442431310423 0.8987462985056437 -0.024132487942101596
vn -0.43780442431310423 0.8987462985056437 -0.024132487942101596
vn -0.8883894764761033 0.4570106310539234 -0.04365113045740944
vn -0.8883894764761033 0.4570106310539234 -0.04365113045740944
vn -0.8883894764761033 0.4570106310539234 -0.04365113045740944
vn -0.9945227921585391 0.09265503866317783 0.04836796137432592
vn -0.9945227921585391 0.09265503866317783 0.04836796137432592
vn -0.9945227921585391 0.09265503866317783 0.04836796137432592
vn -0.9493571257250436 -0.31269266336485874 -0.03073021498256396
vn -0.9493571257250436 -0.31269266336485874 -0.03073021498256396
vn -0.9493571257250436 -0.31269266336485874 -0.03073021498256396
vn -0.5595519031629724 -0.8284471160824267 0.024021730191757792
vn -0.5595519031629724 -0.8284471160824267 0.024021730191757792
vn -0.5595519031629724 -0.8284471160824267 0.024021730191757792
vn -0.655476985446235 -0.7548329808109207 -0.0240227523489061
vn -0.655476985446235 -0.7548329808109207 -0.0240227523489061
vn -0.655476985446235 -0.7548329808109207 -0.0240227523489061
vn -0.007130335490975105 -0.9993767654555343 0.034572228499478753
vn -0.007130335490975105 -0.9993767654555343 0.034572228499478753
vn -0.007130335490975105 -0.9993767654555343 0.034572228499478753
vn 0.34675871818480597 -0.9362974625906919 -0.05572659068220511
vn 0.34675871818480597 -0.9362974625906919 -0.05572659068220511
vn 0.34675871818480597 -0.9362974625906919 -0.05572659068220511
vn 0.8146792028428623 -0.5772307496901132 0.0556997133521189
vn 0.8146792028428623 -0.5772307496901132 0.0556997133521189
vn 0.8146792028428623 -0.5772307496901132 0.0556997133521189
vn 0.9763527131849846 -0.21148738731497552 -0.04481589520476572
vn 0.9763527131849846 -0.21148738731497552 -0.04481589520476572
vn 0.9763527131849846 -0.21148738731497552 -0.04481589520476572
vn 0.9273718205218413 0.3725650393179015 0.03430448921141769
vn 0.9273718205218413 0.3725650393179015 0.03430448921141769
vn 0.9273718205218413 0.3725650393179015 0.03430448921141769
vn 0.7863013152345911 0.6168904307672483 -0.03429924325916318
vn 0.7863013152345911 0.6168904307672483 -0.03429924325916318
vn 0.7863013152345911 0.6168904307672483 -0.03429924325916318
vn 0.3512319072632589 0.9354951499555302 0.038535330930117725
vn 0.3512319072632589 0.9354951499555302 0.038535330930117725
vn 0.3512319072632589 0.9354951499555302 0.038535330930117725
vn -0.09270089732813716 0.9945176102258172 -0.048386636432877606
vn -0.09270089732813716 0.9945176102258172 -0.048386636432877606
vn -0.09270089732813716 0.9945176102258172 -0.048386636432877606
vn -0.4569963916240862 0.8883972965048842 0.04364105412770809
vn -0.4569963916240862 0.8883972965048842 0.04364105412770809
vn -0.4569963916240862 0.8883972965048842 0.04364105412770809
vn -0.9172129108404194 0.39790970405514203 0.019706435659293836
vn -0.9172129108404194 0.39790970405514203 0.019706435659293836
vn -0.9172129108404194 0.39790970405514203 0.019706435659293836
vn -0.9861849309019989 0.16367069982854918 -0.025518308710656298
vn -0.9861849309019989 0.16367069982854918 -0.025518308710656298
vn -0.9861849309019989 0.16367069982854918 -0.025518308710656298
vn -0.9672517004154533 -0.2517760648139027 0.03213971422150355
vn -0.9672517004154533 -0.2517760648139027 0.03213971422150355
vn -0.9672517004154533 -0.2517760648139027 0.03213971422150355
vn -0.7859748794723403 -0.6164776238037302 -0.04689166437381908
vn -0.7859748794723403 -0.6164776238037302 -0.04689166437381908
vn -0.7859748794723403 -0.6164776238037302 -0.04689166437381908
vn -0.34674325510467785 -0.936303673152271 0.05571845906858471
vn -0.34674325510467785 -0.936303673152271 0.05571845906858471
vn -0.34674325510467785 -0.936303673152271 0.05571845906858471
vn 0.007169831066276954 -0.9993763548980517 -0.0345759279436534
vn 0.007169831066276954 -0.9993763548980517 -0.0345759279436534
vn 0.007169831066276954 -0.9993763548980517 -0.0345759279436534
vn 0.6554556341445942 -0.7548513242556505 0.024028939585401907
vn 0.6554556341445942 -0.7548513242556505 0.024028939585401907
vn 0.6554556341445942 -0.7548513242556505 0.024028939585401907
vn 0.6002445805055278 -0.7998052223510476 -0.004248514297350208
vn 0.6002445805055278 -0.7998052223510476 -0.004248514297350208
vn 0.6002445805055278 -0.7998052223510476 -0.004248514297350208
vn 0.9986805233711122 -0.04838656592388592 0.017203269378089723
vn 0.9986805233711122 -0.04838656592388592 0.017203269378089723
vn 0.9986805233711122 -0.04838656592388592 0.017203269378089723
vn 0.9951508888770829 0.092681186716345 -0.0329379112270594
vn 0.9951508888770829 0.092681186716345 -0.0329379112270594
vn 0.9951508888770829 0.092681186716345 -0.0329379112270594
vn 0.5778265545715002 0.8154947091502424 0.03293709428578757
vn 0.5778265545715002 0.8154947091502424 0.03293709428578757
vn 0.5778265545715002 0.8154947091502424 0.03293709428578757
vn 0.41730437404557863 0.9081692256667134 -0.032950219336903494
vn 0.41730437404557863 0.9081692256667134 -0.032950219336903494
vn 0.41730437404557863 0.9081692256667134 -0.032950219336903494
vn -0.37260961096036704 0.9275215159464995 0.029426438389169952
vn -0.37260961096036704 0.9275215159464995 0.029426438389169952
vn -0.37260961096036704 0.9275215159464995 0.029426438389169952
vn -0.5411356670969311 0.8404889081004013 -0.02739680922579707
vn -0.5411356670969311 0.8404889081004013 -0.02739680922579707
vn -0.5411356670969311 0.8404889081004013 -0.02739680922579707
vn -0.8285348701363454 0.5593878417486992 -0.024803456853467246
vn -0.8285348701363454 0.5593878417486992 -0.024803456853467246
vn -0.8285348701363454 0.5593878417486992 -0.024803456853467246
vn -0.9513237066261351 0.3050878405603038 0.043641892183565505
vn -0.9513237066261351 0.3050878405603038 0.043641892183565505
vn -0.9513237066261351 0.3050878405603038 0.043641892183565505
vn -0.9365805992391026 -0.3469201329647502 -0.04963066061059213
vn -0.9365805992391026 -0.3469201329647502 -0.04963066061059213
vn -0.9365805992391026 -0.3469201329647502 -0.04963066061059213
vn -0.79933530103308 -0.5998400450583423 0.03542593494548208
vn -0.79933530103308 -0.5998400450583423 0.03542593494548208
vn -0.79933530103308 -0.5998400450583423 0.03542593494548208
vn -0.2116436167216419 -0.9770481373920524 -0.024164368804166354
vn -0.2116436167216419 -0.9770481373920524 -0.024164368804166354
vn -0.2116436167216419 -0.9770481373920524 -0.024164368804166354
vn -0.1470572762413412 -0.9891158689336655 -0.004894418053016252
vn -0.1470572762413412 -0.9891158689336655 -0.004894418053016252
vn -0.1470572762413412 -0.9891158689336655 -0.004894418053016252
vn 0.45026835916403024 -0.8927878760685136 0.01371907725775419
vn 0.45026835916403024 -0.8927878760685136 0.01371907725775419
vn 0.45026835916403024 -0.8927878760685136 0.01371907725775419
vn 0.5479661673242443 -0.8363879691509126 -0.013720223306873924
vn 0.5479661673242443 -0.8363879691509126 -0.013720223306873924
vn 0.5479661673242443 -0.8363879691509126 -0.013720223306873924
vn 0.9453376172101889 -0.3260335705799834 0.006237013887217684
vn 0.9453376172101889 -0.3260335705799834 0.006237013887217684
vn 0.9453376172101889 -0.3260335705799834 0.006237013887217684
vn 0.9521780775831101 -0.3052315467083827 0.01380621107113375
vn 0.9521780775831101 -0.3052315467083827 0.01380621107113375
vn 0.9521780775831101 -0.3052315467083827 0.01380621107113375
vn 0.8623053005930984 0.5062321524559744 -0.012592711734863817
vn 0.8623053005930984 0.5062321524559744 -0.012592711734863817
vn 0.8623053005930984 0.5062321524559744 -0.012592711734863817
vn 0.7996121623495269 0.6001518352600252 0.020932378191153525
vn 0.7996121623495269 0.6001518352600252 0.020932378191153525
vn 0.7996121623495269 0.6001518352600252 0.020932378191153525
vn 0.3671148044259648 0.9299258990498452 -0.02155325143969115
vn 0.3671148044259648 0.9299258990498452 -0.02155325143969115
vn 0.3671148044259648 0.9299258990498452 -0.02155325143969115
vn 0.14685234717009046 0.9889235095466109 0.02155644675379967
vn 0.14685234717009046 0.9889235095466109 0.02155644675379967
vn 0.14685234717009046 0.9889235095466109 0.02155644675379967
vn -0.3128816166575906 0.9496817525654712 -0.01447973763254755
vn -0.3128816166575906 0.9496817525654712 -0.01447973763254755
vn -0.3128816166575906 0.9496817525654712 -0.01447973763254755
vn -0.45031885073916145 0.8927508743529572 0.014450225292055419
vn -0.45031885073916145 0.8927508743529572 0.014450225292055419
vn -0.45031885073916145 0.8927508743529572 0.014450225292055419
vn -0.34228038601364924 0.9395631500554462 0.00807616296480956
vn -0.34228038601364924 0.9395631500554462 0.00807616296480956
vn -0.34228038601364924 0.9395631500554462 0.00807616296480956
vn 0.9395596976053203 0.3422907589046223 0.008038097056943196
vn 0.9395596976053203 0.3422907589046223 0.008038097056943196
vn 0.9395596976053203 0.3422907589046223 0.008038097056943196
vn 0.3372268404873709 -0.9413874222291313 0.008232819911576802
vn 0.3372268404873709 -0.9413874222291313 0.008232819911576802
vn 0.3372268404873709 -0.9413874222291313 0.008232819911576802
vn -0.9403998442442241 -0.3399735756663579 0.008130239484204162
vn -0.9403998442442241 -0.3399735756663579 0.008130239484204162
vn -0.9403998442442241 -0.3399735756663579 0.008130239484204162
vn -0.11450420576098384 -0.9933122022555864 -0.014820786524448631
vn -0.11450420576098384 -0.9933122022555864 -0.014820786524448631
vn -0.11450420576098384 -0.9933122022555864 -0.014820786524448631
vn -0.11719037445058236 -0.9929258102499846 0.019098467884726217
vn -0.11719037445058236 -0.9929258102499846 0.019098467884726217
vn -0.11719037445058236 -0.9929258102499846 0.019098467884726217
vn 0.16651759644816602 -0.9747792250036053 -0.14858449641364424
vn 0.16651759644816602 -0.9747792250036053 -0.14858449641364424
vn 0.16651759644816602 -0.9747792250036053 -0.14858449641364424
vn 0.0011457468055717135 -0.9994337679441306 0.03362782712657705
vn 0.0011457468055717135 -0.9994337679441306 0.03362782712657705
vn 0.0011457468055717135 -0.9994337679441306 0.03362782712657705
vn -0.027334566918152777 -0.9993065507425613 0.025283178091411153
vn -0.027334566918152777 -0.9993065507425613 0.025283178091411153
vn -0.027334566918152777 -0.9993065507425613 0.025283178091411153
vn -0.10200803691641692 -0.9939731325114631 -0.040146883438298274
vn -0.10200803691641692 -0.9939731325114631 -0.040146883438298274
vn -0.10200803691641692 -0.9939731325114631 -0.040146883438298274
vn 0.12311019286718608 -0.9923159708467751 0.012365048104483202
vn 0.12311019286718608 -0.9923159708467751 0.012365048104483202
vn 0.12311019286718608 -0.9923159708467751 0.012365048104483202
vn 0.12107149122432195 -0.9925183945602682 -0.015777530612438345
vn 0.12107149122432195 -0.9925183945602682 -0.015777530612438345
vn 0.12107149122432195 -0.9925183945602682 -0.015777530612438345
vn 0.0999317368044643 -0.9926007741104038 -0.0689735544587233
vn 0.0999317368044643 -0.9926007741104038 -0.0689735544587233
vn 0.0999317368044643 -0.9926007741104038 -0.0689735544587233
vn -0.10134711627312254 -0.9928298363041227 0.06338515731187451
vn -0.10134711627312254 -0.9928298363041227 0.06338515731187451
vn -0.10134711627312254 -0.9928298363041227 0.06338515731187451
vn -0.03133842313869901 -0.9994528181404619 -0.010581471838471924
vn -0.03133842313869901 -0.9994528181404619 -0.010581471838471924
vn -0.03133842313869901 -0.9994528181404619 -0.010581471838471924
vn 0.010217047595340015 -0.9996106917015746 -0.02596299239945769
vn 0.010217047595340015 -0.9996106917015746 -0.02596299239945769
vn 0.010217047595340015 -0.9996106917015746 -0.02596299239945769
vn 0.10183503232159205 -0.9921973107390877 0.07193137531135248
vn 0.10183503232159205 -0.9921973107390877 0.07193137531135248
vn 0.10183503232159205 -0.9921973107390877 0.07193137531135248
vn 0.11000256395999211 -0.993158235295987 0.03919382076282416
vn 0.11000256395999211 -0.993158235295987 0.03919382076282416
vn 0.11000256395999211 -0.993158235295987 0.03919382076282416
vn -0.927233559474735 -0.373418145365256 -0.02822790987277466
vn -0.927233559474735 -0.373418145365256 -0.02822790987277466
vn -0.927233559474735 -0.373418145365256 -0.02822790987277466
vn -0.8695153677113365 -0.49189874999927824 0.04448196334433274
vn -0.8695153677113365 -0.49189874999927824 0.04448196334433274
vn -0.8695153677113365 -0.49189874999927824 0.04448196334433274
vn -0.8136213370837139 -0.5803319179408839 -0.03514519684345195
vn -0.8136213370837139 -0.5803319179408839 -0.03514519684345195
vn -0.8136213370837139 -0.5803319179408839 -0.03514519684345195
vn -0.7421440909752829 -0.6686194983370135 0.04658448962939743
vn -0.7421440909752829 -0.6686194983370135 0.04658448962939743
vn -0.7421440909752829 -0.6686194983370135 0.04658448962939743
vn -0.6663624805898799 -0.7441134037250376 -0.047500387986217314
vn -0.6663624805898799 -0.7441134037250376 -0.047500387986217314
vn -0.6663624805898799 -0.7441134037250376 -0.047500387986217314
vn -0.5803259040693212 -0.814020339266574 0.02434609468594437
vn -0.5803259040693212 -0.814020339266574 0.02434609468594437
vn -0.5803259040693212 -0.814020339266574 0.02434609468594437
vn -0.4820477428865049 -0.8755351418375964 -0.0326831605792071
vn -0.4820477428865049 -0.8755351418375964 -0.0326831605792071
vn -0.4820477428865049 -0.8755351418375964 -0.0326831605792071
vn -0.4636795850645283 -0.8859471143522903 -0.009947510504484043
vn -0.4636795850645283 -0.8859471143522903 -0.009947510504484043
vn -0.4636795850645283 -0.8859471143522903 -0.009947510504484043
vn 0.3459321475182732 -0.9382594597925283 -0.00036799895156734415
vn 0.3459321475182732 -0.9382594597925283 -0.00036799895156734415
vn 0.3459321475182732 -0.9382594597925283 -0.00036799895156734415
vn 0.46337505219916436 -0.8861614283054827 0.0012181884125234935
vn 0.46337505219916436 -0.8861614283054827 0.0012181884125234935
vn 0.46337505219916436 -0.8861614283054827 0.0012181884125234935
vn 0.4859542454608466 -0.8737653324779132 -0.019560549029636973
vn 0.4859542454608466 -0.8737653324779132 -0.019560549029636973
vn 0.4859542454608466 -0.8737653324779132 -0.019560549029636973
vn 0.5897697340975568 -0.8070033967472898 0.030284953043276677
vn 0.5897697340975568 -0.8070033967472898 0.030284953043276677
vn 0.5897697340975568 -0.8070033967472898 0.030284953043276677
vn 0.6565676264855688 -0.7529048247185326 -0.04531309707647873
vn 0.6565676264855688 -0.7529048247185326 -0.04531309707647873
vn 0.6565676264855688 -0.7529048247185326 -0.04531309707647873
vn 0.7564817640767179 -0.6521743513373353 0.04903015477339409
vn 0.7564817640767179 -0.6521743513373353 0.04903015477339409
vn 0.7564817640767179 -0.6521743513373353 0.04903015477339409
vn 0.8070448054884275 -0.589822472159298 -0.028073711369186873
vn 0.8070448054884275 -0.589822472159298 -0.028073711369186873
vn 0.8070448054884275 -0.589822472159298 -0.028073711369186873
vn 0.8929178848893673 -0.44952330668558904 0.02502893507828245
vn 0.8929178848893673 -0.44952330668558904 0.02502893507828245
vn 0.8929178848893673 -0.44952330668558904 0.02502893507828245
vn 0.8774837462765395 -0.47903988896945415 -0.02330364341949632
vn 0.8774837462765395 -0.47903988896945415 -0.02330364341949632
vn 0.8774837462765395 -0.47903988896945415 -0.02330364341949632
vn 0.9241594280583869 0.38130632886347576 -0.023126502101579707
vn 0.9241594280583869 0.38130632886347576 -0.023126502101579707
vn 0.9241594280583869 0.38130632886347576 -0.023126502101579707
vn 0.8776318355392237 0.47883855884563564 0.021817328220651914
vn 0.8776318355392237 0.47883855884563564 0.021817328220651914
vn 0.8776318355392237 0.47883855884563564 0.021817328220651914
vn 0.8383680104082498 0.543677039651447 -0.03942531775333572
vn 0.8383680104082498 0.543677039651447 -0.03942531775333572
vn 0.8383680104082498 0.543677039651447 -0.03942531775333572
vn 0.7380895777046023 0.6741574554977109 0.027120112106955446
vn 0.7380895777046023 0.6741574554977109 0.027120112106955446
vn 0.7380895777046023 0.6741574554977109 0.027120112106955446
vn 0.7430631864344666 0.6690273655808364 0.01610854027598869
vn 0.7430631864344666 0.6690273655808364 0.01610854027598869
vn 0.7430631864344666 0.6690273655808364 0.01610854027598869
vn 0.589965581834027 0.8073160051479904 -0.013471454380575114
vn 0.589965581834027 0.8073160051479904 -0.013471454380575114
vn 0.589965581834027 0.8073160051479904 -0.013471454380575114
vn 0.5804804491133294 0.8142741817019458 -0.00007218596784716451
vn 0.5804804491133294 0.8142741817019458 -0.00007218596784716451
vn 0.5804804491133294 0.8142741817019458 -0.00007218596784716451
vn 0.4497324748682859 0.8931633083783395 -0.00007493667964266885
vn 0.4497324748682859 0.8931633083783395 -0.00007493667964266885
vn 0.4497324748682859 0.8931633083783395 -0.00007493667964266885
vn 0.4635424053932638 0.88589812013592 -0.017690651256246828
vn 0.4635424053932638 0.88589812013592 -0.017690651256246828
vn 0.4635424053932638 0.88589812013592 -0.017690651256246828
vn -0.37713184320623616 0.925953491903455 -0.0195372380766903
vn -0.37713184320623616 0.925953491903455 -0.0195372380766903
vn -0.37713184320623616 0.925953491903455 -0.0195372380766903
vn -0.4920867427743315 0.86989308186034 0.03371444374846739
vn -0.4920867427743315 0.86989308186034 0.03371444374846739
vn -0.4920867427743315 0.86989308186034 0.03371444374846739
vn -0.5550304084931839 0.8311971470514796 -0.03244300204004972
vn -0.5550304084931839 0.8311971470514796 -0.03244300204004972
vn -0.5550304084931839 0.8311971470514796 -0.03244300204004972
vn -0.6684635182145227 0.7419255861565307 0.05198989731237177
vn -0.6684635182145227 0.7419255861565307 0.05198989731237177
vn -0.6684635182145227 0.7419255861565307 0.05198989731237177
vn -0.7284902207138763 0.6842867612684189 -0.032459616094861116
vn -0.7284902207138763 0.6842867612684189 -0.032459616094861116
vn -0.7284902207138763 0.6842867612684189 -0.032459616094861116
vn -0.8141959089172018 0.580460592292235 0.012268769222673594
vn -0.8141959089172018 0.580460592292235 0.012268769222673594
vn -0.8141959089172018 0.580460592292235 0.012268769222673594
vn -0.8390506964977624 0.5435390383640504 -0.02364830820382682
vn -0.8390506964977624 0.5435390383640504 -0.02364830820382682
vn -0.8390506964977624 0.5435390383640504 -0.02364830820382682
vn -0.8858732711655886 0.4636598595743314 0.015750620746211114
vn -0.8858732711655886 0.4636598595743314 0.015750620746211114
vn -0.8858732711655886 0.4636598595743314 0.015750620746211114
vn -0.9253006757576853 0.3786861374169599 -0.020383051061961074
vn -0.9253006757576853 0.3786861374169599 -0.020383051061961074
vn -0.9253006757576853 0.3786861374169599 -0.020383051061961074
vn 0.33794055159256076 -0.9411137914585662 0.010050627632041712
vn 0.33794055159256076 -0.9411137914585662 0.010050627632041712
vn 0.33794055159256076 -0.9411137914585662 0.010050627632041712
vn 0.13302856424788084 -0.9911121533113936 0.00031725793925031364
vn 0.13302856424788084 -0.9911121533113936 0.00031725793925031364
vn 0.13302856424788084 -0.9911121533113936 0.00031725793925031364
vn -0.13327421258508804 -0.991079152414916 0.0003129031104184235
vn -0.13327421258508804 -0.991079152414916 0.0003129031104184235
vn -0.13327421258508804 -0.991079152414916 0.0003129031104184235
vn -0.27044612245315247 -0.9624950912838086 -0.02149637422049919
vn -0.27044612245315247 -0.9624950912838086 -0.02149637422049919
vn -0.27044612245315247 -0.9624950912838086 -0.02149637422049919
vn -0.3379254292122038 -0.9407204849202254 0.02917830603725831
vn -0.3379254292122038 -0.9407204849202254 0.02917830603725831
vn -0.3379254292122038 -0.9407204849202254 0.02917830603725831
vn -0.26973379086656935 -0.9618559632465081 0.04557178986919192
vn -0.26973379086656935 -0.9618559632465081 0.04557178986919192
vn -0.26973379086656935 -0.9618559632465081 0.04557178986919192
vn -0.9402395342129 -0.3403915114468677 0.009123444416780325
vn -0.9402395342129 -0.3403915114468677 0.009123444416780325
vn -0.9402395342129 -0.3403915114468677 0.009123444416780325
vn -0.9884565183408689 -0.151110748995946 -0.01092029703496305
vn -0.9884565183408689 -0.151110748995946 -0.01092029703496305
vn -0.9884565183408689 -0.151110748995946 -0.01092029703496305
vn -0.9925839450080555 -0.12089205710059911 0.012736665271220438
vn -0.9925839450080555 -0.12089205710059911 0.012736665271220438
vn -0.9925839450080555 -0.12089205710059911 0.012736665271220438
vn -0.9994710021946849 0.02696460653962873 -0.018183117612644056
vn -0.9994710021946849 0.02696460653962873 -0.018183117612644056
vn -0.9994710021946849 0.02696460653962873 -0.018183117612644056
vn -0.9938208819204418 0.10647437466881428 0.03135701193928146
vn -0.9938208819204418 0.10647437466881428 0.03135701193928146
vn -0.9938208819204418 0.10647437466881428 0.03135701193928146
vn -0.974280316134954 0.22452338463414448 -0.019160254288549387
vn -0.974280316134954 0.22452338463414448 -0.019160254288549387
vn -0.974280316134954 0.22452338463414448 -0.019160254288549387
vn -0.9445597578169347 0.32800406386890274 0.014839069994397096
vn -0.9445597578169347 0.32800406386890274 0.014839069994397096
vn -0.9445597578169347 0.32800406386890274 0.014839069994397096
vn -0.9348068766845609 0.3551564489369885 -0.000009040150807127277
vn -0.9348068766845609 0.3551564489369885 -0.000009040150807127277
vn -0.9348068766845609 0.3551564489369885 -0.000009040150807127277
vn -0.3429646263772597 0.93929918531677 0.009607576029306375
vn -0.3429646263772597 0.93929918531677 0.009607576029306375
vn -0.3429646263772597 0.93929918531677 0.009607576029306375
vn -0.2108803385142263 0.9772846669498378 -0.021075164836125124
vn -0.2108803385142263 0.9772846669498378 -0.021075164836125124
vn -0.2108803385142263 0.9772846669498378 -0.021075164836125124
vn -0.1280472128983843 0.991205274594665 0.03340680895671767
vn -0.1280472128983843 0.991205274594665 0.03340680895671767
vn -0.1280472128983843 0.991205274594665 0.03340680895671767
vn 0.01806976133029594 0.999595190499141 -0.02197586986791993
vn 0.01806976133029594 0.999595190499141 -0.02197586986791993
vn 0.01806976133029594 0.999595190499141 -0.02197586986791993
vn 0.10446095177325453 0.99400714267287 0.03221350446540112
vn 0.10446095177325453 0.99400714267287 0.03221350446540112
vn 0.10446095177325453 0.99400714267287 0.03221350446540112
vn 0.25202501054493426 0.9672202557850788 -0.031118657729289217
vn 0.25202501054493426 0.9672202557850788 -0.031118657729289217
vn 0.25202501054493426 0.9672202557850788 -0.031118657729289217
vn 0.34128689062787976 0.9395500227951634 0.027731082762157865
vn 0.34128689062787976 0.9395500227951634 0.027731082762157865
vn 0.34128689062787976 0.9395500227951634 0.027731082762157865
vn 0.2903881956831944 0.9559942450204527 0.04182940706767564
vn 0.2903881956831944 0.9559942450204527 0.04182940706767564
vn 0.2903881956831944 0.9559942450204527 0.04182940706767564
vn 0.9392899759762142 0.3429899771171769 0.0096029489096517
vn 0.9392899759762142 0.3429899771171769 0.0096029489096517
vn 0.9392899759762142 0.3429899771171769 0.0096029489096517
vn 0.9762638426987951 0.21565992116662558 -0.01999269470049431
vn 0.9762638426987951 0.21565992116662558 -0.01999269470049431
vn 0.9762638426987951 0.21565992116662558 -0.01999269470049431
vn 0.9915736323542412 0.12573871023993935 0.031169028971288395
vn 0.9915736323542412 0.12573871023993935 0.031169028971288395
vn 0.9915736323542412 0.12573871023993935 0.031169028971288395
vn 0.999507231228512 0.008743051289304119 -0.03014720179496927
vn 0.999507231228512 0.008743051289304119 -0.03014720179496927
vn 0.999507231228512 0.008743051289304119 -0.03014720179496927
vn 0.9928971559719576 -0.11524748837833787 0.029550872834537452
vn 0.9928971559719576 -0.11524748837833787 0.029550872834537452
vn 0.9928971559719576 -0.11524748837833787 0.029550872834537452
vn 0.9692982247895839 -0.24310564524975944 -0.036886266651145805
vn 0.9692982247895839 -0.24310564524975944 -0.036886266651145805
vn 0.9692982247895839 -0.24310564524975944 -0.036886266651145805
vn 0.9395480114392094 -0.3412929162190118 0.027725070592332837
vn 0.9395480114392094 -0.3412929162190118 0.027725070592332837
vn 0.9395480114392094 -0.3412929162190118 0.027725070592332837
vn 0.956049474991729 -0.29019971865348565 0.04187510789809309
vn 0.956049474991729 -0.29019971865348565 0.04187510789809309
vn 0.956049474991729 -0.29019971865348565 0.04187510789809309
vn 0.0002925528367586763 0.00021812981715458888 -0.999999933416108
vn 0.0002925528367586763 0.00021812981715458888 -0.999999933416108
vn 0.0002925528367586763 0.00021812981715458888 -0.999999933416108
vn 0.00005920686806860617 -0.0000028686019909026218 -0.9999999982431591
vn 0.00005920686806860617 -0.0000028686019909026218 -0.9999999982431591
vn 0.00005920686806860617 -0.0000028686019909026218 -0.9999999982431591
vn 0.000028762300544373697 0.00007823901223775812 -0.9999999965256936
vn 0.000028762300544373697 0.00007823901223775812 -0.9999999965256936
vn 0.000028762300544373697 0.00007823901223775812 -0.9999999965256936
vn -4.545290366309013e-8 2.1864366317458893e-8 -0.9999999999999989
vn -4.545290366309013e-8 2.1864366317458893e-8 -0.9999999999999989
vn -4.545290366309013e-8 2.1864366317458893e-8 -0.9999999999999989
vn 6.895318165332534e-7 -1.6129547475425883e-8 -0.9999999999997622
vn 6.895318165332534e-7 -1.6129547475425883e-8 -0.9999999999997622
vn 6.895318165332534e-7 -1.6129547475425883e-8 -0.9999999999997622
vn 3.137727162538605e-7 -1.5093517902186243e-7 -0.9999999999999394
vn 3.137727162538605e-7 -1.5093517902186243e-7 -0.9999999999999394
vn 3.137727162538605e-7 -1.5093517902186243e-7 -0.9999999999999394
vn 8.19357467205209e-7 -0.000002345355369463543 -0.999999999996914
vn 8.19357467205209e-7 -0.000002345355369463543 -0.999999999996914
vn 8.19357467205209e-7 -0.000002345355369463543 -0.999999999996914
vn 6.217603072399151e-7 -9.42486622079555e-8 -0.9999999999998024
vn 6.217603072399151e-7 -9.42486622079555e-8 -0.9999999999998024
vn 6.217603072399151e-7 -9.42486622079555e-8 -0.9999999999998024
vn -3.884962893606135e-7 -8.204769983418631e-7 -0.9999999999995881
vn -3.884962893606135e-7 -8.204769983418631e-7 -0.9999999999995881
vn -3.884962893606135e-7 -8.204769983418631e-7 -0.9999999999995881
vn 6.658408437941375e-7 -2.7690097326165633e-8 -0.999999999999778
vn 6.658408437941375e-7 -2.7690097326165633e-8 -0.999999999999778
vn 6.658408437941375e-7 -2.7690097326165633e-8 -0.999999999999778
vn -0.00021689348273746346 0.00003327412479776293 -0.9999999759250245
vn -0.00021689348273746346 0.00003327412479776293 -0.9999999759250245
vn -0.00021689348273746346 0.00003327412479776293 -0.9999999759250245
vn -0.000048133315106116596 0.0001057840556445537 -0.9999999932464587
vn -0.000048133315106116596 0.0001057840556445537 -0.9999999932464587
vn -0.000048133315106116596 0.0001057840556445537 -0.9999999932464587
vn -0.00012183316572441658 0.0000979846797083538 -0.999999987777841
vn -0.00012183316572441658 0.0000979846797083538 -0.999999987777841
vn -0.00012183316572441658 0.0000979846797083538 -0.999999987777841
vn -0.005257746352773322 0.009164921266102091 -0.9999441786027239
vn -0.005257746352773322 0.009164921266102091 -0.9999441786027239
vn -0.005257746352773322 0.009164921266102091 -0.9999441786027239
vn -0.00030444693572782323 -0.0025867037619883657 -0.9999966081321031
vn -0.00030444693572782323 -0.0025867037619883657 -0.9999966081321031
vn -0.00030444693572782323 -0.0025867037619883657 -0.9999966081321031
vn 0.00291916445196486 -0.0032151101245347395 -0.9999905707284392
vn 0.00291916445196486 -0.0032151101245347395 -0.9999905707284392
vn 0.00291916445196486 -0.0032151101245347395 -0.9999905707284392
vn 0.0005853418912479888 0.0016888592127331133 -0.9999984025634392
vn 0.0005853418912479888 0.0016888592127331133 -0.9999984025634392
vn 0.0005853418912479888 0.0016888592127331133 -0.9999984025634392
vn 0.0008026052984550738 0.0024058693147641754 -0.9999967838036158
vn 0.0008026052984550738 0.0024058693147641754 -0.9999967838036158
vn 0.0008026052984550738 0.0024058693147641754 -0.9999967838036158
vn -0.0004373685980948324 -0.0010266029003327406 -0.9999993773974035
vn -0.0004373685980948324 -0.0010266029003327406 -0.9999993773974035
vn -0.0004373685980948324 -0.0010266029003327406 -0.9999993773974035
vn 0.0000034406632493995454 8.137969871262681e-7 -0.9999999999937499
vn 0.0000034406632493995454 8.137969871262681e-7 -0.9999999999937499
vn 0.0000034406632493995454 8.137969871262681e-7 -0.9999999999937499
vn -0.0002633760220772355 0.0016568121886578141 -0.999998592802231
vn -0.0002633760220772355 0.0016568121886578141 -0.999998592802231
vn -0.0002633760220772355 0.0016568121886578141 -0.999998592802231
vn -0.0007062457657086638 -0.00000620512985279143 -0.9999997505891763
vn -0.0007062457657086638 -0.00000620512985279143 -0.9999997505891763
vn -0.0007062457657086638 -0.00000620512985279143 -0.9999997505891763
vn 2.1808116912323224e-7 -3.66425808806492e-7 -0.9999999999999092
vn 2.1808116912323224e-7 -3.66425808806492e-7 -0.9999999999999092
vn 2.1808116912323224e-7 -3.66425808806492e-7 -0.9999999999999092
vn 3.584173668966587e-7 0.0000011075591146429134 -0.9999999999993225
vn 3.584173668966587e-7 0.0000011075591146429134 -0.9999999999993225
vn 3.584173668966587e-7 0.0000011075591146429134 -0.9999999999993225
vn 0.000001934018428067755 0.0000015225847391729335 -0.9999999999969706
vn 0.000001934018428067755 0.0000015225847391729335 -0.9999999999969706
vn 0.000001934018428067755 0.0000015225847391729335 -0.9999999999969706
vn 4.226786245446859e-7 0.0000017481796703549583 -0.9999999999983826
vn 4.226786245446859e-7 0.0000017481796703549583 -0.9999999999983826
vn 4.226786245446859e-7 0.0000017481796703549583 -0.9999999999983826
vn 2.0771616959751087e-7 0.000001963488102770309 -0.9999999999980509
vn 2.0771616959751087e-7 0.000001963488102770309 -0.9999999999980509
vn 2.0771616959751087e-7 0.000001963488102770309 -0.9999999999980509
vn -4.89707474570729e-7 0.0000014917715134269914 -0.9999999999987674
vn -4.89707474570729e-7 0.0000014917715134269914 -0.9999999999987674
vn -4.89707474570729e-7 0.0000014917715134269914 -0.9999999999987674
vn 3.710594285166305e-7 3.0689699315185943e-7 -0.9999999999998841
vn 3.710594285166305e-7 3.0689699315185943e-7 -0.9999999999998841
vn 3.710594285166305e-7 3.0689699315185943e-7 -0.9999999999998841
vn 0.000002211190803781498 0.000002015869995366373 -0.9999999999955236
vn 0.000002211190803781498 0.000002015869995366373 -0.9999999999955236
vn 0.000002211190803781498 0.000002015869995366373 -0.9999999999955236
vn 0.0000017047477740519274 0.0000014347680234969487 -0.9999999999975178
vn 0.0000017047477740519274 0.0000014347680234969487 -0.9999999999975178
vn 0.0000017047477740519274 0.0000014347680234969487 -0.9999999999975178
vn -3.23016934089512e-7 -2.2794907295063277e-7 -0.9999999999999218
vn -3.23016934089512e-7 -2.2794907295063277e-7 -0.9999999999999218
vn -3.23016934089512e-7 -2.2794907295063277e-7 -0.9999999999999218
vn -7.242908850454966e-7 -4.944330953547168e-7 -0.9999999999996154
vn -7.242908850454966e-7 -4.944330953547168e-7 -0.9999999999996154
vn -7.242908850454966e-7 -4.944330953547168e-7 -0.9999999999996154
vn -4.0550447444322936e-9 6.647600230279191e-7 -0.9999999999997791
vn -4.0550447444322936e-9 6.647600230279191e-7 -0.9999999999997791
vn -4.0550447444322936e-9 6.647600230279191e-7 -0.9999999999997791
vn 8.693038466844537e-8 2.6862690560846044e-7 -0.9999999999999603
vn 8.693038466844537e-8 2.6862690560846044e-7 -0.9999999999999603
vn 8.693038466844537e-8 2.6862690560846044e-7 -0.9999999999999603
vn -0.000013273101102361546 -0.0000017162996071701777 -0.9999999999104396
vn -0.000013273101102361546 -0.0000017162996071701777 -0.9999999999104396
vn -0.000013273101102361546 -0.0000017162996071701777 -0.9999999999104396
vn 0.000002263788019249826 0.0000026040040665820528 -0.9999999999940472
vn 0.000002263788019249826 0.0000026040040665820528 -0.9999999999940472
vn 0.000002263788019249826 0.0000026040040665820528 -0.9999999999940472
vn 0.00008869357633199827 0.0002456759747349389 -0.9999999658883818
vn 0.00008869357633199827 0.0002456759747349389 -0.9999999658883818
vn 0.00008869357633199827 0.0002456759747349389 -0.9999999658883818
vn -4.3009436012641643e-7 5.925522259529547e-7 -0.999999999999732
vn -4.3009436012641643e-7 5.925522259529547e-7 -0.999999999999732
vn -4.3009436012641643e-7 5.925522259529547e-7 -0.999999999999732
vn -2.843764264070261e-7 6.982156719457469e-7 -0.9999999999997158
vn -2.843764264070261e-7 6.982156719457469e-7 -0.9999999999997158
vn -2.843764264070261e-7 6.982156719457469e-7 -0.9999999999997158
vn 0.000005458583018364566 0.00000356462373921814 -0.9999999999787488
vn 0.000005458583018364566 0.00000356462373921814 -0.9999999999787488
vn 0.000005458583018364566 0.00000356462373921814 -0.9999999999787488
vn -9.053405278787738e-7 1.9233785053521336e-7 -0.9999999999995717
vn -9.053405278787738e-7 1.9233785053521336e-7 -0.9999999999995717
vn -9.053405278787738e-7 1.9233785053521336e-7 -0.9999999999995717
vn -9.468995472157285e-7 1.4060491082539483e-7 -0.9999999999995419
vn -9.468995472157285e-7 1.4060491082539483e-7 -0.9999999999995419
vn -9.468995472157285e-7 1.4060491082539483e-7 -0.9999999999995419
vn -0.0000017544844013140554 -7.974164191167546e-7 -0.999999999998143
vn -0.0000017544844013140554 -7.974164191167546e-7 -0.999999999998143
vn -0.0000017544844013140554 -7.974164191167546e-7 -0.999999999998143
vn -0.0000026063241875688996 -0.0000017573921695570364 -0.9999999999950593
vn -0.0000026063241875688996 -0.0000017573921695570364 -0.9999999999950593
vn -0.0000026063241875688996 -0.0000017573921695570364 -0.9999999999950593
vn 2.418566964479323e-7 4.497245598144992e-8 -0.9999999999999698
vn 2.418566964479323e-7 4.497245598144992e-8 -0.9999999999999698
vn 2.418566964479323e-7 4.497245598144992e-8 -0.9999999999999698
vn 2.201425175471822e-8 0.0000035099983506154114 -0.9999999999938398
vn 2.201425175471822e-8 0.0000035099983506154114 -0.9999999999938398
vn 2.201425175471822e-8 0.0000035099983506154114 -0.9999999999938398
vn -7.600203133506489e-8 -1.4132326420224176e-8 -0.9999999999999971
vn -7.600203133506489e-8 -1.4132326420224176e-8 -0.9999999999999971
vn -7.600203133506489e-8 -1.4132326420224176e-8 -0.9999999999999971
vn -1.379960110625571e-7 3.8934828694433554e-7 -0.9999999999999147
vn -1.379960110625571e-7 3.8934828694433554e-7 -0.9999999999999147
vn -1.379960110625571e-7 3.8934828694433554e-7 -0.9999999999999147
vn 1.2382761482814551e-8 0.0000025312363049952946 -0.9999999999967963
vn 1.2382761482814551e-8 0.0000025312363049952946 -0.9999999999967963
vn 1.2382761482814551e-8 0.0000025312363049952946 -0.9999999999967963
vn 0.000001418063106937628 6.691348062296088e-7 -0.9999999999987708
vn 0.000001418063106937628 6.691348062296088e-7 -0.9999999999987708
vn 0.000001418063106937628 6.691348062296088e-7 -0.9999999999987708
vn -1.1754453765888464e-7 1.535856739565105e-7 -0.9999999999999813
vn -1.1754453765888464e-7 1.535856739565105e-7 -0.9999999999999813
vn -1.1754453765888464e-7 1.535856739565105e-7 -0.9999999999999813
vn 4.315084467521011e-8 -1.2174776031770206e-7 -0.9999999999999918
vn 4.315084467521011e-8 -1.2174776031770206e-7 -0.9999999999999918
vn 4.315084467521011e-8 -1.2174776031770206e-7 -0.9999999999999918
vn -0.000013351159394571513 0.0000030767812401631776 -0.99999999990614
vn -0.000013351159394571513 0.0000030767812401631776 -0.99999999990614
vn -0.000013351159394571513 0.0000030767812401631776 -0.99999999990614
vn 0.0009263656545457698 -0.0014669799491848817 -0.9999984949071187
vn 0.0009263656545457698 -0.0014669799491848817 -0.9999984949071187
vn 0.0009263656545457698 -0.0014669799491848817 -0.9999984949071187
vn -0.0003934278990519144 -0.00010977026715948949 -0.9999999165824849
vn -0.0003934278990519144 -0.00010977026715948949 -0.9999999165824849
vn -0.0003934278990519144 -0.00010977026715948949 -0.9999999165824849
vn -0.0010417762976413164 -0.0006380873565729337 -0.9999992537730571
vn -0.0010417762976413164 -0.0006380873565729337 -0.9999992537730571
vn -0.0010417762976413164 -0.0006380873565729337 -0.9999992537730571
vn -0.000004062097559620384 1.0959082885529382e-7 -0.9999999999917437
vn -0.000004062097559620384 1.0959082885529382e-7 -0.9999999999917437
vn -0.000004062097559620384 1.0959082885529382e-7 -0.9999999999917437
vn 0.0010684677393182722 -0.00022735040679221425 -0.9999994033440632
vn 0.0010684677393182722 -0.00022735040679221425 -0.9999994033440632
vn 0.0010684677393182722 -0.00022735040679221425 -0.9999994033440632
vn 0.010211531376378733 0.00956642376754172 -0.9999020992893498
vn 0.010211531376378733 0.00956642376754172 -0.9999020992893498
vn 0.010211531376378733 0.00956642376754172 -0.9999020992893498
vn 0.0024506032377716 0.0018270543828455936 -0.9999953281971138
vn 0.0024506032377716 0.0018270543828455936 -0.9999953281971138
vn 0.0024506032377716 0.0018270543828455936 -0.9999953281971138
vn 0.0007088844557048802 -0.00024109294890190173 -0.9999997196784698
vn 0.0007088844557048802 -0.00024109294890190173 -0.9999997196784698
vn 0.0007088844557048802 -0.00024109294890190173 -0.9999997196784698
vn -0.00019958320860688275 0.0000981631286143452 -0.9999999752652713
vn -0.00019958320860688275 0.0000981631286143452 -0.9999999752652713
vn -0.00019958320860688275 0.0000981631286143452 -0.9999999752652713
vn -0.00006447933872109332 -0.00018225534245649893 -0.9999999813127024
vn -0.00006447933872109332 -0.00018225534245649893 -0.9999999813127024
vn -0.00006447933872109332 -0.00018225534245649893 -0.9999999813127024
vn -4.926038599251056e-8 -1.4792982483413475e-7 -0.999999999999988
vn -4.926038599251056e-8 -1.4792982483413475e-7 -0.999999999999988
vn -4.926038599251056e-8 -1.4792982483413475e-7 -0.999999999999988
vn 1.7845174227204113e-7 1.3310948077105094e-7 -0.9999999999999754
vn 1.7845174227204113e-7 1.3310948077105094e-7 -0.9999999999999754
vn 1.7845174227204113e-7 1.3310948077105094e-7 -0.9999999999999754
vn -2.414327582300188e-7 -6.430486223506098e-7 -0.9999999999997642
vn -2.414327582300188e-7 -6.430486223506098e-7 -0.9999999999997642
vn -2.414327582300188e-7 -6.430486223506098e-7 -0.9999999999997642
vn -1.3210943450302727e-7 -3.397113914615831e-7 -0.9999999999999336
vn -1.3210943450302727e-7 -3.397113914615831e-7 -0.9999999999999336
vn -1.3210943450302727e-7 -3.397113914615831e-7 -0.9999999999999336
vn 0.00003341922272676494 -0.0000030136213791907857 -0.9999999994370368
vn 0.00003341922272676494 -0.0000030136213791907857 -0.9999999994370368
vn 0.00003341922272676494 -0.0000030136213791907857 -0.9999999994370368
vn 6.83583536442623e-8 -5.032335934628724e-7 -0.999999999999871
vn 6.83583536442623e-8 -5.032335934628724e-7 -0.999999999999871
vn 6.83583536442623e-8 -5.032335934628724e-7 -0.999999999999871
vn 0.000013829256202867155 -1.5479956515148146e-7 -0.9999999999043638
vn 0.000013829256202867155 -1.5479956515148146e-7 -0.9999999999043638
vn 0.000013829256202867155 -1.5479956515148146e-7 -0.9999999999043638
vn 0.00005372174553851626 0.00003226335314170485 -0.9999999980365251
vn 0.00005372174553851626 0.00003226335314170485 -0.9999999980365251
vn 0.00005372174553851626 0.00003226335314170485 -0.9999999980365251
vn 0.00017532900220429426 0.0002015979164759147 -0.99999996430901
vn 0.00017532900220429426 0.0002015979164759147 -0.99999996430901
vn 0.00017532900220429426 0.0002015979164759147 -0.99999996430901
vn -0.0000014456124972607626 -0.00000151732967878737 -0.999999999997804
vn -0.0000014456124972607626 -0.00000151732967878737 -0.999999999997804
vn -0.0000014456124972607626 -0.00000151732967878737 -0.999999999997804
vn 8.057261311474575e-7 5.043859232498557e-7 -0.9999999999995484
vn 8.057261311474575e-7 5.043859232498557e-7 -0.9999999999995484
vn 8.057261311474575e-7 5.043859232498557e-7 -0.9999999999995484
vn 0.00019575934802611793 0.0007505295195203908 -0.9999996991918138
vn 0.00019575934802611793 0.0007505295195203908 -0.9999996991918138
vn 0.00019575934802611793 0.0007505295195203908 -0.9999996991918138
vn -0.00016698382153505683 0.000011437625129336197 -0.9999999859927919
vn -0.00016698382153505683 0.000011437625129336197 -0.9999999859927919
vn -0.00016698382153505683 0.000011437625129336197 -0.9999999859927919
vn 0.00014561942730964913 -0.00009649320271018834 -0.999999984742022
vn 0.00014561942730964913 -0.00009649320271018834 -0.999999984742022
vn 0.00014561942730964913 -0.00009649320271018834 -0.999999984742022
vn 0.00205805991269856 0.0010605051669766096 -0.9999973198555017
vn 0.00205805991269856 0.0010605051669766096 -0.9999973198555017
vn 0.00205805991269856 0.0010605051669766096 -0.9999973198555017
vn 0.00046893948300049136 0.0006187123342294383 -0.9999996986453591
vn 0.00046893948300049136 0.0006187123342294383 -0.9999996986453591
vn 0.00046893948300049136 0.0006187123342294383 -0.9999996986453591
vn 5.741274549094439e-7 0.0000021953417217389736 -0.9999999999974254
vn 5.741274549094439e-7 0.0000021953417217389736 -0.9999999999974254
vn 5.741274549094439e-7 0.0000021953417217389736 -0.9999999999974254
vn -0.00000885016924967623 -0.000019310518832944397 -0.9999999997743891
vn -0.00000885016924967623 -0.000019310518832944397 -0.9999999997743891
vn -0.00000885016924967623 -0.000019310518832944397 -0.9999999997743891
vn 0.000059823771028535336 0.00002404345463678786 -0.9999999979215144
vn 0.000059823771028535336 0.00002404345463678786 -0.9999999979215144
vn 0.000059823771028535336 0.00002404345463678786 -0.9999999979215144
vn -0.00010700725941328045 0.00015120865750532214 -0.9999999828426941
vn -0.00010700725941328045 0.00015120865750532214 -0.9999999828426941
vn -0.00010700725941328045 0.00015120865750532214 -0.9999999828426941
vn -0.00011893330286789806 0.00015847453012578534 -0.9999999803703462
vn -0.00011893330286789806 0.00015847453012578534 -0.9999999803703462
vn -0.00011893330286789806 0.00015847453012578534 -0.9999999803703462
vn -8.412072247657591e-7 -0.0000010821939895312266 -0.9999999999990608
vn -8.412072247657591e-7 -0.0000010821939895312266 -0.9999999999990608
vn -8.412072247657591e-7 -0.0000010821939895312266 -0.9999999999990608
vn 0.00000954517506744245 -0.00006722044038692675 -0.999999997695151
vn 0.00000954517506744245 -0.00006722044038692675 -0.999999997695151
vn 0.00000954517506744245 -0.00006722044038692675 -0.999999997695151
vn -0.000008009265112360442 -0.9999999541333865 0.00030276901504600035
vn -0.000008009265112360442 -0.9999999541333865 0.00030276901504600035
vn -0.000008009265112360442 -0.9999999541333865 0.00030276901504600035
vn 0.000011987463030386989 -0.9999999991992188 -0.00003818197361977762
vn 0.000011987463030386989 -0.9999999991992188 -0.00003818197361977762
vn 0.000011987463030386989 -0.9999999991992188 -0.00003818197361977762
vn -0.000008131468340585796 -0.9999999990343535 -0.00004318763963433046
vn -0.000008131468340585796 -0.9999999990343535 -0.00004318763963433046
vn -0.000008131468340585796 -0.9999999990343535 -0.00004318763963433046
vn -0.000008744180376767125 -0.9999999999611182 0.000001141504981161415
vn -0.000008744180376767125 -0.9999999999611182 0.000001141504981161415
vn -0.000008744180376767125 -0.9999999999611182 0.000001141504981161415
vn -0.00003520511743097047 -0.9999999992914097 0.000013333430606155053
vn -0.00003520511743097047 -0.9999999992914097 0.000013333430606155053
vn -0.00003520511743097047 -0.9999999992914097 0.000013333430606155053
vn -0.9855474564763982 -0.010684608194627953 0.1690622671699089
vn -0.9855474564763982 -0.010684608194627953 0.1690622671699089
vn -0.9855474564763982 -0.010684608194627953 0.1690622671699089
vn -0.9404709867129999 0.0026683541753014504 0.3398635064802806
vn -0.9404709867129999 0.0026683541753014504 0.3398635064802806
vn -0.9404709867129999 0.0026683541753014504 0.3398635064802806
vn -0.6743889500862774 0.0024356341635119764 0.7383722717489803
vn -0.6743889500862774 0.0024356341635119764 0.7383722717489803
vn -0.6743889500862774 0.0024356341635119764 0.7383722717489803
vn -0.5231633281494331 -0.01013183984707024 0.8521722114108872
vn -0.5231633281494331 -0.01013183984707024 0.8521722114108872
vn -0.5231633281494331 -0.01013183984707024 0.8521722114108872
vn -0.16281883119681143 0.009422397068033841 0.9866109905333492
vn -0.16281883119681143 0.009422397068033841 0.9866109905333492
vn -0.16281883119681143 0.009422397068033841 0.9866109905333492
vn 0.3510051929497962 -0.012031310113809103 0.9362962149337258
vn 0.3510051929497962 -0.012031310113809103 0.9362962149337258
vn 0.3510051929497962 -0.012031310113809103 0.9362962149337258
vn 0.49053024833749403 0.00270752490087158 0.8714199589032074
vn 0.49053024833749403 0.00270752490087158 0.8714199589032074
vn 0.49053024833749403 0.00270752490087158 0.8714199589032074
vn 0.9737699831280522 -0.011120867216425242 0.22726272521279778
vn 0.9737699831280522 -0.011120867216425242 0.22726272521279778
vn 0.9737699831280522 -0.011120867216425242 0.22726272521279778
vn 0.9218132001612851 0.002116033830760426 0.3876286191823786
vn 0.9218132001612851 0.002116033830760426 0.3876286191823786
vn 0.9218132001612851 0.002116033830760426 0.3876286191823786
vn 0.991754280828075 0.007063164751550333 -0.12795920507286676
vn 0.991754280828075 0.007063164751550333 -0.12795920507286676
vn 0.991754280828075 0.007063164751550333 -0.12795920507286676
vn 0.7819359514556733 -0.008373539190560244 -0.6233025362234097
vn 0.7819359514556733 -0.008373539190560244 -0.6233025362234097
vn 0.7819359514556733 -0.008373539190560244 -0.6233025362234097
vn 0.7567797290505145 -0.0046997126113019014 -0.6536530841353088
vn 0.7567797290505145 -0.0046997126113019014 -0.6536530841353088
vn 0.7567797290505145 -0.0046997126113019014 -0.6536530841353088
vn 0.37767387084658294 0.00662840681350918 -0.925914959109568
vn 0.37767387084658294 0.00662840681350918 -0.925914959109568
vn 0.37767387084658294 0.00662840681350918 -0.925914959109568
vn 0.010809277842290901 -0.011194172032227263 -0.9998789176820567
vn 0.010809277842290901 -0.011194172032227263 -0.9998789176820567
vn 0.010809277842290901 -0.011194172032227263 -0.9998789176820567
vn -0.15237245214375694 0.001802679995867073 -0.9883214993981113
vn -0.15237245214375694 0.001802679995867073 -0.9883214993981113
vn -0.15237245214375694 0.001802679995867073 -0.9883214993981113
vn -0.6192744362562552 0.00606579052999751 -0.7851511821201974
vn -0.6192744362562552 0.00606579052999751 -0.7851511821201974
vn -0.6192744362562552 0.00606579052999751 -0.7851511821201974
vn -0.782387248602988 -0.010078655452539928 -0.6227106984207958
vn -0.782387248602988 -0.010078655452539928 -0.6227106984207958
vn -0.782387248602988 -0.010078655452539928 -0.6227106984207958
vn -0.9595121410163144 0.008785928842109898 -0.2815302092079454
vn -0.9595121410163144 0.008785928842109898 -0.2815302092079454
vn -0.9595121410163144 0.008785928842109898 -0.2815302092079454
f 1//1 2//2 3//3
f 4//4 5//5 6//6
f 7//7 8//8 9//9
f 10//10 11//11 12//12
f 13//13 14//14 15//15
f 16//16 17//17 18//18
f 19//19 20//20 21//21
f 22//22 23//23 24//24
f 25//25 26//26 27//27
f 28//28 29//29 30//30
f 31//31 32//32 33//33
f 34//34 35//35 36//36
f 37//37 38//38 39//39
f 40//40 41//41 42//42
f 43//43 44//44 45//45
f 46//46 47//47 48//48
f 49//49 50//50 51//51
f 52//52 53//53 54//54
f 55//55 56//56 57//57
f 58//58 59//59 60//60
f 61//61 62//62 63//63
f 64//64 65//65 66//66
f 67//67 68//68 69//69
f 70//70 71//71 72//72
f 73//73 74//74 75//75
f 76//76 77//77 78//78
f 79//79 80//80 81//81
f 82//82 83//83 84//84
f 85//85 86//86 87//87
f 88//88 89//89 90//90
f 91//91 92//92 93//93
f 94//94 95//95 96//96
f 97//97 98//98 99//99
f 100//100 101//101 102//102
f 103//103 104//104 105//105
f 106//106 107//107 108//108
f 109//109 110//110 111//111
f 112//112 113//113 114//114
f 115//115 116//116 117//117
f 118//118 119//119 120//120
f 121//121 122//122 123//123
f 124//124 125//125 126//126
f 127//127 128//128 129//129
f 130//130 131//131 132//132
f 133//133 134//134 135//135
f 136//136 137//137 138//138
f 139//139 140//140 141//141
f 142//142 143//143 144//144
f 145//145 146//146 147//147
f 148//148 149//149 150//150
f 151//151 152//152 153//153
f 154//154 155//155 156//156
f 157//157 158//158 159//159
f 160//160 161//161 162//162
f 163//163 164//164 165//165
f 166//166 167//167 168//168
f 169//169 170//170 171//171
f 172//172 173//173 174//174
f 175//175 176//176 177//177
f 178//178 179//179 180//180
f 181//181 182//182 183//183
f 184//184 185//185 186//186
f 187//187 188//188 189//189
f 190//190 191//191 192//192
f 193//193 194//194 195//195
f 196//196 197//197 198//198
f 199//199 200//200 201//201
f 202//202 203//203 204//204
f 205//205 206//206 207//207
f 208//208 209//209 210//210
f 211//211 212//212 213//213
f 214//214 215//215 216//216
f 217//217 218//218 219//219
f 220//220 221//221 222//222
f 223//223 224//224 225//225
f 226//226 227//227 228//228
f 229//229 230//230 231//231
f 232//232 233//233 234//234
f 235//235 236//236 237//237
f 238//238 239//239 240//240
f 241//241 242//242 243//243
f 244//244 245//245 246//246
f 247//247 248//248 249//249
f 250//250 251//251 252//252
f 253//253 254//254 255//255
f 256//256 257//257 258//258
f 259//259 260//260 261//261
f 262//262 263//263 264//264
f 265//265 266//266 267//267
f 268//268 269//269 270//270
f 271//271 272//272 273//273
f 274//274 275//275 276//276
f 277//277 278//278 279//279
f 280//280 281//281 282//282
f 283//283 284//284 285//285
f 286//286 287//287 288//288
f 289//289 290//290 291//291
f 292//292 293//293 294//294
f 295//295 296//296 297//297
f 298//298 299//299 300//300
f 301//301 302//302 303//303
f 304//304 305//305 306//306
f 307//307 308//308 309//309
f 310//310 311//311 312//312
f 313//313 314//314 315//315
f 316//316 317//317 318//318
f 319//319 320//320 321//321
f 322//322 323//323 324//324
f 325//325 326//326 327//327
f 328//328 329//329 330//330
f 331//331 332//332 333//333
f 334//334 335//335 336//336
f 337//337 338//338 339//339
f 340//340 341//341 342//342
f 343//343 344//344 345//345
f 346//346 347//347 348//348
f 349//349 350//350 351//351
f 352//352 353//353 354//354
f 355//355 356//356 357//357
f 358//358 359//359 360//360
f 361//361 362//362 363//363
f 364//364 365//365 366//366
f 367//367 368//368 369//369
f 370//370 371//371 372//372
f 373//373 374//374 375//375
f 376//376 377//377 378//378
f 379//379 380//380 381//381
f 382//382 383//383 384//384
f 385//385 386//386 387//387
f 388//388 389//389 390//390
f 391//391 392//392 393//393
f 394//394 395//395 396//396
f 397//397 398//398 399//399
f 400//400 401//401 402//402
f 403//403 404//404 405//405
f 406//406 407//407 408//408
f 409//409 410//410 411//411
f 412//412 413//413 414//414
f 415//415 416//416 417//417
f 418//418 419//419 420//420
f 421//421 422//422 423//423
f 424//424 425//425 426//426
f 427//427 428//428 429//429
f 430//430 431//431 432//432
f 433//433 434//434 435//435
f 436//436 437//437 438//438
f 439//439 440//440 441//441
f 442//442 443//443 444//444
f 445//445 446//446 447//447
f 448//448 449//449 450//450
f 451//451 452//452 453//453
f 454//454 455//455 456//456
f 457//457 458//458 459//459
f 460//460 461//461 462//462
f 463//463 464//464 465//465
f 466//466 467//467 468//468
f 469//469 470//470 471//471
f 472//472 473//473 474//474
f 475//475 476//476 477//477
f 478//478 479//479 480//480
f 481//481 482//482 483//483
f 484//484 485//485 486//486
f 487//487 488//488 489//489
f 490//490 491//491 492//492
f 493//493 494//494 495//495
f 496//496 497//497 498//498
f 499//499 500//500 501//501
f 502//502 503//503 504//504
f 505//505 506//506 507//507
f 508//508 509//509 510//510
f 511//511 512//512 513//513
f 514//514 515//515 516//516
f 517//517 518//518 519//519
f 520//520 521//521 522//522
f 523//523 524//524 525//525
f 526//526 527//527 528//528
f 529//529 530//530 531//531
f 532//532 533//533 534//534
f 535//535 536//536 537//537
f 538//538 539//539 540//540
f 541//541 542//542 543//543
f 544//544 545//545 546//546
f 547//547 548//548 549//549
f 550//550 551//551 552//552
f 553//553 554//554 555//555
f 556//556 557//557 558//558
f 559//559 560//560 561//561
f 562//562 563//563 564//564
f 565//565 566//566 567//567
f 568//568 569//569 570//570
f 571//571 572//572 573//573
f 574//574 575//575 576//576
f 577//577 578//578 579//579
f 580//580 581//581 582//582
f 583//583 584//584 585//585
f 586//586 587//587 588//588
f 589//589 590//590 591//591
f 592//592 593//593 594//594
f 595//595 596//596 597//597
f 598//598 599//599 600//600
f 601//601 602//602 603//603
f 604//604 605//605 606//606
f 607//607 608//608 609//609
f 610//610 611//611 612//612
f 613//613 614//614 615//615
f 616//616 617//617 618//618
f 619//619 620//620 621//621
f 622//622 623//623 624//624
f 625//625 626//626 627//627
f 628//628 629//629 630//630
f 631//631 632//632 633//633
f 634//634 635//635 636//636
f 637//637 638//638 639//639
f 640//640 641//641 642//642
f 643//643 644//644 645//645
f 646//646 647//647 648//648
f 649//649 650//650 651//651
f 652//652 653//653 654//654
f 655//655 656//656 657//657
f 658//658 659//659 660//660
f 661//661 662//662 663//663
f 664//664 665//665 666//666
f 667//667 668//668 669//669
f 670//670 671//671 672//672
f 673//673 674//674 675//675
f 676//676 677//677 678//678
f 679//679 680//680 681//681
f 682//682 683//683 684//684
f 685//685 686//686 687//687
f 688//688 689//689 690//690
f 691//691 692//692 693//693
f 694//694 695//695 696//696
f 697//697 698//698 699//699
f 700//700 701//701 702//702
f 703//703 704//704 705//705
f 706//706 707//707 708//708
f 709//709 710//710 711//711
f 712//712 713//713 714//714
f 715//715 716//716 717//717
f 718//718 719//719 720//720
f 721//721 722//722 723//723
f 724//724 725//725 726//726
f 727//727 728//728 729//729
f 730//730 731//731 732//732
f 733//733 734//734 735//735
f 736//736 737//737 738//738
f 739//739 740//740 741//741
f 742//742 743//743 744//744
f 745//745 746//746 747//747
f 748//748 749//749 750//750
f 751//751 752//752 753//753
f 754//754 755//755 756//756
f 757//757 758//758 759//759
f 760//760 761//761 762//762
f 763//763 764//764 765//765
f 766//766 767//767 768//768
f 769//769 770//770 771//771
f 772//772 773//773 774//774
f 775//775 776//776 777//777
f 778//778 779//779 780//780
f 781//781 782//782 783//783
f 784//784 785//785 786//786
f 787//787 788//788 789//789
f 790//790 791//791 792//792
f 793//793 794//794 795//795
f 796//796 797//797 798//798
f 799//799 800//800 801//801
f 802//802 803//803 804//804
f 805//805 806//806 807//807
f 808//808 809//809 810//810
f 811//811 812//812 813//813
f 814//814 815//815 816//816
f 817//817 818//818 819//819
f 820//820 821//821 822//822
f 823//823 824//824 825//825
f 826//826 827//827 828//828
f 829//829 830//830 831//831
f 832//832 833//833 834//834
f 835//835 836//836 837//837
f 838//838 839//839 840//840
f 841//841 842//842 843//843
f 844//844 845//845 846//846
f 847//847 848//848 849//849
f 850//850 851//851 852//852
f 853//853 854//854 855//855
f 856//856 857//857 858//858
f 859//859 860//860 861//861
f 862//862 863//863 864//864
f 865//865 866//866 867//867
f 868//868 869//869 870//870
f 871//871 872//872 873//873
f 874//874 875//875 876//876
f 877//877 878//878 879//879
f 880//880 881//881 882//882
f 883//883 884//884 885//885
f 886//886 887//887 888//888
f 889//889 890//890 891//891
f 892//892 893//893 894//894
f 895//895 896//896 897//897
f 898//898 899//899 900//900
f 901//901 902//902 903//903
f 904//904 905//905 906//906
f 907//907 908//908 909//909
f 910//910 911//911 912//912
f 913//913 914//914 915//915
f 916//916 917//917 918//918
f 919//919 920//920 921//921
f 922//922 923//923 924//924
f 925//925 926//926 927//927
f 928//928 929//929 930//930
f 931//931 932//932 933//933
f 934//934 935//935 936//936
f 937//937 938//938 939//939
f 940//940 941//941 942//942
f 943//943 944//944 945//945
f 946//946 947//947 948//948
f 949//949 950//950 951//951
f 952//952 953//953 954//954
f 955//955 956//956 957//957
f 958//958 959//959 960//960
f 961//961 962//962 963//963
f 964//964 965//965 966//966
f 967//967 968//968 969//969
f 970//970 971//971 972//972
f 973//973 974//974 975//975
f 976//976 977//977 978//978
f 979//979 980//980 981//981
f 982//982 983//983 984//984
f 985//985 986//986 987//987
f 988//988 989//989 990//990
f 991//991 992//992 993//993
f 994//994 995//995 996//996
f 997//997 998//998 999//999
f 1000//1000 1001//1001 1002//1002
f 1003//1003 1004//1004 1005//1005
f 1006//1006 1007//1007 1008//1008
f 1009//1009 1010//1010 1011//1011
f 1012//1012 1013//1013 1014//1014
f 1015//1015 1016//1016 1017//1017
f 1018//1018 1019//1019 1020//1020
f 1021//1021 1022//1022 1023//1023
f 1024//1024 1025//1025 1026//1026
f 1027//1027 1028//1028 1029//1029
f 1030//1030 1031//1031 1032//1032
f 1033//1033 1034//1034 1035//1035
f 1036//1036 1037//1037 1038//1038
f 1039//1039 1040//1040 1041//1041
f 1042//1042 1043//1043 1044//1044
f 1045//1045 1046//1046 1047//1047
f 1048//1048 1049//1049 1050//1050
f 1051//1051 1052//1052 1053//1053
f 1054//1054 1055//1055 1056//1056
f 1057//1057 1058//1058 1059//1059
f 1060//1060 1061//1061 1062//1062
f 1063//1063 1064//1064 1065//1065
f 1066//1066 1067//1067 1068//1068
f 1069//1069 1070//1070 1071//1071
f 1072//1072 1073//1073 1074//1074
f 1075//1075 1076//1076 1077//1077
f 1078//1078 1079//1079 1080//1080
f 1081//1081 1082//1082 1083//1083
f 1084//1084 1085//1085 1086//1086
f 1087//1087 1088//1088 1089//1089
f 1090//1090 1091//1091 1092//1092
f 1093//1093 1094//1094 1095//1095
f 1096//1096 1097//1097 1098//1098
f 1099//1099 1100//1100 1101//1101
f 1102//1102 1103//1103 1104//1104
f 1105//1105 1106//1106 1107//1107
f 1108//1108 1109//1109 1110//1110
f 1111//1111 1112//1112 1113//1113
f 1114//1114 1115//1115 1116//1116
f 1117//1117 1118//1118 1119//1119
f 1120//1120 1121//1121 1122//1122
f 1123//1123 1124//1124 1125//1125
f 1126//1126 1127//1127 1128//1128
f 1129//1129 1130//1130 1131//1131
f 1132//1132 1133//1133 1134//1134
f 1135//1135 1136//1136 1137//1137
f 1138//1138 1139//1139 1140//1140
f 1141//1141 1142//1142 1143//1143
f 1144//1144 1145//1145 1146//1146
f 1147//1147 1148//1148 1149//1149
f 1150//1150 1151//1151 1152//1152
f 1153//1153 1154//1154 1155//1155
f 1156//1156 1157//1157 1158//1158
f 1159//1159 1160//1160 1161//1161
f 1162//1162 1163//1163 1164//1164
f 1165//1165 1166//1166 1167//1167
f 1168//1168 1169//1169 1170//1170
f 1171//1171 1172//1172 1173//1173
f 1174//1174 1175//1175 1176//1176
f 1177//1177 1178//1178 1179//1179
f 1180//1180 1181//1181 1182//1182
f 1183//1183 1184//1184 1185//1185
f 1186//1186 1187//1187 1188//1188
f 1189//1189 1190//1190 1191//1191
f 1192//1192 1193//1193 1194//1194
f 1195//1195 1196//1196 1197//1197
f 1198//1198 1199//1199 1200//1200
f 1201//1201 1202//1202 1203//1203
f 1204//1204 1205//1205 1206//1206
f 1207//1207 1208//1208 1209//1209
f 1210//1210 1211//1211 1212//1212
f 1213//1213 1214//1214 1215//1215
f 1216//1216 1217//1217 1218//1218
f 1219//1219 1220//1220 1221//1221
f 1222//1222 1223//1223 1224//1224
f 1225//1225 1226//1226 1227//1227
f 1228//1228 1229//1229 1230//1230
f 1231//1231 1232//1232 1233//1233
f 1234//1234 1235//1235 1236//1236
f 1237//1237 1238//1238 1239//1239
f 1240//1240 1241//1241 1242//1242
f 1243//1243 1244//1244 1245//1245
f 1246//1246 1247//1247 1248//1248
f 1249//1249 1250//1250 1251//1251
f 1252//1252 1253//1253 1254//1254
f 1255//1255 1256//1256 1257//1257
f 1258//1258 1259//1259 1260//1260
f 1261//1261 1262//1262 1263//1263
f 1264//1264 1265//1265 1266//1266
f 1267//1267 1268//1268 1269//1269
f 1270//1270 1271//1271 1272//1272
f 1273//1273 1274//1274 1275//1275
f 1276//1276 1277//1277 1278//1278
f 1279//1279 1280//1280 1281//1281
f 1282//1282 1283//1283 1284//1284
f 1285//1285 1286//1286 1287//1287
f 1288//1288 1289//1289 1290//1290
f 1291//1291 1292//1292 1293//1293
f 1294//1294 1295//1295 1296//1296
f 1297//1297 1298//1298 1299//1299
f 1300//1300 1301//1301 1302//1302
f 1303//1303 1304//1304 1305//1305
f 1306//1306 1307//1307 1308//1308
f 1309//1309 1310//1310 1311//1311
f 1312//1312 1313//1313 1314//1314
f 1315//1315 1316//1316 1317//1317
f 1318//1318 1319//1319 1320//1320
f 1321//1321 1322//1322 1323//1323
f 1324//1324 1325//1325 1326//1326
f 1327//1327 1328//1328 1329//1329
f 1330//1330 1331//1331 1332//1332
f 1333//1333 1334//1334 1335//1335
f 1336//1336 1337//1337 1338//1338
f 1339//1339 1340//1340 1341//1341
f 1342//1342 1343//1343 1344//1344
f 1345//1345 1346//1346 1347//1347
f 1348//1348 1349//1349 1350//1350
f 1351//1351 1352//1352 1353//1353
f 1354//1354 1355//1355 1356//1356
f 1357//1357 1358//1358 1359//1359
f 1360//1360 1361//1361 1362//1362
f 1363//1363 1364//1364 1365//1365
f 1366//1366 1367//1367 1368//1368
f 1369//1369 1370//1370 1371//1371
f 1372//1372 1373//1373 1374//1374
f 1375//1375 1376//1376 1377//1377
f 1378//1378 1379//1379 1380//1380
f 1381//1381 1382//1382 1383//1383
f 1384//1384 1385//1385 1386//1386
f 1387//1387 1388//1388 1389//1389
f 1390//1390 1391//1391 1392//1392
f 1393//1393 1394//1394 1395//1395
f 1396//1396 1397//1397 1398//1398
f 1399//1399 1400//1400 1401//1401
f 1402//1402 1403//1403 1404//1404
f 1405//1405 1406//1406 1407//1407
f 1408//1408 1409//1409 1410//1410
f 1411//1411 1412//1412 1413//1413
f 1414//1414 1415//1415 1416//1416
f 1417//1417 1418//1418 1419//1419
f 1420//1420 1421//1421 1422//1422
f 1423//1423 1424//1424 1425//1425
f 1426//1426 1427//1427 1428//1428
f 1429//1429 1430//1430 1431//1431
f 1432//1432 1433//1433 1434//1434
f 1435//1435 1436//1436 1437//1437
f 1438//1438 1439//1439 1440//1440
f 1441//1441 1442//1442 1443//1443
f 1444//1444 1445//1445 1446//1446
f 1447//1447 1448//1448 1449//1449
f 1450//1450 1451//1451 1452//1452
f 1453//1453 1454//1454 1455//1455
f 1456//1456 1457//1457 1458//1458
f 1459//1459 1460//1460 1461//1461
f 1462//1462 1463//1463 1464//1464
f 1465//1465 1466//1466 1467//1467
f 1468//1468 1469//1469 1470//1470
f 1471//1471 1472//1472 1473//1473
f 1474//1474 1475//1475 1476//1476
f 1477//1477 1478//1478 1479//1479
f 1480//1480 1481//1481 1482//1482
f 1483//1483 1484//1484 1485//1485
f 1486//1486 1487//1487 1488//1488
f 1489//1489 1490//1490 1491//1491
f 1492//1492 1493//1493 1494//1494
f 1495//1495 1496//1496 1497//1497
f 1498//1498 1499//1499 1500//1500
f 1501//1501 1502//1502 1503//1503
f 1504//1504 1505//1505 1506//1506
f 1507//1507 1508//1508 1509//1509
f 1510//1510 1511//1511 1512//1512
f 1513//1513 1514//1514 1515//1515
f 1516//1516 1517//1517 1518//1518
f 1519//1519 1520//1520 1521//1521
f 1522//1522 1523//1523 1524//1524
f 1525//1525 1526//1526 1527//1527
f 1528//1528 1529//1529 1530//1530
f 1531//1531 1532//1532 1533//1533
f 1534//1534 1535//1535 1536//1536
f 1537//1537 1538//1538 1539//1539
f 1540//1540 1541//1541 1542//1542
f 1543//1543 1544//1544 1545//1545
f 1546//1546 1547//1547 1548//1548
f 1549//1549 1550//1550 1551//1551
f 1552//1552 1553//1553 1554//1554
f 1555//1555 1556//1556 1557//1557
f 1558//1558 1559//1559 1560//1560
f 1561//1561 1562//1562 1563//1563
f 1564//1564 1565//1565 1566//1566
f 1567//1567 1568//1568 1569//1569
f 1570//1570 1571//1571 1572//1572
f 1573//1573 1574//1574 1575//1575
f 1576//1576 1577//1577 1578//1578
f 1579//1579 1580//1580 1581//1581
f 1582//1582 1583//1583 1584//1584
f 1585//1585 1586//1586 1587//1587
f 1588//1588 1589//1589 1590//1590
f 1591//1591 1592//1592 1593//1593
f 1594//1594 1595//1595 1596//1596
f 1597//1597 1598//1598 1599//1599
f 1600//1600 1601//1601 1602//1602
f 1603//1603 1604//1604 1605//1605
f 1606//1606 1607//1607 1608//1608
f 1609//1609 1610//1610 1611//1611
f 1612//1612 1613//1613 1614//1614
f 1615//1615 1616//1616 1617//1617
f 1618//1618 1619//1619 1620//1620
f 1621//1621 1622//1622 1623//1623
f 1624//1624 1625//1625 1626//1626
f 1627//1627 1628//1628 1629//1629
f 1630//1630 1631//1631 1632//1632
f 1633//1633 1634//1634 1635//1635
f 1636//1636 1637//1637 1638//1638
f 1639//1639 1640//1640 1641//1641
f 1642//1642 1643//1643 1644//1644
f 1645//1645 1646//1646 1647//1647
f 1648//1648 1649//1649 1650//1650
f 1651//1651 1652//1652 1653//1653
f 1654//1654 1655//1655 1656//1656
f 1657//1657 1658//1658 1659//1659
f 1660//1660 1661//1661 1662//1662
f 1663//1663 1664//1664 1665//1665
f 1666//1666 1667//1667 1668//1668
f 1669//1669 1670//1670 1671//1671
f 1672//1672 1673//1673 1674//1674
f 1675//1675 1676//1676 1677//1677
f 1678//1678 1679//1679 1680//1680
f 1681//1681 1682//1682 1683//1683
f 1684//1684 1685//1685 1686//1686
f 1687//1687 1688//1688 1689//1689
f 1690//1690 1691//1691 1692//1692
f 1693//1693 1694//1694 1695//1695
f 1696//1696 1697//1697 1698//1698
f 1699//1699 1700//1700 1701//1701
f 1702//1702 1703//1703 1704//1704
f 1705//1705 1706//1706 1707//1707
f 1708//1708 1709//1709 1710//1710
f 1711//1711 1712//1712 1713//1713
f 1714//1714 1715//1715 1716//1716
f 1717//1717 1718//1718 1719//1719
f 1720//1720 1721//1721 1722//1722
f 1723//1723 1724//1724 1725//1725
f 1726//1726 1727//1727 1728//1728
f 1729//1729 1730//1730 1731//1731
f 1732//1732 1733//1733 1734//1734
