mtllib upperarm.mtl
o empty_2
usemtl material10
v -0.0384821891784668 0.05823850631713867 -0.025010108947753906
v 0.04729461669921875 0.063852459192276 0.019135713577270508
v 0.046350300312042236 0.05987966060638428 -0.012259483337402344
v 0.03912964463233948 0.0660034567117691 0.03426915407180786
v -0.048476219177246094 0.06072402000427246 -0.004923343658447266
v -0.04458707571029663 0.06470516324043274 0.024796724319458008
v -0.0384821891784668 0.05823850631713867 -0.025010108947753906
v 0.03912964463233948 0.0660034567117691 0.03426915407180786
v 0.04729461669921875 0.063852459192276 0.019135713577270508
v 0.03912964463233948 0.0660034567117691 0.03426915407180786
v -0.04458707571029663 0.06470516324043274 0.024796724319458008
v -0.031963348388671875 0.06700402498245239 0.04217660427093506
v -0.031963348388671875 0.06700402498245239 0.04217660427093506
v -0.0038320422172546387 0.06859733164310455 0.05442187190055847
v 0.013207077980041504 0.06839619576931 0.05251514911651611
v -0.0384821891784668 0.05823850631713867 -0.025010108947753906
v 0.046350300312042236 0.05987966060638428 -0.012259483337402344
v 0.014451980590820312 0.055831968784332275 -0.042740821838378906
v -0.0384821891784668 0.05823850631713867 -0.025010108947753906
v -0.048476219177246094 0.06072402000427246 -0.004923343658447266
v 0.03912964463233948 0.0660034567117691 0.03426915407180786
v 0.013207077980041504 0.06839619576931 0.05251514911651611
v 0.03912964463233948 0.0660034567117691 0.03426915407180786
v -0.031963348388671875 0.06700402498245239 0.04217660427093506
v -0.012003898620605469 0.055876076221466064 -0.04261898994445801
v -0.0384821891784668 0.05823850631713867 -0.025010108947753906
v 0.014451980590820312 0.055831968784332275 -0.042740821838378906
v -0.05096936225891113 0.04649007320404053 -0.027475833892822266
v -0.05554187297821045 0.029610633850097656 -0.01769256591796875
v -0.05560886859893799 0.049068331718444824 -0.015914440155029297
v -0.05554187297821045 0.029610633850097656 -0.01769256591796875
v -0.05096936225891113 0.04649007320404053 -0.027475833892822266
v -0.04664754867553711 0.021641016006469727 -0.034912109375
v -0.04203629493713379 0.042601943016052246 -0.04016518592834473
v -0.04664754867553711 0.021641016006469727 -0.034912109375
v -0.05096936225891113 0.04649007320404053 -0.027475833892822266
v -0.04664754867553711 0.021641016006469727 -0.034912109375
v -0.04203629493713379 0.042601943016052246 -0.04016518592834473
v -0.03133368492126465 0.014977216720581055 -0.04928576946258545
v -0.03133368492126465 0.014977216720581055 -0.04928576946258545
v -0.04203629493713379 0.042601943016052246 -0.04016518592834473
v -0.02995157241821289 0.041855573654174805 -0.04953575134277344
v -0.03133368492126465 0.014977216720581055 -0.04928576946258545
v -0.02995157241821289 0.041855573654174805 -0.04953575134277344
v -0.018076419830322266 0.038968801498413086 -0.05535024404525757
v -0.03133368492126465 0.014977216720581055 -0.04928576946258545
v -0.018076419830322266 0.038968801498413086 -0.05535024404525757
v -0.011493086814880371 0.011365354061126709 -0.0571112334728241
v -0.011493086814880371 0.011365354061126709 -0.0571112334728241
v -0.018076419830322266 0.038968801498413086 -0.05535024404525757
v -0.000816047191619873 0.03956657648086548 -0.058012381196022034
v -0.011493086814880371 0.011365354061126709 -0.0571112334728241
v -0.000816047191619873 0.03956657648086548 -0.058012381196022034
v 0.0067441463470458984 0.011021316051483154 -0.05784168839454651
v -0.000816047191619873 0.03956657648086548 -0.058012381196022034
v 0.009609222412109375 0.04189342260360718 -0.05694746971130371
v 0.0067441463470458984 0.011021316051483154 -0.05784168839454651
v 0.0067441463470458984 0.011021316051483154 -0.05784168839454651
v 0.009609222412109375 0.04189342260360718 -0.05694746971130371
v 0.022700786590576172 0.01302492618560791 -0.053521156311035156
v 0.022700786590576172 0.01302492618560791 -0.053521156311035156
v 0.009609222412109375 0.04189342260360718 -0.05694746971130371
v 0.01999378204345703 0.04291391372680664 -0.054121971130371094
v 0.022700786590576172 0.01302492618560791 -0.053521156311035156
v 0.01999378204345703 0.04291391372680664 -0.054121971130371094
v 0.03187274932861328 0.04205119609832764 -0.04841303825378418
v 0.022700786590576172 0.01302492618560791 -0.053521156311035156
v 0.03187274932861328 0.04205119609832764 -0.04841303825378418
v 0.03295135498046875 0.01565098762512207 -0.04782533645629883
v 0.03295135498046875 0.01565098762512207 -0.04782533645629883
v 0.03187274932861328 0.04205119609832764 -0.04841303825378418
v 0.04383254051208496 0.020061492919921875 -0.038349151611328125
v 0.04383254051208496 0.020061492919921875 -0.038349151611328125
v 0.03187274932861328 0.04205119609832764 -0.04841303825378418
v 0.04375481605529785 0.04307129979133606 -0.038194894790649414
v 0.05167675018310547 0.04561948776245117 -0.02628183364868164
v 0.05267620086669922 0.026383161544799805 -0.024660110473632812
v 0.04375481605529785 0.04307129979133606 -0.038194894790649414
v 0.04375481605529785 0.04307129979133606 -0.038194894790649414
v 0.05267620086669922 0.026383161544799805 -0.024660110473632812
v 0.04383254051208496 0.020061492919921875 -0.038349151611328125
v 0.05267620086669922 0.026383161544799805 -0.024660110473632812
v 0.05167675018310547 0.04561948776245117 -0.02628183364868164
v 0.05590188503265381 0.04941219091415405 -0.014973163604736328
v 0.05267620086669922 0.026383161544799805 -0.024660110473632812
v 0.05590188503265381 0.04941219091415405 -0.014973163604736328
v 0.057091474533081055 0.032623291015625 -0.011189460754394531
v 0.057091474533081055 0.032623291015625 -0.011189460754394531
v 0.05590188503265381 0.04941219091415405 -0.014973163604736328
v 0.05791591480374336 0.0508309006690979 -0.002080202102661133
v 0.057091474533081055 0.032623291015625 -0.011189460754394531
v 0.05791591480374336 0.0508309006690979 -0.002080202102661133
v 0.058100804686546326 0.03912675380706787 0.002812623977661133
v 0.05693081021308899 0.05438755452632904 0.010221242904663086
v 0.05568694323301315 0.04565197601914406 0.016860544681549072
v 0.058100804686546326 0.03912675380706787 0.002812623977661133
v 0.058100804686546326 0.03912675380706787 0.002812623977661133
v 0.05791591480374336 0.0508309006690979 -0.002080202102661133
v 0.05693081021308899 0.05438755452632904 0.010221242904663086
v 0.05693081021308899 0.05438755452632904 0.010221242904663086
v 0.05373179912567139 0.05639076232910156 0.0217132568359375
v 0.05568694323301315 0.04565197601914406 0.016860544681549072
v 0.05568694323301315 0.04565197601914406 0.016860544681549072
v 0.05373179912567139 0.05639076232910156 0.0217132568359375
v 0.050081074237823486 0.05158311128616333 0.029666781425476074
v 0.050081074237823486 0.05158311128616333 0.029666781425476074
v 0.05373179912567139 0.05639076232910156 0.0217132568359375
v 0.046701908111572266 0.059520721435546875 0.03448009490966797
v 0.050081074237823486 0.05158311128616333 0.029666781425476074
v 0.046701908111572266 0.059520721435546875 0.03448009490966797
v 0.042775630950927734 0.056073904037475586 0.039380550384521484
v 0.036025047302246094 0.05900716781616211 0.04559135437011719
v 0.042775630950927734 0.056073904037475586 0.039380550384521484
v 0.046701908111572266 0.059520721435546875 0.03448009490966797
v -0.05554187297821045 0.029610633850097656 -0.01769256591796875
v -0.05798070877790451 0.05092182755470276 -0.0030692219734191895
v -0.05560886859893799 0.049068331718444824 -0.015914440155029297
v -0.05554187297821045 0.029610633850097656 -0.01769256591796875
v -0.05794721841812134 0.035967350006103516 -0.0039844512939453125
v -0.05798070877790451 0.05092182755470276 -0.0030692219734191895
v -0.05782404541969299 0.04036355018615723 0.005410671234130859
v -0.05798070877790451 0.05092182755470276 -0.0030692219734191895
v -0.05794721841812134 0.035967350006103516 -0.0039844512939453125
v -0.055665820837020874 0.0456547737121582 0.01691538095474243
v -0.0571211576461792 0.05384308099746704 0.009599924087524414
v -0.05782404541969299 0.04036355018615723 0.005410671234130859
v -0.05782404541969299 0.04036355018615723 0.005410671234130859
v -0.0571211576461792 0.05384308099746704 0.009599924087524414
v -0.05798070877790451 0.05092182755470276 -0.0030692219734191895
v -0.0571211576461792 0.05384308099746704 0.009599924087524414
v -0.055665820837020874 0.0456547737121582 0.01691538095474243
v -0.05318498611450195 0.05687671899795532 0.023113250732421875
v -0.05318498611450195 0.05687671899795532 0.023113250732421875
v -0.055665820837020874 0.0456547737121582 0.01691538095474243
v -0.04851585626602173 0.052862465381622314 0.0323566198348999
v -0.04851585626602173 0.052862465381622314 0.0323566198348999
v -0.04698991775512695 0.059775590896606445 0.03374481201171875
v -0.05318498611450195 0.05687671899795532 0.023113250732421875
v -0.035892486572265625 0.05913817882537842 0.04586601257324219
v -0.039200782775878906 0.06182253360748291 0.042762041091918945
v -0.04851585626602173 0.052862465381622314 0.0323566198348999
v -0.04851585626602173 0.052862465381622314 0.0323566198348999
v -0.039200782775878906 0.06182253360748291 0.042762041091918945
v -0.04698991775512695 0.059775590896606445 0.03374481201171875
v -0.039200782775878906 0.06182253360748291 0.042762041091918945
v -0.035892486572265625 0.05913817882537842 0.04586601257324219
v -0.024674415588378906 0.06229311227798462 0.0527036190032959
v -0.01764655113220215 0.06696052104234695 0.05375874042510986
v -0.011552572250366211 0.064194455742836 0.05697527527809143
v 0.0006853044033050537 0.06475988775491714 0.05819837749004364
v 0.04528450965881348 0.057617127895355225 -0.020823955535888672
v 0.029404163360595703 0.05554628372192383 -0.03805685043334961
v 0.046350300312042236 0.05987966060638428 -0.012259483337402344
v -0.0571211576461792 0.05384308099746704 0.009599924087524414
v -0.052728861570358276 0.06090947985649109 0.012225747108459473
v -0.05489249899983406 0.05754685401916504 -0.00023698806762695312
v -0.05798070877790451 0.05092182755470276 -0.0030692219734191895
v -0.05489249899983406 0.05754685401916504 -0.00023698806762695312
v -0.05321866273880005 0.0556490421295166 -0.011925220489501953
v -0.05798070877790451 0.05092182755470276 -0.0030692219734191895
v -0.05321866273880005 0.0556490421295166 -0.011925220489501953
v -0.05560886859893799 0.049068331718444824 -0.015914440155029297
v -0.05560886859893799 0.049068331718444824 -0.015914440155029297
v -0.04899168014526367 0.05272269248962402 -0.02497243881225586
v -0.05096936225891113 0.04649007320404053 -0.027475833892822266
v -0.05096936225891113 0.04649007320404053 -0.027475833892822266
v -0.04899168014526367 0.05272269248962402 -0.02497243881225586
v -0.041387081146240234 0.04892385005950928 -0.037787437438964844
v -0.010174274444580078 0.04464864730834961 -0.0557861328125
v -0.004565834999084473 0.049240827560424805 -0.05344653129577637
v 0.009609222412109375 0.04189342260360718 -0.05694746971130371
v 0.03187274932861328 0.04205119609832764 -0.04841303825378418
v 0.01999378204345703 0.04291391372680664 -0.054121971130371094
v 0.02492666244506836 0.05106329917907715 -0.046819210052490234
v 0.03187274932861328 0.04205119609832764 -0.04841303825378418
v 0.02492666244506836 0.05106329917907715 -0.046819210052490234
v 0.03728771209716797 0.04720282554626465 -0.04242706298828125
v 0.05373179912567139 0.05639076232910156 0.0217132568359375
v 0.05693081021308899 0.05438755452632904 0.010221242904663086
v 0.05050748586654663 0.06140724942088127 0.02321171760559082
v -0.04203629493713379 0.042601943016052246 -0.04016518592834473
v -0.05096936225891113 0.04649007320404053 -0.027475833892822266
v -0.041387081146240234 0.04892385005950928 -0.037787437438964844
v -0.04203629493713379 0.042601943016052246 -0.04016518592834473
v -0.041387081146240234 0.04892385005950928 -0.037787437438964844
v -0.033272743225097656 0.049617767333984375 -0.043656349182128906
v -0.04203629493713379 0.042601943016052246 -0.04016518592834473
v -0.033272743225097656 0.049617767333984375 -0.043656349182128906
v -0.02995157241821289 0.041855573654174805 -0.04953575134277344
v -0.018076419830322266 0.038968801498413086 -0.05535024404525757
v -0.02995157241821289 0.041855573654174805 -0.04953575134277344
v -0.010174274444580078 0.04464864730834961 -0.0557861328125
v 0.014594316482543945 0.06629276275634766 0.05528759956359863
v 0.018235206604003906 0.06346455216407776 0.05527162551879883
v 0.02882242202758789 0.06125354766845703 0.05062365531921387
v 0.039459228515625 0.06402254104614258 0.04029989242553711
v 0.02882242202758789 0.06125354766845703 0.05062365531921387
v 0.036025047302246094 0.05900716781616211 0.04559135437011719
v 0.039459228515625 0.06402254104614258 0.04029989242553711
v 0.036025047302246094 0.05900716781616211 0.04559135437011719
v 0.046701908111572266 0.059520721435546875 0.03448009490966797
v 0.047576904296875 0.05179905891418457 -0.02844715118408203
v 0.05167675018310547 0.04561948776245117 -0.02628183364868164
v 0.04375481605529785 0.04307129979133606 -0.038194894790649414
v 0.03728771209716797 0.04720282554626465 -0.04242706298828125
v 0.04375481605529785 0.04307129979133606 -0.038194894790649414
v 0.03187274932861328 0.04205119609832764 -0.04841303825378418
v -0.010174274444580078 0.04464864730834961 -0.0557861328125
v -0.000816047191619873 0.03956657648086548 -0.058012381196022034
v -0.018076419830322266 0.038968801498413086 -0.05535024404525757
v -0.024674415588378906 0.06229311227798462 0.0527036190032959
v -0.011552572250366211 0.064194455742836 0.05697527527809143
v -0.01764655113220215 0.06696052104234695 0.05375874042510986
v -0.024674415588378906 0.06229311227798462 0.0527036190032959
v -0.01764655113220215 0.06696052104234695 0.05375874042510986
v -0.029578685760498047 0.06486943364143372 0.04876708984375
v -0.029578685760498047 0.06486943364143372 0.04876708984375
v -0.039200782775878906 0.06182253360748291 0.042762041091918945
v -0.024674415588378906 0.06229311227798462 0.0527036190032959
v -0.0411677360534668 0.06391215324401855 0.038114070892333984
v -0.039200782775878906 0.06182253360748291 0.042762041091918945
v -0.029578685760498047 0.06486943364143372 0.04876708984375
v 0.014594316482543945 0.06629276275634766 0.05528759956359863
v 0.0006853044033050537 0.06475988775491714 0.05819837749004364
v 0.018235206604003906 0.06346455216407776 0.05527162551879883
v 0.02765631675720215 0.06658273935317993 0.0482335090637207
v 0.014594316482543945 0.06629276275634766 0.05528759956359863
v 0.02882242202758789 0.06125354766845703 0.05062365531921387
v 0.02765631675720215 0.06658273935317993 0.0482335090637207
v 0.02882242202758789 0.06125354766845703 0.05062365531921387
v 0.039459228515625 0.06402254104614258 0.04029989242553711
v 0.05050748586654663 0.06140724942088127 0.02321171760559082
v 0.046701908111572266 0.059520721435546875 0.03448009490966797
v 0.05373179912567139 0.05639076232910156 0.0217132568359375
v 0.05571204051375389 0.056884512305259705 0.0012388229370117188
v 0.05693081021308899 0.05438755452632904 0.010221242904663086
v 0.05791591480374336 0.0508309006690979 -0.002080202102661133
v 0.05571204051375389 0.056884512305259705 0.0012388229370117188
v 0.05791591480374336 0.0508309006690979 -0.002080202102661133
v 0.05590188503265381 0.04941219091415405 -0.014973163604736328
v 0.05590188503265381 0.04941219091415405 -0.014973163604736328
v 0.05167675018310547 0.04561948776245117 -0.02628183364868164
v 0.047576904296875 0.05179905891418457 -0.02844715118408203
v 0.04042530059814453 0.0520930290222168 -0.03581523895263672
v 0.047576904296875 0.05179905891418457 -0.02844715118408203
v 0.04375481605529785 0.04307129979133606 -0.038194894790649414
v 0.04042530059814453 0.0520930290222168 -0.03581523895263672
v 0.04375481605529785 0.04307129979133606 -0.038194894790649414
v 0.03728771209716797 0.04720282554626465 -0.04242706298828125
v 0.009609222412109375 0.04189342260360718 -0.05694746971130371
v -0.000816047191619873 0.03956657648086548 -0.058012381196022034
v -0.010174274444580078 0.04464864730834961 -0.0557861328125
v -0.023218154907226562 0.04834794998168945 -0.0498042106628418
v -0.010174274444580078 0.04464864730834961 -0.0557861328125
v -0.02995157241821289 0.041855573654174805 -0.04953575134277344
v -0.023218154907226562 0.04834794998168945 -0.0498042106628418
v -0.02995157241821289 0.041855573654174805 -0.04953575134277344
v -0.033272743225097656 0.049617767333984375 -0.043656349182128906
v -0.05489249899983406 0.05754685401916504 -0.00023698806762695312
v -0.05798070877790451 0.05092182755470276 -0.0030692219734191895
v -0.0571211576461792 0.05384308099746704 0.009599924087524414
v -0.052728861570358276 0.06090947985649109 0.012225747108459473
v -0.0571211576461792 0.05384308099746704 0.009599924087524414
v -0.05318498611450195 0.05687671899795532 0.023113250732421875
v -0.05020260810852051 0.06187623739242554 0.022611379623413086
v -0.05318498611450195 0.05687671899795532 0.023113250732421875
v -0.04698991775512695 0.059775590896606445 0.03374481201171875
v 0.029404163360595703 0.05554628372192383 -0.03805685043334961
v 0.014451980590820312 0.055831968784332275 -0.042740821838378906
v 0.046350300312042236 0.05987966060638428 -0.012259483337402344
v -0.0384821891784668 0.05823850631713867 -0.025010108947753906
v -0.043372392654418945 0.05561840534210205 -0.027802467346191406
v -0.048476219177246094 0.06072402000427246 -0.004923343658447266
v 0.014451980590820312 0.055831968784332275 -0.042740821838378906
v 0.007098197937011719 0.05249142646789551 -0.05018496513366699
v -0.012003898620605469 0.055876076221466064 -0.04261898994445801
v -0.012003898620605469 0.055876076221466064 -0.04261898994445801
v -0.02747201919555664 0.05459630489349365 -0.04082632064819336
v -0.0384821891784668 0.05823850631713867 -0.025010108947753906
v -0.043372392654418945 0.05561840534210205 -0.027802467346191406
v -0.0384821891784668 0.05823850631713867 -0.025010108947753906
v -0.02747201919555664 0.05459630489349365 -0.04082632064819336
v -0.02747201919555664 0.05459630489349365 -0.04082632064819336
v -0.012003898620605469 0.055876076221466064 -0.04261898994445801
v -0.015018463134765625 0.05258369445800781 -0.048239707946777344
v -0.015018463134765625 0.05258369445800781 -0.048239707946777344
v -0.012003898620605469 0.055876076221466064 -0.04261898994445801
v 0.007098197937011719 0.05249142646789551 -0.05018496513366699
v 0.05209851264953613 0.056432485580444336 -0.012778282165527344
v 0.04528450965881348 0.057617127895355225 -0.020823955535888672
v 0.046350300312042236 0.05987966060638428 -0.012259483337402344
v 0.05209851264953613 0.056432485580444336 -0.012778282165527344
v 0.046350300312042236 0.05987966060638428 -0.012259483337402344
v 0.052566319704055786 0.060434967279434204 0.0054711103439331055
v 0.052566319704055786 0.060434967279434204 0.0054711103439331055
v 0.046350300312042236 0.05987966060638428 -0.012259483337402344
v 0.04729461669921875 0.063852459192276 0.019135713577270508
v 0.04528450965881348 0.057617127895355225 -0.020823955535888672
v 0.04042530059814453 0.0520930290222168 -0.03581523895263672
v 0.029404163360595703 0.05554628372192383 -0.03805685043334961
v 0.014451980590820312 0.055831968784332275 -0.042740821838378906
v 0.029404163360595703 0.05554628372192383 -0.03805685043334961
v 0.02492666244506836 0.05106329917907715 -0.046819210052490234
v 0.014451980590820312 0.055831968784332275 -0.042740821838378906
v 0.02492666244506836 0.05106329917907715 -0.046819210052490234
v 0.007098197937011719 0.05249142646789551 -0.05018496513366699
v 0.03912964463233948 0.0660034567117691 0.03426915407180786
v 0.039459228515625 0.06402254104614258 0.04029989242553711
v 0.05050748586654663 0.06140724942088127 0.02321171760559082
v 0.03912964463233948 0.0660034567117691 0.03426915407180786
v 0.05050748586654663 0.06140724942088127 0.02321171760559082
v 0.04729461669921875 0.063852459192276 0.019135713577270508
v 0.04528450965881348 0.057617127895355225 -0.020823955535888672
v 0.05209851264953613 0.056432485580444336 -0.012778282165527344
v 0.047576904296875 0.05179905891418457 -0.02844715118408203
v 0.04528450965881348 0.057617127895355225 -0.020823955535888672
v 0.047576904296875 0.05179905891418457 -0.02844715118408203
v 0.04042530059814453 0.0520930290222168 -0.03581523895263672
v 0.029404163360595703 0.05554628372192383 -0.03805685043334961
v 0.04042530059814453 0.0520930290222168 -0.03581523895263672
v 0.02492666244506836 0.05106329917907715 -0.046819210052490234
v 0.007098197937011719 0.05249142646789551 -0.05018496513366699
v -0.004565834999084473 0.049240827560424805 -0.05344653129577637
v -0.015018463134765625 0.05258369445800781 -0.048239707946777344
v -0.02747201919555664 0.05459630489349365 -0.04082632064819336
v -0.033272743225097656 0.049617767333984375 -0.043656349182128906
v -0.043372392654418945 0.05561840534210205 -0.027802467346191406
v -0.052728861570358276 0.06090947985649109 0.012225747108459473
v -0.04458707571029663 0.06470516324043274 0.024796724319458008
v -0.048476219177246094 0.06072402000427246 -0.004923343658447266
v -0.05020260810852051 0.06187623739242554 0.022611379623413086
v -0.04458707571029663 0.06470516324043274 0.024796724319458008
v -0.052728861570358276 0.06090947985649109 0.012225747108459473
v -0.05489249899983406 0.05754685401916504 -0.00023698806762695312
v -0.052728861570358276 0.06090947985649109 0.012225747108459473
v -0.048476219177246094 0.06072402000427246 -0.004923343658447266
v -0.029578685760498047 0.06486943364143372 0.04876708984375
v -0.01764655113220215 0.06696052104234695 0.05375874042510986
v -0.031963348388671875 0.06700402498245239 0.04217660427093506
v -0.029578685760498047 0.06486943364143372 0.04876708984375
v -0.031963348388671875 0.06700402498245239 0.04217660427093506
v -0.0411677360534668 0.06391215324401855 0.038114070892333984
v -0.05489249899983406 0.05754685401916504 -0.00023698806762695312
v -0.048476219177246094 0.06072402000427246 -0.004923343658447266
v -0.05321866273880005 0.0556490421295166 -0.011925220489501953
v -0.05321866273880005 0.0556490421295166 -0.011925220489501953
v -0.048476219177246094 0.06072402000427246 -0.004923343658447266
v -0.043372392654418945 0.05561840534210205 -0.027802467346191406
v 0.039459228515625 0.06402254104614258 0.04029989242553711
v 0.03912964463233948 0.0660034567117691 0.03426915407180786
v 0.02765631675720215 0.06658273935317993 0.0482335090637207
v -0.0411677360534668 0.06391215324401855 0.038114070892333984
v -0.031963348388671875 0.06700402498245239 0.04217660427093506
v -0.04458707571029663 0.06470516324043274 0.024796724319458008
v -0.0411677360534668 0.06391215324401855 0.038114070892333984
v -0.04458707571029663 0.06470516324043274 0.024796724319458008
v -0.05020260810852051 0.06187623739242554 0.022611379623413086
v -0.031963348388671875 0.06700402498245239 0.04217660427093506
v -0.01764655113220215 0.06696052104234695 0.05375874042510986
v -0.0038320422172546387 0.06859733164310455 0.05442187190055847
v 0.013207077980041504 0.06839619576931 0.05251514911651611
v 0.02765631675720215 0.06658273935317993 0.0482335090637207
v 0.03912964463233948 0.0660034567117691 0.03426915407180786
v -0.041387081146240234 0.04892385005950928 -0.037787437438964844
v -0.043372392654418945 0.05561840534210205 -0.027802467346191406
v -0.033272743225097656 0.049617767333984375 -0.043656349182128906
v -0.033272743225097656 0.049617767333984375 -0.043656349182128906
v -0.02747201919555664 0.05459630489349365 -0.04082632064819336
v -0.023218154907226562 0.04834794998168945 -0.0498042106628418
v -0.023218154907226562 0.04834794998168945 -0.0498042106628418
v -0.02747201919555664 0.05459630489349365 -0.04082632064819336
v -0.015018463134765625 0.05258369445800781 -0.048239707946777344
v -0.023218154907226562 0.04834794998168945 -0.0498042106628418
v -0.015018463134765625 0.05258369445800781 -0.048239707946777344
v -0.004565834999084473 0.049240827560424805 -0.05344653129577637
v 0.05571204051375389 0.056884512305259705 0.0012388229370117188
v 0.05209851264953613 0.056432485580444336 -0.012778282165527344
v 0.052566319704055786 0.060434967279434204 0.0054711103439331055
v 0.05050748586654663 0.06140724942088127 0.02321171760559082
v 0.052566319704055786 0.060434967279434204 0.0054711103439331055
v 0.04729461669921875 0.063852459192276 0.019135713577270508
v -0.039200782775878906 0.06182253360748291 0.042762041091918945
v -0.0411677360534668 0.06391215324401855 0.038114070892333984
v -0.04698991775512695 0.059775590896606445 0.03374481201171875
v -0.05318498611450195 0.05687671899795532 0.023113250732421875
v -0.05020260810852051 0.06187623739242554 0.022611379623413086
v -0.052728861570358276 0.06090947985649109 0.012225747108459473
v -0.05560886859893799 0.049068331718444824 -0.015914440155029297
v -0.05321866273880005 0.0556490421295166 -0.011925220489501953
v -0.04899168014526367 0.05272269248962402 -0.02497243881225586
v 0.009609222412109375 0.04189342260360718 -0.05694746971130371
v -0.004565834999084473 0.049240827560424805 -0.05344653129577637
v 0.007098197937011719 0.05249142646789551 -0.05018496513366699
v 0.009609222412109375 0.04189342260360718 -0.05694746971130371
v 0.007098197937011719 0.05249142646789551 -0.05018496513366699
v 0.01999378204345703 0.04291391372680664 -0.054121971130371094
v 0.05590188503265381 0.04941219091415405 -0.014973163604736328
v 0.047576904296875 0.05179905891418457 -0.02844715118408203
v 0.05209851264953613 0.056432485580444336 -0.012778282165527344
v 0.05590188503265381 0.04941219091415405 -0.014973163604736328
v 0.05209851264953613 0.056432485580444336 -0.012778282165527344
v 0.05571204051375389 0.056884512305259705 0.0012388229370117188
v 0.05693081021308899 0.05438755452632904 0.010221242904663086
v 0.05571204051375389 0.056884512305259705 0.0012388229370117188
v 0.05050748586654663 0.06140724942088127 0.02321171760559082
v 0.014594316482543945 0.06629276275634766 0.05528759956359863
v 0.02765631675720215 0.06658273935317993 0.0482335090637207
v 0.013207077980041504 0.06839619576931 0.05251514911651611
v 0.0006853044033050537 0.06475988775491714 0.05819837749004364
v 0.014594316482543945 0.06629276275634766 0.05528759956359863
v -0.0038320422172546387 0.06859733164310455 0.05442187190055847
v 0.0006853044033050537 0.06475988775491714 0.05819837749004364
v -0.0038320422172546387 0.06859733164310455 0.05442187190055847
v -0.01764655113220215 0.06696052104234695 0.05375874042510986
v -0.0411677360534668 0.06391215324401855 0.038114070892333984
v -0.05020260810852051 0.06187623739242554 0.022611379623413086
v -0.04698991775512695 0.059775590896606445 0.03374481201171875
v -0.04899168014526367 0.05272269248962402 -0.02497243881225586
v -0.05321866273880005 0.0556490421295166 -0.011925220489501953
v -0.043372392654418945 0.05561840534210205 -0.027802467346191406
v -0.04899168014526367 0.05272269248962402 -0.02497243881225586
v -0.043372392654418945 0.05561840534210205 -0.027802467346191406
v -0.041387081146240234 0.04892385005950928 -0.037787437438964844
v -0.010174274444580078 0.04464864730834961 -0.0557861328125
v -0.023218154907226562 0.04834794998168945 -0.0498042106628418
v -0.004565834999084473 0.049240827560424805 -0.05344653129577637
v 0.01999378204345703 0.04291391372680664 -0.054121971130371094
v 0.007098197937011719 0.05249142646789551 -0.05018496513366699
v 0.02492666244506836 0.05106329917907715 -0.046819210052490234
v 0.03728771209716797 0.04720282554626465 -0.04242706298828125
v 0.02492666244506836 0.05106329917907715 -0.046819210052490234
v 0.04042530059814453 0.0520930290222168 -0.03581523895263672
v 0.05571204051375389 0.056884512305259705 0.0012388229370117188
v 0.052566319704055786 0.060434967279434204 0.0054711103439331055
v 0.05050748586654663 0.06140724942088127 0.02321171760559082
v 0.046701908111572266 0.059520721435546875 0.03448009490966797
v 0.05050748586654663 0.06140724942088127 0.02321171760559082
v 0.039459228515625 0.06402254104614258 0.04029989242553711
v 0.014594316482543945 0.06629276275634766 0.05528759956359863
v 0.013207077980041504 0.06839619576931 0.05251514911651611
v -0.0038320422172546387 0.06859733164310455 0.05442187190055847
v -0.05048084259033203 0.05230104923248291 0.03170430660247803
v -0.04851585626602173 0.052862465381622314 0.0323566198348999
v -0.055665820837020874 0.0456547737121582 0.01691538095474243
v 0.02882242202758789 0.06125354766845703 0.05062365531921387
v 0.02826547622680664 0.06176847219467163 0.05243515968322754
v 0.036025047302246094 0.05900716781616211 0.04559135437011719
v 0.0067441463470458984 0.011021316051483154 -0.05784168839454651
v 0.015957117080688477 0.011016011238098145 -0.0576595664024353
v -0.0010674595832824707 0.010087862610816956 -0.05956346169114113
v 0.0067441463470458984 0.011021316051483154 -0.05784168839454651
v -0.0010674595832824707 0.010087862610816956 -0.05956346169114113
v -0.011493086814880371 0.011365354061126709 -0.0571112334728241
v 0.015957117080688477 0.011016011238098145 -0.0576595664024353
v 0.0067441463470458984 0.011021316051483154 -0.05784168839454651
v 0.022700786590576172 0.01302492618560791 -0.053521156311035156
v 0.018235206604003906 0.06346455216407776 0.05527162551879883
v 0.017980337142944336 0.06384390592575073 0.05664265155792236
v 0.02882242202758789 0.06125354766845703 0.05062365531921387
v -0.011552572250366211 0.064194455742836 0.05697527527809143
v -0.009742021560668945 0.06479299813508987 0.058735549449920654
v 0.0006853044033050537 0.06475988775491714 0.05819837749004364
v 0.015957117080688477 0.011016011238098145 -0.0576595664024353
v 0.022700786590576172 0.01302492618560791 -0.053521156311035156
v 0.033213138580322266 0.014756321907043457 -0.04953956604003906
v 0.033213138580322266 0.014756321907043457 -0.04953956604003906
v 0.022700786590576172 0.01302492618560791 -0.053521156311035156
v 0.03295135498046875 0.01565098762512207 -0.04782533645629883
v 0.005437314510345459 0.06503745168447495 0.05924437940120697
v 0.0006853044033050537 0.06475988775491714 0.05819837749004364
v -0.009742021560668945 0.06479299813508987 0.058735549449920654
v -0.015451431274414062 0.011013329029083252 -0.057684481143951416
v -0.03133368492126465 0.014977216720581055 -0.04928576946258545
v -0.011493086814880371 0.011365354061126709 -0.0571112334728241
v -0.015451431274414062 0.011013329029083252 -0.057684481143951416
v -0.011493086814880371 0.011365354061126709 -0.0571112334728241
v -0.0010674595832824707 0.010087862610816956 -0.05956346169114113
v 0.04383254051208496 0.020061492919921875 -0.038349151611328125
v 0.033213138580322266 0.014756321907043457 -0.04953956604003906
v 0.03295135498046875 0.01565098762512207 -0.04782533645629883
v 0.0006853044033050537 0.06475988775491714 0.05819837749004364
v 0.005437314510345459 0.06503745168447495 0.05924437940120697
v 0.017980337142944336 0.06384390592575073 0.05664265155792236
v 0.0006853044033050537 0.06475988775491714 0.05819837749004364
v 0.017980337142944336 0.06384390592575073 0.05664265155792236
v 0.018235206604003906 0.06346455216407776 0.05527162551879883
v 0.04383254051208496 0.020061492919921875 -0.038349151611328125
v 0.05098581314086914 0.02340531349182129 -0.03086566925048828
v 0.043091773986816406 0.01859140396118164 -0.04113578796386719
v 0.04383254051208496 0.020061492919921875 -0.038349151611328125
v 0.043091773986816406 0.01859140396118164 -0.04113578796386719
v 0.033213138580322266 0.014756321907043457 -0.04953956604003906
v -0.032045841217041016 0.060839176177978516 0.050081729888916016
v -0.024674415588378906 0.06229311227798462 0.0527036190032959
v -0.035892486572265625 0.05913817882537842 0.04586601257324219
v -0.04851585626602173 0.052862465381622314 0.0323566198348999
v -0.032045841217041016 0.060839176177978516 0.050081729888916016
v -0.035892486572265625 0.05913817882537842 0.04586601257324219
v 0.03806304931640625 0.05872774124145508 0.04566240310668945
v 0.036025047302246094 0.05900716781616211 0.04559135437011719
v 0.02826547622680664 0.06176847219467163 0.05243515968322754
v 0.05098581314086914 0.02340531349182129 -0.03086566925048828
v 0.04383254051208496 0.020061492919921875 -0.038349151611328125
v 0.05267620086669922 0.026383161544799805 -0.024660110473632812
v 0.042775630950927734 0.056073904037475586 0.039380550384521484
v 0.036025047302246094 0.05900716781616211 0.04559135437011719
v 0.03806304931640625 0.05872774124145508 0.04566240310668945
v 0.03806304931640625 0.05872774124145508 0.04566240310668945
v 0.04578399658203125 0.05522561073303223 0.038059234619140625
v 0.042775630950927734 0.056073904037475586 0.039380550384521484
v -0.03133368492126465 0.014977216720581055 -0.04928576946258545
v -0.015451431274414062 0.011013329029083252 -0.057684481143951416
v -0.031946659088134766 0.014327049255371094 -0.0504155158996582
v -0.03133368492126465 0.014977216720581055 -0.04928576946258545
v -0.031946659088134766 0.014327049255371094 -0.0504155158996582
v -0.042995452880859375 0.018602848052978516 -0.04120826721191406
v -0.03133368492126465 0.014977216720581055 -0.04928576946258545
v -0.042995452880859375 0.018602848052978516 -0.04120826721191406
v -0.04664754867553711 0.021641016006469727 -0.034912109375
v 0.05098581314086914 0.02340531349182129 -0.03086566925048828
v 0.05267620086669922 0.026383161544799805 -0.024660110473632812
v 0.05791878700256348 0.03087759017944336 -0.014622211456298828
v 0.05791878700256348 0.03087759017944336 -0.014622211456298828
v 0.05267620086669922 0.026383161544799805 -0.024660110473632812
v 0.057091474533081055 0.032623291015625 -0.011189460754394531
v -0.05048084259033203 0.05230104923248291 0.03170430660247803
v -0.032045841217041016 0.060839176177978516 0.050081729888916016
v -0.04851585626602173 0.052862465381622314 0.0323566198348999
v -0.05685052275657654 0.04584378004074097 0.01771777868270874
v -0.05048084259033203 0.05230104923248291 0.03170430660247803
v -0.055665820837020874 0.0456547737121582 0.01691538095474243
v 0.042775630950927734 0.056073904037475586 0.039380550384521484
v 0.04578399658203125 0.05522561073303223 0.038059234619140625
v 0.050081074237823486 0.05158311128616333 0.029666781425476074
v -0.04664754867553711 0.021641016006469727 -0.034912109375
v -0.05098915100097656 0.023360013961791992 -0.0308837890625
v -0.05678892135620117 0.029297351837158203 -0.01813793182373047
v -0.04664754867553711 0.021641016006469727 -0.034912109375
v -0.05678892135620117 0.029297351837158203 -0.01813793182373047
v -0.05554187297821045 0.029610633850097656 -0.01769256591796875
v 0.050081074237823486 0.05158311128616333 0.029666781425476074
v 0.04578399658203125 0.05522561073303223 0.038059234619140625
v 0.05295288562774658 0.05020594596862793 0.02729630470275879
v 0.050081074237823486 0.05158311128616333 0.029666781425476074
v 0.05295288562774658 0.05020594596862793 0.02729630470275879
v 0.05568694323301315 0.04565197601914406 0.016860544681549072
v 0.059479936957359314 0.039087533950805664 0.0030059814453125
v 0.05568694323301315 0.04565197601914406 0.016860544681549072
v 0.05745002627372742 0.0448228120803833 0.015667490661144257
v 0.05745002627372742 0.0448228120803833 0.015667490661144257
v 0.05568694323301315 0.04565197601914406 0.016860544681549072
v 0.05295288562774658 0.05020594596862793 0.02729630470275879
v -0.05935567617416382 0.03555655479431152 -0.004535675048828125
v -0.05794721841812134 0.035967350006103516 -0.0039844512939453125
v -0.05678892135620117 0.029297351837158203 -0.01813793182373047
v -0.05794721841812134 0.035967350006103516 -0.0039844512939453125
v -0.05935567617416382 0.03555655479431152 -0.004535675048828125
v -0.05782404541969299 0.04036355018615723 0.005410671234130859
v -0.05782404541969299 0.04036355018615723 0.005410671234130859
v -0.05935567617416382 0.03555655479431152 -0.004535675048828125
v -0.055665820837020874 0.0456547737121582 0.01691538095474243
v -0.05794721841812134 0.035967350006103516 -0.0039844512939453125
v -0.05554187297821045 0.029610633850097656 -0.01769256591796875
v -0.05678892135620117 0.029297351837158203 -0.01813793182373047
v 0.05568694323301315 0.04565197601914406 0.016860544681549072
v 0.059479936957359314 0.039087533950805664 0.0030059814453125
v 0.058100804686546326 0.03912675380706787 0.002812623977661133
v 0.058100804686546326 0.03912675380706787 0.002812623977661133
v 0.059479936957359314 0.039087533950805664 0.0030059814453125
v 0.057091474533081055 0.032623291015625 -0.011189460754394531
v 0.057091474533081055 0.032623291015625 -0.011189460754394531
v 0.059479936957359314 0.039087533950805664 0.0030059814453125
v 0.05791878700256348 0.03087759017944336 -0.014622211456298828
v -0.05685052275657654 0.04584378004074097 0.01771777868270874
v -0.055665820837020874 0.0456547737121582 0.01691538095474243
v -0.05916696786880493 0.04064059257507324 0.006610393524169922
v -0.042995452880859375 0.018602848052978516 -0.04120826721191406
v -0.05098915100097656 0.023360013961791992 -0.0308837890625
v -0.04664754867553711 0.021641016006469727 -0.034912109375
v -0.05935567617416382 0.03555655479431152 -0.004535675048828125
v -0.05916696786880493 0.04064059257507324 0.006610393524169922
v -0.055665820837020874 0.0456547737121582 0.01691538095474243
v -0.024674415588378906 0.06229311227798462 0.0527036190032959
v -0.032045841217041016 0.060839176177978516 0.050081729888916016
v -0.009742021560668945 0.06479299813508987 0.058735549449920654
v -0.009742021560668945 0.06479299813508987 0.058735549449920654
v -0.032045841217041016 0.060839176177978516 0.050081729888916016
v -0.021452903747558594 0.06314778327941895 0.055533766746520996
v -0.009742021560668945 0.06479299813508987 0.058735549449920654
v -0.011552572250366211 0.064194455742836 0.05697527527809143
v -0.024674415588378906 0.06229311227798462 0.0527036190032959
v -0.05048084259033203 0.05230104923248291 0.03170430660247803
v -0.04136800765991211 0.05730175971984863 0.04283857345581055
v -0.032045841217041016 0.060839176177978516 0.050081729888916016
v 0.017980337142944336 0.06384390592575073 0.05664265155792236
v 0.02826547622680664 0.06176847219467163 0.05243515968322754
v 0.02882242202758789 0.06125354766845703 0.05062365531921387
v 0.05791878700256348 0.03087759017944336 -0.014622211456298828
v 0.059479936957359314 0.039087533950805664 0.0030059814453125
v 0.05910009145736694 0.029585719108581543 -0.008691906929016113
v 0.05295288562774658 0.05020594596862793 0.02729630470275879
v 0.057697638869285583 0.04114566743373871 0.016274750232696533
v 0.05745002627372742 0.0448228120803833 0.015667490661144257
v 0.005437314510345459 0.06503745168447495 0.05924437940120697
v -0.009742021560668945 0.06479299813508987 0.058735549449920654
v 0.006795048713684082 0.06105705350637436 0.05931439995765686
v 0.006795048713684082 0.06105705350637436 0.05931439995765686
v -0.009742021560668945 0.06479299813508987 0.058735549449920654
v -0.011118412017822266 0.06070505082607269 0.05855429172515869
v -0.009742021560668945 0.06479299813508987 0.058735549449920654
v -0.021452903747558594 0.06314778327941895 0.055533766746520996
v -0.011118412017822266 0.06070505082607269 0.05855429172515869
v -0.011118412017822266 0.06070505082607269 0.05855429172515869
v -0.021452903747558594 0.06314778327941895 0.055533766746520996
v -0.03115713596343994 0.05734223127365112 0.05128800868988037
v -0.03115713596343994 0.05734223127365112 0.05128800868988037
v -0.021452903747558594 0.06314778327941895 0.055533766746520996
v -0.032045841217041016 0.060839176177978516 0.050081729888916016
v -0.03115713596343994 0.05734223127365112 0.05128800868988037
v -0.032045841217041016 0.060839176177978516 0.050081729888916016
v -0.04136800765991211 0.05730175971984863 0.04283857345581055
v -0.03115713596343994 0.05734223127365112 0.05128800868988037
v -0.04136800765991211 0.05730175971984863 0.04283857345581055
v -0.047927021980285645 0.05007714033126831 0.035584449768066406
v -0.047927021980285645 0.05007714033126831 0.035584449768066406
v -0.04136800765991211 0.05730175971984863 0.04283857345581055
v -0.05048084259033203 0.05230104923248291 0.03170430660247803
v -0.05048084259033203 0.05230104923248291 0.03170430660247803
v -0.05629664659500122 0.042757272720336914 0.01977062225341797
v -0.047927021980285645 0.05007714033126831 0.035584449768066406
v -0.05629664659500122 0.042757272720336914 0.01977062225341797
v -0.05048084259033203 0.05230104923248291 0.03170430660247803
v -0.05685052275657654 0.04584378004074097 0.01771777868270874
v -0.05685052275657654 0.04584378004074097 0.01771777868270874
v -0.05916696786880493 0.04064059257507324 0.006610393524169922
v -0.05629664659500122 0.042757272720336914 0.01977062225341797
v -0.05629664659500122 0.042757272720336914 0.01977062225341797
v -0.05916696786880493 0.04064059257507324 0.006610393524169922
v -0.059892438352108 0.03207974135875702 -0.0032992660999298096
v -0.059892438352108 0.03207974135875702 -0.0032992660999298096
v -0.05916696786880493 0.04064059257507324 0.006610393524169922
v -0.05935567617416382 0.03555655479431152 -0.004535675048828125
v -0.059892438352108 0.03207974135875702 -0.0032992660999298096
v -0.05935567617416382 0.03555655479431152 -0.004535675048828125
v -0.05678892135620117 0.029297351837158203 -0.01813793182373047
v -0.059892438352108 0.03207974135875702 -0.0032992660999298096
v -0.05678892135620117 0.029297351837158203 -0.01813793182373047
v -0.051224350929260254 0.019072890281677246 -0.03142821788787842
v -0.051224350929260254 0.019072890281677246 -0.03142821788787842
v -0.05678892135620117 0.029297351837158203 -0.01813793182373047
v -0.05098915100097656 0.023360013961791992 -0.0308837890625
v -0.05098915100097656 0.023360013961791992 -0.0308837890625
v -0.042995452880859375 0.018602848052978516 -0.04120826721191406
v -0.051224350929260254 0.019072890281677246 -0.03142821788787842
v -0.042995452880859375 0.018602848052978516 -0.04120826721191406
v -0.03354597091674805 0.010751008987426758 -0.049405694007873535
v -0.051224350929260254 0.019072890281677246 -0.03142821788787842
v -0.03354597091674805 0.010751008987426758 -0.049405694007873535
v -0.042995452880859375 0.018602848052978516 -0.04120826721191406
v -0.031946659088134766 0.014327049255371094 -0.0504155158996582
v -0.03354597091674805 0.010751008987426758 -0.049405694007873535
v -0.031946659088134766 0.014327049255371094 -0.0504155158996582
v -0.01722860336303711 0.007215529680252075 -0.05704295635223389
v -0.01722860336303711 0.007215529680252075 -0.05704295635223389
v -0.031946659088134766 0.014327049255371094 -0.0504155158996582
v -0.015451431274414062 0.011013329029083252 -0.057684481143951416
v -0.01722860336303711 0.007215529680252075 -0.05704295635223389
v -0.015451431274414062 0.011013329029083252 -0.057684481143951416
v -0.00004959665238857269 0.005962355062365532 -0.059746138751506805
v -0.015451431274414062 0.011013329029083252 -0.057684481143951416
v -0.0010674595832824707 0.010087862610816956 -0.05956346169114113
v -0.00004959665238857269 0.005962355062365532 -0.059746138751506805
v -0.00004959665238857269 0.005962355062365532 -0.059746138751506805
v -0.0010674595832824707 0.010087862610816956 -0.05956346169114113
v 0.015957117080688477 0.011016011238098145 -0.0576595664024353
v -0.00004959665238857269 0.005962355062365532 -0.059746138751506805
v 0.015957117080688477 0.011016011238098145 -0.0576595664024353
v 0.020329713821411133 0.007617592811584473 -0.05616462230682373
v 0.015957117080688477 0.011016011238098145 -0.0576595664024353
v 0.033213138580322266 0.014756321907043457 -0.04953956604003906
v 0.020329713821411133 0.007617592811584473 -0.05616462230682373
v 0.020329713821411133 0.007617592811584473 -0.05616462230682373
v 0.033213138580322266 0.014756321907043457 -0.04953956604003906
v 0.042150139808654785 0.013803482055664062 -0.04268026351928711
v 0.043091773986816406 0.01859140396118164 -0.04113578796386719
v 0.042150139808654785 0.013803482055664062 -0.04268026351928711
v 0.033213138580322266 0.014756321907043457 -0.04953956604003906
v 0.05098581314086914 0.02340531349182129 -0.03086566925048828
v 0.042150139808654785 0.013803482055664062 -0.04268026351928711
v 0.043091773986816406 0.01859140396118164 -0.04113578796386719
v 0.042150139808654785 0.013803482055664062 -0.04268026351928711
v 0.05098581314086914 0.02340531349182129 -0.03086566925048828
v 0.05400657653808594 0.021978378295898438 -0.025136947631835938
v 0.05791878700256348 0.03087759017944336 -0.014622211456298828
v 0.05400657653808594 0.021978378295898438 -0.025136947631835938
v 0.05098581314086914 0.02340531349182129 -0.03086566925048828
v 0.05400657653808594 0.021978378295898438 -0.025136947631835938
v 0.05791878700256348 0.03087759017944336 -0.014622211456298828
v 0.05910009145736694 0.029585719108581543 -0.008691906929016113
v 0.059479936957359314 0.039087533950805664 0.0030059814453125
v 0.057697638869285583 0.04114566743373871 0.016274750232696533
v 0.05910009145736694 0.029585719108581543 -0.008691906929016113
v 0.057697638869285583 0.04114566743373871 0.016274750232696533
v 0.059479936957359314 0.039087533950805664 0.0030059814453125
v 0.05745002627372742 0.0448228120803833 0.015667490661144257
v 0.04578399658203125 0.05522561073303223 0.038059234619140625
v 0.04505014419555664 0.05182385444641113 0.039350271224975586
v 0.05295288562774658 0.05020594596862793 0.02729630470275879
v 0.057697638869285583 0.04114566743373871 0.016274750232696533
v 0.05295288562774658 0.05020594596862793 0.02729630470275879
v 0.04505014419555664 0.05182385444641113 0.039350271224975586
v 0.03806304931640625 0.05872774124145508 0.04566240310668945
v 0.04505014419555664 0.05182385444641113 0.039350271224975586
v 0.04578399658203125 0.05522561073303223 0.038059234619140625
v 0.04505014419555664 0.05182385444641113 0.039350271224975586
v 0.03806304931640625 0.05872774124145508 0.04566240310668945
v 0.026645421981811523 0.05836370587348938 0.05348902940750122
v 0.026645421981811523 0.05836370587348938 0.05348902940750122
v 0.03806304931640625 0.05872774124145508 0.04566240310668945
v 0.02826547622680664 0.06176847219467163 0.05243515968322754
v 0.017980337142944336 0.06384390592575073 0.05664265155792236
v 0.006795048713684082 0.06105705350637436 0.05931439995765686
v 0.026645421981811523 0.05836370587348938 0.05348902940750122
v 0.026645421981811523 0.05836370587348938 0.05348902940750122
v 0.02826547622680664 0.06176847219467163 0.05243515968322754
v 0.017980337142944336 0.06384390592575073 0.05664265155792236
v 0.006795048713684082 0.06105705350637436 0.05931439995765686
v 0.017980337142944336 0.06384390592575073 0.05664265155792236
v 0.005437314510345459 0.06503745168447495 0.05924437940120697
v 0.020329713821411133 0.007617592811584473 -0.05616462230682373
v 0.026645421981811523 0.05836370587348938 0.05348902940750122
v 0.006795048713684082 0.06105705350637436 0.05931439995765686
v 0.020329713821411133 0.007617592811584473 -0.05616462230682373
v 0.006795048713684082 0.06105705350637436 0.05931439995765686
v -0.011118412017822266 0.06070505082607269 0.05855429172515869
v 0.04505014419555664 0.05182385444641113 0.039350271224975586
v 0.026645421981811523 0.05836370587348938 0.05348902940750122
v 0.020329713821411133 0.007617592811584473 -0.05616462230682373
v -0.011118412017822266 0.06070505082607269 0.05855429172515869
v -0.03115713596343994 0.05734223127365112 0.05128800868988037
v 0.020329713821411133 0.007617592811584473 -0.05616462230682373
v 0.020329713821411133 0.007617592811584473 -0.05616462230682373
v -0.03115713596343994 0.05734223127365112 0.05128800868988037
v -0.047927021980285645 0.05007714033126831 0.035584449768066406
v 0.020329713821411133 0.007617592811584473 -0.05616462230682373
v -0.05629664659500122 0.042757272720336914 0.01977062225341797
v -0.059892438352108 0.03207974135875702 -0.0032992660999298096
v 0.020329713821411133 0.007617592811584473 -0.05616462230682373
v -0.047927021980285645 0.05007714033126831 0.035584449768066406
v -0.05629664659500122 0.042757272720336914 0.01977062225341797
v 0.020329713821411133 0.007617592811584473 -0.05616462230682373
v -0.059892438352108 0.03207974135875702 -0.0032992660999298096
v -0.051224350929260254 0.019072890281677246 -0.03142821788787842
v 0.057697638869285583 0.04114566743373871 0.016274750232696533
v 0.04505014419555664 0.05182385444641113 0.039350271224975586
v 0.020329713821411133 0.007617592811584473 -0.05616462230682373
v 0.020329713821411133 0.007617592811584473 -0.05616462230682373
v -0.051224350929260254 0.019072890281677246 -0.03142821788787842
v -0.03354597091674805 0.010751008987426758 -0.049405694007873535
v -0.03354597091674805 0.010751008987426758 -0.049405694007873535
v -0.01722860336303711 0.007215529680252075 -0.05704295635223389
v 0.020329713821411133 0.007617592811584473 -0.05616462230682373
v 0.05910009145736694 0.029585719108581543 -0.008691906929016113
v 0.057697638869285583 0.04114566743373871 0.016274750232696533
v 0.020329713821411133 0.007617592811584473 -0.05616462230682373
v 0.020329713821411133 0.007617592811584473 -0.05616462230682373
v -0.01722860336303711 0.007215529680252075 -0.05704295635223389
v -0.00004959665238857269 0.005962355062365532 -0.059746138751506805
v 0.020329713821411133 0.007617592811584473 -0.05616462230682373
v 0.05400657653808594 0.021978378295898438 -0.025136947631835938
v 0.05910009145736694 0.029585719108581543 -0.008691906929016113
v 0.042150139808654785 0.013803482055664062 -0.04268026351928711
v 0.05400657653808594 0.021978378295898438 -0.025136947631835938
v 0.020329713821411133 0.007617592811584473 -0.05616462230682373
v -0.02260289341211319 0.053007084876298904 0.07051195204257965
v 0.0013515083119273186 0.05727967619895935 0.07049842923879623
v 0.0484231673181057 -0.031879786401987076 0.07050099223852158
v 0.04308982193470001 0.03776637464761734 0.07049897313117981
v 0.05474609509110451 0.017993947491049767 0.07051065564155579
v 0.056966375559568405 -0.006169538013637066 0.07049800455570221
v -0.048263296484947205 0.03243618085980415 0.07050217688083649
v 0.0484231673181057 -0.031879786401987076 0.07050099223852158
v -0.05710514634847641 0.005051975604146719 0.07049833238124847
v 0.023764798417687416 0.05249787122011185 0.0705103948712349
v 0.04308982193470001 0.03776637464761734 0.07049897313117981
v 0.0484231673181057 -0.031879786401987076 0.07050099223852158
v 0.0484231673181057 -0.031879786401987076 0.07050099223852158
v 0.04308982193470001 0.03776637464761734 0.07049897313117981
v 0.056966375559568405 -0.006169538013637066 0.07049800455570221
v 0.0484231673181057 -0.031879786401987076 0.07050099223852158
v 0.022454574704170227 -0.05314681679010391 0.07050846517086029
v -0.0002264324575662613 -0.05732634291052818 0.07049856334924698
v -0.0002264324575662613 -0.05732634291052818 0.07049856334924698
v -0.02395613305270672 -0.0524846613407135 0.07050771266222
v 0.0484231673181057 -0.031879786401987076 0.07050099223852158
v -0.02395613305270672 -0.0524846613407135 0.07050771266222
v -0.0423596017062664 -0.03862662985920906 0.07049829512834549
v 0.0484231673181057 -0.031879786401987076 0.07050099223852158
v 0.0484231673181057 -0.031879786401987076 0.07050099223852158
v -0.0423596017062664 -0.03862662985920906 0.07049829512834549
v -0.054857343435287476 -0.01785716414451599 0.07050669193267822
v -0.048263296484947205 0.03243618085980415 0.07050217688083649
v -0.02260289341211319 0.053007084876298904 0.07051195204257965
v 0.0484231673181057 -0.031879786401987076 0.07050099223852158
v 0.0484231673181057 -0.031879786401987076 0.07050099223852158
v 0.0013515083119273186 0.05727967619895935 0.07049842923879623
v 0.023764798417687416 0.05249787122011185 0.0705103948712349
v 0.0484231673181057 -0.031879786401987076 0.07050099223852158
v -0.054857343435287476 -0.01785716414451599 0.07050669193267822
v -0.05710514634847641 0.005051975604146719 0.07049833238124847
v -0.05169898271560669 -0.025463465601205826 0.3544982075691223
v 0.05624047666788101 -0.013137724250555038 0.3544895350933075
v 0.055276058614254 0.016288546845316887 0.35448965430259705
v -0.05169898271560669 -0.025463465601205826 0.3544982075691223
v 0.055276058614254 0.016288546845316887 0.35448965430259705
v 0.04335537552833557 0.037460558116436005 0.35450172424316406
v -0.007674476131796837 0.05752694606781006 0.35449501872062683
v -0.053717758506536484 0.02086927369236946 0.3544965386390686
v -0.057298317551612854 -0.0027131931856274605 0.3544999957084656
v 0.04335537552833557 0.037460558116436005 0.35450172424316406
v 0.025381265208125114 0.05173692852258682 0.3544912040233612
v -0.05169898271560669 -0.025463465601205826 0.3544982075691223
v 0.05624047666788101 -0.013137724250555038 0.3544895350933075
v 0.0023424108512699604 -0.057696111500263214 0.3545043170452118
v 0.029789291322231293 -0.04933387413620949 0.3544963300228119
v -0.007674476131796837 0.05752694606781006 0.35449501872062683
v -0.057298317551612854 -0.0027131931856274605 0.3544999957084656
v -0.05169898271560669 -0.025463465601205826 0.3544982075691223
v -0.007674476131796837 0.05752694606781006 0.35449501872062683
v -0.05169898271560669 -0.025463465601205826 0.3544982075691223
v 0.025381265208125114 0.05173692852258682 0.3544912040233612
v -0.053717758506536484 0.02086927369236946 0.3544965386390686
v -0.007674476131796837 0.05752694606781006 0.35449501872062683
v -0.03706006705760956 0.04433804377913475 0.3545041084289551
v -0.05169898271560669 -0.025463465601205826 0.3544982075691223
v -0.029750293120741844 -0.04992895945906639 0.35449114441871643
v 0.05624047666788101 -0.013137724250555038 0.3544895350933075
v 0.05624047666788101 -0.013137724250555038 0.3544895350933075
v -0.029750293120741844 -0.04992895945906639 0.35449114441871643
v 0.0023424108512699604 -0.057696111500263214 0.3545043170452118
v 0.05624047666788101 -0.013137724250555038 0.3544895350933075
v 0.029789291322231293 -0.04933387413620949 0.3544963300228119
v 0.04691149294376373 -0.033016469329595566 0.3544873297214508
v -0.03523564338684082 0.04503572732210159 0.07545927166938782
v -0.02260289341211319 0.053007084876298904 0.07051195204257965
v -0.048263296484947205 0.03243618085980415 0.07050217688083649
v -0.02260289341211319 0.053007084876298904 0.07051195204257965
v -0.03523564338684082 0.04503572732210159 0.07545927166938782
v -0.017031650990247726 0.054618582129478455 0.07547220587730408
v -0.02260289341211319 0.053007084876298904 0.07051195204257965
v -0.017031650990247726 0.054618582129478455 0.07547220587730408
v 0.0013515083119273186 0.05727967619895935 0.07049842923879623
v -0.017031650990247726 0.054618582129478455 0.07547220587730408
v 0.00012135505676269531 0.05709610879421234 0.07530710101127625
v 0.0013515083119273186 0.05727967619895935 0.07049842923879623
v 0.013447165489196777 0.05544736236333847 0.07537055015563965
v 0.023764798417687416 0.05249787122011185 0.0705103948712349
v 0.0013515083119273186 0.05727967619895935 0.07049842923879623
v 0.013447165489196777 0.05544736236333847 0.07537055015563965
v 0.0013515083119273186 0.05727967619895935 0.07049842923879623
v 0.00012135505676269531 0.05709610879421234 0.07530710101127625
v 0.023764798417687416 0.05249787122011185 0.0705103948712349
v 0.013447165489196777 0.05544736236333847 0.07537055015563965
v 0.02866484969854355 0.04954049736261368 0.07531654834747314
v 0.023764798417687416 0.05249787122011185 0.0705103948712349
v 0.02866484969854355 0.04954049736261368 0.07531654834747314
v 0.04308982193470001 0.03776637464761734 0.07049897313117981
v 0.02866484969854355 0.04954049736261368 0.07531654834747314
v 0.04212358593940735 0.0385204553604126 0.07542881369590759
v 0.04308982193470001 0.03776637464761734 0.07049897313117981
v 0.04982161521911621 0.027823518961668015 0.07531777024269104
v 0.05474609509110451 0.017993947491049767 0.07051065564155579
v 0.04308982193470001 0.03776637464761734 0.07049897313117981
v 0.04982161521911621 0.027823518961668015 0.07531777024269104
v 0.04308982193470001 0.03776637464761734 0.07049897313117981
v 0.04212358593940735 0.0385204553604126 0.07542881369590759
v 0.05474609509110451 0.017993947491049767 0.07051065564155579
v 0.04982161521911621 0.027823518961668015 0.07531777024269104
v 0.055843010544776917 0.012488625943660736 0.07539990544319153
v 0.05474609509110451 0.017993947491049767 0.07051065564155579
v 0.055843010544776917 0.012488625943660736 0.07539990544319153
v 0.056966375559568405 -0.006169538013637066 0.07049800455570221
v 0.055843010544776917 0.012488625943660736 0.07539990544319153
v 0.05684794485569 -0.005150213837623596 0.07542404532432556
v 0.056966375559568405 -0.006169538013637066 0.07049800455570221
v 0.05417296290397644 -0.01791842095553875 0.0753377377986908
v 0.0484231673181057 -0.031879786401987076 0.07050099223852158
v 0.056966375559568405 -0.006169538013637066 0.07049800455570221
v 0.05417296290397644 -0.01791842095553875 0.0753377377986908
v 0.056966375559568405 -0.006169538013637066 0.07049800455570221
v 0.05684794485569 -0.005150213837623596 0.07542404532432556
v 0.0484231673181057 -0.031879786401987076 0.07050099223852158
v 0.05417296290397644 -0.01791842095553875 0.0753377377986908
v 0.04818698763847351 -0.03066481649875641 0.07528570294380188
v 0.0484231673181057 -0.031879786401987076 0.07050099223852158
v 0.04818698763847351 -0.03066481649875641 0.07528570294380188
v 0.03988151252269745 -0.04089033603668213 0.07526957988739014
v 0.0484231673181057 -0.031879786401987076 0.07050099223852158
v 0.03988151252269745 -0.04089033603668213 0.07526957988739014
v 0.022454574704170227 -0.05314681679010391 0.07050846517086029
v 0.022454574704170227 -0.05314681679010391 0.07050846517086029
v 0.03988151252269745 -0.04089033603668213 0.07526957988739014
v 0.02643430233001709 -0.05072297900915146 0.07533523440361023
v 0.022454574704170227 -0.05314681679010391 0.07050846517086029
v 0.02643430233001709 -0.05072297900915146 0.07533523440361023
v 0.007152526173740625 -0.05678984522819519 0.07527416944503784
v 0.022454574704170227 -0.05314681679010391 0.07050846517086029
v 0.007152526173740625 -0.05678984522819519 0.07527416944503784
v -0.0002264324575662613 -0.05732634291052818 0.07049856334924698
v 0.007152526173740625 -0.05678984522819519 0.07527416944503784
v -0.009790988638997078 -0.056338563561439514 0.07516840100288391
v -0.0002264324575662613 -0.05732634291052818 0.07049856334924698
v -0.0002264324575662613 -0.05732634291052818 0.07049856334924698
v -0.009790988638997078 -0.056338563561439514 0.07516840100288391
v -0.02395613305270672 -0.0524846613407135 0.07050771266222
v -0.02275335043668747 -0.0523039847612381 0.0754762589931488
v -0.02395613305270672 -0.0524846613407135 0.07050771266222
v -0.009790988638997078 -0.056338563561439514 0.07516840100288391
v -0.02395613305270672 -0.0524846613407135 0.07050771266222
v -0.02275335043668747 -0.0523039847612381 0.0754762589931488
v -0.03702371567487717 -0.04363646358251572 0.07533437013626099
v -0.02395613305270672 -0.0524846613407135 0.07050771266222
v -0.03702371567487717 -0.04363646358251572 0.07533437013626099
v -0.0423596017062664 -0.03862662985920906 0.07049829512834549
v -0.03702371567487717 -0.04363646358251572 0.07533437013626099
v -0.04830250144004822 -0.030598122626543045 0.07520848512649536
v -0.0423596017062664 -0.03862662985920906 0.07049829512834549
v -0.0423596017062664 -0.03862662985920906 0.07049829512834549
v -0.04830250144004822 -0.030598122626543045 0.07520848512649536
v -0.054857343435287476 -0.01785716414451599 0.07050669193267822
v -0.05399861931800842 -0.018393665552139282 0.07544559240341187
v -0.054857343435287476 -0.01785716414451599 0.07050669193267822
v -0.04830250144004822 -0.030598122626543045 0.07520848512649536
v -0.054857343435287476 -0.01785716414451599 0.07050669193267822
v -0.05399861931800842 -0.018393665552139282 0.07544559240341187
v -0.057194679975509644 -0.0017732232809066772 0.07539883255958557
v -0.054857343435287476 -0.01785716414451599 0.07050669193267822
v -0.057194679975509644 -0.0017732232809066772 0.07539883255958557
v -0.05710514634847641 0.005051975604146719 0.07049833238124847
v -0.057194679975509644 -0.0017732232809066772 0.07539883255958557
v -0.05447790026664734 0.018026575446128845 0.07509830594062805
v -0.05710514634847641 0.005051975604146719 0.07049833238124847
v -0.05710514634847641 0.005051975604146719 0.07049833238124847
v -0.05447790026664734 0.018026575446128845 0.07509830594062805
v -0.048263296484947205 0.03243618085980415 0.07050217688083649
v -0.05447790026664734 0.018026575446128845 0.07509830594062805
v -0.046284496784210205 0.03353819251060486 0.07519611716270447
v -0.048263296484947205 0.03243618085980415 0.07050217688083649
v -0.048263296484947205 0.03243618085980415 0.07050217688083649
v -0.046284496784210205 0.03353819251060486 0.07519611716270447
v -0.03523564338684082 0.04503572732210159 0.07545927166938782
v -0.029217194765806198 0.04903647303581238 0.3497098684310913
v -0.03706006705760956 0.04433804377913475 0.3545041084289551
v -0.017034471035003662 0.05458471179008484 0.34967702627182007
v -0.017034471035003662 0.05458471179008484 0.34967702627182007
v -0.03706006705760956 0.04433804377913475 0.3545041084289551
v -0.007674476131796837 0.05752694606781006 0.35449501872062683
v -0.017034471035003662 0.05458471179008484 0.34967702627182007
v -0.007674476131796837 0.05752694606781006 0.35449501872062683
v 0.00007343292236328125 0.05719824135303497 0.34958067536354065
v 0.025381265208125114 0.05173692852258682 0.3544912040233612
v 0.020084336400032043 0.05358165502548218 0.34959957003593445
v -0.007674476131796837 0.05752694606781006 0.35449501872062683
v 0.020084336400032043 0.05358165502548218 0.34959957003593445
v 0.00007343292236328125 0.05719824135303497 0.34958067536354065
v -0.007674476131796837 0.05752694606781006 0.35449501872062683
v 0.025381265208125114 0.05173692852258682 0.3544912040233612
v 0.03479541838169098 0.045281052589416504 0.34973546862602234
v 0.020084336400032043 0.05358165502548218 0.34959957003593445
v 0.03479541838169098 0.045281052589416504 0.34973546862602234
v 0.025381265208125114 0.05173692852258682 0.3544912040233612
v 0.04335537552833557 0.037460558116436005 0.35450172424316406
v 0.055276058614254 0.016288546845316887 0.35448965430259705
v 0.05141735076904297 0.024795860052108765 0.3497192859649658
v 0.04335537552833557 0.037460558116436005 0.35450172424316406
v 0.05141735076904297 0.024795860052108765 0.3497192859649658
v 0.044164568185806274 0.036086395382881165 0.34951046109199524
v 0.04335537552833557 0.037460558116436005 0.35450172424316406
v 0.04335537552833557 0.037460558116436005 0.35450172424316406
v 0.044164568185806274 0.036086395382881165 0.34951046109199524
v 0.03479541838169098 0.045281052589416504 0.34973546862602234
v 0.05709312856197357 -0.0012900233268737793 0.3496536910533905
v 0.055824458599090576 0.012274026870727539 0.34973257780075073
v 0.055276058614254 0.016288546845316887 0.35448965430259705
v 0.055276058614254 0.016288546845316887 0.35448965430259705
v 0.055824458599090576 0.012274026870727539 0.34973257780075073
v 0.05141735076904297 0.024795860052108765 0.3497192859649658
v 0.05709312856197357 -0.0012900233268737793 0.3496536910533905
v 0.055276058614254 0.016288546845316887 0.35448965430259705
v 0.05624047666788101 -0.013137724250555038 0.3544895350933075
v 0.05624047666788101 -0.013137724250555038 0.3544895350933075
v 0.055364713072776794 -0.014136791229248047 0.34977346658706665
v 0.05709312856197357 -0.0012900233268737793 0.3496536910533905
v 0.04691149294376373 -0.033016469329595566 0.3544873297214508
v 0.04026395082473755 -0.04058880731463432 0.34949687123298645
v 0.0501331090927124 -0.027269452810287476 0.3496024012565613
v 0.04691149294376373 -0.033016469329595566 0.3544873297214508
v 0.0501331090927124 -0.027269452810287476 0.3496024012565613
v 0.05624047666788101 -0.013137724250555038 0.3544895350933075
v 0.04026395082473755 -0.04058880731463432 0.34949687123298645
v 0.04691149294376373 -0.033016469329595566 0.3544873297214508
v 0.029789291322231293 -0.04933387413620949 0.3544963300228119
v 0.029789291322231293 -0.04933387413620949 0.3544963300228119
v 0.01663897931575775 -0.054704874753952026 0.3495352864265442
v 0.02929896116256714 -0.04892462491989136 0.3496515154838562
v 0.029789291322231293 -0.04933387413620949 0.3544963300228119
v 0.02929896116256714 -0.04892462491989136 0.3496515154838562
v 0.04026395082473755 -0.04058880731463432 0.34949687123298645
v 0.01663897931575775 -0.054704874753952026 0.3495352864265442
v 0.029789291322231293 -0.04933387413620949 0.3544963300228119
v 0.0023424108512699604 -0.057696111500263214 0.3545043170452118
v 0.0023424108512699604 -0.057696111500263214 0.3545043170452118
v -0.000041961669921875 -0.05712667107582092 0.34975820779800415
v 0.01663897931575775 -0.054704874753952026 0.3495352864265442
v -0.029750293120741844 -0.04992895945906639 0.35449114441871643
v -0.026000618934631348 -0.05082389712333679 0.34960541129112244
v -0.013470429927110672 -0.0554710328578949 0.3497108817100525
v -0.029750293120741844 -0.04992895945906639 0.35449114441871643
v -0.013470429927110672 -0.0554710328578949 0.3497108817100525
v 0.0023424108512699604 -0.057696111500263214 0.3545043170452118
v 0.0023424108512699604 -0.057696111500263214 0.3545043170452118
v -0.013470429927110672 -0.0554710328578949 0.3497108817100525
v -0.000041961669921875 -0.05712667107582092 0.34975820779800415
v -0.029750293120741844 -0.04992895945906639 0.35449114441871643
v -0.03960314393043518 -0.0412866473197937 0.3495190143585205
v -0.026000618934631348 -0.05082389712333679 0.34960541129112244
v -0.03960314393043518 -0.0412866473197937 0.3495190143585205
v -0.029750293120741844 -0.04992895945906639 0.35449114441871643
v -0.05169898271560669 -0.025463465601205826 0.3544982075691223
v -0.03960314393043518 -0.0412866473197937 0.3495190143585205
v -0.05169898271560669 -0.025463465601205826 0.3544982075691223
v -0.05139285326004028 -0.025326818227767944 0.3497854769229889
v -0.057136282324790955 -0.005291834473609924 0.3498879075050354
v -0.05139285326004028 -0.025326818227767944 0.3497854769229889
v -0.05169898271560669 -0.025463465601205826 0.3544982075691223
v -0.057136282324790955 -0.005291834473609924 0.3498879075050354
v -0.05169898271560669 -0.025463465601205826 0.3544982075691223
v -0.057298317551612854 -0.0027131931856274605 0.3544999957084656
v -0.057136282324790955 -0.005291834473609924 0.3498879075050354
v -0.057298317551612854 -0.0027131931856274605 0.3544999957084656
v -0.05525824427604675 0.014925546944141388 0.3497259318828583
v -0.05525824427604675 0.014925546944141388 0.3497259318828583
v -0.057298317551612854 -0.0027131931856274605 0.3544999957084656
v -0.053717758506536484 0.02086927369236946 0.3544965386390686
v -0.053717758506536484 0.02086927369236946 0.3544965386390686
v -0.0481882244348526 0.030543148517608643 0.3496117889881134
v -0.05525824427604675 0.014925546944141388 0.3497259318828583
v -0.0481882244348526 0.030543148517608643 0.3496117889881134
v -0.053717758506536484 0.02086927369236946 0.3544965386390686
v -0.03706006705760956 0.04433804377913475 0.3545041084289551
v -0.0481882244348526 0.030543148517608643 0.3496117889881134
v -0.03706006705760956 0.04433804377913475 0.3545041084289551
v -0.04019690304994583 0.04060056805610657 0.34974247217178345
v -0.03706006705760956 0.04433804377913475 0.3545041084289551
v -0.029217194765806198 0.04903647303581238 0.3497098684310913
v -0.04019690304994583 0.04060056805610657 0.34974247217178345
v 0.055364713072776794 -0.014136791229248047 0.34977346658706665
v 0.05624047666788101 -0.013137724250555038 0.3544895350933075
v 0.0501331090927124 -0.027269452810287476 0.3496024012565613
v 0.047330714762210846 -0.017537057399749756 0.08252421021461487
v 0.05417296290397644 -0.01791842095553875 0.0753377377986908
v 0.050275057554244995 -0.002061396837234497 0.08247217535972595
v 0.050275057554244995 -0.002061396837234497 0.08247217535972595
v 0.05417296290397644 -0.01791842095553875 0.0753377377986908
v 0.05684794485569 -0.005150213837623596 0.07542404532432556
v 0.050275057554244995 -0.002061396837234497 0.08247217535972595
v 0.05684794485569 -0.005150213837623596 0.07542404532432556
v 0.055843010544776917 0.012488625943660736 0.07539990544319153
v 0.050275057554244995 -0.002061396837234497 0.08247217535972595
v 0.055843010544776917 0.012488625943660736 0.07539990544319153
v 0.04871754348278046 0.013737879693508148 0.08222809433937073
v 0.04871754348278046 0.013737879693508148 0.08222809433937073
v 0.055843010544776917 0.012488625943660736 0.07539990544319153
v 0.04982161521911621 0.027823518961668015 0.07531777024269104
v 0.04871754348278046 0.013737879693508148 0.08222809433937073
v 0.04982161521911621 0.027823518961668015 0.07531777024269104
v 0.041784048080444336 0.02816757559776306 0.08241346478462219
v 0.041784048080444336 0.02816757559776306 0.08241346478462219
v 0.04982161521911621 0.027823518961668015 0.07531777024269104
v 0.04212358593940735 0.0385204553604126 0.07542881369590759
v 0.041784048080444336 0.02816757559776306 0.08241346478462219
v 0.04212358593940735 0.0385204553604126 0.07542881369590759
v 0.033425524830818176 0.037613511085510254 0.08245348930358887
v 0.033425524830818176 0.037613511085510254 0.08245348930358887
v 0.04212358593940735 0.0385204553604126 0.07542881369590759
v 0.02866484969854355 0.04954049736261368 0.07531654834747314
v 0.033425524830818176 0.037613511085510254 0.08245348930358887
v 0.02866484969854355 0.04954049736261368 0.07531654834747314
v 0.02030324935913086 0.04621213674545288 0.08252677321434021
v 0.02030324935913086 0.04621213674545288 0.08252677321434021
v 0.02866484969854355 0.04954049736261368 0.07531654834747314
v 0.013447165489196777 0.05544736236333847 0.07537055015563965
v 0.02030324935913086 0.04621213674545288 0.08252677321434021
v 0.013447165489196777 0.05544736236333847 0.07537055015563965
v 0.005157344043254852 0.050146520137786865 0.0823209285736084
v 0.005157344043254852 0.050146520137786865 0.0823209285736084
v 0.013447165489196777 0.05544736236333847 0.07537055015563965
v 0.00012135505676269531 0.05709610879421234 0.07530710101127625
v 0.005157344043254852 0.050146520137786865 0.0823209285736084
v 0.00012135505676269531 0.05709610879421234 0.07530710101127625
v -0.010893960483372211 0.04942307621240616 0.08223387598991394
v -0.010893960483372211 0.04942307621240616 0.08223387598991394
v 0.00012135505676269531 0.05709610879421234 0.07530710101127625
v -0.017031650990247726 0.054618582129478455 0.07547220587730408
v -0.03523564338684082 0.04503572732210159 0.07545927166938782
v -0.02804335579276085 0.041978925466537476 0.08248531818389893
v -0.017031650990247726 0.054618582129478455 0.07547220587730408
v -0.017031650990247726 0.054618582129478455 0.07547220587730408
v -0.02804335579276085 0.041978925466537476 0.08248531818389893
v -0.010893960483372211 0.04942307621240616 0.08223387598991394
v -0.02804335579276085 0.041978925466537476 0.08248531818389893
v -0.03523564338684082 0.04503572732210159 0.07545927166938782
v -0.039715297520160675 0.030921056866645813 0.08249500393867493
v -0.039715297520160675 0.030921056866645813 0.08249500393867493
v -0.03523564338684082 0.04503572732210159 0.07545927166938782
v -0.046284496784210205 0.03353819251060486 0.07519611716270447
v -0.039715297520160675 0.030921056866645813 0.08249500393867493
v -0.046284496784210205 0.03353819251060486 0.07519611716270447
v -0.04756329208612442 0.01713964343070984 0.08230116963386536
v -0.04756329208612442 0.01713964343070984 0.08230116963386536
v -0.046284496784210205 0.03353819251060486 0.07519611716270447
v -0.05447790026664734 0.018026575446128845 0.07509830594062805
v -0.04756329208612442 0.01713964343070984 0.08230116963386536
v -0.05447790026664734 0.018026575446128845 0.07509830594062805
v -0.050359755754470825 0.0018419474363327026 0.08234146237373352
v -0.050359755754470825 0.0018419474363327026 0.08234146237373352
v -0.05447790026664734 0.018026575446128845 0.07509830594062805
v -0.057194679975509644 -0.0017732232809066772 0.07539883255958557
v -0.050359755754470825 0.0018419474363327026 0.08234146237373352
v -0.057194679975509644 -0.0017732232809066772 0.07539883255958557
v -0.04869556427001953 -0.013492850586771965 0.08243128657341003
v -0.04869556427001953 -0.013492850586771965 0.08243128657341003
v -0.057194679975509644 -0.0017732232809066772 0.07539883255958557
v -0.05399861931800842 -0.018393665552139282 0.07544559240341187
v -0.04869556427001953 -0.013492850586771965 0.08243128657341003
v -0.05399861931800842 -0.018393665552139282 0.07544559240341187
v -0.041757553815841675 -0.02812241017818451 0.08243149518966675
v -0.041757553815841675 -0.02812241017818451 0.08243149518966675
v -0.05399861931800842 -0.018393665552139282 0.07544559240341187
v -0.04830250144004822 -0.030598122626543045 0.07520848512649536
v -0.041757553815841675 -0.02812241017818451 0.08243149518966675
v -0.04830250144004822 -0.030598122626543045 0.07520848512649536
v -0.03702371567487717 -0.04363646358251572 0.07533437013626099
v -0.041757553815841675 -0.02812241017818451 0.08243149518966675
v -0.03702371567487717 -0.04363646358251572 0.07533437013626099
v -0.031147807836532593 -0.039809346199035645 0.08240249752998352
v -0.031147807836532593 -0.039809346199035645 0.08240249752998352
v -0.03702371567487717 -0.04363646358251572 0.07533437013626099
v -0.01751217246055603 -0.04724642634391785 0.08238011598587036
v -0.01751217246055603 -0.04724642634391785 0.08238011598587036
v -0.03702371567487717 -0.04363646358251572 0.07533437013626099
v -0.02275335043668747 -0.0523039847612381 0.0754762589931488
v -0.01751217246055603 -0.04724642634391785 0.08238011598587036
v -0.02275335043668747 -0.0523039847612381 0.0754762589931488
v -0.009790988638997078 -0.056338563561439514 0.07516840100288391
v -0.01751217246055603 -0.04724642634391785 0.08238011598587036
v -0.009790988638997078 -0.056338563561439514 0.07516840100288391
v -0.0020789578557014465 -0.05050845444202423 0.08231797814369202
v -0.0020789578557014465 -0.05050845444202423 0.08231797814369202
v -0.009790988638997078 -0.056338563561439514 0.07516840100288391
v 0.007152526173740625 -0.05678984522819519 0.07527416944503784
v -0.0020789578557014465 -0.05050845444202423 0.08231797814369202
v 0.007152526173740625 -0.05678984522819519 0.07527416944503784
v 0.01659221202135086 -0.047632813453674316 0.0825623869895935
v 0.01659221202135086 -0.047632813453674316 0.0825623869895935
v 0.007152526173740625 -0.05678984522819519 0.07527416944503784
v 0.02643430233001709 -0.05072297900915146 0.07533523440361023
v 0.01659221202135086 -0.047632813453674316 0.0825623869895935
v 0.02643430233001709 -0.05072297900915146 0.07533523440361023
v 0.03057505190372467 -0.03994682431221008 0.08253920078277588
v 0.03057505190372467 -0.03994682431221008 0.08253920078277588
v 0.02643430233001709 -0.05072297900915146 0.07533523440361023
v 0.03988151252269745 -0.04089033603668213 0.07526957988739014
v 0.03057505190372467 -0.03994682431221008 0.08253920078277588
v 0.03988151252269745 -0.04089033603668213 0.07526957988739014
v 0.039643652737140656 -0.03116220235824585 0.08228915929794312
v 0.039643652737140656 -0.03116220235824585 0.08228915929794312
v 0.03988151252269745 -0.04089033603668213 0.07526957988739014
v 0.04818698763847351 -0.03066481649875641 0.07528570294380188
v 0.039643652737140656 -0.03116220235824585 0.08228915929794312
v 0.04818698763847351 -0.03066481649875641 0.07528570294380188
v 0.047330714762210846 -0.017537057399749756 0.08252421021461487
v 0.047330714762210846 -0.017537057399749756 0.08252421021461487
v 0.04818698763847351 -0.03066481649875641 0.07528570294380188
v 0.05417296290397644 -0.01791842095553875 0.0753377377986908
v -0.01149815320968628 0.04922670125961304 0.3425777852535248
v -0.017034471035003662 0.05458471179008484 0.34967702627182007
v 0.00007343292236328125 0.05719824135303497 0.34958067536354065
v -0.01149815320968628 0.04922670125961304 0.3425777852535248
v 0.00007343292236328125 0.05719824135303497 0.34958067536354065
v 0.004880189895629883 0.05019491910934448 0.3426688611507416
v 0.004880189895629883 0.05019491910934448 0.3426688611507416
v 0.00007343292236328125 0.05719824135303497 0.34958067536354065
v 0.020084336400032043 0.05358165502548218 0.34959957003593445
v 0.004880189895629883 0.05019491910934448 0.3426688611507416
v 0.020084336400032043 0.05358165502548218 0.34959957003593445
v 0.01741008460521698 0.047209858894348145 0.3425595760345459
v 0.01741008460521698 0.047209858894348145 0.3425595760345459
v 0.020084336400032043 0.05358165502548218 0.34959957003593445
v 0.03122718818485737 0.03965401649475098 0.3424437344074249
v 0.03122718818485737 0.03965401649475098 0.3424437344074249
v 0.020084336400032043 0.05358165502548218 0.34959957003593445
v 0.03479541838169098 0.045281052589416504 0.34973546862602234
v 0.03122718818485737 0.03965401649475098 0.3424437344074249
v 0.03479541838169098 0.045281052589416504 0.34973546862602234
v 0.044164568185806274 0.036086395382881165 0.34951046109199524
v 0.03122718818485737 0.03965401649475098 0.3424437344074249
v 0.044164568185806274 0.036086395382881165 0.34951046109199524
v 0.04188957065343857 0.028095409274101257 0.34272778034210205
v 0.04188957065343857 0.028095409274101257 0.34272778034210205
v 0.044164568185806274 0.036086395382881165 0.34951046109199524
v 0.05141735076904297 0.024795860052108765 0.3497192859649658
v 0.04188957065343857 0.028095409274101257 0.34272778034210205
v 0.05141735076904297 0.024795860052108765 0.3497192859649658
v 0.048557981848716736 0.013837844133377075 0.34249523282051086
v 0.048557981848716736 0.013837844133377075 0.34249523282051086
v 0.05141735076904297 0.024795860052108765 0.3497192859649658
v 0.055824458599090576 0.012274026870727539 0.34973257780075073
v 0.048557981848716736 0.013837844133377075 0.34249523282051086
v 0.055824458599090576 0.012274026870727539 0.34973257780075073
v 0.050290048122406006 -0.004911407828330994 0.34249112010002136
v 0.050290048122406006 -0.004911407828330994 0.34249112010002136
v 0.055824458599090576 0.012274026870727539 0.34973257780075073
v 0.05709312856197357 -0.0012900233268737793 0.3496536910533905
v 0.050290048122406006 -0.004911407828330994 0.34249112010002136
v 0.05709312856197357 -0.0012900233268737793 0.3496536910533905
v 0.055364713072776794 -0.014136791229248047 0.34977346658706665
v 0.050290048122406006 -0.004911407828330994 0.34249112010002136
v 0.055364713072776794 -0.014136791229248047 0.34977346658706665
v 0.045946717262268066 -0.02058771252632141 0.3426058888435364
v 0.045946717262268066 -0.02058771252632141 0.3426058888435364
v 0.055364713072776794 -0.014136791229248047 0.34977346658706665
v 0.0501331090927124 -0.027269452810287476 0.3496024012565613
v 0.04026395082473755 -0.04058880731463432 0.34949687123298645
v 0.03766357898712158 -0.033595576882362366 0.34242814779281616
v 0.0501331090927124 -0.027269452810287476 0.3496024012565613
v 0.0501331090927124 -0.027269452810287476 0.3496024012565613
v 0.03766357898712158 -0.033595576882362366 0.34242814779281616
v 0.045946717262268066 -0.02058771252632141 0.3426058888435364
v 0.03766357898712158 -0.033595576882362366 0.34242814779281616
v 0.04026395082473755 -0.04058880731463432 0.34949687123298645
v 0.02929896116256714 -0.04892462491989136 0.3496515154838562
v 0.03766357898712158 -0.033595576882362366 0.34242814779281616
v 0.02929896116256714 -0.04892462491989136 0.3496515154838562
v 0.025349430739879608 -0.04358762502670288 0.34260886907577515
v 0.025349430739879608 -0.04358762502670288 0.34260886907577515
v 0.02929896116256714 -0.04892462491989136 0.3496515154838562
v 0.01663897931575775 -0.054704874753952026 0.3495352864265442
v 0.025349430739879608 -0.04358762502670288 0.34260886907577515
v 0.01663897931575775 -0.054704874753952026 0.3495352864265442
v 0.01371157169342041 -0.048417434096336365 0.34257423877716064
v 0.01371157169342041 -0.048417434096336365 0.34257423877716064
v 0.01663897931575775 -0.054704874753952026 0.3495352864265442
v -0.0022381842136383057 -0.05048373341560364 0.3424960970878601
v -0.0022381842136383057 -0.05048373341560364 0.3424960970878601
v 0.01663897931575775 -0.054704874753952026 0.3495352864265442
v -0.000041961669921875 -0.05712667107582092 0.34975820779800415
v -0.0022381842136383057 -0.05048373341560364 0.3424960970878601
v -0.000041961669921875 -0.05712667107582092 0.34975820779800415
v -0.013470429927110672 -0.0554710328578949 0.3497108817100525
v -0.0022381842136383057 -0.05048373341560364 0.3424960970878601
v -0.013470429927110672 -0.0554710328578949 0.3497108817100525
v -0.020626388490200043 -0.04606392979621887 0.34247133135795593
v -0.020626388490200043 -0.04606392979621887 0.34247133135795593
v -0.013470429927110672 -0.0554710328578949 0.3497108817100525
v -0.026000618934631348 -0.05082389712333679 0.34960541129112244
v -0.020626388490200043 -0.04606392979621887 0.34247133135795593
v -0.026000618934631348 -0.05082389712333679 0.34960541129112244
v -0.03960314393043518 -0.0412866473197937 0.3495190143585205
v -0.020626388490200043 -0.04606392979621887 0.34247133135795593
v -0.03960314393043518 -0.0412866473197937 0.3495190143585205
v -0.033594176173210144 -0.037623003125190735 0.3427274227142334
v -0.033594176173210144 -0.037623003125190735 0.3427274227142334
v -0.03960314393043518 -0.0412866473197937 0.3495190143585205
v -0.04356162250041962 -0.025510042905807495 0.3425065279006958
v -0.04356162250041962 -0.025510042905807495 0.3425065279006958
v -0.03960314393043518 -0.0412866473197937 0.3495190143585205
v -0.05139285326004028 -0.025326818227767944 0.3497854769229889
v -0.04356162250041962 -0.025510042905807495 0.3425065279006958
v -0.05139285326004028 -0.025326818227767944 0.3497854769229889
v -0.049124300479888916 -0.010876178741455078 0.34251630306243896
v -0.049124300479888916 -0.010876178741455078 0.34251630306243896
v -0.05139285326004028 -0.025326818227767944 0.3497854769229889
v -0.057136282324790955 -0.005291834473609924 0.3498879075050354
v -0.049124300479888916 -0.010876178741455078 0.34251630306243896
v -0.057136282324790955 -0.005291834473609924 0.3498879075050354
v -0.05040091276168823 0.0019185394048690796 0.3427211344242096
v -0.05040091276168823 0.0019185394048690796 0.3427211344242096
v -0.057136282324790955 -0.005291834473609924 0.3498879075050354
v -0.05525824427604675 0.014925546944141388 0.3497259318828583
v -0.05040091276168823 0.0019185394048690796 0.3427211344242096
v -0.05525824427604675 0.014925546944141388 0.3497259318828583
v -0.04721119999885559 0.018021278083324432 0.3424856662750244
v -0.04721119999885559 0.018021278083324432 0.3424856662750244
v -0.05525824427604675 0.014925546944141388 0.3497259318828583
v -0.0481882244348526 0.030543148517608643 0.3496117889881134
v -0.04721119999885559 0.018021278083324432 0.3424856662750244
v -0.0481882244348526 0.030543148517608643 0.3496117889881134
v -0.03748135268688202 0.033827222883701324 0.3425610065460205
v -0.03748135268688202 0.033827222883701324 0.3425610065460205
v -0.0481882244348526 0.030543148517608643 0.3496117889881134
v -0.04019690304994583 0.04060056805610657 0.34974247217178345
v -0.03748135268688202 0.033827222883701324 0.3425610065460205
v -0.04019690304994583 0.04060056805610657 0.34974247217178345
v -0.02529284358024597 0.04350008815526962 0.3425658345222473
v -0.02529284358024597 0.04350008815526962 0.3425658345222473
v -0.04019690304994583 0.04060056805610657 0.34974247217178345
v -0.029217194765806198 0.04903647303581238 0.3497098684310913
v -0.02529284358024597 0.04350008815526962 0.3425658345222473
v -0.029217194765806198 0.04903647303581238 0.3497098684310913
v -0.01149815320968628 0.04922670125961304 0.3425777852535248
v -0.01149815320968628 0.04922670125961304 0.3425777852535248
v -0.029217194765806198 0.04903647303581238 0.3497098684310913
v -0.017034471035003662 0.05458471179008484 0.34967702627182007
v -0.039715297520160675 0.030921056866645813 0.08249500393867493
v -0.03748135268688202 0.033827222883701324 0.3425610065460205
v -0.02804335579276085 0.041978925466537476 0.08248531818389893
v -0.02804335579276085 0.041978925466537476 0.08248531818389893
v -0.03748135268688202 0.033827222883701324 0.3425610065460205
v -0.02529284358024597 0.04350008815526962 0.3425658345222473
v -0.02804335579276085 0.041978925466537476 0.08248531818389893
v -0.02529284358024597 0.04350008815526962 0.3425658345222473
v -0.010893960483372211 0.04942307621240616 0.08223387598991394
v -0.010893960483372211 0.04942307621240616 0.08223387598991394
v -0.02529284358024597 0.04350008815526962 0.3425658345222473
v -0.01149815320968628 0.04922670125961304 0.3425777852535248
v -0.010893960483372211 0.04942307621240616 0.08223387598991394
v -0.01149815320968628 0.04922670125961304 0.3425777852535248
v 0.004880189895629883 0.05019491910934448 0.3426688611507416
v -0.010893960483372211 0.04942307621240616 0.08223387598991394
v 0.004880189895629883 0.05019491910934448 0.3426688611507416
v 0.005157344043254852 0.050146520137786865 0.0823209285736084
v 0.005157344043254852 0.050146520137786865 0.0823209285736084
v 0.004880189895629883 0.05019491910934448 0.3426688611507416
v 0.02030324935913086 0.04621213674545288 0.08252677321434021
v 0.02030324935913086 0.04621213674545288 0.08252677321434021
v 0.004880189895629883 0.05019491910934448 0.3426688611507416
v 0.01741008460521698 0.047209858894348145 0.3425595760345459
v 0.02030324935913086 0.04621213674545288 0.08252677321434021
v 0.01741008460521698 0.047209858894348145 0.3425595760345459
v 0.03122718818485737 0.03965401649475098 0.3424437344074249
v 0.02030324935913086 0.04621213674545288 0.08252677321434021
v 0.03122718818485737 0.03965401649475098 0.3424437344074249
v 0.033425524830818176 0.037613511085510254 0.08245348930358887
v 0.033425524830818176 0.037613511085510254 0.08245348930358887
v 0.03122718818485737 0.03965401649475098 0.3424437344074249
v 0.041784048080444336 0.02816757559776306 0.08241346478462219
v 0.041784048080444336 0.02816757559776306 0.08241346478462219
v 0.03122718818485737 0.03965401649475098 0.3424437344074249
v 0.04188957065343857 0.028095409274101257 0.34272778034210205
v 0.041784048080444336 0.02816757559776306 0.08241346478462219
v 0.04188957065343857 0.028095409274101257 0.34272778034210205
v 0.04871754348278046 0.013737879693508148 0.08222809433937073
v 0.04871754348278046 0.013737879693508148 0.08222809433937073
v 0.04188957065343857 0.028095409274101257 0.34272778034210205
v 0.048557981848716736 0.013837844133377075 0.34249523282051086
v 0.04871754348278046 0.013737879693508148 0.08222809433937073
v 0.048557981848716736 0.013837844133377075 0.34249523282051086
v 0.050290048122406006 -0.004911407828330994 0.34249112010002136
v 0.04871754348278046 0.013737879693508148 0.08222809433937073
v 0.050290048122406006 -0.004911407828330994 0.34249112010002136
v 0.050275057554244995 -0.002061396837234497 0.08247217535972595
v 0.050275057554244995 -0.002061396837234497 0.08247217535972595
v 0.050290048122406006 -0.004911407828330994 0.34249112010002136
v 0.047330714762210846 -0.017537057399749756 0.08252421021461487
v 0.047330714762210846 -0.017537057399749756 0.08252421021461487
v 0.050290048122406006 -0.004911407828330994 0.34249112010002136
v 0.045946717262268066 -0.02058771252632141 0.3426058888435364
v 0.047330714762210846 -0.017537057399749756 0.08252421021461487
v 0.045946717262268066 -0.02058771252632141 0.3426058888435364
v 0.039643652737140656 -0.03116220235824585 0.08228915929794312
v 0.039643652737140656 -0.03116220235824585 0.08228915929794312
v 0.045946717262268066 -0.02058771252632141 0.3426058888435364
v 0.03766357898712158 -0.033595576882362366 0.34242814779281616
v 0.039643652737140656 -0.03116220235824585 0.08228915929794312
v 0.03766357898712158 -0.033595576882362366 0.34242814779281616
v 0.03057505190372467 -0.03994682431221008 0.08253920078277588
v 0.03057505190372467 -0.03994682431221008 0.08253920078277588
v 0.03766357898712158 -0.033595576882362366 0.34242814779281616
v 0.025349430739879608 -0.04358762502670288 0.34260886907577515
v 0.03057505190372467 -0.03994682431221008 0.08253920078277588
v 0.025349430739879608 -0.04358762502670288 0.34260886907577515
v 0.01659221202135086 -0.047632813453674316 0.0825623869895935
v 0.01659221202135086 -0.047632813453674316 0.0825623869895935
v 0.025349430739879608 -0.04358762502670288 0.34260886907577515
v 0.01371157169342041 -0.048417434096336365 0.34257423877716064
v 0.01659221202135086 -0.047632813453674316 0.0825623869895935
v 0.01371157169342041 -0.048417434096336365 0.34257423877716064
v -0.0020789578557014465 -0.05050845444202423 0.08231797814369202
v -0.0020789578557014465 -0.05050845444202423 0.08231797814369202
v 0.01371157169342041 -0.048417434096336365 0.34257423877716064
v -0.0022381842136383057 -0.05048373341560364 0.3424960970878601
v -0.0020789578557014465 -0.05050845444202423 0.08231797814369202
v -0.0022381842136383057 -0.05048373341560364 0.3424960970878601
v -0.01751217246055603 -0.04724642634391785 0.08238011598587036
v -0.01751217246055603 -0.04724642634391785 0.08238011598587036
v -0.0022381842136383057 -0.05048373341560364 0.3424960970878601
v -0.020626388490200043 -0.04606392979621887 0.34247133135795593
v -0.01751217246055603 -0.04724642634391785 0.08238011598587036
v -0.020626388490200043 -0.04606392979621887 0.34247133135795593
v -0.031147807836532593 -0.039809346199035645 0.08240249752998352
v -0.031147807836532593 -0.039809346199035645 0.08240249752998352
v -0.020626388490200043 -0.04606392979621887 0.34247133135795593
v -0.033594176173210144 -0.037623003125190735 0.3427274227142334
v -0.031147807836532593 -0.039809346199035645 0.08240249752998352
v -0.033594176173210144 -0.037623003125190735 0.3427274227142334
v -0.041757553815841675 -0.02812241017818451 0.08243149518966675
v -0.041757553815841675 -0.02812241017818451 0.08243149518966675
v -0.033594176173210144 -0.037623003125190735 0.3427274227142334
v -0.04356162250041962 -0.025510042905807495 0.3425065279006958
v -0.041757553815841675 -0.02812241017818451 0.08243149518966675
v -0.04356162250041962 -0.025510042905807495 0.3425065279006958
v -0.04869556427001953 -0.013492850586771965 0.08243128657341003
v -0.04869556427001953 -0.013492850586771965 0.08243128657341003
v -0.04356162250041962 -0.025510042905807495 0.3425065279006958
v -0.049124300479888916 -0.010876178741455078 0.34251630306243896
v -0.04869556427001953 -0.013492850586771965 0.08243128657341003
v -0.049124300479888916 -0.010876178741455078 0.34251630306243896
v -0.05040091276168823 0.0019185394048690796 0.3427211344242096
v -0.04869556427001953 -0.013492850586771965 0.08243128657341003
v -0.05040091276168823 0.0019185394048690796 0.3427211344242096
v -0.050359755754470825 0.0018419474363327026 0.08234146237373352
v -0.050359755754470825 0.0018419474363327026 0.08234146237373352
v -0.05040091276168823 0.0019185394048690796 0.3427211344242096
v -0.04756329208612442 0.01713964343070984 0.08230116963386536
v -0.04756329208612442 0.01713964343070984 0.08230116963386536
v -0.05040091276168823 0.0019185394048690796 0.3427211344242096
v -0.04721119999885559 0.018021278083324432 0.3424856662750244
v -0.04756329208612442 0.01713964343070984 0.08230116963386536
v -0.04721119999885559 0.018021278083324432 0.3424856662750244
v -0.039715297520160675 0.030921056866645813 0.08249500393867493
v -0.039715297520160675 0.030921056866645813 0.08249500393867493
v -0.04721119999885559 0.018021278083324432 0.3424856662750244
v -0.03748135268688202 0.033827222883701324 0.3425610065460205
v 0.04070809483528137 0.04163111746311188 0.3794005513191223
v 0.04236883670091629 0.03991018980741501 0.3545032739639282
v 0.02194366417825222 0.05439003184437752 0.35450053215026855
v 0.02194366417825222 0.05439003184437752 0.35450053215026855
v 0.027042627334594727 0.05130279064178467 0.37129345536231995
v 0.04070809483528137 0.04163111746311188 0.3794005513191223
v 0.02194366417825222 0.05439003184437752 0.35450053215026855
v 0.015455245971679688 0.05621218681335449 0.36863040924072266
v 0.027042627334594727 0.05130279064178467 0.37129345536231995
v 0.02194366417825222 0.05439003184437752 0.35450053215026855
v 0.0049839019775390625 0.05811944976449013 0.3665737509727478
v 0.015455245971679688 0.05621218681335449 0.36863040924072266
v -0.00007922912482172251 0.058076243847608566 0.3545025885105133
v 0.0049839019775390625 0.05811944976449013 0.3665737509727478
v 0.02194366417825222 0.05439003184437752 0.35450053215026855
v -0.005626201629638672 0.057963430881500244 0.3665964901447296
v -0.019108030945062637 0.05514928698539734 0.35449928045272827
v -0.01832723617553711 0.055082112550735474 0.368061900138855
v -0.019108030945062637 0.05514928698539734 0.35449928045272827
v -0.005626201629638672 0.057963430881500244 0.3665964901447296
v -0.00007922912482172251 0.058076243847608566 0.3545025885105133
v -0.019108030945062637 0.05514928698539734 0.35449928045272827
v -0.029590606689453125 0.04996013641357422 0.3732767105102539
v -0.01832723617553711 0.055082112550735474 0.368061900138855
v -0.03746584802865982 0.04455091804265976 0.35451772809028625
v -0.029590606689453125 0.04996013641357422 0.3732767105102539
v -0.019108030945062637 0.05514928698539734 0.35449928045272827
v -0.05638033524155617 0.014581914991140366 0.40074655413627625
v -0.05485941097140312 0.019353915005922318 0.3545039892196655
v -0.05801406130194664 0.002638615667819977 0.35451459884643555
v -0.023265758529305458 -0.053937479853630066 0.3545187711715698
v -0.009870529174804688 -0.05746948719024658 0.36715906858444214
v -0.023883521556854248 -0.0528632253408432 0.3698921799659729
v 0.00749885244295001 -0.05809815973043442 0.3545021116733551
v -0.009870529174804688 -0.05746948719024658 0.36715906858444214
v -0.023265758529305458 -0.053937479853630066 0.3545187711715698
v 0.00749885244295001 -0.05809815973043442 0.3545021116733551
v 0.0005492866039276123 -0.05832529067993164 0.3662753701210022
v -0.009870529174804688 -0.05746948719024658 0.36715906858444214
v 0.00749885244295001 -0.05809815973043442 0.3545021116733551
v 0.013131916522979736 -0.05659733712673187 0.36708956956863403
v 0.0005492866039276123 -0.05832529067993164 0.3662753701210022
v 0.033188920468091965 -0.04792105779051781 0.3545093238353729
v 0.025002360343933105 -0.05240270495414734 0.37057027220726013
v 0.00749885244295001 -0.05809815973043442 0.3545021116733551
v 0.00749885244295001 -0.05809815973043442 0.3545021116733551
v 0.025002360343933105 -0.05240270495414734 0.37057027220726013
v 0.013131916522979736 -0.05659733712673187 0.36708956956863403
v 0.04775537550449371 -0.03314840793609619 0.35450562834739685
v 0.03791069984436035 -0.04396754503250122 0.37755176424980164
v 0.033188920468091965 -0.04792105779051781 0.3545093238353729
v -0.05795234069228172 0.0016482621431350708 0.41708141565322876
v -0.05638033524155617 0.014581914991140366 0.40074655413627625
v -0.05801406130194664 0.002638615667819977 0.35451459884643555
v -0.05485941097140312 0.019353915005922318 0.3545039892196655
v -0.05638033524155617 0.014581914991140366 0.40074655413627625
v -0.05086231231689453 0.028470754623413086 0.3914339542388916
v -0.05485941097140312 0.019353915005922318 0.3545039892196655
v -0.05086231231689453 0.028470754623413086 0.3914339542388916
v -0.047575078904628754 0.03347530588507652 0.35451051592826843
v -0.047575078904628754 0.03347530588507652 0.35451051592826843
v -0.05086231231689453 0.028470754623413086 0.3914339542388916
v -0.04504521191120148 0.03643098473548889 0.3823998272418976
v -0.047575078904628754 0.03347530588507652 0.35451051592826843
v -0.04504521191120148 0.03643098473548889 0.3823998272418976
v -0.03746584802865982 0.04455091804265976 0.35451772809028625
v -0.04504521191120148 0.03643098473548889 0.3823998272418976
v -0.03719973564147949 0.04442650079727173 0.376228928565979
v -0.03746584802865982 0.04455091804265976 0.35451772809028625
v -0.03746584802865982 0.04455091804265976 0.35451772809028625
v -0.03719973564147949 0.04442650079727173 0.376228928565979
v -0.029590606689453125 0.04996013641357422 0.3732767105102539
v 0.0049839019775390625 0.05811944976449013 0.3665737509727478
v -0.00007922912482172251 0.058076243847608566 0.3545025885105133
v -0.005626201629638672 0.057963430881500244 0.3665964901447296
v 0.04070809483528137 0.04163111746311188 0.3794005513191223
v 0.053612884134054184 0.02314770594239235 0.3545083999633789
v 0.04236883670091629 0.03991018980741501 0.3545032739639282
v 0.05617562308907509 0.014725105836987495 0.3989828824996948
v 0.053612884134054184 0.02314770594239235 0.3545083999633789
v 0.051316410303115845 0.027448832988739014 0.39225924015045166
v 0.057911764830350876 0.003772888332605362 0.4154071807861328
v 0.0582711435854435 -0.0006152323912829161 0.3544958233833313
v 0.05617562308907509 0.014725105836987495 0.3989828824996948
v 0.05617562308907509 0.014725105836987495 0.3989828824996948
v 0.0582711435854435 -0.0006152323912829161 0.3544958233833313
v 0.053612884134054184 0.02314770594239235 0.3545083999633789
v 0.05671948194503784 0.040387749671936035 0.41035139560699463
v 0.04966473579406738 0.0352015495300293 0.39437246322631836
v 0.04357147216796875 0.051480770111083984 0.38638877868652344
v 0.038665771484375 0.0472712516784668 0.38172292709350586
v 0.04357147216796875 0.051480770111083984 0.38638877868652344
v 0.04966473579406738 0.0352015495300293 0.39437246322631836
v 0.028490066528320312 0.056963443756103516 0.37447547912597656
v 0.04357147216796875 0.051480770111083984 0.38638877868652344
v 0.038665771484375 0.0472712516784668 0.38172292709350586
v 0.0049839019775390625 0.05811944976449013 0.3665737509727478
v 0.010942459106445312 0.06015104055404663 0.3676314353942871
v 0.015455245971679688 0.05621218681335449 0.36863040924072266
v 0.010942459106445312 0.06015104055404663 0.3676314353942871
v -0.005626201629638672 0.057963430881500244 0.3665964901447296
v -0.008072853088378906 0.06022614240646362 0.3674722909927368
v -0.02603912353515625 0.05773305892944336 0.3728647232055664
v -0.008072853088378906 0.06022614240646362 0.3674722909927368
v -0.005626201629638672 0.057963430881500244 0.3665964901447296
v -0.039589881896972656 0.045639991760253906 0.3821144104003906
v -0.02603912353515625 0.05773305892944336 0.3728647232055664
v -0.020499229431152344 0.05599583685398102 0.3704962730407715
v -0.039589881896972656 0.045639991760253906 0.3821144104003906
v -0.043204307556152344 0.051535606384277344 0.3862590789794922
v -0.02603912353515625 0.05773305892944336 0.3728647232055664
v -0.05638033524155617 0.014581914991140366 0.40074655413627625
v -0.05795234069228172 0.0016482621431350708 0.41708141565322876
v -0.05745675787329674 0.015786737203598022 0.41419315338134766
v -0.055193424224853516 0.027448177337646484 0.40636301040649414
v -0.058056704699993134 0.035775601863861084 0.42035210132598877
v -0.053026437759399414 0.044661521911621094 0.40111684799194336
v -0.04865455627441406 0.037143707275390625 0.3929901123046875
v -0.055193424224853516 0.027448177337646484 0.40636301040649414
v -0.053026437759399414 0.044661521911621094 0.40111684799194336
v -0.04865455627441406 0.037143707275390625 0.3929901123046875
v -0.053026437759399414 0.044661521911621094 0.40111684799194336
v -0.043204307556152344 0.051535606384277344 0.3862590789794922
v -0.04865455627441406 0.037143707275390625 0.3929901123046875
v -0.043204307556152344 0.051535606384277344 0.3862590789794922
v -0.039589881896972656 0.045639991760253906 0.3821144104003906
v 0.05797482654452324 0.03315281867980957 0.4259122610092163
v 0.056162163615226746 0.02430957555770874 0.40983253717422485
v 0.05671948194503784 0.040387749671936035 0.41035139560699463
v 0.04070809483528137 0.04163111746311188 0.3794005513191223
v 0.04966473579406738 0.0352015495300293 0.39437246322631836
v 0.051316410303115845 0.027448832988739014 0.39225924015045166
v -0.05801406130194664 0.002638615667819977 0.35451459884643555
v -0.0579758919775486 -0.004560694098472595 0.40787768363952637
v -0.05795234069228172 0.0016482621431350708 0.41708141565322876
v 0.057911764830350876 0.003772888332605362 0.4154071807861328
v 0.056162163615226746 0.02430957555770874 0.40983253717422485
v 0.05797482654452324 0.03315281867980957 0.4259122610092163
v 0.053612884134054184 0.02314770594239235 0.3545083999633789
v 0.04070809483528137 0.04163111746311188 0.3794005513191223
v 0.051316410303115845 0.027448832988739014 0.39225924015045166
v 0.057911764830350876 0.003772888332605362 0.4154071807861328
v 0.05617562308907509 0.014725105836987495 0.3989828824996948
v 0.056162163615226746 0.02430957555770874 0.40983253717422485
v -0.05795234069228172 0.0016482621431350708 0.41708141565322876
v -0.058056704699993134 0.035775601863861084 0.42035210132598877
v -0.05745675787329674 0.015786737203598022 0.41419315338134766
v -0.05745675787329674 0.015786737203598022 0.41419315338134766
v -0.058056704699993134 0.035775601863861084 0.42035210132598877
v -0.055193424224853516 0.027448177337646484 0.40636301040649414
v 0.026811599731445312 0.05358600616455078 0.37353515625
v 0.028490066528320312 0.056963443756103516 0.37447547912597656
v 0.038665771484375 0.0472712516784668 0.38172292709350586
v 0.04966473579406738 0.0352015495300293 0.39437246322631836
v 0.05671948194503784 0.040387749671936035 0.41035139560699463
v 0.056162163615226746 0.02430957555770874 0.40983253717422485
v -0.05638033524155617 0.014581914991140366 0.40074655413627625
v -0.05745675787329674 0.015786737203598022 0.41419315338134766
v -0.055193424224853516 0.027448177337646484 0.40636301040649414
v -0.05638033524155617 0.014581914991140366 0.40074655413627625
v -0.055193424224853516 0.027448177337646484 0.40636301040649414
v -0.05086231231689453 0.028470754623413086 0.3914339542388916
v -0.03719973564147949 0.04442650079727173 0.376228928565979
v -0.04865455627441406 0.037143707275390625 0.3929901123046875
v -0.039589881896972656 0.045639991760253906 0.3821144104003906
v -0.01832723617553711 0.055082112550735474 0.368061900138855
v -0.029590606689453125 0.04996013641357422 0.3732767105102539
v -0.020499229431152344 0.05599583685398102 0.3704962730407715
v 0.027042627334594727 0.05130279064178467 0.37129345536231995
v 0.015455245971679688 0.05621218681335449 0.36863040924072266
v 0.026811599731445312 0.05358600616455078 0.37353515625
v 0.04070809483528137 0.04163111746311188 0.3794005513191223
v 0.026811599731445312 0.05358600616455078 0.37353515625
v 0.038665771484375 0.0472712516784668 0.38172292709350586
v 0.051316410303115845 0.027448832988739014 0.39225924015045166
v 0.04966473579406738 0.0352015495300293 0.39437246322631836
v 0.056162163615226746 0.02430957555770874 0.40983253717422485
v -0.05086231231689453 0.028470754623413086 0.3914339542388916
v -0.055193424224853516 0.027448177337646484 0.40636301040649414
v -0.04865455627441406 0.037143707275390625 0.3929901123046875
v -0.029590606689453125 0.04996013641357422 0.3732767105102539
v -0.039589881896972656 0.045639991760253906 0.3821144104003906
v -0.020499229431152344 0.05599583685398102 0.3704962730407715
v -0.01832723617553711 0.055082112550735474 0.368061900138855
v -0.020499229431152344 0.05599583685398102 0.3704962730407715
v -0.005626201629638672 0.057963430881500244 0.3665964901447296
v -0.020499229431152344 0.05599583685398102 0.3704962730407715
v -0.02603912353515625 0.05773305892944336 0.3728647232055664
v -0.005626201629638672 0.057963430881500244 0.3665964901447296
v 0.0049839019775390625 0.05811944976449013 0.3665737509727478
v -0.005626201629638672 0.057963430881500244 0.3665964901447296
v 0.010942459106445312 0.06015104055404663 0.3676314353942871
v 0.015455245971679688 0.05621218681335449 0.36863040924072266
v 0.010942459106445312 0.06015104055404663 0.3676314353942871
v 0.026811599731445312 0.05358600616455078 0.37353515625
v 0.026811599731445312 0.05358600616455078 0.37353515625
v 0.010942459106445312 0.06015104055404663 0.3676314353942871
v 0.028490066528320312 0.056963443756103516 0.37447547912597656
v -0.04504521191120148 0.03643098473548889 0.3823998272418976
v -0.05086231231689453 0.028470754623413086 0.3914339542388916
v -0.04865455627441406 0.037143707275390625 0.3929901123046875
v -0.04504521191120148 0.03643098473548889 0.3823998272418976
v -0.04865455627441406 0.037143707275390625 0.3929901123046875
v -0.03719973564147949 0.04442650079727173 0.376228928565979
v -0.03719973564147949 0.04442650079727173 0.376228928565979
v -0.039589881896972656 0.045639991760253906 0.3821144104003906
v -0.029590606689453125 0.04996013641357422 0.3732767105102539
v 0.027042627334594727 0.05130279064178467 0.37129345536231995
v 0.026811599731445312 0.05358600616455078 0.37353515625
v 0.04070809483528137 0.04163111746311188 0.3794005513191223
v 0.04070809483528137 0.04163111746311188 0.3794005513191223
v 0.038665771484375 0.0472712516784668 0.38172292709350586
v 0.04966473579406738 0.0352015495300293 0.39437246322631836
v 0.05617562308907509 0.014725105836987495 0.3989828824996948
v 0.051316410303115845 0.027448832988739014 0.39225924015045166
v 0.056162163615226746 0.02430957555770874 0.40983253717422485
v 0.05748618021607399 -0.008809132501482964 0.4071415662765503
v 0.05457267910242081 -0.020105989649891853 0.3545156419277191
v 0.0582711435854435 -0.0006152323912829161 0.3544958233833313
v 0.04799945652484894 -0.032396942377090454 0.38478225469589233
v 0.04775537550449371 -0.03314840793609619 0.35450562834739685
v 0.05457267910242081 -0.020105989649891853 0.3545156419277191
v 0.04799945652484894 -0.032396942377090454 0.38478225469589233
v 0.05457267910242081 -0.020105989649891853 0.3545156419277191
v 0.05414571240544319 -0.020923854783177376 0.3949415385723114
v 0.04799945652484894 -0.032396942377090454 0.38478225469589233
v 0.03791069984436035 -0.04396754503250122 0.37755176424980164
v 0.04775537550449371 -0.03314840793609619 0.35450562834739685
v 0.033188920468091965 -0.04792105779051781 0.3545093238353729
v 0.03791069984436035 -0.04396754503250122 0.37755176424980164
v 0.025002360343933105 -0.05240270495414734 0.37057027220726013
v -0.04226464405655861 -0.04016418382525444 0.35452818870544434
v -0.023265758529305458 -0.053937479853630066 0.3545187711715698
v -0.034883975982666016 -0.04638373851776123 0.3760591745376587
v -0.04226464405655861 -0.04016418382525444 0.35452818870544434
v -0.034883975982666016 -0.04638373851776123 0.3760591745376587
v -0.04455636441707611 -0.03700517117977142 0.38157474994659424
v -0.04455636441707611 -0.03700517117977142 0.38157474994659424
v -0.05160852521657944 -0.026776768267154694 0.3545006513595581
v -0.04226464405655861 -0.04016418382525444 0.35452818870544434
v -0.05160852521657944 -0.026776768267154694 0.3545006513595581
v -0.04455636441707611 -0.03700517117977142 0.38157474994659424
v -0.04943963885307312 -0.030551105737686157 0.38808655738830566
v -0.0550810880959034 -0.0186505988240242 0.3967611789703369
v -0.05689254775643349 -0.012396077625453472 0.3545049726963043
v -0.05160852521657944 -0.026776768267154694 0.3545006513595581
v -0.0579758919775486 -0.004560694098472595 0.40787768363952637
v -0.05689254775643349 -0.012396077625453472 0.3545049726963043
v -0.0550810880959034 -0.0186505988240242 0.3967611789703369
v -0.05689254775643349 -0.012396077625453472 0.3545049726963043
v -0.0579758919775486 -0.004560694098472595 0.40787768363952637
v -0.05801406130194664 0.002638615667819977 0.35451459884643555
v -0.030809402465820312 -0.05990012735128403 0.37525200843811035
v -0.02460336685180664 -0.05431342124938965 0.37228846549987793
v -0.009870529174804688 -0.05746948719024658 0.36715906858444214
v -0.009870529174804688 -0.05746948719024658 0.36715906858444214
v -0.0043468475341796875 -0.059888873249292374 0.3669179677963257
v -0.030809402465820312 -0.05990012735128403 0.37525200843811035
v -0.0043468475341796875 -0.059888873249292374 0.3669179677963257
v 0.0005492866039276123 -0.05832529067993164 0.3662753701210022
v 0.010946273803710938 -0.05989383906126022 0.3680140972137451
v 0.010946273803710938 -0.05989383906126022 0.3680140972137451
v 0.016302108764648438 -0.05713646486401558 0.3691091537475586
v 0.027235984802246094 -0.059898726642131805 0.3735470771789551
v 0.027235984802246094 -0.059898726642131805 0.3735470771789551
v 0.016302108764648438 -0.05713646486401558 0.3691091537475586
v 0.03177642822265625 -0.051546573638916016 0.3763284683227539
v 0.04372549057006836 -0.042249202728271484 0.38684654235839844
v 0.046662330627441406 -0.059899523854255676 0.3898181915283203
v 0.03177642822265625 -0.051546573638916016 0.3763284683227539
v 0.03177642822265625 -0.051546573638916016 0.3763284683227539
v 0.046662330627441406 -0.059899523854255676 0.3898181915283203
v 0.027235984802246094 -0.059898726642131805 0.3735470771789551
v 0.05311322212219238 -0.03141462802886963 0.40105724334716797
v 0.05720670521259308 -0.05989941582083702 0.4136241376399994
v 0.046662330627441406 -0.059899523854255676 0.3898181915283203
v 0.05759815126657486 -0.01926807314157486 0.417035311460495
v 0.05720670521259308 -0.05989941582083702 0.4136241376399994
v 0.05311322212219238 -0.03141462802886963 0.40105724334716797
v 0.05759815126657486 -0.01926807314157486 0.417035311460495
v 0.05799580737948418 -0.05989821255207062 0.42644450068473816
v 0.05720670521259308 -0.05989941582083702 0.4136241376399994
v 0.05759815126657486 -0.01926807314157486 0.417035311460495
v 0.057911764830350876 0.003772888332605362 0.4154071807861328
v 0.05799580737948418 -0.05989821255207062 0.42644450068473816
v 0.0582711435854435 -0.0006152323912829161 0.3544958233833313
v 0.057911764830350876 0.003772888332605362 0.4154071807861328
v 0.05748618021607399 -0.008809132501482964 0.4071415662765503
v 0.05311322212219238 -0.03141462802886963 0.40105724334716797
v 0.05414571240544319 -0.020923854783177376 0.3949415385723114
v 0.05748618021607399 -0.008809132501482964 0.4071415662765503
v 0.05759815126657486 -0.01926807314157486 0.417035311460495
v 0.05748618021607399 -0.008809132501482964 0.4071415662765503
v 0.057911764830350876 0.003772888332605362 0.4154071807861328
v 0.04799945652484894 -0.032396942377090454 0.38478225469589233
v 0.05414571240544319 -0.020923854783177376 0.3949415385723114
v 0.05311322212219238 -0.03141462802886963 0.40105724334716797
v 0.04799945652484894 -0.032396942377090454 0.38478225469589233
v 0.05311322212219238 -0.03141462802886963 0.40105724334716797
v 0.04372549057006836 -0.042249202728271484 0.38684654235839844
v 0.025002360343933105 -0.05240270495414734 0.37057027220726013
v 0.016302108764648438 -0.05713646486401558 0.3691091537475586
v 0.013131916522979736 -0.05659733712673187 0.36708956956863403
v -0.05549973249435425 -0.025450706481933594 0.4072556495666504
v -0.0579758919775486 -0.004560694098472595 0.40787768363952637
v -0.0550810880959034 -0.0186505988240242 0.3967611789703369
v -0.0357513427734375 -0.049843788146972656 0.37946319580078125
v -0.04943963885307312 -0.030551105737686157 0.38808655738830566
v -0.04455636441707611 -0.03700517117977142 0.38157474994659424
v -0.0357513427734375 -0.049843788146972656 0.37946319580078125
v -0.04455636441707611 -0.03700517117977142 0.38157474994659424
v -0.034883975982666016 -0.04638373851776123 0.3760591745376587
v -0.04943963885307312 -0.030551105737686157 0.38808655738830566
v -0.0550810880959034 -0.0186505988240242 0.3967611789703369
v -0.05160852521657944 -0.026776768267154694 0.3545006513595581
v 0.016302108764648438 -0.05713646486401558 0.3691091537475586
v 0.0005492866039276123 -0.05832529067993164 0.3662753701210022
v 0.013131916522979736 -0.05659733712673187 0.36708956956863403
v -0.02460336685180664 -0.05431342124938965 0.37228846549987793
v -0.030809402465820312 -0.05990012735128403 0.37525200843811035
v -0.0357513427734375 -0.049843788146972656 0.37946319580078125
v -0.04305744171142578 -0.044040679931640625 0.3861837387084961
v -0.0357513427734375 -0.049843788146972656 0.37946319580078125
v -0.030809402465820312 -0.05990012735128403 0.37525200843811035
v -0.04305744171142578 -0.044040679931640625 0.3861837387084961
v -0.030809402465820312 -0.05990012735128403 0.37525200843811035
v -0.046486854553222656 -0.059899333864450455 0.3900318145751953
v -0.05044984817504883 -0.03607463836669922 0.39620208740234375
v -0.04305744171142578 -0.044040679931640625 0.3861837387084961
v -0.046486854553222656 -0.059899333864450455 0.3900318145751953
v -0.05044984817504883 -0.03607463836669922 0.39620208740234375
v -0.046486854553222656 -0.059899333864450455 0.3900318145751953
v -0.055590808391571045 -0.05989932268857956 0.4071342945098877
v -0.05044984817504883 -0.03607463836669922 0.39620208740234375
v -0.055590808391571045 -0.05989932268857956 0.4071342945098877
v -0.05549973249435425 -0.025450706481933594 0.4072556495666504
v -0.05795234069228172 0.0016482621431350708 0.41708141565322876
v -0.05549973249435425 -0.025450706481933594 0.4072556495666504
v -0.055590808391571045 -0.05989932268857956 0.4071342945098877
v -0.055590808391571045 -0.05989932268857956 0.4071342945098877
v -0.0580352358520031 -0.05989670008420944 0.4262467920780182
v -0.05795234069228172 0.0016482621431350708 0.41708141565322876
v -0.0357513427734375 -0.049843788146972656 0.37946319580078125
v -0.034883975982666016 -0.04638373851776123 0.3760591745376587
v -0.02460336685180664 -0.05431342124938965 0.37228846549987793
v -0.05795234069228172 0.0016482621431350708 0.41708141565322876
v -0.0579758919775486 -0.004560694098472595 0.40787768363952637
v -0.05549973249435425 -0.025450706481933594 0.4072556495666504
v -0.05044984817504883 -0.03607463836669922 0.39620208740234375
v -0.05549973249435425 -0.025450706481933594 0.4072556495666504
v -0.0550810880959034 -0.0186505988240242 0.3967611789703369
v -0.04305744171142578 -0.044040679931640625 0.3861837387084961
v -0.05044984817504883 -0.03607463836669922 0.39620208740234375
v -0.04943963885307312 -0.030551105737686157 0.38808655738830566
v -0.02460336685180664 -0.05431342124938965 0.37228846549987793
v -0.023883521556854248 -0.0528632253408432 0.3698921799659729
v -0.009870529174804688 -0.05746948719024658 0.36715906858444214
v -0.05044984817504883 -0.03607463836669922 0.39620208740234375
v -0.0550810880959034 -0.0186505988240242 0.3967611789703369
v -0.04943963885307312 -0.030551105737686157 0.38808655738830566
v -0.04305744171142578 -0.044040679931640625 0.3861837387084961
v -0.04943963885307312 -0.030551105737686157 0.38808655738830566
v -0.0357513427734375 -0.049843788146972656 0.37946319580078125
v -0.02460336685180664 -0.05431342124938965 0.37228846549987793
v -0.034883975982666016 -0.04638373851776123 0.3760591745376587
v -0.023883521556854248 -0.0528632253408432 0.3698921799659729
v -0.023883521556854248 -0.0528632253408432 0.3698921799659729
v -0.034883975982666016 -0.04638373851776123 0.3760591745376587
v -0.023265758529305458 -0.053937479853630066 0.3545187711715698
v 0.05311322212219238 -0.03141462802886963 0.40105724334716797
v 0.046662330627441406 -0.059899523854255676 0.3898181915283203
v 0.04372549057006836 -0.042249202728271484 0.38684654235839844
v 0.03791069984436035 -0.04396754503250122 0.37755176424980164
v 0.04372549057006836 -0.042249202728271484 0.38684654235839844
v 0.03177642822265625 -0.051546573638916016 0.3763284683227539
v 0.05748618021607399 -0.008809132501482964 0.4071415662765503
v 0.05759815126657486 -0.01926807314157486 0.417035311460495
v 0.05311322212219238 -0.03141462802886963 0.40105724334716797
v 0.04372549057006836 -0.042249202728271484 0.38684654235839844
v 0.03791069984436035 -0.04396754503250122 0.37755176424980164
v 0.04799945652484894 -0.032396942377090454 0.38478225469589233
v 0.05748618021607399 -0.008809132501482964 0.4071415662765503
v 0.05414571240544319 -0.020923854783177376 0.3949415385723114
v 0.05457267910242081 -0.020105989649891853 0.3545156419277191
v -0.0043468475341796875 -0.059888873249292374 0.3669179677963257
v -0.009870529174804688 -0.05746948719024658 0.36715906858444214
v 0.0005492866039276123 -0.05832529067993164 0.3662753701210022
v 0.010946273803710938 -0.05989383906126022 0.3680140972137451
v 0.0005492866039276123 -0.05832529067993164 0.3662753701210022
v 0.016302108764648438 -0.05713646486401558 0.3691091537475586
v 0.03791069984436035 -0.04396754503250122 0.37755176424980164
v 0.03177642822265625 -0.051546573638916016 0.3763284683227539
v 0.025002360343933105 -0.05240270495414734 0.37057027220726013
v 0.025002360343933105 -0.05240270495414734 0.37057027220726013
v 0.03177642822265625 -0.051546573638916016 0.3763284683227539
v 0.016302108764648438 -0.05713646486401558 0.3691091537475586
v -0.05795234069228172 0.0016482621431350708 0.41708141565322876
v -0.0580352358520031 -0.05989670008420944 0.4262467920780182
v -0.058056704699993134 0.035775601863861084 0.42035210132598877
v -0.058056704699993134 0.035775601863861084 0.42035210132598877
v -0.0580352358520031 -0.05989670008420944 0.4262467920780182
v -0.05690857768058777 -0.059899285435676575 0.43708181381225586
v -0.05690857768058777 -0.059899285435676575 0.43708181381225586
v -0.050931453704833984 -0.05989952012896538 0.4528932571411133
v -0.05506181716918945 0.025084495544433594 0.44342803955078125
v -0.05690857768058777 -0.059899285435676575 0.43708181381225586
v -0.05506181716918945 0.025084495544433594 0.44342803955078125
v -0.058056704699993134 0.035775601863861084 0.42035210132598877
v -0.050931453704833984 -0.05989952012896538 0.4528932571411133
v -0.035695552825927734 -0.059899475425481796 0.47145581245422363
v -0.04395580291748047 0.01570606231689453 0.4636955261230469
v -0.050931453704833984 -0.05989952012896538 0.4528932571411133
v -0.04395580291748047 0.01570606231689453 0.4636955261230469
v -0.05506181716918945 0.025084495544433594 0.44342803955078125
v -0.035695552825927734 -0.059899475425481796 0.47145581245422363
v -0.007437467575073242 -0.05989949777722359 0.4830593764781952
v -0.022050857543945312 0.008656024932861328 0.4789295196533203
v -0.035695552825927734 -0.059899475425481796 0.47145581245422363
v -0.022050857543945312 0.008656024932861328 0.4789295196533203
v -0.04395580291748047 0.01570606231689453 0.4636955261230469
v -0.007437467575073242 -0.05989949777722359 0.4830593764781952
v -0.0005584955215454102 0.006683021783828735 0.48319318890571594
v -0.022050857543945312 0.008656024932861328 0.4789295196533203
v 0.01947784423828125 -0.05989978834986687 0.47995758056640625
v -0.0005584955215454102 0.006683021783828735 0.48319318890571594
v -0.007437467575073242 -0.05989949777722359 0.4830593764781952
v 0.01947784423828125 -0.05989978834986687 0.47995758056640625
v 0.021642684936523438 0.008504867553710938 0.47925567626953125
v -0.0005584955215454102 0.006683021783828735 0.48319318890571594
v 0.042583465576171875 -0.059899792075157166 0.46527814865112305
v 0.021642684936523438 0.008504867553710938 0.47925567626953125
v 0.01947784423828125 -0.05989978834986687 0.47995758056640625
v 0.042583465576171875 -0.059899792075157166 0.46527814865112305
v 0.04176616668701172 0.014786243438720703 0.4656801223754883
v 0.021642684936523438 0.008504867553710938 0.47925567626953125
v 0.05450797080993652 -0.05989983305335045 0.4451026916503906
v 0.055380821228027344 0.024915456771850586 0.44379138946533203
v 0.042583465576171875 -0.059899792075157166 0.46527814865112305
v 0.042583465576171875 -0.059899792075157166 0.46527814865112305
v 0.055380821228027344 0.024915456771850586 0.44379138946533203
v 0.04176616668701172 0.014786243438720703 0.4656801223754883
v 0.05799580737948418 -0.05989821255207062 0.42644450068473816
v 0.055380821228027344 0.024915456771850586 0.44379138946533203
v 0.05450797080993652 -0.05989983305335045 0.4451026916503906
v 0.05799580737948418 -0.05989821255207062 0.42644450068473816
v 0.057911764830350876 0.003772888332605362 0.4154071807861328
v 0.05797482654452324 0.03315281867980957 0.4259122610092163
v 0.05799580737948418 -0.05989821255207062 0.42644450068473816
v 0.05797482654452324 0.03315281867980957 0.4259122610092163
v 0.055380821228027344 0.024915456771850586 0.44379138946533203
v 0.04236883670091629 0.03991018980741501 0.3545032739639282
v -0.05160852521657944 -0.026776768267154694 0.3545006513595581
v -0.05689254775643349 -0.012396077625453472 0.3545049726963043
v -0.023265758529305458 -0.053937479853630066 0.3545187711715698
v -0.04226464405655861 -0.04016418382525444 0.35452818870544434
v 0.04236883670091629 0.03991018980741501 0.3545032739639282
v 0.04236883670091629 0.03991018980741501 0.3545032739639282
v -0.04226464405655861 -0.04016418382525444 0.35452818870544434
v -0.05160852521657944 -0.026776768267154694 0.3545006513595581
v 0.04236883670091629 0.03991018980741501 0.3545032739639282
v -0.05689254775643349 -0.012396077625453472 0.3545049726963043
v -0.05801406130194664 0.002638615667819977 0.35451459884643555
v -0.047575078904628754 0.03347530588507652 0.35451051592826843
v -0.00007922912482172251 0.058076243847608566 0.3545025885105133
v -0.05485941097140312 0.019353915005922318 0.3545039892196655
v -0.05485941097140312 0.019353915005922318 0.3545039892196655
v -0.00007922912482172251 0.058076243847608566 0.3545025885105133
v 0.02194366417825222 0.05439003184437752 0.35450053215026855
v 0.053612884134054184 0.02314770594239235 0.3545083999633789
v 0.033188920468091965 -0.04792105779051781 0.3545093238353729
v 0.04236883670091629 0.03991018980741501 0.3545032739639282
v 0.04236883670091629 0.03991018980741501 0.3545032739639282
v 0.033188920468091965 -0.04792105779051781 0.3545093238353729
v 0.00749885244295001 -0.05809815973043442 0.3545021116733551
v 0.00749885244295001 -0.05809815973043442 0.3545021116733551
v -0.023265758529305458 -0.053937479853630066 0.3545187711715698
v 0.04236883670091629 0.03991018980741501 0.3545032739639282
v -0.00007922912482172251 0.058076243847608566 0.3545025885105133
v -0.047575078904628754 0.03347530588507652 0.35451051592826843
v -0.03746584802865982 0.04455091804265976 0.35451772809028625
v -0.00007922912482172251 0.058076243847608566 0.3545025885105133
v -0.03746584802865982 0.04455091804265976 0.35451772809028625
v -0.019108030945062637 0.05514928698539734 0.35449928045272827
v -0.05801406130194664 0.002638615667819977 0.35451459884643555
v -0.05485941097140312 0.019353915005922318 0.3545039892196655
v 0.04236883670091629 0.03991018980741501 0.3545032739639282
v 0.04236883670091629 0.03991018980741501 0.3545032739639282
v -0.05485941097140312 0.019353915005922318 0.3545039892196655
v 0.02194366417825222 0.05439003184437752 0.35450053215026855
v 0.053612884134054184 0.02314770594239235 0.3545083999633789
v 0.0582711435854435 -0.0006152323912829161 0.3544958233833313
v 0.033188920468091965 -0.04792105779051781 0.3545093238353729
v 0.0582711435854435 -0.0006152323912829161 0.3544958233833313
v 0.05457267910242081 -0.020105989649891853 0.3545156419277191
v 0.033188920468091965 -0.04792105779051781 0.3545093238353729
v 0.033188920468091965 -0.04792105779051781 0.3545093238353729
v 0.05457267910242081 -0.020105989649891853 0.3545156419277191
v 0.04775537550449371 -0.03314840793609619 0.35450562834739685
v 0.05671948194503784 0.040387749671936035 0.41035139560699463
v 0.04357147216796875 0.051480770111083984 0.38638877868652344
v -0.04395580291748047 0.01570606231689453 0.4636955261230469
v 0.04357147216796875 0.051480770111083984 0.38638877868652344
v 0.028490066528320312 0.056963443756103516 0.37447547912597656
v -0.04395580291748047 0.01570606231689453 0.4636955261230469
v -0.04395580291748047 0.01570606231689453 0.4636955261230469
v 0.04176616668701172 0.014786243438720703 0.4656801223754883
v 0.055380821228027344 0.024915456771850586 0.44379138946533203
v -0.04395580291748047 0.01570606231689453 0.4636955261230469
v 0.010942459106445312 0.06015104055404663 0.3676314353942871
v -0.008072853088378906 0.06022614240646362 0.3674722909927368
v -0.053026437759399414 0.044661521911621094 0.40111684799194336
v -0.058056704699993134 0.035775601863861084 0.42035210132598877
v -0.04395580291748047 0.01570606231689453 0.4636955261230469
v -0.04395580291748047 0.01570606231689453 0.4636955261230469
v 0.055380821228027344 0.024915456771850586 0.44379138946533203
v 0.05797482654452324 0.03315281867980957 0.4259122610092163
v -0.04395580291748047 0.01570606231689453 0.4636955261230469
v 0.05797482654452324 0.03315281867980957 0.4259122610092163
v 0.05671948194503784 0.040387749671936035 0.41035139560699463
v -0.008072853088378906 0.06022614240646362 0.3674722909927368
v -0.02603912353515625 0.05773305892944336 0.3728647232055664
v -0.04395580291748047 0.01570606231689453 0.4636955261230469
v -0.04395580291748047 0.01570606231689453 0.4636955261230469
v 0.028490066528320312 0.056963443756103516 0.37447547912597656
v 0.010942459106445312 0.06015104055404663 0.3676314353942871
v -0.04395580291748047 0.01570606231689453 0.4636955261230469
v -0.043204307556152344 0.051535606384277344 0.3862590789794922
v -0.053026437759399414 0.044661521911621094 0.40111684799194336
v -0.04395580291748047 0.01570606231689453 0.4636955261230469
v -0.02603912353515625 0.05773305892944336 0.3728647232055664
v -0.043204307556152344 0.051535606384277344 0.3862590789794922
v -0.04395580291748047 0.01570606231689453 0.4636955261230469
v 0.021642684936523438 0.008504867553710938 0.47925567626953125
v 0.04176616668701172 0.014786243438720703 0.4656801223754883
v 0.021642684936523438 0.008504867553710938 0.47925567626953125
v -0.022050857543945312 0.008656024932861328 0.4789295196533203
v -0.0005584955215454102 0.006683021783828735 0.48319318890571594
v -0.04395580291748047 0.01570606231689453 0.4636955261230469
v -0.058056704699993134 0.035775601863861084 0.42035210132598877
v -0.05506181716918945 0.025084495544433594 0.44342803955078125
v 0.021642684936523438 0.008504867553710938 0.47925567626953125
v -0.04395580291748047 0.01570606231689453 0.4636955261230469
v -0.022050857543945312 0.008656024932861328 0.4789295196533203
v -0.009100198745727539 -0.06519996374845505 0.4828436076641083
v -0.04112076759338379 -0.06519998610019684 0.46724700927734375
v 0.03498411178588867 -0.06519997864961624 0.37754666805267334
v 0.03498411178588867 -0.06519997864961624 0.37754666805267334
v -0.04112076759338379 -0.06519998610019684 0.46724700927734375
v -0.0028093159198760986 -0.06519994139671326 0.36611151695251465
v 0.053014278411865234 -0.06519994139671326 0.44911861419677734
v 0.03606224060058594 -0.06519997119903564 0.4711322784423828
v -0.009100198745727539 -0.06519996374845505 0.4828436076641083
v -0.009100198745727539 -0.06519996374845505 0.4828436076641083
v 0.03606224060058594 -0.06519997119903564 0.4711322784423828
v 0.014977455139160156 -0.06519997119903564 0.48105573654174805
v -0.009100198745727539 -0.06519996374845505 0.4828436076641083
v 0.03498411178588867 -0.06519997864961624 0.37754666805267334
v 0.05381232500076294 -0.06519991159439087 0.4027177095413208
v -0.009100198745727539 -0.06519996374845505 0.4828436076641083
v 0.05381232500076294 -0.06519991159439087 0.4027177095413208
v 0.05823443830013275 -0.06519997119903564 0.42600056529045105
v -0.009100198745727539 -0.06519996374845505 0.4828436076641083
v 0.05823443830013275 -0.06519997119903564 0.42600056529045105
v 0.053014278411865234 -0.06519994139671326 0.44911861419677734
v -0.0028093159198760986 -0.06519994139671326 0.36611151695251465
v -0.04112076759338379 -0.06519998610019684 0.46724700927734375
v -0.057551220059394836 -0.06519994884729385 0.4357948899269104
v -0.0028093159198760986 -0.06519994139671326 0.36611151695251465
v -0.057551220059394836 -0.06519994884729385 0.4357948899269104
v -0.05478179454803467 -0.06519996374845505 0.4043208956718445
v -0.05478179454803467 -0.06519996374845505 0.4043208956718445
v -0.03606247901916504 -0.06519996374845505 0.37886834144592285
v -0.0028093159198760986 -0.06519994139671326 0.36611151695251465
v -0.057551220059394836 -0.06519994884729385 0.4357948899269104
v -0.0580352358520031 -0.05989670008420944 0.4262467920780182
v -0.055590808391571045 -0.05989932268857956 0.4071342945098877
v -0.057551220059394836 -0.06519994884729385 0.4357948899269104
v -0.055590808391571045 -0.05989932268857956 0.4071342945098877
v -0.05478179454803467 -0.06519996374845505 0.4043208956718445
v -0.05478179454803467 -0.06519996374845505 0.4043208956718445
v -0.055590808391571045 -0.05989932268857956 0.4071342945098877
v -0.046486854553222656 -0.059899333864450455 0.3900318145751953
v -0.05478179454803467 -0.06519996374845505 0.4043208956718445
v -0.046486854553222656 -0.059899333864450455 0.3900318145751953
v -0.03606247901916504 -0.06519996374845505 0.37886834144592285
v -0.03606247901916504 -0.06519996374845505 0.37886834144592285
v -0.046486854553222656 -0.059899333864450455 0.3900318145751953
v -0.030809402465820312 -0.05990012735128403 0.37525200843811035
v -0.03606247901916504 -0.06519996374845505 0.37886834144592285
v -0.030809402465820312 -0.05990012735128403 0.37525200843811035
v -0.0028093159198760986 -0.06519994139671326 0.36611151695251465
v -0.0028093159198760986 -0.06519994139671326 0.36611151695251465
v -0.030809402465820312 -0.05990012735128403 0.37525200843811035
v -0.0043468475341796875 -0.059888873249292374 0.3669179677963257
v -0.0028093159198760986 -0.06519994139671326 0.36611151695251465
v -0.0043468475341796875 -0.059888873249292374 0.3669179677963257
v 0.010946273803710938 -0.05989383906126022 0.3680140972137451
v -0.0028093159198760986 -0.06519994139671326 0.36611151695251465
v 0.010946273803710938 -0.05989383906126022 0.3680140972137451
v 0.027235984802246094 -0.059898726642131805 0.3735470771789551
v -0.0028093159198760986 -0.06519994139671326 0.36611151695251465
v 0.027235984802246094 -0.059898726642131805 0.3735470771789551
v 0.03498411178588867 -0.06519997864961624 0.37754666805267334
v 0.03498411178588867 -0.06519997864961624 0.37754666805267334
v 0.027235984802246094 -0.059898726642131805 0.3735470771789551
v 0.046662330627441406 -0.059899523854255676 0.3898181915283203
v 0.03498411178588867 -0.06519997864961624 0.37754666805267334
v 0.046662330627441406 -0.059899523854255676 0.3898181915283203
v 0.05381232500076294 -0.06519991159439087 0.4027177095413208
v 0.05381232500076294 -0.06519991159439087 0.4027177095413208
v 0.046662330627441406 -0.059899523854255676 0.3898181915283203
v 0.05720670521259308 -0.05989941582083702 0.4136241376399994
v 0.05381232500076294 -0.06519991159439087 0.4027177095413208
v 0.05720670521259308 -0.05989941582083702 0.4136241376399994
v 0.05823443830013275 -0.06519997119903564 0.42600056529045105
v 0.05823443830013275 -0.06519997119903564 0.42600056529045105
v 0.05720670521259308 -0.05989941582083702 0.4136241376399994
v 0.05799580737948418 -0.05989821255207062 0.42644450068473816
v 0.05823443830013275 -0.06519997119903564 0.42600056529045105
v 0.05799580737948418 -0.05989821255207062 0.42644450068473816
v 0.05450797080993652 -0.05989983305335045 0.4451026916503906
v 0.05823443830013275 -0.06519997119903564 0.42600056529045105
v 0.05450797080993652 -0.05989983305335045 0.4451026916503906
v 0.053014278411865234 -0.06519994139671326 0.44911861419677734
v 0.053014278411865234 -0.06519994139671326 0.44911861419677734
v 0.05450797080993652 -0.05989983305335045 0.4451026916503906
v 0.042583465576171875 -0.059899792075157166 0.46527814865112305
v 0.053014278411865234 -0.06519994139671326 0.44911861419677734
v 0.042583465576171875 -0.059899792075157166 0.46527814865112305
v 0.03606224060058594 -0.06519997119903564 0.4711322784423828
v 0.03606224060058594 -0.06519997119903564 0.4711322784423828
v 0.042583465576171875 -0.059899792075157166 0.46527814865112305
v 0.01947784423828125 -0.05989978834986687 0.47995758056640625
v 0.03606224060058594 -0.06519997119903564 0.4711322784423828
v 0.01947784423828125 -0.05989978834986687 0.47995758056640625
v 0.014977455139160156 -0.06519997119903564 0.48105573654174805
v 0.014977455139160156 -0.06519997119903564 0.48105573654174805
v 0.01947784423828125 -0.05989978834986687 0.47995758056640625
v -0.007437467575073242 -0.05989949777722359 0.4830593764781952
v 0.014977455139160156 -0.06519997119903564 0.48105573654174805
v -0.007437467575073242 -0.05989949777722359 0.4830593764781952
v -0.009100198745727539 -0.06519996374845505 0.4828436076641083
v -0.009100198745727539 -0.06519996374845505 0.4828436076641083
v -0.007437467575073242 -0.05989949777722359 0.4830593764781952
v -0.035695552825927734 -0.059899475425481796 0.47145581245422363
v -0.009100198745727539 -0.06519996374845505 0.4828436076641083
v -0.035695552825927734 -0.059899475425481796 0.47145581245422363
v -0.04112076759338379 -0.06519998610019684 0.46724700927734375
v -0.04112076759338379 -0.06519998610019684 0.46724700927734375
v -0.035695552825927734 -0.059899475425481796 0.47145581245422363
v -0.050931453704833984 -0.05989952012896538 0.4528932571411133
v -0.04112076759338379 -0.06519998610019684 0.46724700927734375
v -0.050931453704833984 -0.05989952012896538 0.4528932571411133
v -0.057551220059394836 -0.06519994884729385 0.4357948899269104
v -0.057551220059394836 -0.06519994884729385 0.4357948899269104
v -0.050931453704833984 -0.05989952012896538 0.4528932571411133
v -0.05690857768058777 -0.059899285435676575 0.43708181381225586
v -0.057551220059394836 -0.06519994884729385 0.4357948899269104
v -0.05690857768058777 -0.059899285435676575 0.43708181381225586
v -0.0580352358520031 -0.05989670008420944 0.4262467920780182
v 0.03980064392089844 0.057468414306640625 0.3826484680175781
v 0.03304100036621094 0.06009387969970703 0.3772258758544922
v 0.03730010986328125 0.06138813495635986 0.3806018829345703
v -0.04448699951171875 0.05972170829772949 0.4389381408691406
v 0.03475761413574219 0.057442426681518555 0.4556446075439453
v -0.03695392608642578 0.0663529634475708 0.38861560821533203
v -0.03695392608642578 0.0663529634475708 0.38861560821533203
v 0.03475761413574219 0.057442426681518555 0.4556446075439453
v 0.04837822914123535 0.061029791831970215 0.4279146194458008
v 0.04715609550476074 0.06407713890075684 0.40404796600341797
v 0.02918064594268799 0.06730473041534424 0.3801720142364502
v -0.03695392608642578 0.0663529634475708 0.38861560821533203
v -0.012712478637695312 0.06838525831699371 0.37266385555267334
v 0.02918064594268799 0.06730473041534424 0.3801720142364502
v 0.008650481700897217 0.06853602081537247 0.3718037009239197
v 0.03475761413574219 0.057442426681518555 0.4556446075439453
v -0.04448699951171875 0.05972170829772949 0.4389381408691406
v -0.023845672607421875 0.05646204948425293 0.4632892608642578
v 0.04837822914123535 0.061029791831970215 0.4279146194458008
v 0.04715609550476074 0.06407713890075684 0.40404796600341797
v -0.03695392608642578 0.0663529634475708 0.38861560821533203
v 0.02918064594268799 0.06730473041534424 0.3801720142364502
v -0.012712478637695312 0.06838525831699371 0.37266385555267334
v -0.03695392608642578 0.0663529634475708 0.38861560821533203
v 0.013458251953125 0.05566835403442383 0.4683995246887207
v 0.03475761413574219 0.057442426681518555 0.4556446075439453
v -0.023845672607421875 0.05646204948425293 0.4632892608642578
v 0.04998016357421875 0.024028778076171875 0.45485496520996094
v 0.05601692199707031 0.03059530258178711 0.44068336486816406
v 0.053137779235839844 0.04588913917541504 0.4487342834472656
v 0.04316902160644531 0.04293060302734375 0.4638252258300781
v 0.04998016357421875 0.024028778076171875 0.45485496520996094
v 0.053137779235839844 0.04588913917541504 0.4487342834472656
v 0.04998016357421875 0.024028778076171875 0.45485496520996094
v 0.04316902160644531 0.04293060302734375 0.4638252258300781
v 0.04265594482421875 0.019611358642578125 0.46442413330078125
v 0.04265594482421875 0.019611358642578125 0.46442413330078125
v 0.04316902160644531 0.04293060302734375 0.4638252258300781
v 0.03252983093261719 0.015427112579345703 0.4733438491821289
v 0.03252983093261719 0.015427112579345703 0.4733438491821289
v 0.04316902160644531 0.04293060302734375 0.4638252258300781
v 0.034420013427734375 0.042881011962890625 0.47150421142578125
v 0.03252983093261719 0.015427112579345703 0.4733438491821289
v 0.034420013427734375 0.042881011962890625 0.47150421142578125
v 0.024627685546875 0.04378223419189453 0.47699737548828125
v 0.03252983093261719 0.015427112579345703 0.4733438491821289
v 0.024627685546875 0.04378223419189453 0.47699737548828125
v 0.015775680541992188 0.040352821350097656 0.4808669090270996
v 0.03252983093261719 0.015427112579345703 0.4733438491821289
v 0.015775680541992188 0.040352821350097656 0.4808669090270996
v 0.018772125244140625 0.012341976165771484 0.4800128936767578
v 0.018772125244140625 0.012341976165771484 0.4800128936767578
v 0.015775680541992188 0.040352821350097656 0.4808669090270996
v 0.005379676818847656 0.010979413986206055 0.482967734336853
v 0.005379676818847656 0.010979413986206055 0.482967734336853
v 0.0005505084991455078 0.03957843780517578 0.4830509424209595
v -0.008815765380859375 0.011162042617797852 0.48250579833984375
v -0.008815765380859375 0.011162042617797852 0.48250579833984375
v -0.016202926635742188 0.039320945739746094 0.48078441619873047
v -0.023584365844726562 0.013154983520507812 0.47823333740234375
v -0.023584365844726562 0.013154983520507812 0.47823333740234375
v -0.016202926635742188 0.039320945739746094 0.48078441619873047
v -0.02681732177734375 0.04183387756347656 0.4762306213378906
v -0.023584365844726562 0.013154983520507812 0.47823333740234375
v -0.02681732177734375 0.04183387756347656 0.4762306213378906
v -0.03802299499511719 0.017398834228515625 0.4691333770751953
v -0.03802299499511719 0.017398834228515625 0.4691333770751953
v -0.02681732177734375 0.04183387756347656 0.4762306213378906
v -0.036716461181640625 0.0416712760925293 0.47000885009765625
v -0.036716461181640625 0.0416712760925293 0.47000885009765625
v -0.0448760986328125 0.04389667510986328 0.46160125732421875
v -0.03802299499511719 0.017398834228515625 0.4691333770751953
v -0.03802299499511719 0.017398834228515625 0.4691333770751953
v -0.0448760986328125 0.04389667510986328 0.46160125732421875
v -0.04816436767578125 0.022735595703125 0.4575614929199219
v -0.05188179016113281 0.046857357025146484 0.45078277587890625
v -0.04816436767578125 0.022735595703125 0.4575614929199219
v -0.0448760986328125 0.04389667510986328 0.46160125732421875
v -0.04816436767578125 0.022735595703125 0.4575614929199219
v -0.05188179016113281 0.046857357025146484 0.45078277587890625
v -0.0546875 0.02867889404296875 0.4447956085205078
v -0.05188179016113281 0.046857357025146484 0.45078277587890625
v -0.05715227127075195 0.048613667488098145 0.4355616569519043
v -0.0546875 0.02867889404296875 0.4447956085205078
v -0.0546875 0.02867889404296875 0.4447956085205078
v -0.05715227127075195 0.048613667488098145 0.4355616569519043
v -0.05781257152557373 0.03520059585571289 0.43097972869873047
v -0.05754797160625458 0.053053975105285645 0.427227258682251
v -0.05760526657104492 0.04157614707946777 0.417025089263916
v -0.05781257152557373 0.03520059585571289 0.43097972869873047
v -0.05754797160625458 0.053053975105285645 0.427227258682251
v -0.05781257152557373 0.03520059585571289 0.43097972869873047
v -0.05715227127075195 0.048613667488098145 0.4355616569519043
v -0.05760526657104492 0.04157614707946777 0.417025089263916
v -0.05754797160625458 0.053053975105285645 0.427227258682251
v -0.05677301436662674 0.05457548052072525 0.41348516941070557
v -0.05677301436662674 0.05457548052072525 0.41348516941070557
v -0.05477094650268555 0.04681968688964844 0.4056110382080078
v -0.05760526657104492 0.04157614707946777 0.417025089263916
v -0.05477094650268555 0.04681968688964844 0.4056110382080078
v -0.05677301436662674 0.05457548052072525 0.41348516941070557
v -0.052623629570007324 0.05863845348358154 0.40157341957092285
v -0.05477094650268555 0.04681968688964844 0.4056110382080078
v -0.052623629570007324 0.05863845348358154 0.40157341957092285
v -0.049822330474853516 0.0517725944519043 0.39494800567626953
v -0.049822330474853516 0.0517725944519043 0.39494800567626953
v -0.052623629570007324 0.05863845348358154 0.40157341957092285
v -0.04741954803466797 0.059256911277770996 0.39169979095458984
v -0.049822330474853516 0.0517725944519043 0.39494800567626953
v -0.04741954803466797 0.059256911277770996 0.39169979095458984
v -0.041169166564941406 0.05692148208618164 0.3838624954223633
v 0.05601692199707031 0.03059530258178711 0.44068336486816406
v 0.057225167751312256 0.04949665069580078 0.4340949058532715
v 0.053137779235839844 0.04588913917541504 0.4487342834472656
v 0.05793018266558647 0.051419682800769806 0.4222378730773926
v 0.057225167751312256 0.04949665069580078 0.4340949058532715
v 0.05789899826049805 0.03581809997558594 0.4294624328613281
v 0.05601692199707031 0.03059530258178711 0.44068336486816406
v 0.05789899826049805 0.03581809997558594 0.4294624328613281
v 0.057225167751312256 0.04949665069580078 0.4340949058532715
v 0.05738389492034912 0.04259467124938965 0.41471338272094727
v 0.05793018266558647 0.051419682800769806 0.4222378730773926
v 0.05789899826049805 0.03581809997558594 0.4294624328613281
v 0.05738389492034912 0.04259467124938965 0.41471338272094727
v 0.05562141537666321 0.05527070164680481 0.4087657928466797
v 0.05793018266558647 0.051419682800769806 0.4222378730773926
v 0.05562141537666321 0.05527070164680481 0.4087657928466797
v 0.05738389492034912 0.04259467124938965 0.41471338272094727
v 0.052707672119140625 0.04918670654296875 0.40047264099121094
v 0.05562141537666321 0.05527070164680481 0.4087657928466797
v 0.052707672119140625 0.04918670654296875 0.40047264099121094
v 0.047980308532714844 0.05878400802612305 0.3922252655029297
v 0.04711580276489258 0.05369448661804199 0.3908882141113281
v 0.047980308532714844 0.05878400802612305 0.3922252655029297
v 0.052707672119140625 0.04918670654296875 0.40047264099121094
v 0.047980308532714844 0.05878400802612305 0.3922252655029297
v 0.04711580276489258 0.05369448661804199 0.3908882141113281
v 0.03980064392089844 0.057468414306640625 0.3826484680175781
v -0.049966052174568176 0.062093138694763184 0.41782665252685547
v -0.04448699951171875 0.05972170829772949 0.4389381408691406
v -0.03695392608642578 0.0663529634475708 0.38861560821533203
v 0.03730010986328125 0.06138813495635986 0.3806018829345703
v 0.03304100036621094 0.06009387969970703 0.3772258758544922
v 0.024941444396972656 0.06230616569519043 0.372403621673584
v 0.03730010986328125 0.06138813495635986 0.3806018829345703
v 0.047980308532714844 0.05878400802612305 0.3922252655029297
v 0.03980064392089844 0.057468414306640625 0.3826484680175781
v 0.015775680541992188 0.040352821350097656 0.4808669090270996
v 0.0005505084991455078 0.03957843780517578 0.4830509424209595
v 0.005379676818847656 0.010979413986206055 0.482967734336853
v -0.016202926635742188 0.039320945739746094 0.48078441619873047
v -0.008815765380859375 0.011162042617797852 0.48250579833984375
v 0.0005505084991455078 0.03957843780517578 0.4830509424209595
v -0.041169166564941406 0.05692148208618164 0.3838624954223633
v -0.04741954803466797 0.059256911277770996 0.39169979095458984
v -0.037113189697265625 0.061165809631347656 0.3804473876953125
v -0.027133941650390625 0.06396535038948059 0.3740053176879883
v -0.028650283813476562 0.06137669086456299 0.37424564361572266
v -0.037113189697265625 0.061165809631347656 0.3804473876953125
v -0.014119625091552734 0.06400299072265625 0.3685861825942993
v -0.001570582389831543 0.06714963912963867 0.36815911531448364
v -0.0000027939677238464355 0.06470094621181488 0.366977334022522
v 0.013653755187988281 0.0640748143196106 0.3684946298599243
v -0.0000027939677238464355 0.06470094621181488 0.366977334022522
v -0.001570582389831543 0.06714963912963867 0.36815911531448364
v 0.014557838439941406 0.06678074598312378 0.3701767921447754
v 0.024941444396972656 0.06230616569519043 0.372403621673584
v 0.013653755187988281 0.0640748143196106 0.3684946298599243
v -0.04495811462402344 0.05588531494140625 0.4503517150878906
v -0.023845672607421875 0.05646204948425293 0.4632892608642578
v -0.04448699951171875 0.05972170829772949 0.4389381408691406
v -0.04495811462402344 0.05588531494140625 0.4503517150878906
v -0.04448699951171875 0.05972170829772949 0.4389381408691406
v -0.04965686798095703 0.05818367004394531 0.4378318786621094
v -0.04965686798095703 0.05818367004394531 0.4378318786621094
v -0.04448699951171875 0.05972170829772949 0.4389381408691406
v -0.049966052174568176 0.062093138694763184 0.41782665252685547
v -0.03695392608642578 0.0663529634475708 0.38861560821533203
v -0.046319395303726196 0.06393425911664963 0.3987371325492859
v -0.049966052174568176 0.062093138694763184 0.41782665252685547
v 0.047980308532714844 0.05878400802612305 0.3922252655029297
v 0.039313316345214844 0.06432723999023438 0.3850522041320801
v 0.04966604709625244 0.061537861824035645 0.3988281488418579
v 0.034420013427734375 0.042881011962890625 0.47150421142578125
v 0.04255104064941406 0.04810810089111328 0.4622840881347656
v 0.02848052978515625 0.05201005935668945 0.4692535400390625
v 0.034420013427734375 0.042881011962890625 0.47150421142578125
v 0.02848052978515625 0.05201005935668945 0.4692535400390625
v 0.024627685546875 0.04378223419189453 0.47699737548828125
v 0.024627685546875 0.04378223419189453 0.47699737548828125
v 0.006671428680419922 0.05049896240234375 0.4773998260498047
v 0.0039005279541015625 0.04532432556152344 0.4809865951538086
v -0.02681732177734375 0.04183387756347656 0.4762306213378906
v -0.02040863037109375 0.04737091064453125 0.47650909423828125
v -0.0326995849609375 0.04745197296142578 0.4705219268798828
v 0.05562141537666321 0.05527070164680481 0.4087657928466797
v 0.05491678789258003 0.05845341831445694 0.41699373722076416
v 0.05793018266558647 0.051419682800769806 0.4222378730773926
v 0.05793018266558647 0.051419682800769806 0.4222378730773926
v 0.055562764406204224 0.05494558811187744 0.4320359230041504
v 0.057225167751312256 0.04949665069580078 0.4340949058532715
v 0.053137779235839844 0.04588913917541504 0.4487342834472656
v 0.050261497497558594 0.05192828178405762 0.44921112060546875
v 0.04255104064941406 0.04810810089111328 0.4622840881347656
v 0.04316902160644531 0.04293060302734375 0.4638252258300781
v 0.04255104064941406 0.04810810089111328 0.4622840881347656
v 0.034420013427734375 0.042881011962890625 0.47150421142578125
v 0.0005505084991455078 0.03957843780517578 0.4830509424209595
v 0.015775680541992188 0.040352821350097656 0.4808669090270996
v 0.0039005279541015625 0.04532432556152344 0.4809865951538086
v 0.0005505084991455078 0.03957843780517578 0.4830509424209595
v -0.008271217346191406 0.045767784118652344 0.4803762435913086
v -0.016202926635742188 0.039320945739746094 0.48078441619873047
v -0.016202926635742188 0.039320945739746094 0.48078441619873047
v -0.008271217346191406 0.045767784118652344 0.4803762435913086
v -0.02040863037109375 0.04737091064453125 0.47650909423828125
v -0.016202926635742188 0.039320945739746094 0.48078441619873047
v -0.02040863037109375 0.04737091064453125 0.47650909423828125
v -0.02681732177734375 0.04183387756347656 0.4762306213378906
v -0.036716461181640625 0.0416712760925293 0.47000885009765625
v -0.02681732177734375 0.04183387756347656 0.4762306213378906
v -0.0326995849609375 0.04745197296142578 0.4705219268798828
v -0.027133941650390625 0.06396535038948059 0.3740053176879883
v -0.014119625091552734 0.06400299072265625 0.3685861825942993
v -0.028650283813476562 0.06137669086456299 0.37424564361572266
v -0.053160667419433594 0.05255126953125 0.4428424835205078
v -0.05715227127075195 0.048613667488098145 0.4355616569519043
v -0.05188179016113281 0.046857357025146484 0.45078277587890625
v 0.04255104064941406 0.04810810089111328 0.4622840881347656
v 0.04316902160644531 0.04293060302734375 0.4638252258300781
v 0.053137779235839844 0.04588913917541504 0.4487342834472656
v 0.04966604709625244 0.061537861824035645 0.3988281488418579
v 0.05562141537666321 0.05527070164680481 0.4087657928466797
v 0.047980308532714844 0.05878400802612305 0.3922252655029297
v 0.024941444396972656 0.06230616569519043 0.372403621673584
v 0.027555465698242188 0.06561121344566345 0.37547969818115234
v 0.03730010986328125 0.06138813495635986 0.3806018829345703
v 0.03730010986328125 0.06138813495635986 0.3806018829345703
v 0.039313316345214844 0.06432723999023438 0.3850522041320801
v 0.047980308532714844 0.05878400802612305 0.3922252655029297
v 0.039313316345214844 0.06432723999023438 0.3850522041320801
v 0.03730010986328125 0.06138813495635986 0.3806018829345703
v 0.027555465698242188 0.06561121344566345 0.37547969818115234
v 0.027555465698242188 0.06561121344566345 0.37547969818115234
v 0.024941444396972656 0.06230616569519043 0.372403621673584
v 0.014557838439941406 0.06678074598312378 0.3701767921447754
v 0.014557838439941406 0.06678074598312378 0.3701767921447754
v 0.013653755187988281 0.0640748143196106 0.3684946298599243
v -0.001570582389831543 0.06714963912963867 0.36815911531448364
v -0.001570582389831543 0.06714963912963867 0.36815911531448364
v -0.014119625091552734 0.06400299072265625 0.3685861825942993
v -0.017911911010742188 0.06746456027030945 0.37213706970214844
v -0.017911911010742188 0.06746456027030945 0.37213706970214844
v -0.014119625091552734 0.06400299072265625 0.3685861825942993
v -0.027133941650390625 0.06396535038948059 0.3740053176879883
v -0.03280353546142578 0.06557154655456543 0.37984466552734375
v -0.027133941650390625 0.06396535038948059 0.3740053176879883
v -0.037113189697265625 0.061165809631347656 0.3804473876953125
v -0.03280353546142578 0.06557154655456543 0.37984466552734375
v -0.037113189697265625 0.061165809631347656 0.3804473876953125
v -0.042762041091918945 0.06374925374984741 0.38912534713745117
v -0.042762041091918945 0.06374925374984741 0.38912534713745117
v -0.037113189697265625 0.061165809631347656 0.3804473876953125
v -0.04741954803466797 0.059256911277770996 0.39169979095458984
v -0.042762041091918945 0.06374925374984741 0.38912534713745117
v -0.04741954803466797 0.059256911277770996 0.39169979095458984
v -0.052623629570007324 0.05863845348358154 0.40157341957092285
v -0.05447769910097122 0.059001773595809937 0.41986751556396484
v -0.05677301436662674 0.05457548052072525 0.41348516941070557
v -0.05754797160625458 0.053053975105285645 0.427227258682251
v -0.05754797160625458 0.053053975105285645 0.427227258682251
v -0.05715227127075195 0.048613667488098145 0.4355616569519043
v -0.053160667419433594 0.05255126953125 0.4428424835205078
v -0.04421806335449219 0.05041837692260742 0.4585990905761719
v -0.05188179016113281 0.046857357025146484 0.45078277587890625
v -0.0448760986328125 0.04389667510986328 0.46160125732421875
v -0.04421806335449219 0.05041837692260742 0.4585990905761719
v -0.0448760986328125 0.04389667510986328 0.46160125732421875
v -0.0326995849609375 0.04745197296142578 0.4705219268798828
v -0.0326995849609375 0.04745197296142578 0.4705219268798828
v -0.0448760986328125 0.04389667510986328 0.46160125732421875
v -0.036716461181640625 0.0416712760925293 0.47000885009765625
v -0.008271217346191406 0.045767784118652344 0.4803762435913086
v 0.0005505084991455078 0.03957843780517578 0.4830509424209595
v 0.0039005279541015625 0.04532432556152344 0.4809865951538086
v 0.0039005279541015625 0.04532432556152344 0.4809865951538086
v 0.015775680541992188 0.040352821350097656 0.4808669090270996
v 0.024627685546875 0.04378223419189453 0.47699737548828125
v 0.050261497497558594 0.05192828178405762 0.44921112060546875
v 0.053137779235839844 0.04588913917541504 0.4487342834472656
v 0.055562764406204224 0.05494558811187744 0.4320359230041504
v 0.055562764406204224 0.05494558811187744 0.4320359230041504
v 0.053137779235839844 0.04588913917541504 0.4487342834472656
v 0.057225167751312256 0.04949665069580078 0.4340949058532715
v 0.05491678789258003 0.05845341831445694 0.41699373722076416
v 0.055562764406204224 0.05494558811187744 0.4320359230041504
v 0.05793018266558647 0.051419682800769806 0.4222378730773926
v -0.011629104614257812 0.05349588394165039 0.47309112548828125
v 0.013458251953125 0.05566835403442383 0.4683995246887207
v -0.023845672607421875 0.05646204948425293 0.4632892608642578
v 0.03475761413574219 0.057442426681518555 0.4556446075439453
v 0.0477142333984375 0.05661773681640625 0.44496726989746094
v 0.04837822914123535 0.061029791831970215 0.4279146194458008
v 0.04038238525390625 0.054393768310546875 0.4576072692871094
v 0.03475761413574219 0.057442426681518555 0.4556446075439453
v 0.02848052978515625 0.05201005935668945 0.4692535400390625
v 0.02848052978515625 0.05201005935668945 0.4692535400390625
v 0.03475761413574219 0.057442426681518555 0.4556446075439453
v 0.013458251953125 0.05566835403442383 0.4683995246887207
v 0.013458251953125 0.05566835403442383 0.4683995246887207
v -0.011629104614257812 0.05349588394165039 0.47309112548828125
v 0.006671428680419922 0.05049896240234375 0.4773998260498047
v -0.011629104614257812 0.05349588394165039 0.47309112548828125
v -0.023845672607421875 0.05646204948425293 0.4632892608642578
v -0.03294944763183594 0.052865028381347656 0.4656181335449219
v -0.03294944763183594 0.052865028381347656 0.4656181335449219
v -0.023845672607421875 0.05646204948425293 0.4632892608642578
v -0.04495811462402344 0.05588531494140625 0.4503517150878906
v -0.049966052174568176 0.062093138694763184 0.41782665252685547
v -0.046319395303726196 0.06393425911664963 0.3987371325492859
v -0.05447769910097122 0.059001773595809937 0.41986751556396484
v -0.049966052174568176 0.062093138694763184 0.41782665252685547
v -0.05447769910097122 0.059001773595809937 0.41986751556396484
v -0.04965686798095703 0.05818367004394531 0.4378318786621094
v 0.013458251953125 0.05566835403442383 0.4683995246887207
v 0.006671428680419922 0.05049896240234375 0.4773998260498047
v 0.02848052978515625 0.05201005935668945 0.4692535400390625
v 0.03475761413574219 0.057442426681518555 0.4556446075439453
v 0.04038238525390625 0.054393768310546875 0.4576072692871094
v 0.0477142333984375 0.05661773681640625 0.44496726989746094
v 0.05491678789258003 0.05845341831445694 0.41699373722076416
v 0.04715609550476074 0.06407713890075684 0.40404796600341797
v 0.05212855339050293 0.059319257736206055 0.4280519485473633
v 0.05212855339050293 0.059319257736206055 0.4280519485473633
v 0.04837822914123535 0.061029791831970215 0.4279146194458008
v 0.0477142333984375 0.05661773681640625 0.44496726989746094
v 0.039313316345214844 0.06432723999023438 0.3850522041320801
v 0.027555465698242188 0.06561121344566345 0.37547969818115234
v 0.02918064594268799 0.06730473041534424 0.3801720142364502
v -0.03280353546142578 0.06557154655456543 0.37984466552734375
v -0.03695392608642578 0.0663529634475708 0.38861560821533203
v -0.017911911010742188 0.06746456027030945 0.37213706970214844
v -0.001570582389831543 0.06714963912963867 0.36815911531448364
v -0.012712478637695312 0.06838525831699371 0.37266385555267334
v 0.008650481700897217 0.06853602081537247 0.3718037009239197
v -0.001570582389831543 0.06714963912963867 0.36815911531448364
v 0.008650481700897217 0.06853602081537247 0.3718037009239197
v 0.014557838439941406 0.06678074598312378 0.3701767921447754
v 0.014557838439941406 0.06678074598312378 0.3701767921447754
v 0.008650481700897217 0.06853602081537247 0.3718037009239197
v 0.02918064594268799 0.06730473041534424 0.3801720142364502
v 0.039313316345214844 0.06432723999023438 0.3850522041320801
v 0.02918064594268799 0.06730473041534424 0.3801720142364502
v 0.04715609550476074 0.06407713890075684 0.40404796600341797
v 0.039313316345214844 0.06432723999023438 0.3850522041320801
v 0.04715609550476074 0.06407713890075684 0.40404796600341797
v 0.04966604709625244 0.061537861824035645 0.3988281488418579
v 0.05212855339050293 0.059319257736206055 0.4280519485473633
v 0.04715609550476074 0.06407713890075684 0.40404796600341797
v 0.04837822914123535 0.061029791831970215 0.4279146194458008
v -0.012712478637695312 0.06838525831699371 0.37266385555267334
v -0.017911911010742188 0.06746456027030945 0.37213706970214844
v -0.03695392608642578 0.0663529634475708 0.38861560821533203
v 0.05491678789258003 0.05845341831445694 0.41699373722076416
v 0.05212855339050293 0.059319257736206055 0.4280519485473633
v 0.055562764406204224 0.05494558811187744 0.4320359230041504
v 0.055562764406204224 0.05494558811187744 0.4320359230041504
v 0.05212855339050293 0.059319257736206055 0.4280519485473633
v 0.0477142333984375 0.05661773681640625 0.44496726989746094
v 0.055562764406204224 0.05494558811187744 0.4320359230041504
v 0.0477142333984375 0.05661773681640625 0.44496726989746094
v 0.050261497497558594 0.05192828178405762 0.44921112060546875
v 0.050261497497558594 0.05192828178405762 0.44921112060546875
v 0.0477142333984375 0.05661773681640625 0.44496726989746094
v 0.04038238525390625 0.054393768310546875 0.4576072692871094
v -0.02040863037109375 0.04737091064453125 0.47650909423828125
v -0.011629104614257812 0.05349588394165039 0.47309112548828125
v -0.03294944763183594 0.052865028381347656 0.4656181335449219
v -0.04421806335449219 0.05041837692260742 0.4585990905761719
v -0.03294944763183594 0.052865028381347656 0.4656181335449219
v -0.04495811462402344 0.05588531494140625 0.4503517150878906
v -0.052623629570007324 0.05863845348358154 0.40157341957092285
v -0.05447769910097122 0.059001773595809937 0.41986751556396484
v -0.046319395303726196 0.06393425911664963 0.3987371325492859
v -0.042762041091918945 0.06374925374984741 0.38912534713745117
v -0.052623629570007324 0.05863845348358154 0.40157341957092285
v -0.046319395303726196 0.06393425911664963 0.3987371325492859
v -0.03280353546142578 0.06557154655456543 0.37984466552734375
v -0.042762041091918945 0.06374925374984741 0.38912534713745117
v -0.03695392608642578 0.0663529634475708 0.38861560821533203
v -0.03695392608642578 0.0663529634475708 0.38861560821533203
v -0.042762041091918945 0.06374925374984741 0.38912534713745117
v -0.046319395303726196 0.06393425911664963 0.3987371325492859
v 0.05562141537666321 0.05527070164680481 0.4087657928466797
v 0.04966604709625244 0.061537861824035645 0.3988281488418579
v 0.05491678789258003 0.05845341831445694 0.41699373722076416
v 0.050261497497558594 0.05192828178405762 0.44921112060546875
v 0.04038238525390625 0.054393768310546875 0.4576072692871094
v 0.04255104064941406 0.04810810089111328 0.4622840881347656
v 0.0039005279541015625 0.04532432556152344 0.4809865951538086
v 0.006671428680419922 0.05049896240234375 0.4773998260498047
v -0.008271217346191406 0.045767784118652344 0.4803762435913086
v -0.0326995849609375 0.04745197296142578 0.4705219268798828
v -0.02040863037109375 0.04737091064453125 0.47650909423828125
v -0.03294944763183594 0.052865028381347656 0.4656181335449219
v -0.0326995849609375 0.04745197296142578 0.4705219268798828
v -0.03294944763183594 0.052865028381347656 0.4656181335449219
v -0.04421806335449219 0.05041837692260742 0.4585990905761719
v -0.04421806335449219 0.05041837692260742 0.4585990905761719
v -0.04495811462402344 0.05588531494140625 0.4503517150878906
v -0.05188179016113281 0.046857357025146484 0.45078277587890625
v -0.05188179016113281 0.046857357025146484 0.45078277587890625
v -0.04495811462402344 0.05588531494140625 0.4503517150878906
v -0.053160667419433594 0.05255126953125 0.4428424835205078
v -0.05677301436662674 0.05457548052072525 0.41348516941070557
v -0.05447769910097122 0.059001773595809937 0.41986751556396484
v -0.052623629570007324 0.05863845348358154 0.40157341957092285
v -0.027133941650390625 0.06396535038948059 0.3740053176879883
v -0.03280353546142578 0.06557154655456543 0.37984466552734375
v -0.017911911010742188 0.06746456027030945 0.37213706970214844
v 0.04966604709625244 0.061537861824035645 0.3988281488418579
v 0.04715609550476074 0.06407713890075684 0.40404796600341797
v 0.05491678789258003 0.05845341831445694 0.41699373722076416
v 0.04255104064941406 0.04810810089111328 0.4622840881347656
v 0.04038238525390625 0.054393768310546875 0.4576072692871094
v 0.02848052978515625 0.05201005935668945 0.4692535400390625
v 0.024627685546875 0.04378223419189453 0.47699737548828125
v 0.02848052978515625 0.05201005935668945 0.4692535400390625
v 0.006671428680419922 0.05049896240234375 0.4773998260498047
v -0.008271217346191406 0.045767784118652344 0.4803762435913086
v 0.006671428680419922 0.05049896240234375 0.4773998260498047
v -0.011629104614257812 0.05349588394165039 0.47309112548828125
v -0.008271217346191406 0.045767784118652344 0.4803762435913086
v -0.011629104614257812 0.05349588394165039 0.47309112548828125
v -0.02040863037109375 0.04737091064453125 0.47650909423828125
v -0.053160667419433594 0.05255126953125 0.4428424835205078
v -0.04495811462402344 0.05588531494140625 0.4503517150878906
v -0.04965686798095703 0.05818367004394531 0.4378318786621094
v -0.05754797160625458 0.053053975105285645 0.427227258682251
v -0.053160667419433594 0.05255126953125 0.4428424835205078
v -0.04965686798095703 0.05818367004394531 0.4378318786621094
v -0.05754797160625458 0.053053975105285645 0.427227258682251
v -0.04965686798095703 0.05818367004394531 0.4378318786621094
v -0.05447769910097122 0.059001773595809937 0.41986751556396484
v -0.017911911010742188 0.06746456027030945 0.37213706970214844
v -0.012712478637695312 0.06838525831699371 0.37266385555267334
v -0.001570582389831543 0.06714963912963867 0.36815911531448364
v 0.027555465698242188 0.06561121344566345 0.37547969818115234
v 0.014557838439941406 0.06678074598312378 0.3701767921447754
v 0.02918064594268799 0.06730473041534424 0.3801720142364502
v 0.03980064392089844 0.057468414306640625 0.3826484680175781
v 0.0317840576171875 0.0609285831451416 0.37462520599365234
v 0.03304100036621094 0.06009387969970703 0.3772258758544922
v 0.052707672119140625 0.04918670654296875 0.40047264099121094
v 0.046047210693359375 0.0551912784576416 0.3869457244873047
v 0.04711580276489258 0.05369448661804199 0.3908882141113281
v 0.05738389492034912 0.04259467124938965 0.41471338272094727
v 0.05529475212097168 0.0479588508605957 0.4027528762817383
v 0.052707672119140625 0.04918670654296875 0.40047264099121094
v 0.05738389492034912 0.04259467124938965 0.41471338272094727
v 0.05889153480529785 0.041693687438964844 0.4162158966064453
v 0.05529475212097168 0.0479588508605957 0.4027528762817383
v 0.05789899826049805 0.03581809997558594 0.4294624328613281
v 0.05947554111480713 0.03587055206298828 0.4287891387939453
v 0.05738389492034912 0.04259467124938965 0.41471338272094727
v 0.056931495666503906 0.029544830322265625 0.4425544738769531
v 0.04998016357421875 0.024028778076171875 0.45485496520996094
v 0.052272796630859375 0.024501800537109375 0.4534759521484375
v 0.012768745422363281 0.010631680488586426 0.48347926139831543
v 0.03252983093261719 0.015427112579345703 0.4733438491821289
v 0.018772125244140625 0.012341976165771484 0.4800128936767578
v 0.005379676818847656 0.010979413986206055 0.482967734336853
v 0.012768745422363281 0.010631680488586426 0.48347926139831543
v 0.018772125244140625 0.012341976165771484 0.4800128936767578
v 0.056931495666503906 0.029544830322265625 0.4425544738769531
v 0.05789899826049805 0.03581809997558594 0.4294624328613281
v 0.04998016357421875 0.024028778076171875 0.45485496520996094
v 0.04998016357421875 0.024028778076171875 0.45485496520996094
v 0.05789899826049805 0.03581809997558594 0.4294624328613281
v 0.05601692199707031 0.03059530258178711 0.44068336486816406
v 0.03298187255859375 0.014645576477050781 0.4747657775878906
v 0.04265594482421875 0.019611358642578125 0.46442413330078125
v 0.03252983093261719 0.015427112579345703 0.4733438491821289
v 0.03980064392089844 0.057468414306640625 0.3826484680175781
v 0.04711580276489258 0.05369448661804199 0.3908882141113281
v 0.046047210693359375 0.0551912784576416 0.3869457244873047
v -0.03802299499511719 0.017398834228515625 0.4691333770751953
v -0.03235626220703125 0.014493942260742188 0.4751014709472656
v -0.023584365844726562 0.013154983520507812 0.47823333740234375
v -0.03802299499511719 0.017398834228515625 0.4691333770751953
v -0.04461669921875 0.01934337615966797 0.4645957946777344
v -0.03235626220703125 0.014493942260742188 0.4751014709472656
v -0.03802299499511719 0.017398834228515625 0.4691333770751953
v -0.04816436767578125 0.022735595703125 0.4575614929199219
v -0.04461669921875 0.01934337615966797 0.4645957946777344
v -0.05745983123779297 0.04485130310058594 0.40952301025390625
v -0.05760526657104492 0.04157614707946777 0.417025089263916
v -0.05477094650268555 0.04681968688964844 0.4056110382080078
v -0.049822330474853516 0.0517725944519043 0.39494800567626953
v -0.041169166564941406 0.05692148208618164 0.3838624954223633
v -0.04181480407714844 0.05727815628051758 0.3826408386230469
v -0.02176380157470703 0.06326532363891602 0.3696427345275879
v -0.04181480407714844 0.05727815628051758 0.3826408386230469
v -0.028650283813476562 0.06137669086456299 0.37424564361572266
v -0.041169166564941406 0.05692148208618164 0.3838624954223633
v -0.037113189697265625 0.061165809631347656 0.3804473876953125
v -0.028650283813476562 0.06137669086456299 0.37424564361572266
v -0.05930948257446289 0.035068511962890625 0.43070220947265625
v -0.0546875 0.02867889404296875 0.4447956085205078
v -0.05781257152557373 0.03520059585571289 0.43097972869873047
v -0.05930948257446289 0.035068511962890625 0.43070220947265625
v -0.05781257152557373 0.03520059585571289 0.43097972869873047
v -0.05745983123779297 0.04485130310058594 0.40952301025390625
v -0.05745983123779297 0.04485130310058594 0.40952301025390625
v -0.05781257152557373 0.03520059585571289 0.43097972869873047
v -0.05760526657104492 0.04157614707946777 0.417025089263916
v -0.008815765380859375 0.011162042617797852 0.48250579833984375
v -0.0037965774536132812 0.010185003280639648 0.4844193458557129
v 0.005379676818847656 0.010979413986206055 0.482967734336853
v -0.028650283813476562 0.06137669086456299 0.37424564361572266
v -0.04181480407714844 0.05727815628051758 0.3826408386230469
v -0.041169166564941406 0.05692148208618164 0.3838624954223633
v -0.02176380157470703 0.06326532363891602 0.3696427345275879
v -0.028650283813476562 0.06137669086456299 0.37424564361572266
v -0.014119625091552734 0.06400299072265625 0.3685861825942993
v -0.02176380157470703 0.06326532363891602 0.3696427345275879
v -0.014119625091552734 0.06400299072265625 0.3685861825942993
v -0.012823104858398438 0.06447446346282959 0.36700439453125
v -0.0000027939677238464355 0.06470094621181488 0.366977334022522
v -0.0027123689651489258 0.06505398452281952 0.3655230402946472
v -0.014119625091552734 0.06400299072265625 0.3685861825942993
v 0.03304100036621094 0.06009387969970703 0.3772258758544922
v 0.0317840576171875 0.0609285831451416 0.37462520599365234
v 0.013653755187988281 0.0640748143196106 0.3684946298599243
v 0.013653755187988281 0.0640748143196106 0.3684946298599243
v 0.0317840576171875 0.0609285831451416 0.37462520599365234
v 0.011837959289550781 0.06458461284637451 0.36664867401123047
v 0.011837959289550781 0.06458461284637451 0.36664867401123047
v -0.0000027939677238464355 0.06470094621181488 0.366977334022522
v 0.013653755187988281 0.0640748143196106 0.3684946298599243
v 0.024941444396972656 0.06230616569519043 0.372403621673584
v 0.03304100036621094 0.06009387969970703 0.3772258758544922
v 0.013653755187988281 0.0640748143196106 0.3684946298599243
v -0.014119625091552734 0.06400299072265625 0.3685861825942993
v -0.0027123689651489258 0.06505398452281952 0.3655230402946472
v -0.012823104858398438 0.06447446346282959 0.36700439453125
v 0.03252983093261719 0.015427112579345703 0.4733438491821289
v 0.012768745422363281 0.010631680488586426 0.48347926139831543
v 0.03298187255859375 0.014645576477050781 0.4747657775878906
v 0.04265594482421875 0.019611358642578125 0.46442413330078125
v 0.03298187255859375 0.014645576477050781 0.4747657775878906
v 0.045196533203125 0.01958465576171875 0.4639472961425781
v 0.04265594482421875 0.019611358642578125 0.46442413330078125
v 0.045196533203125 0.01958465576171875 0.4639472961425781
v 0.052272796630859375 0.024501800537109375 0.4534759521484375
v 0.04265594482421875 0.019611358642578125 0.46442413330078125
v 0.052272796630859375 0.024501800537109375 0.4534759521484375
v 0.04998016357421875 0.024028778076171875 0.45485496520996094
v -0.054898738861083984 0.026596546173095703 0.4487581253051758
v -0.04816436767578125 0.022735595703125 0.4575614929199219
v -0.0546875 0.02867889404296875 0.4447956085205078
v -0.054898738861083984 0.026596546173095703 0.4487581253051758
v -0.0546875 0.02867889404296875 0.4447956085205078
v -0.05930948257446289 0.035068511962890625 0.43070220947265625
v -0.04181480407714844 0.05727815628051758 0.3826408386230469
v -0.05200767517089844 0.051100969314575195 0.39580535888671875
v -0.049822330474853516 0.0517725944519043 0.39494800567626953
v -0.049822330474853516 0.0517725944519043 0.39494800567626953
v -0.05200767517089844 0.051100969314575195 0.39580535888671875
v -0.05477094650268555 0.04681968688964844 0.4056110382080078
v -0.05745983123779297 0.04485130310058594 0.40952301025390625
v -0.05477094650268555 0.04681968688964844 0.4056110382080078
v -0.05200767517089844 0.051100969314575195 0.39580535888671875
v 0.05947554111480713 0.03587055206298828 0.4287891387939453
v 0.05789899826049805 0.03581809997558594 0.4294624328613281
v 0.056931495666503906 0.029544830322265625 0.4425544738769531
v 0.05738389492034912 0.04259467124938965 0.41471338272094727
v 0.05947554111480713 0.03587055206298828 0.4287891387939453
v 0.05889153480529785 0.041693687438964844 0.4162158966064453
v 0.03298187255859375 0.014645576477050781 0.4747657775878906
v 0.012768745422363281 0.010631680488586426 0.48347926139831543
v 0.020416259765625 0.0076770782470703125 0.48109960556030273
v 0.012768745422363281 0.010631680488586426 0.48347926139831543
v 0.005379676818847656 0.010979413986206055 0.482967734336853
v -0.0037965774536132812 0.010185003280639648 0.4844193458557129
v 0.046047210693359375 0.0551912784576416 0.3869457244873047
v 0.052707672119140625 0.04918670654296875 0.40047264099121094
v 0.05529475212097168 0.0479588508605957 0.4027528762817383
v 0.02184295654296875 0.06308317184448242 0.36971282958984375
v 0.011837959289550781 0.06458461284637451 0.36664867401123047
v 0.0317840576171875 0.0609285831451416 0.37462520599365234
v 0.05529475212097168 0.0479588508605957 0.4027528762817383
v 0.050841331481933594 0.047989845275878906 0.39393043518066406
v 0.046047210693359375 0.0551912784576416 0.3869457244873047
v 0.046047210693359375 0.0551912784576416 0.3869457244873047
v 0.0317840576171875 0.0609285831451416 0.37462520599365234
v 0.03980064392089844 0.057468414306640625 0.3826484680175781
v 0.011837959289550781 0.06458461284637451 0.36664867401123047
v -0.0027123689651489258 0.06505398452281952 0.3655230402946472
v -0.0000027939677238464355 0.06470094621181488 0.366977334022522
v 0.0317840576171875 0.0609285831451416 0.37462520599365234
v 0.046047210693359375 0.0551912784576416 0.3869457244873047
v 0.03792381286621094 0.0550236701965332 0.3787355422973633
v -0.032989501953125 0.060338497161865234 0.3753652572631836
v -0.04181480407714844 0.05727815628051758 0.3826408386230469
v -0.02176380157470703 0.06326532363891602 0.3696427345275879
v -0.05930948257446289 0.035068511962890625 0.43070220947265625
v -0.05745983123779297 0.04485130310058594 0.40952301025390625
v -0.05919131636619568 0.04055428504943848 0.41831016540527344
v -0.04816436767578125 0.022735595703125 0.4575614929199219
v -0.054898738861083984 0.026596546173095703 0.4487581253051758
v -0.04461669921875 0.01934337615966797 0.4645957946777344
v -0.023584365844726562 0.013154983520507812 0.47823333740234375
v -0.017251968383789062 0.011176824569702148 0.482177734375
v -0.008815765380859375 0.011162042617797852 0.48250579833984375
v -0.0037965774536132812 0.010185003280639648 0.4844193458557129
v -0.008815765380859375 0.011162042617797852 0.48250579833984375
v -0.017251968383789062 0.011176824569702148 0.482177734375
v -0.03235626220703125 0.014493942260742188 0.4751014709472656
v -0.017251968383789062 0.011176824569702148 0.482177734375
v -0.023584365844726562 0.013154983520507812 0.47823333740234375
v -0.02176380157470703 0.06326532363891602 0.3696427345275879
v -0.02800750732421875 0.057971954345703125 0.3723621368408203
v -0.032989501953125 0.060338497161865234 0.3753652572631836
v -0.009151935577392578 0.06097191572189331 0.3658764362335205
v -0.0027123689651489258 0.06505398452281952 0.3655230402946472
v 0.01650857925415039 0.060242414474487305 0.3674485683441162
v 0.01650857925415039 0.060242414474487305 0.3674485683441162
v -0.0027123689651489258 0.06505398452281952 0.3655230402946472
v 0.011837959289550781 0.06458461284637451 0.36664867401123047
v 0.01650857925415039 0.060242414474487305 0.3674485683441162
v 0.011837959289550781 0.06458461284637451 0.36664867401123047
v 0.02184295654296875 0.06308317184448242 0.36971282958984375
v 0.02184295654296875 0.06308317184448242 0.36971282958984375
v 0.0317840576171875 0.0609285831451416 0.37462520599365234
v 0.01650857925415039 0.060242414474487305 0.3674485683441162
v 0.01650857925415039 0.060242414474487305 0.3674485683441162
v 0.0317840576171875 0.0609285831451416 0.37462520599365234
v 0.03792381286621094 0.0550236701965332 0.3787355422973633
v 0.03792381286621094 0.0550236701965332 0.3787355422973633
v 0.046047210693359375 0.0551912784576416 0.3869457244873047
v 0.050841331481933594 0.047989845275878906 0.39393043518066406
v 0.050841331481933594 0.047989845275878906 0.39393043518066406
v 0.05529475212097168 0.0479588508605957 0.4027528762817383
v 0.05895346403121948 0.038785338401794434 0.41381382942199707
v 0.05895346403121948 0.038785338401794434 0.41381382942199707
v 0.05529475212097168 0.0479588508605957 0.4027528762817383
v 0.05889153480529785 0.041693687438964844 0.4162158966064453
v 0.05895346403121948 0.038785338401794434 0.41381382942199707
v 0.05889153480529785 0.041693687438964844 0.4162158966064453
v 0.05947554111480713 0.03587055206298828 0.4287891387939453
v 0.05895346403121948 0.038785338401794434 0.41381382942199707
v 0.05947554111480713 0.03587055206298828 0.4287891387939453
v 0.057936787605285645 0.026776552200317383 0.4397892951965332
v 0.057936787605285645 0.026776552200317383 0.4397892951965332
v 0.05947554111480713 0.03587055206298828 0.4287891387939453
v 0.056931495666503906 0.029544830322265625 0.4425544738769531
v 0.057936787605285645 0.026776552200317383 0.4397892951965332
v 0.056931495666503906 0.029544830322265625 0.4425544738769531
v 0.052272796630859375 0.024501800537109375 0.4534759521484375
v 0.057936787605285645 0.026776552200317383 0.4397892951965332
v 0.052272796630859375 0.024501800537109375 0.4534759521484375
v 0.04806995391845703 0.017183303833007812 0.46050262451171875
v 0.045196533203125 0.01958465576171875 0.4639472961425781
v 0.04806995391845703 0.017183303833007812 0.46050262451171875
v 0.052272796630859375 0.024501800537109375 0.4534759521484375
v 0.03298187255859375 0.014645576477050781 0.4747657775878906
v 0.035732269287109375 0.011551856994628906 0.4726734161376953
v 0.045196533203125 0.01958465576171875 0.4639472961425781
v 0.045196533203125 0.01958465576171875 0.4639472961425781
v 0.035732269287109375 0.011551856994628906 0.4726734161376953
v 0.04806995391845703 0.017183303833007812 0.46050262451171875
v 0.03298187255859375 0.014645576477050781 0.4747657775878906
v 0.020416259765625 0.0076770782470703125 0.48109960556030273
v 0.035732269287109375 0.011551856994628906 0.4726734161376953
v 0.020416259765625 0.0076770782470703125 0.48109960556030273
v 0.012768745422363281 0.010631680488586426 0.48347926139831543
v -0.003754138946533203 0.005893290042877197 0.4848988354206085
v 0.012768745422363281 0.010631680488586426 0.48347926139831543
v -0.0037965774536132812 0.010185003280639648 0.4844193458557129
v -0.003754138946533203 0.005893290042877197 0.4848988354206085
v -0.003754138946533203 0.005893290042877197 0.4848988354206085
v -0.0037965774536132812 0.010185003280639648 0.4844193458557129
v -0.017251968383789062 0.011176824569702148 0.482177734375
v -0.003754138946533203 0.005893290042877197 0.4848988354206085
v -0.017251968383789062 0.011176824569702148 0.482177734375
v -0.028728485107421875 0.009348869323730469 0.47751617431640625
v -0.03235626220703125 0.014493942260742188 0.4751014709472656
v -0.028728485107421875 0.009348869323730469 0.47751617431640625
v -0.017251968383789062 0.011176824569702148 0.482177734375
v -0.028728485107421875 0.009348869323730469 0.47751617431640625
v -0.03235626220703125 0.014493942260742188 0.4751014709472656
v -0.04449272155761719 0.01514434814453125 0.46492576599121094
v -0.04461669921875 0.01934337615966797 0.4645957946777344
v -0.04449272155761719 0.01514434814453125 0.46492576599121094
v -0.03235626220703125 0.014493942260742188 0.4751014709472656
v -0.04461669921875 0.01934337615966797 0.4645957946777344
v -0.054898738861083984 0.026596546173095703 0.4487581253051758
v -0.04449272155761719 0.01514434814453125 0.46492576599121094
v -0.04449272155761719 0.01514434814453125 0.46492576599121094
v -0.054898738861083984 0.026596546173095703 0.4487581253051758
v -0.05695295333862305 0.024913549423217773 0.44379472732543945
v -0.05695295333862305 0.024913549423217773 0.44379472732543945
v -0.054898738861083984 0.026596546173095703 0.4487581253051758
v -0.05930948257446289 0.035068511962890625 0.43070220947265625
v -0.05695295333862305 0.024913549423217773 0.44379472732543945
v -0.05930948257446289 0.035068511962890625 0.43070220947265625
v -0.05952325463294983 0.035544395446777344 0.4208207130432129
v -0.05919131636619568 0.04055428504943848 0.41831016540527344
v -0.05952325463294983 0.035544395446777344 0.4208207130432129
v -0.05930948257446289 0.035068511962890625 0.43070220947265625
v -0.05745983123779297 0.04485130310058594 0.40952301025390625
v -0.05551648139953613 0.04362058639526367 0.4033803939819336
v -0.05952325463294983 0.035544395446777344 0.4208207130432129
v -0.05745983123779297 0.04485130310058594 0.40952301025390625
v -0.05952325463294983 0.035544395446777344 0.4208207130432129
v -0.05919131636619568 0.04055428504943848 0.41831016540527344
v -0.05745983123779297 0.04485130310058594 0.40952301025390625
v -0.05200767517089844 0.051100969314575195 0.39580535888671875
v -0.05551648139953613 0.04362058639526367 0.4033803939819336
v -0.05551648139953613 0.04362058639526367 0.4033803939819336
v -0.05200767517089844 0.051100969314575195 0.39580535888671875
v -0.045047760009765625 0.05182480812072754 0.3856477737426758
v -0.045047760009765625 0.05182480812072754 0.3856477737426758
v -0.05200767517089844 0.051100969314575195 0.39580535888671875
v -0.04181480407714844 0.05727815628051758 0.3826408386230469
v -0.045047760009765625 0.05182480812072754 0.3856477737426758
v -0.032989501953125 0.060338497161865234 0.3753652572631836
v -0.02800750732421875 0.057971954345703125 0.3723621368408203
v -0.045047760009765625 0.05182480812072754 0.3856477737426758
v -0.04181480407714844 0.05727815628051758 0.3826408386230469
v -0.032989501953125 0.060338497161865234 0.3753652572631836
v -0.009151935577392578 0.06097191572189331 0.3658764362335205
v -0.02800750732421875 0.057971954345703125 0.3723621368408203
v -0.02176380157470703 0.06326532363891602 0.3696427345275879
v -0.009151935577392578 0.06097191572189331 0.3658764362335205
v -0.02176380157470703 0.06326532363891602 0.3696427345275879
v -0.012823104858398438 0.06447446346282959 0.36700439453125
v -0.009151935577392578 0.06097191572189331 0.3658764362335205
v -0.012823104858398438 0.06447446346282959 0.36700439453125
v -0.0027123689651489258 0.06505398452281952 0.3655230402946472
v 0.01650857925415039 0.060242414474487305 0.3674485683441162
v 0.03792381286621094 0.0550236701965332 0.3787355422973633
v -0.003754138946533203 0.005893290042877197 0.4848988354206085
v -0.02800750732421875 0.057971954345703125 0.3723621368408203
v -0.009151935577392578 0.06097191572189331 0.3658764362335205
v -0.003754138946533203 0.005893290042877197 0.4848988354206085
v -0.003754138946533203 0.005893290042877197 0.4848988354206085
v -0.009151935577392578 0.06097191572189331 0.3658764362335205
v 0.01650857925415039 0.060242414474487305 0.3674485683441162
v -0.045047760009765625 0.05182480812072754 0.3856477737426758
v -0.02800750732421875 0.057971954345703125 0.3723621368408203
v -0.003754138946533203 0.005893290042877197 0.4848988354206085
v 0.05895346403121948 0.038785338401794434 0.41381382942199707
v 0.057936787605285645 0.026776552200317383 0.4397892951965332
v -0.003754138946533203 0.005893290042877197 0.4848988354206085
v -0.003754138946533203 0.005893290042877197 0.4848988354206085
v 0.03792381286621094 0.0550236701965332 0.3787355422973633
v 0.050841331481933594 0.047989845275878906 0.39393043518066406
v -0.003754138946533203 0.005893290042877197 0.4848988354206085
v 0.050841331481933594 0.047989845275878906 0.39393043518066406
v 0.05895346403121948 0.038785338401794434 0.41381382942199707
v -0.05551648139953613 0.04362058639526367 0.4033803939819336
v -0.045047760009765625 0.05182480812072754 0.3856477737426758
v -0.003754138946533203 0.005893290042877197 0.4848988354206085
v -0.003754138946533203 0.005893290042877197 0.4848988354206085
v 0.057936787605285645 0.026776552200317383 0.4397892951965332
v 0.04806995391845703 0.017183303833007812 0.46050262451171875
v -0.05952325463294983 0.035544395446777344 0.4208207130432129
v -0.05551648139953613 0.04362058639526367 0.4033803939819336
v -0.003754138946533203 0.005893290042877197 0.4848988354206085
v -0.003754138946533203 0.005893290042877197 0.4848988354206085
v 0.04806995391845703 0.017183303833007812 0.46050262451171875
v 0.035732269287109375 0.011551856994628906 0.4726734161376953
v -0.003754138946533203 0.005893290042877197 0.4848988354206085
v 0.035732269287109375 0.011551856994628906 0.4726734161376953
v 0.020416259765625 0.0076770782470703125 0.48109960556030273
v -0.003754138946533203 0.005893290042877197 0.4848988354206085
v -0.05695295333862305 0.024913549423217773 0.44379472732543945
v -0.05952325463294983 0.035544395446777344 0.4208207130432129
v -0.028728485107421875 0.009348869323730469 0.47751617431640625
v -0.05695295333862305 0.024913549423217773 0.44379472732543945
v -0.003754138946533203 0.005893290042877197 0.4848988354206085
v -0.04449272155761719 0.01514434814453125 0.46492576599121094
v -0.05695295333862305 0.024913549423217773 0.44379472732543945
v -0.028728485107421875 0.009348869323730469 0.47751617431640625
v -0.028049137443304062 0.051267508417367935 0.07048820704221725
v -0.019143104553222656 0.054791271686553955 0.05626609921455383
v -0.03151404857635498 0.04876360297203064 0.05143547058105469
v 0.0005296454764902592 0.05869654193520546 0.0705014169216156
v -0.005747795104980469 0.058095403015613556 0.058332644402980804
v -0.019143104553222656 0.054791271686553955 0.05626609921455383
v 0.0005296454764902592 0.05869654193520546 0.0705014169216156
v -0.019143104553222656 0.054791271686553955 0.05626609921455383
v -0.028049137443304062 0.051267508417367935 0.07048820704221725
v 0.028419114649295807 0.051077891141176224 0.07048512995243073
v 0.021826326847076416 0.05387108400464058 0.05572047829627991
v 0.0005296454764902592 0.05869654193520546 0.0705014169216156
v 0.021826326847076416 0.05387108400464058 0.05572047829627991
v 0.008050799369812012 0.05765242874622345 0.05830516666173935
v 0.0005296454764902592 0.05869654193520546 0.0705014169216156
v 0.04183207079768181 0.04040340706706047 0.07048947364091873
v 0.03306722640991211 0.04769933223724365 0.05025357007980347
v 0.028419114649295807 0.051077891141176224 0.07048512995243073
v 0.01938396692276001 -0.05479493737220764 0.056585103273391724
v 0.0305941104888916 -0.0491793155670166 0.05171656608581543
v 0.019134240224957466 -0.05515981838107109 0.07049927115440369
v 0.019134240224957466 -0.05515981838107109 0.07049927115440369
v 0.0305941104888916 -0.0491793155670166 0.05171656608581543
v 0.040524955838918686 -0.04194505512714386 0.07049042731523514
v -0.00496107991784811 -0.058126483112573624 0.07050003856420517
v -0.0032714158296585083 -0.05820806324481964 0.05873008817434311
v 0.005402624607086182 -0.058008164167404175 0.05829775333404541
v -0.00496107991784811 -0.058126483112573624 0.07050003856420517
v 0.005402624607086182 -0.058008164167404175 0.05829775333404541
v 0.019134240224957466 -0.05515981838107109 0.07049927115440369
v 0.019134240224957466 -0.05515981838107109 0.07049927115440369
v 0.005402624607086182 -0.058008164167404175 0.05829775333404541
v 0.01938396692276001 -0.05479493737220764 0.056585103273391724
v -0.01737391948699951 -0.05542588233947754 0.05683422088623047
v -0.0032714158296585083 -0.05820806324481964 0.05873008817434311
v -0.00496107991784811 -0.058126483112573624 0.07050003856420517
v -0.02383943274617195 -0.05303840711712837 0.07050024718046188
v -0.01737391948699951 -0.05542588233947754 0.05683422088623047
v -0.00496107991784811 -0.058126483112573624 0.07050003856420517
v -0.02383943274617195 -0.05303840711712837 0.07050024718046188
v -0.02804386615753174 -0.05076685547828674 0.052953243255615234
v -0.01737391948699951 -0.05542588233947754 0.05683422088623047
v -0.03977210819721222 -0.04256098344922066 0.07045955955982208
v -0.02804386615753174 -0.05076685547828674 0.052953243255615234
v -0.02383943274617195 -0.05303840711712837 0.07050024718046188
v 0.05803098529577255 0.0029091835021972656 0.01835232973098755
v 0.056827474385499954 0.012166883796453476 0.07049902528524399
v 0.05809325352311134 -0.003394298255443573 0.07049483805894852
v 0.05150651931762695 0.027321837842464447 0.0704975500702858
v 0.056827474385499954 0.012166883796453476 0.07049902528524399
v 0.0514417439699173 0.026975318789482117 0.03554272651672363
v 0.05150651931762695 0.027321837842464447 0.0704975500702858
v 0.0514417439699173 0.026975318789482117 0.03554272651672363
v 0.042414188385009766 0.039632558822631836 0.04371166229248047
v 0.042414188385009766 0.039632558822631836 0.04371166229248047
v 0.04183207079768181 0.04040340706706047 0.07048947364091873
v 0.05150651931762695 0.027321837842464447 0.0704975500702858
v 0.028419114649295807 0.051077891141176224 0.07048512995243073
v 0.03306722640991211 0.04769933223724365 0.05025357007980347
v 0.021826326847076416 0.05387108400464058 0.05572047829627991
v -0.005747795104980469 0.058095403015613556 0.058332644402980804
v 0.0005296454764902592 0.05869654193520546 0.0705014169216156
v 0.008050799369812012 0.05765242874622345 0.05830516666173935
v -0.0444248765707016 0.03799734264612198 0.07049272954463959
v -0.028049137443304062 0.051267508417367935 0.07048820704221725
v -0.03151404857635498 0.04876360297203064 0.05143547058105469
v -0.05298274755477905 0.02433653175830841 0.03148984909057617
v -0.05462927743792534 0.02002248913049698 0.07049351185560226
v -0.0444248765707016 0.03799734264612198 0.07049272954463959
v -0.05746138095855713 0.010950326919555664 0.012320995330810547
v -0.05462927743792534 0.02002248913049698 0.07049351185560226
v -0.05298274755477905 0.02433653175830841 0.03148984909057617
v -0.05746138095855713 0.010950326919555664 0.012320995330810547
v -0.058095868676900864 0.0025608851574361324 0.07049763947725296
v -0.05462927743792534 0.02002248913049698 0.07049351185560226
v -0.05746138095855713 0.010950326919555664 0.012320995330810547
v -0.05560005456209183 0.04211552441120148 0.01838269829750061
v -0.058094535022974014 0.03313128650188446 -0.0010369718074798584
v -0.04417061805725098 0.043193817138671875 0.037480831146240234
v -0.04482531547546387 0.05060088634490967 0.03671622276306152
v -0.05309796333312988 0.03153789043426514 0.0240098237991333
v -0.05309796333312988 0.03153789043426514 0.0240098237991333
v -0.04482531547546387 0.05060088634490967 0.03671622276306152
v -0.05560005456209183 0.04211552441120148 0.01838269829750061
v -0.0332036018371582 0.05087149143218994 0.047564029693603516
v -0.03043055534362793 0.05648761987686157 0.04949140548706055
v -0.04417061805725098 0.043193817138671875 0.037480831146240234
v -0.04417061805725098 0.043193817138671875 0.037480831146240234
v -0.03043055534362793 0.05648761987686157 0.04949140548706055
v -0.04482531547546387 0.05060088634490967 0.03671622276306152
v -0.005747795104980469 0.058095403015613556 0.058332644402980804
v 0.007772922515869141 0.06032521277666092 0.05777239799499512
v -0.0139387845993042 0.05970756709575653 0.05641603469848633
v 0.042853355407714844 0.04434013366699219 0.039043426513671875
v 0.046422362327575684 0.05001172423362732 0.0354461669921875
v 0.032909393310546875 0.05108904838562012 0.047742366790771484
v 0.032909393310546875 0.05108904838562012 0.047742366790771484
v 0.046422362327575684 0.05001172423362732 0.0354461669921875
v 0.02615046501159668 0.05761224031448364 0.051871538162231445
v 0.046422362327575684 0.05001172423362732 0.0354461669921875
v 0.0507047176361084 0.037526607513427734 0.02812671661376953
v 0.056886523962020874 0.023002706468105316 0.013146936893463135
v 0.046422362327575684 0.05001172423362732 0.0354461669921875
v 0.056886523962020874 0.023002706468105316 0.013146936893463135
v 0.05651932954788208 0.03980988264083862 0.013397216796875
v 0.05651932954788208 0.03980988264083862 0.013397216796875
v 0.056886523962020874 0.023002706468105316 0.013146936893463135
v 0.05802066996693611 0.029396846890449524 -0.009019672870635986
v -0.05746138095855713 0.010950326919555664 0.012320995330810547
v -0.057928696274757385 -0.00020170211791992188 0.004512190818786621
v -0.058095868676900864 0.0025608851574361324 0.07049763947725296
v -0.044159889221191406 0.037535250186920166 0.04238826036453247
v -0.0444248765707016 0.03799734264612198 0.07049272954463959
v -0.03151404857635498 0.04876360297203064 0.05143547058105469
v 0.0514417439699173 0.026975318789482117 0.03554272651672363
v 0.05571746826171875 0.017254233360290527 0.02438521385192871
v 0.05192750692367554 0.02983224391937256 0.028942584991455078
v 0.0514417439699173 0.026975318789482117 0.03554272651672363
v 0.05192750692367554 0.02983224391937256 0.028942584991455078
v 0.042414188385009766 0.039632558822631836 0.04371166229248047
v 0.056827474385499954 0.012166883796453476 0.07049902528524399
v 0.05803098529577255 0.0029091835021972656 0.01835232973098755
v 0.05571746826171875 0.017254233360290527 0.02438521385192871
v 0.04183207079768181 0.04040340706706047 0.07048947364091873
v 0.042414188385009766 0.039632558822631836 0.04371166229248047
v 0.03306722640991211 0.04769933223724365 0.05025357007980347
v 0.0507047176361084 0.037526607513427734 0.02812671661376953
v 0.046422362327575684 0.05001172423362732 0.0354461669921875
v 0.042853355407714844 0.04434013366699219 0.039043426513671875
v 0.05571746826171875 0.017254233360290527 0.02438521385192871
v 0.056886523962020874 0.023002706468105316 0.013146936893463135
v 0.05192750692367554 0.02983224391937256 0.028942584991455078
v 0.042414188385009766 0.039632558822631836 0.04371166229248047
v 0.05192750692367554 0.02983224391937256 0.028942584991455078
v 0.042853355407714844 0.04434013366699219 0.039043426513671875
v 0.03306722640991211 0.04769933223724365 0.05025357007980347
v 0.042853355407714844 0.04434013366699219 0.039043426513671875
v 0.032909393310546875 0.05108904838562012 0.047742366790771484
v -0.05746138095855713 0.010950326919555664 0.012320995330810547
v -0.05298274755477905 0.02433653175830841 0.03148984909057617
v -0.05309796333312988 0.03153789043426514 0.0240098237991333
v 0.056827474385499954 0.012166883796453476 0.07049902528524399
v 0.05571746826171875 0.017254233360290527 0.02438521385192871
v 0.0514417439699173 0.026975318789482117 0.03554272651672363
v -0.044159889221191406 0.037535250186920166 0.04238826036453247
v -0.04417061805725098 0.043193817138671875 0.037480831146240234
v -0.05298274755477905 0.02433653175830841 0.03148984909057617
v -0.0444248765707016 0.03799734264612198 0.07049272954463959
v -0.044159889221191406 0.037535250186920166 0.04238826036453247
v -0.05298274755477905 0.02433653175830841 0.03148984909057617
v 0.057925574481487274 -0.006917104125022888 0.008030831813812256
v 0.05802066996693611 0.029396846890449524 -0.009019672870635986
v 0.056886523962020874 0.023002706468105316 0.013146936893463135
v -0.05746138095855713 0.010950326919555664 0.012320995330810547
v -0.05309796333312988 0.03153789043426514 0.0240098237991333
v -0.05560005456209183 0.04211552441120148 0.01838269829750061
v 0.05803098529577255 0.0029091835021972656 0.01835232973098755
v 0.057925574481487274 -0.006917104125022888 0.008030831813812256
v 0.056886523962020874 0.023002706468105316 0.013146936893463135
v 0.042414188385009766 0.039632558822631836 0.04371166229248047
v 0.042853355407714844 0.04434013366699219 0.039043426513671875
v 0.03306722640991211 0.04769933223724365 0.05025357007980347
v 0.03306722640991211 0.04769933223724365 0.05025357007980347
v 0.032909393310546875 0.05108904838562012 0.047742366790771484
v 0.01774132251739502 0.05679244548082352 0.05557745695114136
v -0.019866585731506348 0.05637995898723602 0.05468761920928955
v -0.0332036018371582 0.05087149143218994 0.047564029693603516
v -0.03151404857635498 0.04876360297203064 0.05143547058105469
v -0.03151404857635498 0.04876360297203064 0.05143547058105469
v -0.0332036018371582 0.05087149143218994 0.047564029693603516
v -0.044159889221191406 0.037535250186920166 0.04238826036453247
v -0.044159889221191406 0.037535250186920166 0.04238826036453247
v -0.0332036018371582 0.05087149143218994 0.047564029693603516
v -0.04417061805725098 0.043193817138671875 0.037480831146240234
v -0.05298274755477905 0.02433653175830841 0.03148984909057617
v -0.04417061805725098 0.043193817138671875 0.037480831146240234
v -0.05309796333312988 0.03153789043426514 0.0240098237991333
v 0.05192750692367554 0.02983224391937256 0.028942584991455078
v 0.056886523962020874 0.023002706468105316 0.013146936893463135
v 0.0507047176361084 0.037526607513427734 0.02812671661376953
v 0.05192750692367554 0.02983224391937256 0.028942584991455078
v 0.0507047176361084 0.037526607513427734 0.02812671661376953
v 0.042853355407714844 0.04434013366699219 0.039043426513671875
v -0.057928696274757385 -0.00020170211791992188 0.004512190818786621
v -0.05746138095855713 0.010950326919555664 0.012320995330810547
v -0.058094535022974014 0.03313128650188446 -0.0010369718074798584
v 0.021826326847076416 0.05387108400464058 0.05572047829627991
v 0.03306722640991211 0.04769933223724365 0.05025357007980347
v 0.01774132251739502 0.05679244548082352 0.05557745695114136
v 0.032909393310546875 0.05108904838562012 0.047742366790771484
v 0.02615046501159668 0.05761224031448364 0.051871538162231445
v 0.01774132251739502 0.05679244548082352 0.05557745695114136
v 0.01774132251739502 0.05679244548082352 0.05557745695114136
v 0.02615046501159668 0.05761224031448364 0.051871538162231445
v 0.007772922515869141 0.06032521277666092 0.05777239799499512
v 0.01774132251739502 0.05679244548082352 0.05557745695114136
v 0.007772922515869141 0.06032521277666092 0.05777239799499512
v 0.008050799369812012 0.05765242874622345 0.05830516666173935
v 0.008050799369812012 0.05765242874622345 0.05830516666173935
v 0.007772922515869141 0.06032521277666092 0.05777239799499512
v -0.005747795104980469 0.058095403015613556 0.058332644402980804
v -0.005747795104980469 0.058095403015613556 0.058332644402980804
v -0.0139387845993042 0.05970756709575653 0.05641603469848633
v -0.019866585731506348 0.05637995898723602 0.05468761920928955
v -0.019866585731506348 0.05637995898723602 0.05468761920928955
v -0.0139387845993042 0.05970756709575653 0.05641603469848633
v -0.03043055534362793 0.05648761987686157 0.04949140548706055
v -0.019866585731506348 0.05637995898723602 0.05468761920928955
v -0.03043055534362793 0.05648761987686157 0.04949140548706055
v -0.0332036018371582 0.05087149143218994 0.047564029693603516
v 0.05803098529577255 0.0029091835021972656 0.01835232973098755
v 0.056886523962020874 0.023002706468105316 0.013146936893463135
v 0.05571746826171875 0.017254233360290527 0.02438521385192871
v 0.021826326847076416 0.05387108400464058 0.05572047829627991
v 0.01774132251739502 0.05679244548082352 0.05557745695114136
v 0.008050799369812012 0.05765242874622345 0.05830516666173935
v -0.005747795104980469 0.058095403015613556 0.058332644402980804
v -0.019866585731506348 0.05637995898723602 0.05468761920928955
v -0.019143104553222656 0.054791271686553955 0.05626609921455383
v -0.019143104553222656 0.054791271686553955 0.05626609921455383
v -0.019866585731506348 0.05637995898723602 0.05468761920928955
v -0.03151404857635498 0.04876360297203064 0.05143547058105469
v -0.034159183502197266 -0.04901242256164551 0.047020912170410156
v -0.026927590370178223 -0.05989961698651314 0.05171012878417969
v -0.024044036865234375 -0.05509108304977417 0.052799224853515625
v -0.05752446502447128 -0.008457016199827194 0.018642127513885498
v -0.0569649375975132 -0.01148720271885395 0.07049353420734406
v -0.058095868676900864 0.0025608851574361324 0.07049763947725296
v -0.054156482219696045 -0.02086007595062256 0.030528724193572998
v -0.05096827819943428 -0.02852681092917919 0.07050050795078278
v -0.0569649375975132 -0.01148720271885395 0.07049353420734406
v -0.04929244518280029 -0.030913352966308594 0.03581643104553223
v -0.05096827819943428 -0.02852681092917919 0.07050050795078278
v -0.054156482219696045 -0.02086007595062256 0.030528724193572998
v -0.03865492343902588 -0.04312218725681305 0.048311471939086914
v -0.03977210819721222 -0.04256098344922066 0.07045955955982208
v -0.04929244518280029 -0.030913352966308594 0.03581643104553223
v -0.04929244518280029 -0.030913352966308594 0.03581643104553223
v -0.03977210819721222 -0.04256098344922066 0.07045955955982208
v -0.05096827819943428 -0.02852681092917919 0.07050050795078278
v -0.03865492343902588 -0.04312218725681305 0.048311471939086914
v -0.02804386615753174 -0.05076685547828674 0.052953243255615234
v -0.03977210819721222 -0.04256098344922066 0.07045955955982208
v 0.040524955838918686 -0.04194505512714386 0.07049042731523514
v 0.0305941104888916 -0.0491793155670166 0.05171656608581543
v 0.040274739265441895 -0.04184138774871826 0.0458526611328125
v 0.040524955838918686 -0.04194505512714386 0.07049042731523514
v 0.040274739265441895 -0.04184138774871826 0.0458526611328125
v 0.048642754554748535 -0.03176760673522949 0.03754067420959473
v 0.048642754554748535 -0.03176760673522949 0.03754067420959473
v 0.053324148058891296 -0.024044644087553024 0.07048112154006958
v 0.040524955838918686 -0.04194505512714386 0.07049042731523514
v 0.053324148058891296 -0.024044644087553024 0.07048112154006958
v 0.048642754554748535 -0.03176760673522949 0.03754067420959473
v 0.05423319339752197 -0.020966678857803345 0.02988612651824951
v 0.057925574481487274 -0.006917104125022888 0.008030831813812256
v 0.05809325352311134 -0.003394298255443573 0.07049483805894852
v 0.053324148058891296 -0.024044644087553024 0.07048112154006958
v 0.05809325352311134 -0.003394298255443573 0.07049483805894852
v 0.057925574481487274 -0.006917104125022888 0.008030831813812256
v 0.05803098529577255 0.0029091835021972656 0.01835232973098755
v 0.05781101435422897 -0.05990004166960716 0.005960226058959961
v 0.05796005576848984 -0.059902604669332504 -0.0030083060264587402
v 0.057925574481487274 -0.006917104125022888 0.008030831813812256
v 0.05653339624404907 -0.02280902862548828 0.01335000991821289
v 0.051670849323272705 -0.05989934131503105 0.027495384216308594
v 0.05781101435422897 -0.05990004166960716 0.005960226058959961
v 0.043068528175354004 -0.044121623039245605 0.03901243209838867
v 0.03494870662689209 -0.05989993363618851 0.04673933982849121
v 0.051670849323272705 -0.05989934131503105 0.027495384216308594
v 0.031311988830566406 -0.051714420318603516 0.04878544807434082
v 0.03494870662689209 -0.05989993363618851 0.04673933982849121
v 0.043068528175354004 -0.044121623039245605 0.03901243209838867
v 0.03494870662689209 -0.05989993363618851 0.04673933982849121
v 0.031311988830566406 -0.051714420318603516 0.04878544807434082
v 0.01188957691192627 -0.05988817662000656 0.05698743462562561
v 0.01188957691192627 -0.05988817662000656 0.05698743462562561
v 0.031311988830566406 -0.051714420318603516 0.04878544807434082
v 0.017436623573303223 -0.056649841368198395 0.055661916732788086
v 0.01188957691192627 -0.05988817662000656 0.05698743462562561
v 0.005402624607086182 -0.058008164167404175 0.05829775333404541
v -0.008655190467834473 -0.05958586558699608 0.057393789291381836
v -0.026927590370178223 -0.05989961698651314 0.05171012878417969
v -0.008655190467834473 -0.05958586558699608 0.057393789291381836
v -0.024044036865234375 -0.05509108304977417 0.052799224853515625
v -0.04372596740722656 -0.04225003719329834 0.038152456283569336
v -0.04761391878128052 -0.05989958345890045 0.0342065691947937
v -0.034159183502197266 -0.04901242256164551 0.047020912170410156
v -0.034159183502197266 -0.04901242256164551 0.047020912170410156
v -0.04761391878128052 -0.05989958345890045 0.0342065691947937
v -0.026927590370178223 -0.05989961698651314 0.05171012878417969
v -0.05310165882110596 -0.03381669521331787 0.02375197410583496
v -0.04761391878128052 -0.05989958345890045 0.0342065691947937
v -0.04372596740722656 -0.04225003719329834 0.038152456283569336
v -0.05310165882110596 -0.03381669521331787 0.02375197410583496
v -0.05732342600822449 -0.05989949032664299 0.010410428047180176
v -0.04761391878128052 -0.05989958345890045 0.0342065691947937
v -0.057564184069633484 -0.0218847393989563 0.007979035377502441
v -0.05732342600822449 -0.05989949032664299 0.010410428047180176
v -0.05310165882110596 -0.03381669521331787 0.02375197410583496
v -0.057564184069633484 -0.0218847393989563 0.007979035377502441
v -0.05799911916255951 -0.059898342937231064 -0.001422598958015442
v -0.05732342600822449 -0.05989949032664299 0.010410428047180176
v -0.058095868676900864 0.0025608851574361324 0.07049763947725296
v -0.057928696274757385 -0.00020170211791992188 0.004512190818786621
v -0.05752446502447128 -0.008457016199827194 0.018642127513885498
v -0.034159183502197266 -0.04901242256164551 0.047020912170410156
v -0.02804386615753174 -0.05076685547828674 0.052953243255615234
v -0.03865492343902588 -0.04312218725681305 0.048311471939086914
v 0.05653339624404907 -0.02280902862548828 0.01335000991821289
v 0.057925574481487274 -0.006917104125022888 0.008030831813812256
v 0.05423319339752197 -0.020966678857803345 0.02988612651824951
v 0.031311988830566406 -0.051714420318603516 0.04878544807434082
v 0.040274739265441895 -0.04184138774871826 0.0458526611328125
v 0.0305941104888916 -0.0491793155670166 0.05171656608581543
v 0.05423319339752197 -0.020966678857803345 0.02988612651824951
v 0.057925574481487274 -0.006917104125022888 0.008030831813812256
v 0.053324148058891296 -0.024044644087553024 0.07048112154006958
v 0.017436623573303223 -0.056649841368198395 0.055661916732788086
v 0.01938396692276001 -0.05479493737220764 0.056585103273391724
v 0.005402624607086182 -0.058008164167404175 0.05829775333404541
v -0.008655190467834473 -0.05958586558699608 0.057393789291381836
v -0.0032714158296585083 -0.05820806324481964 0.05873008817434311
v -0.01737391948699951 -0.05542588233947754 0.05683422088623047
v 0.043068528175354004 -0.044121623039245605 0.03901243209838867
v 0.051670849323272705 -0.05989934131503105 0.027495384216308594
v 0.05294394493103027 -0.03331005573272705 0.023949146270751953
v 0.057925574481487274 -0.006917104125022888 0.008030831813812256
v 0.05653339624404907 -0.02280902862548828 0.01335000991821289
v 0.05781101435422897 -0.05990004166960716 0.005960226058959961
v 0.05294394493103027 -0.03331005573272705 0.023949146270751953
v 0.051670849323272705 -0.05989934131503105 0.027495384216308594
v 0.05653339624404907 -0.02280902862548828 0.01335000991821289
v 0.05294394493103027 -0.03331005573272705 0.023949146270751953
v 0.048642754554748535 -0.03176760673522949 0.03754067420959473
v 0.043068528175354004 -0.044121623039245605 0.03901243209838867
v 0.043068528175354004 -0.044121623039245605 0.03901243209838867
v 0.048642754554748535 -0.03176760673522949 0.03754067420959473
v 0.040274739265441895 -0.04184138774871826 0.0458526611328125
v 0.031311988830566406 -0.051714420318603516 0.04878544807434082
v 0.0305941104888916 -0.0491793155670166 0.05171656608581543
v 0.017436623573303223 -0.056649841368198395 0.055661916732788086
v 0.017436623573303223 -0.056649841368198395 0.055661916732788086
v 0.0305941104888916 -0.0491793155670166 0.05171656608581543
v 0.01938396692276001 -0.05479493737220764 0.056585103273391724
v 0.05653339624404907 -0.02280902862548828 0.01335000991821289
v 0.05423319339752197 -0.020966678857803345 0.02988612651824951
v 0.05294394493103027 -0.03331005573272705 0.023949146270751953
v 0.05294394493103027 -0.03331005573272705 0.023949146270751953
v 0.05423319339752197 -0.020966678857803345 0.02988612651824951
v 0.048642754554748535 -0.03176760673522949 0.03754067420959473
v 0.043068528175354004 -0.044121623039245605 0.03901243209838867
v 0.040274739265441895 -0.04184138774871826 0.0458526611328125
v 0.031311988830566406 -0.051714420318603516 0.04878544807434082
v -0.008655190467834473 -0.05958586558699608 0.057393789291381836
v 0.005402624607086182 -0.058008164167404175 0.05829775333404541
v -0.0032714158296585083 -0.05820806324481964 0.05873008817434311
v -0.05799911916255951 -0.059898342937231064 -0.001422598958015442
v -0.057564184069633484 -0.0218847393989563 0.007979035377502441
v -0.057928696274757385 -0.00020170211791992188 0.004512190818786621
v -0.05752446502447128 -0.008457016199827194 0.018642127513885498
v -0.057928696274757385 -0.00020170211791992188 0.004512190818786621
v -0.057564184069633484 -0.0218847393989563 0.007979035377502441
v -0.05752446502447128 -0.008457016199827194 0.018642127513885498
v -0.057564184069633484 -0.0218847393989563 0.007979035377502441
v -0.05310165882110596 -0.03381669521331787 0.02375197410583496
v -0.04929244518280029 -0.030913352966308594 0.03581643104553223
v -0.05310165882110596 -0.03381669521331787 0.02375197410583496
v -0.04372596740722656 -0.04225003719329834 0.038152456283569336
v -0.024044036865234375 -0.05509108304977417 0.052799224853515625
v -0.008655190467834473 -0.05958586558699608 0.057393789291381836
v -0.01737391948699951 -0.05542588233947754 0.05683422088623047
v -0.04372596740722656 -0.04225003719329834 0.038152456283569336
v -0.034159183502197266 -0.04901242256164551 0.047020912170410156
v -0.03865492343902588 -0.04312218725681305 0.048311471939086914
v -0.04372596740722656 -0.04225003719329834 0.038152456283569336
v -0.03865492343902588 -0.04312218725681305 0.048311471939086914
v -0.04929244518280029 -0.030913352966308594 0.03581643104553223
v -0.05752446502447128 -0.008457016199827194 0.018642127513885498
v -0.054156482219696045 -0.02086007595062256 0.030528724193572998
v -0.0569649375975132 -0.01148720271885395 0.07049353420734406
v 0.01188957691192627 -0.05988817662000656 0.05698743462562561
v 0.017436623573303223 -0.056649841368198395 0.055661916732788086
v 0.005402624607086182 -0.058008164167404175 0.05829775333404541
v -0.054156482219696045 -0.02086007595062256 0.030528724193572998
v -0.05752446502447128 -0.008457016199827194 0.018642127513885498
v -0.05310165882110596 -0.03381669521331787 0.02375197410583496
v -0.054156482219696045 -0.02086007595062256 0.030528724193572998
v -0.05310165882110596 -0.03381669521331787 0.02375197410583496
v -0.04929244518280029 -0.030913352966308594 0.03581643104553223
v -0.02804386615753174 -0.05076685547828674 0.052953243255615234
v -0.034159183502197266 -0.04901242256164551 0.047020912170410156
v -0.024044036865234375 -0.05509108304977417 0.052799224853515625
v -0.02804386615753174 -0.05076685547828674 0.052953243255615234
v -0.024044036865234375 -0.05509108304977417 0.052799224853515625
v -0.01737391948699951 -0.05542588233947754 0.05683422088623047
v 0.05802066996693611 0.029396846890449524 -0.009019672870635986
v 0.057925574481487274 -0.006917104125022888 0.008030831813812256
v 0.05796005576848984 -0.059902604669332504 -0.0030083060264587402
v 0.05422520637512207 -0.0598997063934803 -0.020772099494934082
v 0.05802066996693611 0.029396846890449524 -0.009019672870635986
v 0.05796005576848984 -0.059902604669332504 -0.0030083060264587402
v 0.041619956493377686 -0.059899698942899704 -0.04123038053512573
v 0.04272890090942383 0.014967083930969238 -0.04028797149658203
v 0.05422520637512207 -0.0598997063934803 -0.020772099494934082
v 0.05422520637512207 -0.0598997063934803 -0.020772099494934082
v 0.04272890090942383 0.014967083930969238 -0.04028797149658203
v 0.05802066996693611 0.029396846890449524 -0.009019672870635986
v 0.014515340328216553 -0.05989953130483627 -0.056763432919979095
v 0.015106260776519775 0.007415294647216797 -0.056609466671943665
v 0.041619956493377686 -0.059899698942899704 -0.04123038053512573
v 0.041619956493377686 -0.059899698942899704 -0.04123038053512573
v 0.015106260776519775 0.007415294647216797 -0.056609466671943665
v 0.04272890090942383 0.014967083930969238 -0.04028797149658203
v -0.016130149364471436 -0.05989951267838478 -0.056312546133995056
v -0.012511193752288818 0.007227279245853424 -0.05701598525047302
v 0.014515340328216553 -0.05989953130483627 -0.056763432919979095
v 0.014515340328216553 -0.05989953130483627 -0.056763432919979095
v -0.012511193752288818 0.007227279245853424 -0.05701598525047302
v 0.015106260776519775 0.007415294647216797 -0.056609466671943665
v -0.04258298873901367 -0.05989965423941612 -0.04027891159057617
v -0.03502857685089111 0.011980652809143066 -0.04674422740936279
v -0.016130149364471436 -0.05989951267838478 -0.056312546133995056
v -0.016130149364471436 -0.05989951267838478 -0.056312546133995056
v -0.03502857685089111 0.011980652809143066 -0.04674422740936279
v -0.012511193752288818 0.007227279245853424 -0.05701598525047302
v -0.04258298873901367 -0.05989965423941612 -0.04027891159057617
v -0.05092823505401611 0.0204809308052063 -0.02837395668029785
v -0.03502857685089111 0.011980652809143066 -0.04674422740936279
v -0.05450797080993652 -0.059899669140577316 -0.02010369300842285
v -0.05092823505401611 0.0204809308052063 -0.02837395668029785
v -0.04258298873901367 -0.05989965423941612 -0.04027891159057617
v -0.05799911916255951 -0.059898342937231064 -0.001422598958015442
v -0.058094535022974014 0.03313128650188446 -0.0010369718074798584
v -0.05450797080993652 -0.059899669140577316 -0.02010369300842285
v -0.05450797080993652 -0.059899669140577316 -0.02010369300842285
v -0.058094535022974014 0.03313128650188446 -0.0010369718074798584
v -0.05092823505401611 0.0204809308052063 -0.02837395668029785
v -0.05799911916255951 -0.059898342937231064 -0.001422598958015442
v -0.057928696274757385 -0.00020170211791992188 0.004512190818786621
v -0.058094535022974014 0.03313128650188446 -0.0010369718074798584
v 0.019134240224957466 -0.05515981838107109 0.07049927115440369
v 0.040524955838918686 -0.04194505512714386 0.07049042731523514
v -0.0444248765707016 0.03799734264612198 0.07049272954463959
v -0.0444248765707016 0.03799734264612198 0.07049272954463959
v -0.05462927743792534 0.02002248913049698 0.07049351185560226
v -0.02383943274617195 -0.05303840711712837 0.07050024718046188
v -0.0444248765707016 0.03799734264612198 0.07049272954463959
v 0.040524955838918686 -0.04194505512714386 0.07049042731523514
v 0.053324148058891296 -0.024044644087553024 0.07048112154006958
v 0.053324148058891296 -0.024044644087553024 0.07048112154006958
v 0.05809325352311134 -0.003394298255443573 0.07049483805894852
v -0.0444248765707016 0.03799734264612198 0.07049272954463959
v -0.0444248765707016 0.03799734264612198 0.07049272954463959
v 0.05809325352311134 -0.003394298255443573 0.07049483805894852
v 0.056827474385499954 0.012166883796453476 0.07049902528524399
v 0.0005296454764902592 0.05869654193520546 0.0705014169216156
v -0.028049137443304062 0.051267508417367935 0.07048820704221725
v 0.05150651931762695 0.027321837842464447 0.0704975500702858
v -0.0444248765707016 0.03799734264612198 0.07049272954463959
v -0.02383943274617195 -0.05303840711712837 0.07050024718046188
v -0.00496107991784811 -0.058126483112573624 0.07050003856420517
v -0.00496107991784811 -0.058126483112573624 0.07050003856420517
v 0.019134240224957466 -0.05515981838107109 0.07049927115440369
v -0.0444248765707016 0.03799734264612198 0.07049272954463959
v 0.05150651931762695 0.027321837842464447 0.0704975500702858
v 0.04183207079768181 0.04040340706706047 0.07048947364091873
v 0.0005296454764902592 0.05869654193520546 0.0705014169216156
v 0.0005296454764902592 0.05869654193520546 0.0705014169216156
v 0.04183207079768181 0.04040340706706047 0.07048947364091873
v 0.028419114649295807 0.051077891141176224 0.07048512995243073
v -0.0444248765707016 0.03799734264612198 0.07049272954463959
v 0.056827474385499954 0.012166883796453476 0.07049902528524399
v 0.05150651931762695 0.027321837842464447 0.0704975500702858
v -0.0444248765707016 0.03799734264612198 0.07049272954463959
v 0.05150651931762695 0.027321837842464447 0.0704975500702858
v -0.028049137443304062 0.051267508417367935 0.07048820704221725
v -0.05462927743792534 0.02002248913049698 0.07049351185560226
v -0.058095868676900864 0.0025608851574361324 0.07049763947725296
v -0.02383943274617195 -0.05303840711712837 0.07050024718046188
v -0.02383943274617195 -0.05303840711712837 0.07050024718046188
v -0.058095868676900864 0.0025608851574361324 0.07049763947725296
v -0.0569649375975132 -0.01148720271885395 0.07049353420734406
v -0.02383943274617195 -0.05303840711712837 0.07050024718046188
v -0.0569649375975132 -0.01148720271885395 0.07049353420734406
v -0.05096827819943428 -0.02852681092917919 0.07050050795078278
v -0.02383943274617195 -0.05303840711712837 0.07050024718046188
v -0.05096827819943428 -0.02852681092917919 0.07050050795078278
v -0.03977210819721222 -0.04256098344922066 0.07045955955982208
v 0.04272890090942383 0.014967083930969238 -0.04028797149658203
v -0.05092823505401611 0.0204809308052063 -0.02837395668029785
v -0.058094535022974014 0.03313128650188446 -0.0010369718074798584
v 0.04272890090942383 0.014967083930969238 -0.04028797149658203
v -0.05560005456209183 0.04211552441120148 0.01838269829750061
v -0.04482531547546387 0.05060088634490967 0.03671622276306152
v -0.04482531547546387 0.05060088634490967 0.03671622276306152
v -0.03043055534362793 0.05648761987686157 0.04949140548706055
v 0.04272890090942383 0.014967083930969238 -0.04028797149658203
v -0.0139387845993042 0.05970756709575653 0.05641603469848633
v 0.007772922515869141 0.06032521277666092 0.05777239799499512
v 0.04272890090942383 0.014967083930969238 -0.04028797149658203
v 0.04272890090942383 0.014967083930969238 -0.04028797149658203
v 0.046422362327575684 0.05001172423362732 0.0354461669921875
v 0.05651932954788208 0.03980988264083862 0.013397216796875
v -0.03502857685089111 0.011980652809143066 -0.04674422740936279
v -0.05092823505401611 0.0204809308052063 -0.02837395668029785
v 0.04272890090942383 0.014967083930969238 -0.04028797149658203
v 0.04272890090942383 0.014967083930969238 -0.04028797149658203
v -0.058094535022974014 0.03313128650188446 -0.0010369718074798584
v -0.05560005456209183 0.04211552441120148 0.01838269829750061
v 0.04272890090942383 0.014967083930969238 -0.04028797149658203
v 0.007772922515869141 0.06032521277666092 0.05777239799499512
v 0.02615046501159668 0.05761224031448364 0.051871538162231445
v 0.04272890090942383 0.014967083930969238 -0.04028797149658203
v 0.05651932954788208 0.03980988264083862 0.013397216796875
v 0.05802066996693611 0.029396846890449524 -0.009019672870635986
v 0.04272890090942383 0.014967083930969238 -0.04028797149658203
v -0.03043055534362793 0.05648761987686157 0.04949140548706055
v -0.0139387845993042 0.05970756709575653 0.05641603469848633
v 0.04272890090942383 0.014967083930969238 -0.04028797149658203
v 0.02615046501159668 0.05761224031448364 0.051871538162231445
v 0.046422362327575684 0.05001172423362732 0.0354461669921875
v -0.03502857685089111 0.011980652809143066 -0.04674422740936279
v 0.04272890090942383 0.014967083930969238 -0.04028797149658203
v 0.015106260776519775 0.007415294647216797 -0.056609466671943665
v -0.03502857685089111 0.011980652809143066 -0.04674422740936279
v 0.015106260776519775 0.007415294647216797 -0.056609466671943665
v -0.012511193752288818 0.007227279245853424 -0.05701598525047302
v -0.05708755552768707 -0.06519991159439087 -0.013025999069213867
v -0.04454219341278076 -0.06519996374845505 -0.03752696514129639
v 0.016891777515411377 -0.06519997864961624 -0.05606558918952942
v 0.016891777515411377 -0.06519997864961624 -0.05606558918952942
v -0.020444273948669434 -0.06519997119903564 0.054537057876586914
v -0.04047966003417969 -0.06519994884729385 0.04187655448913574
v -0.020444273948669434 -0.06519997119903564 0.054537057876586914
v 0.016891777515411377 -0.06519997864961624 -0.05606558918952942
v 0.043564021587371826 -0.06519996374845505 -0.03912585973739624
v -0.020444273948669434 -0.06519997119903564 0.054537057876586914
v 0.043564021587371826 -0.06519996374845505 -0.03912585973739624
v 0.006844073534011841 -0.06519997119903564 0.058153361082077026
v 0.016891777515411377 -0.06519997864961624 -0.05606558918952942
v -0.04454219341278076 -0.06519996374845505 -0.03752696514129639
v -0.018592655658721924 -0.06519993394613266 -0.05594700574874878
v 0.016891777515411377 -0.06519997864961624 -0.05606558918952942
v -0.04047966003417969 -0.06519994884729385 0.04187655448913574
v -0.05554486811161041 -0.06519990414381027 0.01853179931640625
v 0.016891777515411377 -0.06519997864961624 -0.05606558918952942
v -0.05554486811161041 -0.06519990414381027 0.01853179931640625
v -0.05708755552768707 -0.06519991159439087 -0.013025999069213867
v 0.006844073534011841 -0.06519997119903564 0.058153361082077026
v 0.043564021587371826 -0.06519996374845505 -0.03912585973739624
v 0.05490380525588989 -0.06519997119903564 -0.01876509189605713
v 0.05490380525588989 -0.06519997119903564 -0.01876509189605713
v 0.05832944065332413 -0.06519996374845505 0.005131959915161133
v 0.006844073534011841 -0.06519997119903564 0.058153361082077026
v 0.04717141389846802 -0.06519997119903564 0.03469187021255493
v 0.029543638229370117 -0.06519997119903564 0.04993748664855957
v 0.05832944065332413 -0.06519996374845505 0.005131959915161133
v 0.05832944065332413 -0.06519996374845505 0.005131959915161133
v 0.029543638229370117 -0.06519997119903564 0.04993748664855957
v 0.006844073534011841 -0.06519997119903564 0.058153361082077026
v 0.05832944065332413 -0.06519996374845505 0.005131959915161133
v 0.05781101435422897 -0.05990004166960716 0.005960226058959961
v 0.051670849323272705 -0.05989934131503105 0.027495384216308594
v 0.05832944065332413 -0.06519996374845505 0.005131959915161133
v 0.051670849323272705 -0.05989934131503105 0.027495384216308594
v 0.04717141389846802 -0.06519997119903564 0.03469187021255493
v 0.04717141389846802 -0.06519997119903564 0.03469187021255493
v 0.051670849323272705 -0.05989934131503105 0.027495384216308594
v 0.03494870662689209 -0.05989993363618851 0.04673933982849121
v 0.04717141389846802 -0.06519997119903564 0.03469187021255493
v 0.03494870662689209 -0.05989993363618851 0.04673933982849121
v 0.029543638229370117 -0.06519997119903564 0.04993748664855957
v 0.029543638229370117 -0.06519997119903564 0.04993748664855957
v 0.03494870662689209 -0.05989993363618851 0.04673933982849121
v 0.01188957691192627 -0.05988817662000656 0.05698743462562561
v 0.029543638229370117 -0.06519997119903564 0.04993748664855957
v 0.01188957691192627 -0.05988817662000656 0.05698743462562561
v 0.006844073534011841 -0.06519997119903564 0.058153361082077026
v 0.006844073534011841 -0.06519997119903564 0.058153361082077026
v 0.01188957691192627 -0.05988817662000656 0.05698743462562561
v -0.008655190467834473 -0.05958586558699608 0.057393789291381836
v 0.006844073534011841 -0.06519997119903564 0.058153361082077026
v -0.008655190467834473 -0.05958586558699608 0.057393789291381836
v -0.020444273948669434 -0.06519997119903564 0.054537057876586914
v -0.020444273948669434 -0.06519997119903564 0.054537057876586914
v -0.008655190467834473 -0.05958586558699608 0.057393789291381836
v -0.026927590370178223 -0.05989961698651314 0.05171012878417969
v -0.020444273948669434 -0.06519997119903564 0.054537057876586914
v -0.026927590370178223 -0.05989961698651314 0.05171012878417969
v -0.04047966003417969 -0.06519994884729385 0.04187655448913574
v -0.04047966003417969 -0.06519994884729385 0.04187655448913574
v -0.026927590370178223 -0.05989961698651314 0.05171012878417969
v -0.04761391878128052 -0.05989958345890045 0.0342065691947937
v -0.04047966003417969 -0.06519994884729385 0.04187655448913574
v -0.04761391878128052 -0.05989958345890045 0.0342065691947937
v -0.05554486811161041 -0.06519990414381027 0.01853179931640625
v -0.05554486811161041 -0.06519990414381027 0.01853179931640625
v -0.04761391878128052 -0.05989958345890045 0.0342065691947937
v -0.05732342600822449 -0.05989949032664299 0.010410428047180176
v -0.05554486811161041 -0.06519990414381027 0.01853179931640625
v -0.05732342600822449 -0.05989949032664299 0.010410428047180176
v -0.05799911916255951 -0.059898342937231064 -0.001422598958015442
v -0.05554486811161041 -0.06519990414381027 0.01853179931640625
v -0.05799911916255951 -0.059898342937231064 -0.001422598958015442
v -0.05708755552768707 -0.06519991159439087 -0.013025999069213867
v -0.05708755552768707 -0.06519991159439087 -0.013025999069213867
v -0.05799911916255951 -0.059898342937231064 -0.001422598958015442
v -0.05450797080993652 -0.059899669140577316 -0.02010369300842285
v -0.05708755552768707 -0.06519991159439087 -0.013025999069213867
v -0.05450797080993652 -0.059899669140577316 -0.02010369300842285
v -0.04258298873901367 -0.05989965423941612 -0.04027891159057617
v -0.05708755552768707 -0.06519991159439087 -0.013025999069213867
v -0.04258298873901367 -0.05989965423941612 -0.04027891159057617
v -0.04454219341278076 -0.06519996374845505 -0.03752696514129639
v -0.04454219341278076 -0.06519996374845505 -0.03752696514129639
v -0.04258298873901367 -0.05989965423941612 -0.04027891159057617
v -0.018592655658721924 -0.06519993394613266 -0.05594700574874878
v -0.018592655658721924 -0.06519993394613266 -0.05594700574874878
v -0.04258298873901367 -0.05989965423941612 -0.04027891159057617
v -0.016130149364471436 -0.05989951267838478 -0.056312546133995056
v -0.018592655658721924 -0.06519993394613266 -0.05594700574874878
v -0.016130149364471436 -0.05989951267838478 -0.056312546133995056
v 0.014515340328216553 -0.05989953130483627 -0.056763432919979095
v -0.018592655658721924 -0.06519993394613266 -0.05594700574874878
v 0.014515340328216553 -0.05989953130483627 -0.056763432919979095
v 0.016891777515411377 -0.06519997864961624 -0.05606558918952942
v 0.016891777515411377 -0.06519997864961624 -0.05606558918952942
v 0.014515340328216553 -0.05989953130483627 -0.056763432919979095
v 0.041619956493377686 -0.059899698942899704 -0.04123038053512573
v 0.016891777515411377 -0.06519997864961624 -0.05606558918952942
v 0.041619956493377686 -0.059899698942899704 -0.04123038053512573
v 0.043564021587371826 -0.06519996374845505 -0.03912585973739624
v 0.043564021587371826 -0.06519996374845505 -0.03912585973739624
v 0.041619956493377686 -0.059899698942899704 -0.04123038053512573
v 0.05422520637512207 -0.0598997063934803 -0.020772099494934082
v 0.043564021587371826 -0.06519996374845505 -0.03912585973739624
v 0.05422520637512207 -0.0598997063934803 -0.020772099494934082
v 0.05490380525588989 -0.06519997119903564 -0.01876509189605713
v 0.05490380525588989 -0.06519997119903564 -0.01876509189605713
v 0.05422520637512207 -0.0598997063934803 -0.020772099494934082
v 0.05796005576848984 -0.059902604669332504 -0.0030083060264587402
v 0.05490380525588989 -0.06519997119903564 -0.01876509189605713
v 0.05796005576848984 -0.059902604669332504 -0.0030083060264587402
v 0.05832944065332413 -0.06519996374845505 0.005131959915161133
v 0.05832944065332413 -0.06519996374845505 0.005131959915161133
v 0.05796005576848984 -0.059902604669332504 -0.0030083060264587402
v 0.05781101435422897 -0.05990004166960716 0.005960226058959961
vn -0.0003250577351197913 0.9920896650800695 -0.12553083596783882
vn -0.0003250577351197913 0.9920896650800695 -0.12553083596783882
vn -0.0003250577351197913 0.9920896650800695 -0.12553083596783882
vn -0.0003535111015469934 0.9911530580719359 -0.13272336080943323
vn -0.0003535111015469934 0.9911530580719359 -0.13272336080943323
vn -0.0003535111015469934 0.9911530580719359 -0.13272336080943323
vn 0.005971426964130422 0.9904754573045818 -0.1375598434765447
vn 0.005971426964130422 0.9904754573045818 -0.1375598434765447
vn 0.005971426964130422 0.9904754573045818 -0.1375598434765447
vn -0.0005852994568310546 0.9914202790518801 -0.1307114673976147
vn -0.0005852994568310546 0.9914202790518801 -0.1307114673976147
vn -0.0005852994568310546 0.9914202790518801 -0.1307114673976147
vn -0.0021754172464238156 0.992265812914659 -0.12411214316341146
vn -0.0021754172464238156 0.992265812914659 -0.12411214316341146
vn -0.0021754172464238156 0.992265812914659 -0.12411214316341146
vn 0.0007214337179576453 0.9911989489242218 -0.1323787112224198
vn 0.0007214337179576453 0.9911989489242218 -0.1323787112224198
vn 0.0007214337179576453 0.9911989489242218 -0.1323787112224198
vn -0.003981484617439232 0.9921799430576306 -0.124752187854154
vn -0.003981484617439232 0.9921799430576306 -0.124752187854154
vn -0.003981484617439232 0.9921799430576306 -0.124752187854154
vn -0.000602821181465828 0.9913998283457338 -0.1308664088399798
vn -0.000602821181465828 0.9913998283457338 -0.1308664088399798
vn -0.000602821181465828 0.9913998283457338 -0.1308664088399798
vn 0.0010475330001190393 0.9913259097902495 -0.13142238490130878
vn 0.0010475330001190393 0.9913259097902495 -0.13142238490130878
vn 0.0010475330001190393 0.9913259097902495 -0.13142238490130878
vn -0.9251668081287726 0.03138161526645059 -0.37826124749977674
vn -0.9251668081287726 0.03138161526645059 -0.37826124749977674
vn -0.9251668081287726 0.03138161526645059 -0.37826124749977674
vn -0.8920495462855884 -0.020034683762179716 -0.45149332045803897
vn -0.8920495462855884 -0.020034683762179716 -0.45149332045803897
vn -0.8920495462855884 -0.020034683762179716 -0.45149332045803897
vn -0.8124887244269541 0.032872668982249435 -0.5820493624367649
vn -0.8124887244269541 0.032872668982249435 -0.5820493624367649
vn -0.8124887244269541 0.032872668982249435 -0.5820493624367649
vn -0.6907815973844083 -0.02909518981696018 -0.7224778575462092
vn -0.6907815973844083 -0.02909518981696018 -0.7224778575462092
vn -0.6907815973844083 -0.02909518981696018 -0.7224778575462092
vn -0.6116642287014135 0.024098030951352913 -0.7907503754228464
vn -0.6116642287014135 0.024098030951352913 -0.7907503754228464
vn -0.6116642287014135 0.024098030951352913 -0.7907503754228464
vn -0.43693979453289633 0.014103212963212229 -0.8993801839809817
vn -0.43693979453289633 0.014103212963212229 -0.8993801839809817
vn -0.43693979453289633 0.014103212963212229 -0.8993801839809817
vn -0.37137252128194037 -0.02936722341033168 -0.9280194053067331
vn -0.37137252128194037 -0.02936722341033168 -0.9280194053067331
vn -0.37137252128194037 -0.02936722341033168 -0.9280194053067331
vn -0.15327346219251084 0.026464335437953245 -0.9878293803776785
vn -0.15327346219251084 0.026464335437953245 -0.9878293803776785
vn -0.15327346219251084 0.026464335437953245 -0.9878293803776785
vn -0.04032899434556826 -0.016655137742694885 -0.9990476358021408
vn -0.04032899434556826 -0.016655137742694885 -0.9990476358021408
vn -0.04032899434556826 -0.016655137742694885 -0.9990476358021408
vn 0.09722399644017814 0.019799493115583034 -0.9950655629598314
vn 0.09722399644017814 0.019799493115583034 -0.9950655629598314
vn 0.09722399644017814 0.019799493115583034 -0.9950655629598314
vn 0.2609155836218378 0.0037475564477733423 -0.965354346364042
vn 0.2609155836218378 0.0037475564477733423 -0.965354346364042
vn 0.2609155836218378 0.0037475564477733423 -0.965354346364042
vn 0.26214197784254634 0.004343454344257096 -0.9650195427332845
vn 0.26214197784254634 0.004343454344257096 -0.9650195427332845
vn 0.26214197784254634 0.004343454344257096 -0.9650195427332845
vn 0.434319132163063 0.021234072433714467 -0.9005087482112561
vn 0.434319132163063 0.021234072433714467 -0.9005087482112561
vn 0.434319132163063 0.021234072433714467 -0.9005087482112561
vn 0.4856373189003389 0.0003812681044367593 -0.874160310884636
vn 0.4856373189003389 0.0003812681044367593 -0.874160310884636
vn 0.4856373189003389 0.0003812681044367593 -0.874160310884636
vn 0.654423540593436 0.009906179358273296 -0.7560632891019595
vn 0.654423540593436 0.009906179358273296 -0.7560632891019595
vn 0.654423540593436 0.009906179358273296 -0.7560632891019595
vn 0.6516463624845776 0.007286058125895311 -0.758487924503485
vn 0.6516463624845776 0.007286058125895311 -0.758487924503485
vn 0.6516463624845776 0.007286058125895311 -0.758487924503485
vn 0.8330247974083327 -0.0033588190465631195 -0.5532254560641788
vn 0.8330247974083327 -0.0033588190465631195 -0.5532254560641788
vn 0.8330247974083327 -0.0033588190465631195 -0.5532254560641788
vn 0.8385752104346942 0.006484573443068938 -0.5447472503387877
vn 0.8385752104346942 0.006484573443068938 -0.5447472503387877
vn 0.8385752104346942 0.006484573443068938 -0.5447472503387877
vn 0.9345314299525816 0.018593281103228144 -0.35539456429242017
vn 0.9345314299525816 0.018593281103228144 -0.35539456429242017
vn 0.9345314299525816 0.018593281103228144 -0.35539456429242017
vn 0.950609201517051 -0.0025939182224555346 -0.3103794735148733
vn 0.950609201517051 -0.0025939182224555346 -0.3103794735148733
vn 0.950609201517051 -0.0025939182224555346 -0.3103794735148733
vn 0.9868524876148578 0.0343303464053039 -0.15793541402756697
vn 0.9868524876148578 0.0343303464053039 -0.15793541402756697
vn 0.9868524876148578 0.0343303464053039 -0.15793541402756697
vn 0.9977240718919105 -0.011978806184349714 -0.06635649606348971
vn 0.9977240718919105 -0.011978806184349714 -0.06635649606348971
vn 0.9977240718919105 -0.011978806184349714 -0.06635649606348971
vn 0.9848467144646672 -0.008585042349009968 0.17321445105999675
vn 0.9848467144646672 -0.008585042349009968 0.17321445105999675
vn 0.9848467144646672 -0.008585042349009968 0.17321445105999675
vn 0.9967799752436824 0.043819021300320234 0.06715336421569622
vn 0.9967799752436824 0.043819021300320234 0.06715336421569622
vn 0.9967799752436824 0.043819021300320234 0.06715336421569622
vn 0.9643037834079256 0.05890409598847955 0.2581637479990962
vn 0.9643037834079256 0.05890409598847955 0.2581637479990962
vn 0.9643037834079256 0.05890409598847955 0.2581637479990962
vn 0.9128032872576064 -0.018178867076262036 0.40799471511715835
vn 0.9128032872576064 -0.018178867076262036 0.40799471511715835
vn 0.9128032872576064 -0.018178867076262036 0.40799471511715835
vn 0.8816775068084622 0.09508571012039332 0.46217256703412685
vn 0.8816775068084622 0.09508571012039332 0.46217256703412685
vn 0.8816775068084622 0.09508571012039332 0.46217256703412685
vn 0.7912920626303461 -0.033354509254625596 0.6105279259219806
vn 0.7912920626303461 -0.033354509254625596 0.6105279259219806
vn 0.7912920626303461 -0.033354509254625596 0.6105279259219806
vn 0.7063818548420617 0.17166285154763378 0.6866997455572732
vn 0.7063818548420617 0.17166285154763378 0.6866997455572732
vn 0.7063818548420617 0.17166285154763378 0.6866997455572732
vn -0.982942042379864 0.013378042695655549 -0.18342837647358345
vn -0.982942042379864 0.013378042695655549 -0.18342837647358345
vn -0.982942042379864 0.013378042695655549 -0.18342837647358345
vn -0.9842282229406648 0.00860967140094015 -0.17669374274554506
vn -0.9842282229406648 0.00860967140094015 -0.17669374274554506
vn -0.9842282229406648 0.00860967140094015 -0.17669374274554506
vn -0.9998888907801823 -0.0031311826121813587 0.014574010766635207
vn -0.9998888907801823 -0.0031311826121813587 0.014574010766635207
vn -0.9998888907801823 -0.0031311826121813587 0.014574010766635207
vn -0.9822377120053007 -0.007056323456078846 0.18750809426228796
vn -0.9822377120053007 -0.007056323456078846 0.18750809426228796
vn -0.9822377120053007 -0.007056323456078846 0.18750809426228796
vn -0.9976407956538492 0.03337783390191694 0.05998969120749575
vn -0.9976407956538492 0.03337783390191694 0.05998969120749575
vn -0.9976407956538492 0.03337783390191694 0.05998969120749575
vn -0.961886424812509 0.06609671692560731 0.26534078045612586
vn -0.961886424812509 0.06609671692560731 0.26534078045612586
vn -0.961886424812509 0.06609671692560731 0.26534078045612586
vn -0.8990208129353542 -0.041993887254480014 0.4358877049680491
vn -0.8990208129353542 -0.041993887254480014 0.4358877049680491
vn -0.8990208129353542 -0.041993887254480014 0.4358877049680491
vn -0.8711763701219688 0.09559264122740525 0.4815742716178666
vn -0.8711763701219688 0.09559264122740525 0.4815742716178666
vn -0.8711763701219688 0.09559264122740525 0.4815742716178666
vn -0.7123201451366994 -0.07041583917642719 0.6983134113172331
vn -0.7123201451366994 -0.07041583917642719 0.6983134113172331
vn -0.7123201451366994 -0.07041583917642719 0.6983134113172331
vn -0.7604364112429676 0.03766568728203816 0.6483191810038385
vn -0.7604364112429676 0.03766568728203816 0.6483191810038385
vn -0.7604364112429676 0.03766568728203816 0.6483191810038385
vn -0.5535644401853268 0.23992798204879803 0.7974966921513201
vn -0.5535644401853268 0.23992798204879803 0.7974966921513201
vn -0.5535644401853268 0.23992798204879803 0.7974966921513201
vn -0.10538878115802583 0.6464845430149756 0.7556129567766452
vn -0.10538878115802583 0.6464845430149756 0.7556129567766452
vn -0.10538878115802583 0.6464845430149756 0.7556129567766452
vn 0.17111562622377294 0.9471054315113797 -0.27149722662246367
vn 0.17111562622377294 0.9471054315113797 -0.27149722662246367
vn 0.17111562622377294 0.9471054315113797 -0.27149722662246367
vn -0.8502172832572347 0.5264024141454501 0.0055740140410282905
vn -0.8502172832572347 0.5264024141454501 0.0055740140410282905
vn -0.8502172832572347 0.5264024141454501 0.0055740140410282905
vn -0.8523442161437776 0.48302489588684633 -0.20049011736180547
vn -0.8523442161437776 0.48302489588684633 -0.20049011736180547
vn -0.8523442161437776 0.48302489588684633 -0.20049011736180547
vn -0.8643177388323633 0.4500440780357479 -0.22453323621384913
vn -0.8643177388323633 0.4500440780357479 -0.22453323621384913
vn -0.8643177388323633 0.4500440780357479 -0.22453323621384913
vn -0.8045006816769182 0.4228228537362742 -0.4171324580270482
vn -0.8045006816769182 0.4228228537362742 -0.4171324580270482
vn -0.8045006816769182 0.4228228537362742 -0.4171324580270482
vn -0.7058929994282418 0.4452531161638785 -0.5508763344931019
vn -0.7058929994282418 0.4452531161638785 -0.5508763344931019
vn -0.7058929994282418 0.4452531161638785 -0.5508763344931019
vn 0.00937729605831419 0.4448188531763759 -0.8955714679340161
vn 0.00937729605831419 0.4448188531763759 -0.8955714679340161
vn 0.00937729605831419 0.4448188531763759 -0.8955714679340161
vn 0.412032178470367 0.4569857324100995 -0.7882851795375634
vn 0.412032178470367 0.4569857324100995 -0.7882851795375634
vn 0.412032178470367 0.4569857324100995 -0.7882851795375634
vn 0.4216155994845392 0.4628614771195588 -0.7797432521477776
vn 0.4216155994845392 0.4628614771195588 -0.7797432521477776
vn 0.4216155994845392 0.4628614771195588 -0.7797432521477776
vn 0.8514792445177293 0.5026540232237695 0.14940558588110198
vn 0.8514792445177293 0.5026540232237695 0.14940558588110198
vn 0.8514792445177293 0.5026540232237695 0.14940558588110198
vn -0.7325530635198203 0.30425399487723154 -0.608929811824788
vn -0.7325530635198203 0.30425399487723154 -0.608929811824788
vn -0.7325530635198203 0.30425399487723154 -0.608929811824788
vn -0.5700745652667998 0.33987385452416763 -0.7479978295735584
vn -0.5700745652667998 0.33987385452416763 -0.7479978295735584
vn -0.5700745652667998 0.33987385452416763 -0.7479978295735584
vn -0.5655333935607064 0.3303914630999246 -0.7556543269765629
vn -0.5655333935607064 0.3303914630999246 -0.7556543269765629
vn -0.5655333935607064 0.3303914630999246 -0.7556543269765629
vn -0.327111253060951 0.3890055225347295 -0.861204349477159
vn -0.327111253060951 0.3890055225347295 -0.861204349477159
vn -0.327111253060951 0.3890055225347295 -0.861204349477159
vn 0.42946938184777883 0.5488256876570765 0.7171794856401178
vn 0.42946938184777883 0.5488256876570765 0.7171794856401178
vn 0.42946938184777883 0.5488256876570765 0.7171794856401178
vn 0.6075531683030501 0.3408893258531158 0.7174075656168774
vn 0.6075531683030501 0.3408893258531158 0.7174075656168774
vn 0.6075531683030501 0.3408893258531158 0.7174075656168774
vn 0.6943782575071502 0.24021270895701952 0.6783337600008303
vn 0.6943782575071502 0.24021270895701952 0.6783337600008303
vn 0.6943782575071502 0.24021270895701952 0.6783337600008303
vn 0.7616539002083286 0.3049898743877099 -0.5717206597792408
vn 0.7616539002083286 0.3049898743877099 -0.5717206597792408
vn 0.7616539002083286 0.3049898743877099 -0.5717206597792408
vn 0.6265480518410993 0.21266829967736134 -0.7498064637267828
vn 0.6265480518410993 0.21266829967736134 -0.7498064637267828
vn 0.6265480518410993 0.21266829967736134 -0.7498064637267828
vn -0.15568366656643465 0.14157181987207232 -0.9776093369964
vn -0.15568366656643465 0.14157181987207232 -0.9776093369964
vn -0.15568366656643465 0.14157181987207232 -0.9776093369964
vn -0.3343687339882859 0.3016256675920953 0.8928714948864106
vn -0.3343687339882859 0.3016256675920953 0.8928714948864106
vn -0.3343687339882859 0.3016256675920953 0.8928714948864106
vn -0.4111680688090872 0.43844193237381424 0.7991930249496184
vn -0.4111680688090872 0.43844193237381424 0.7991930249496184
vn -0.4111680688090872 0.43844193237381424 0.7991930249496184
vn -0.560161060725292 0.17187734150463713 0.8103565669039859
vn -0.560161060725292 0.17187734150463713 0.8103565669039859
vn -0.560161060725292 0.17187734150463713 0.8103565669039859
vn -0.53659165276384 0.661174182692817 0.5243263280864846
vn -0.53659165276384 0.661174182692817 0.5243263280864846
vn -0.53659165276384 0.661174182692817 0.5243263280864846
vn 0.17629523222580723 0.22153622958876892 0.9590837763584791
vn 0.17629523222580723 0.22153622958876892 0.9590837763584791
vn 0.17629523222580723 0.22153622958876892 0.9590837763584791
vn 0.4175296174905604 0.44634280112330427 0.7914841264381673
vn 0.4175296174905604 0.44634280112330427 0.7914841264381673
vn 0.4175296174905604 0.44634280112330427 0.7914841264381673
vn 0.5650904313263598 0.43739498703772517 0.6995415854240954
vn 0.5650904313263598 0.43739498703772517 0.6995415854240954
vn 0.5650904313263598 0.43739498703772517 0.6995415854240954
vn 0.8315478585753534 0.4291251611371446 0.3526751408559493
vn 0.8315478585753534 0.4291251611371446 0.3526751408559493
vn 0.8315478585753534 0.4291251611371446 0.3526751408559493
vn 0.934274093244217 0.35545808679086227 -0.027954735335468214
vn 0.934274093244217 0.35545808679086227 -0.027954735335468214
vn 0.934274093244217 0.35545808679086227 -0.027954735335468214
vn 0.8864267384155122 0.4242249686906237 -0.18515078547356104
vn 0.8864267384155122 0.4242249686906237 -0.18515078547356104
vn 0.8864267384155122 0.4242249686906237 -0.18515078547356104
vn 0.8133461089429431 0.38758767652370035 -0.43387083339898963
vn 0.8133461089429431 0.38758767652370035 -0.43387083339898963
vn 0.8133461089429431 0.38758767652370035 -0.43387083339898963
vn 0.662640649877614 0.4098862823154982 -0.6268178401253057
vn 0.662640649877614 0.4098862823154982 -0.6268178401253057
vn 0.662640649877614 0.4098862823154982 -0.6268178401253057
vn 0.6682360741963745 0.4103041573078196 -0.6205731605850654
vn 0.6682360741963745 0.4103041573078196 -0.6205731605850654
vn 0.6682360741963745 0.4103041573078196 -0.6205731605850654
vn 0.002834383461742057 0.4056215675076401 -0.914036711649503
vn 0.002834383461742057 0.4056215675076401 -0.914036711649503
vn 0.002834383461742057 0.4056215675076401 -0.914036711649503
vn -0.32575416117256145 0.30078506056356435 -0.8963328476746424
vn -0.32575416117256145 0.30078506056356435 -0.8963328476746424
vn -0.32575416117256145 0.30078506056356435 -0.8963328476746424
vn -0.43487799271966315 0.4180440912739418 -0.797571482187685
vn -0.43487799271966315 0.4180440912739418 -0.797571482187685
vn -0.43487799271966315 0.4180440912739418 -0.797571482187685
vn -0.8990779318792406 0.43599992019211326 -0.0395340612664353
vn -0.8990779318792406 0.43599992019211326 -0.0395340612664353
vn -0.8990779318792406 0.43599992019211326 -0.0395340612664353
vn -0.8635233250016094 0.48362217503727145 0.14295824212120106
vn -0.8635233250016094 0.48362217503727145 0.14295824212120106
vn -0.8635233250016094 0.48362217503727145 0.14295824212120106
vn -0.7971558659791851 0.5082474407628915 0.32592493659268656
vn -0.7971558659791851 0.5082474407628915 0.32592493659268656
vn -0.7971558659791851 0.5082474407628915 0.32592493659268656
vn 0.0877264078781262 0.9713669543863326 -0.22079474017064138
vn 0.0877264078781262 0.9713669543863326 -0.22079474017064138
vn 0.0877264078781262 0.9713669543863326 -0.22079474017064138
vn -0.3274577011408544 0.9040261643454626 -0.2747874599438226
vn -0.3274577011408544 0.9040261643454626 -0.2747874599438226
vn -0.3274577011408544 0.9040261643454626 -0.2747874599438226
vn -0.0003627218168106788 0.9124823011999859 -0.4091160207443139
vn -0.0003627218168106788 0.9124823011999859 -0.4091160207443139
vn -0.0003627218168106788 0.9124823011999859 -0.4091160207443139
vn -0.11286276765828773 0.9482080497429553 -0.2969233740869396
vn -0.11286276765828773 0.9482080497429553 -0.2969233740869396
vn -0.11286276765828773 0.9482080497429553 -0.2969233740869396
vn -0.25670596284990166 0.8873450523710635 -0.3830415208171297
vn -0.25670596284990166 0.8873450523710635 -0.3830415208171297
vn -0.25670596284990166 0.8873450523710635 -0.3830415208171297
vn -0.12534612398961326 0.8839159595010859 -0.45053404503994493
vn -0.12534612398961326 0.8839159595010859 -0.45053404503994493
vn -0.12534612398961326 0.8839159595010859 -0.45053404503994493
vn -0.039394562376610445 0.8712680599742717 -0.48922391205236915
vn -0.039394562376610445 0.8712680599742717 -0.48922391205236915
vn -0.039394562376610445 0.8712680599742717 -0.48922391205236915
vn 0.4751191686182006 0.8343382391562949 -0.2795379729001466
vn 0.4751191686182006 0.8343382391562949 -0.2795379729001466
vn 0.4751191686182006 0.8343382391562949 -0.2795379729001466
vn 0.4908073314171467 0.8483228204426408 -0.1986367431857002
vn 0.4908073314171467 0.8483228204426408 -0.1986367431857002
vn 0.4908073314171467 0.8483228204426408 -0.1986367431857002
vn 0.28242748570888493 0.950604484759283 -0.12878598088183238
vn 0.28242748570888493 0.950604484759283 -0.12878598088183238
vn 0.28242748570888493 0.950604484759283 -0.12878598088183238
vn 0.3480947230470049 0.8374061975499779 -0.421403516942747
vn 0.3480947230470049 0.8374061975499779 -0.421403516942747
vn 0.3480947230470049 0.8374061975499779 -0.421403516942747
vn 0.17853285096305457 0.8359678854475819 -0.5189255395789479
vn 0.17853285096305457 0.8359678854475819 -0.5189255395789479
vn 0.17853285096305457 0.8359678854475819 -0.5189255395789479
vn 0.16755636488587478 0.8270078524617857 -0.536640360532803
vn 0.16755636488587478 0.8270078524617857 -0.536640360532803
vn 0.16755636488587478 0.8270078524617857 -0.536640360532803
vn 0.550475301853134 0.8016136324972188 0.23322205351191586
vn 0.550475301853134 0.8016136324972188 0.23322205351191586
vn 0.550475301853134 0.8016136324972188 0.23322205351191586
vn 0.4831914378435158 0.8646012674804364 0.13780668585354905
vn 0.4831914378435158 0.8646012674804364 0.13780668585354905
vn 0.4831914378435158 0.8646012674804364 0.13780668585354905
vn 0.5748424542295115 0.7245960847103369 -0.3801534780030853
vn 0.5748424542295115 0.7245960847103369 -0.3801534780030853
vn 0.5748424542295115 0.7245960847103369 -0.3801534780030853
vn 0.4806001513690535 0.7608010815267353 -0.4361252215267912
vn 0.4806001513690535 0.7608010815267353 -0.4361252215267912
vn 0.4806001513690535 0.7608010815267353 -0.4361252215267912
vn 0.34923750609185034 0.7497572398795038 -0.5620473695223677
vn 0.34923750609185034 0.7497572398795038 -0.5620473695223677
vn 0.34923750609185034 0.7497572398795038 -0.5620473695223677
vn -0.050269141981903964 0.7915142208239863 -0.6090798400848622
vn -0.050269141981903964 0.7915142208239863 -0.6090798400848622
vn -0.050269141981903964 0.7915142208239863 -0.6090798400848622
vn -0.38710110151758165 0.7532806157547547 -0.5317151973867329
vn -0.38710110151758165 0.7532806157547547 -0.5317151973867329
vn -0.38710110151758165 0.7532806157547547 -0.5317151973867329
vn -0.3079634228621682 0.9474472752858576 -0.0866151876544855
vn -0.3079634228621682 0.9474472752858576 -0.0866151876544855
vn -0.3079634228621682 0.9474472752858576 -0.0866151876544855
vn -0.4586614207487817 0.8881412410205934 0.028893547984088077
vn -0.4586614207487817 0.8881412410205934 0.028893547984088077
vn -0.4586614207487817 0.8881412410205934 0.028893547984088077
vn -0.518466642008318 0.8439383949301786 -0.13769650208807915
vn -0.518466642008318 0.8439383949301786 -0.13769650208807915
vn -0.518466642008318 0.8439383949301786 -0.13769650208807915
vn -0.3160438833722729 0.8631069058956523 0.3939070103186878
vn -0.3160438833722729 0.8631069058956523 0.3939070103186878
vn -0.3160438833722729 0.8631069058956523 0.3939070103186878
vn -0.4497202084838105 0.7891504845404153 0.41832194160826125
vn -0.4497202084838105 0.7891504845404153 0.41832194160826125
vn -0.4497202084838105 0.7891504845404153 0.41832194160826125
vn -0.5527673799350308 0.8064163093240818 -0.21009750054650353
vn -0.5527673799350308 0.8064163093240818 -0.21009750054650353
vn -0.5527673799350308 0.8064163093240818 -0.21009750054650353
vn -0.4657243147248928 0.8359128156096843 -0.29043179470147334
vn -0.4657243147248928 0.8359128156096843 -0.29043179470147334
vn -0.4657243147248928 0.8359128156096843 -0.29043179470147334
vn 0.3744120813819903 0.8868282242999167 0.2708344400187363
vn 0.3744120813819903 0.8868282242999167 0.2708344400187363
vn 0.3744120813819903 0.8868282242999167 0.2708344400187363
vn -0.37384748422747055 0.9152005305985741 0.15048603698974833
vn -0.37384748422747055 0.9152005305985741 0.15048603698974833
vn -0.37384748422747055 0.9152005305985741 0.15048603698974833
vn -0.49713854883972225 0.849172752224337 0.1782102694495463
vn -0.49713854883972225 0.849172752224337 0.1782102694495463
vn -0.49713854883972225 0.849172752224337 0.1782102694495463
vn -0.12361666901509655 0.9799140366289592 0.1564845038946371
vn -0.12361666901509655 0.9799140366289592 0.1564845038946371
vn -0.12361666901509655 0.9799140366289592 0.1564845038946371
vn 0.14752037747958352 0.9857929894712291 0.08031139481828568
vn 0.14752037747958352 0.9857929894712291 0.08031139481828568
vn 0.14752037747958352 0.9857929894712291 0.08031139481828568
vn -0.46101647650999433 0.6919442420575668 -0.5555870537275769
vn -0.46101647650999433 0.6919442420575668 -0.5555870537275769
vn -0.46101647650999433 0.6919442420575668 -0.5555870537275769
vn -0.2994490482544034 0.7107390568350375 -0.6365377134064985
vn -0.2994490482544034 0.7107390568350375 -0.6365377134064985
vn -0.2994490482544034 0.7107390568350375 -0.6365377134064985
vn -0.25750542248354835 0.7316259305225833 -0.6312008041649925
vn -0.25750542248354835 0.7316259305225833 -0.6312008041649925
vn -0.25750542248354835 0.7316259305225833 -0.6312008041649925
vn -0.17825850324906634 0.6256056841689585 -0.7595007794300754
vn -0.17825850324906634 0.6256056841689585 -0.7595007794300754
vn -0.17825850324906634 0.6256056841689585 -0.7595007794300754
vn 0.6167665763270467 0.7654148393941819 -0.18368210027379414
vn 0.6167665763270467 0.7654148393941819 -0.18368210027379414
vn 0.6167665763270467 0.7654148393941819 -0.18368210027379414
vn 0.5862733843318734 0.8097677398770488 0.023658535002571705
vn 0.5862733843318734 0.8097677398770488 0.023658535002571705
vn 0.5862733843318734 0.8097677398770488 0.023658535002571705
vn -0.7185629640691051 0.4679614327927809 0.5144699836596391
vn -0.7185629640691051 0.4679614327927809 0.5144699836596391
vn -0.7185629640691051 0.4679614327927809 0.5144699836596391
vn -0.8412390561665984 0.5175321827609201 0.15645219776867408
vn -0.8412390561665984 0.5175321827609201 0.15645219776867408
vn -0.8412390561665984 0.5175321827609201 0.15645219776867408
vn -0.7809499552863599 0.5057955417079252 -0.36645332216616455
vn -0.7809499552863599 0.5057955417079252 -0.36645332216616455
vn -0.7809499552863599 0.5057955417079252 -0.36645332216616455
vn 0.07942164779834927 0.5495179954225685 -0.8316983675394326
vn 0.07942164779834927 0.5495179954225685 -0.8316983675394326
vn 0.07942164779834927 0.5495179954225685 -0.8316983675394326
vn 0.16633598829124727 0.5581247318772868 -0.8129139700276289
vn 0.16633598829124727 0.5581247318772868 -0.8129139700276289
vn 0.16633598829124727 0.5581247318772868 -0.8129139700276289
vn 0.7604047150768894 0.5295240942258774 -0.3760171577509446
vn 0.7604047150768894 0.5295240942258774 -0.3760171577509446
vn 0.7604047150768894 0.5295240942258774 -0.3760171577509446
vn 0.8240595234336092 0.5180910683892093 -0.229145252391798
vn 0.8240595234336092 0.5180910683892093 -0.229145252391798
vn 0.8240595234336092 0.5180910683892093 -0.229145252391798
vn 0.7907995621080457 0.6089296967368776 0.061973195832212384
vn 0.7907995621080457 0.6089296967368776 0.061973195832212384
vn 0.7907995621080457 0.6089296967368776 0.061973195832212384
vn 0.2524613360801448 0.8275045492811929 0.5014972529371999
vn 0.2524613360801448 0.8275045492811929 0.5014972529371999
vn 0.2524613360801448 0.8275045492811929 0.5014972529371999
vn 0.06024322527087895 0.735278769155822 0.6750821323643972
vn 0.06024322527087895 0.735278769155822 0.6750821323643972
vn 0.06024322527087895 0.735278769155822 0.6750821323643972
vn -0.11133285548757559 0.6274001562793234 0.7706971124830189
vn -0.11133285548757559 0.6274001562793234 0.7706971124830189
vn -0.11133285548757559 0.6274001562793234 0.7706971124830189
vn -0.6969215805015202 0.6407890260162197 0.32200890479682015
vn -0.6969215805015202 0.6407890260162197 0.32200890479682015
vn -0.6969215805015202 0.6407890260162197 0.32200890479682015
vn -0.5623752290139881 0.7490610830415341 -0.35020222110104954
vn -0.5623752290139881 0.7490610830415341 -0.35020222110104954
vn -0.5623752290139881 0.7490610830415341 -0.35020222110104954
vn -0.5838032366917153 0.6158913376132898 -0.5290100576370828
vn -0.5838032366917153 0.6158913376132898 -0.5290100576370828
vn -0.5838032366917153 0.6158913376132898 -0.5290100576370828
vn -0.1797019958875601 0.611895610804269 -0.7702538244971573
vn -0.1797019958875601 0.611895610804269 -0.7702538244971573
vn -0.1797019958875601 0.611895610804269 -0.7702538244971573
vn 0.1953862611795415 0.5862610949116075 -0.7862074392520864
vn 0.1953862611795415 0.5862610949116075 -0.7862074392520864
vn 0.1953862611795415 0.5862610949116075 -0.7862074392520864
vn 0.4274556350494594 0.617933632635747 -0.6598785537673224
vn 0.4274556350494594 0.617933632635747 -0.6598785537673224
vn 0.4274556350494594 0.617933632635747 -0.6598785537673224
vn 0.7796585382351111 0.6236688352700427 0.05630051216461669
vn 0.7796585382351111 0.6236688352700427 0.05630051216461669
vn 0.7796585382351111 0.6236688352700427 0.05630051216461669
vn 0.6776403357414166 0.6530213518597523 0.33818144448139326
vn 0.6776403357414166 0.6530213518597523 0.33818144448139326
vn 0.6776403357414166 0.6530213518597523 0.33818144448139326
vn 0.07436218877522012 0.8120241186735283 0.5788670793654086
vn 0.07436218877522012 0.8120241186735283 0.5788670793654086
vn 0.07436218877522012 0.8120241186735283 0.5788670793654086
vn -0.14222599181863868 0.920541023188279 -0.3638351163352446
vn -0.14222599181863868 0.920541023188279 -0.3638351163352446
vn -0.14222599181863868 0.920541023188279 -0.3638351163352446
vn 0.1389332744009693 0.9629796967362536 -0.23101439119236242
vn 0.1389332744009693 0.9629796967362536 -0.23101439119236242
vn 0.1389332744009693 0.9629796967362536 -0.23101439119236242
vn 0.010644444578180126 0.858038093105426 -0.5134757312469851
vn 0.010644444578180126 0.858038093105426 -0.5134757312469851
vn 0.010644444578180126 0.858038093105426 -0.5134757312469851
vn -0.0021298615949009473 0.883130301839327 -0.46912294088305423
vn -0.0021298615949009473 0.883130301839327 -0.46912294088305423
vn -0.0021298615949009473 0.883130301839327 -0.46912294088305423
vn 0.009390721059478517 0.8934714757899507 -0.44902175482676865
vn 0.009390721059478517 0.8934714757899507 -0.44902175482676865
vn 0.009390721059478517 0.8934714757899507 -0.44902175482676865
vn 0.09170081725040172 0.9639768276266749 -0.24967906583136024
vn 0.09170081725040172 0.9639768276266749 -0.24967906583136024
vn 0.09170081725040172 0.9639768276266749 -0.24967906583136024
vn -0.012947911035212768 0.9506691428903147 -0.30993633597243603
vn -0.012947911035212768 0.9506691428903147 -0.30993633597243603
vn -0.012947911035212768 0.9506691428903147 -0.30993633597243603
vn 0.04349351374025 0.8690812732078429 -0.4927535436929516
vn 0.04349351374025 0.8690812732078429 -0.4927535436929516
vn 0.04349351374025 0.8690812732078429 -0.4927535436929516
vn 0.027675848870908133 0.8879121675655712 -0.4591797361363888
vn 0.027675848870908133 0.8879121675655712 -0.4591797361363888
vn 0.027675848870908133 0.8879121675655712 -0.4591797361363888
vn -0.00829360730483336 0.9752153792597607 -0.22110219386771038
vn -0.00829360730483336 0.9752153792597607 -0.22110219386771038
vn -0.00829360730483336 0.9752153792597607 -0.22110219386771038
vn -0.014435756355724846 0.8934321611130821 -0.44896612614677917
vn -0.014435756355724846 0.8934321611130821 -0.44896612614677917
vn -0.014435756355724846 0.8934321611130821 -0.44896612614677917
vn -0.007294692572156321 0.8738043913169462 -0.4862228636906115
vn -0.007294692572156321 0.8738043913169462 -0.4862228636906115
vn -0.007294692572156321 0.8738043913169462 -0.4862228636906115
vn 0.038559357836597474 0.8882683347290474 -0.4577035519207974
vn 0.038559357836597474 0.8882683347290474 -0.4577035519207974
vn 0.038559357836597474 0.8882683347290474 -0.4577035519207974
vn 0.019433360118474175 0.940954426051939 -0.33797501772730415
vn 0.019433360118474175 0.940954426051939 -0.33797501772730415
vn 0.019433360118474175 0.940954426051939 -0.33797501772730415
vn 0.027543279796036334 0.9647255372596997 -0.2618129207985373
vn 0.027543279796036334 0.9647255372596997 -0.2618129207985373
vn 0.027543279796036334 0.9647255372596997 -0.2618129207985373
vn 0.10159763803940267 0.8684918974606244 -0.48518011499860436
vn 0.10159763803940267 0.8684918974606244 -0.48518011499860436
vn 0.10159763803940267 0.8684918974606244 -0.48518011499860436
vn 0.068465611508782 0.8747666905557091 -0.47968291311546724
vn 0.068465611508782 0.8747666905557091 -0.47968291311546724
vn 0.068465611508782 0.8747666905557091 -0.47968291311546724
vn -0.07529777110073946 0.9466750397550309 -0.3132676407994789
vn -0.07529777110073946 0.9466750397550309 -0.3132676407994789
vn -0.07529777110073946 0.9466750397550309 -0.3132676407994789
vn -0.7629009340660343 0.27440869288139746 0.5853904970806199
vn -0.7629009340660343 0.27440869288139746 0.5853904970806199
vn -0.7629009340660343 0.27440869288139746 0.5853904970806199
vn 0.14006100999408577 0.963109699878311 -0.2297882057020042
vn 0.14006100999408577 0.963109699878311 -0.2297882057020042
vn 0.14006100999408577 0.963109699878311 -0.2297882057020042
vn 0.043318361047170656 0.896069645948687 -0.4417948723169858
vn 0.043318361047170656 0.896069645948687 -0.4417948723169858
vn 0.043318361047170656 0.896069645948687 -0.4417948723169858
vn 0.13988356529168713 0.9453754585167168 -0.29444495342184696
vn 0.13988356529168713 0.9453754585167168 -0.29444495342184696
vn 0.13988356529168713 0.9453754585167168 -0.29444495342184696
vn 0.13591233018609392 0.9450635399347428 -0.2972923544079108
vn 0.13591233018609392 0.9450635399347428 -0.2972923544079108
vn 0.13591233018609392 0.9450635399347428 -0.2972923544079108
vn -0.037213616563320506 0.8747153397385662 -0.48320618908321417
vn -0.037213616563320506 0.8747153397385662 -0.48320618908321417
vn -0.037213616563320506 0.8747153397385662 -0.48320618908321417
vn -0.05599173098550928 0.8781925345954052 -0.47501873462227184
vn -0.05599173098550928 0.8781925345954052 -0.47501873462227184
vn -0.05599173098550928 0.8781925345954052 -0.47501873462227184
vn -0.03479349230655068 0.8920340512372591 -0.45062696804159097
vn -0.03479349230655068 0.8920340512372591 -0.45062696804159097
vn -0.03479349230655068 0.8920340512372591 -0.45062696804159097
vn 0.11355011052702257 0.8833209188730973 -0.4548082306648465
vn 0.11355011052702257 0.8833209188730973 -0.4548082306648465
vn 0.11355011052702257 0.8833209188730973 -0.4548082306648465
vn 0.07136247475275563 0.895932099480145 -0.438421110712363
vn 0.07136247475275563 0.895932099480145 -0.438421110712363
vn 0.07136247475275563 0.895932099480145 -0.438421110712363
vn -0.18709276833960758 0.9491276255262724 -0.25328451689331943
vn -0.18709276833960758 0.9491276255262724 -0.25328451689331943
vn -0.18709276833960758 0.9491276255262724 -0.25328451689331943
vn -0.1077322609917587 0.9203921749096783 -0.37586168241340556
vn -0.1077322609917587 0.9203921749096783 -0.37586168241340556
vn -0.1077322609917587 0.9203921749096783 -0.37586168241340556
vn 0.10973111630977829 0.9310790973544143 -0.34792354991161323
vn 0.10973111630977829 0.9310790973544143 -0.34792354991161323
vn 0.10973111630977829 0.9310790973544143 -0.34792354991161323
vn -0.05619060463580165 0.8950124728811182 -0.44248761489773797
vn -0.05619060463580165 0.8950124728811182 -0.44248761489773797
vn -0.05619060463580165 0.8950124728811182 -0.44248761489773797
vn -0.06474269028179579 0.8924451855090937 -0.44648625389446733
vn -0.06474269028179579 0.8924451855090937 -0.44648625389446733
vn -0.06474269028179579 0.8924451855090937 -0.44648625389446733
vn 0.19583931760134948 0.9322182032829733 -0.3043290704965636
vn 0.19583931760134948 0.9322182032829733 -0.3043290704965636
vn 0.19583931760134948 0.9322182032829733 -0.3043290704965636
vn 0.14015634042292605 0.9204227717064729 -0.36493577731352556
vn 0.14015634042292605 0.9204227717064729 -0.36493577731352556
vn 0.14015634042292605 0.9204227717064729 -0.36493577731352556
vn 0.16678845962858618 0.9079232259670906 -0.3845218140551128
vn 0.16678845962858618 0.9079232259670906 -0.3845218140551128
vn 0.16678845962858618 0.9079232259670906 -0.3845218140551128
vn 0.19497823425367536 0.9166436655157479 -0.34892388659587675
vn 0.19497823425367536 0.9166436655157479 -0.34892388659587675
vn 0.19497823425367536 0.9166436655157479 -0.34892388659587675
vn -0.09326761144119447 0.8976756861240135 -0.43067332770655314
vn -0.09326761144119447 0.8976756861240135 -0.43067332770655314
vn -0.09326761144119447 0.8976756861240135 -0.43067332770655314
vn -0.09838519101776666 0.9018465744939862 -0.4207054911239696
vn -0.09838519101776666 0.9018465744939862 -0.4207054911239696
vn -0.09838519101776666 0.9018465744939862 -0.4207054911239696
vn -0.5138366161596636 -0.7387430580486648 0.4361543603800073
vn -0.5138366161596636 -0.7387430580486648 0.4361543603800073
vn -0.5138366161596636 -0.7387430580486648 0.4361543603800073
vn -0.07249580455049205 0.8999025984736561 -0.4300228733252898
vn -0.07249580455049205 0.8999025984736561 -0.4300228733252898
vn -0.07249580455049205 0.8999025984736561 -0.4300228733252898
vn 0.08306315627098809 0.909178385592602 -0.408038203164276
vn 0.08306315627098809 0.909178385592602 -0.408038203164276
vn 0.08306315627098809 0.909178385592602 -0.408038203164276
vn 0.08518291245176077 0.9012907722719775 -0.42475736043489354
vn 0.08518291245176077 0.9012907722719775 -0.42475736043489354
vn 0.08518291245176077 0.9012907722719775 -0.42475736043489354
vn 0.11644807168350574 0.8963550702356747 -0.42777030596336574
vn 0.11644807168350574 0.8963550702356747 -0.42777030596336574
vn 0.11644807168350574 0.8963550702356747 -0.42777030596336574
vn -0.125526917336888 0.9082025099679591 -0.39926331400693066
vn -0.125526917336888 0.9082025099679591 -0.39926331400693066
vn -0.125526917336888 0.9082025099679591 -0.39926331400693066
vn -0.0978877822096552 0.8728942689807382 -0.47798909744329715
vn -0.0978877822096552 0.8728942689807382 -0.47798909744329715
vn -0.0978877822096552 0.8728942689807382 -0.47798909744329715
vn -0.0855546532072485 0.9070333975355556 -0.41227517154164717
vn -0.0855546532072485 0.9070333975355556 -0.41227517154164717
vn -0.0855546532072485 0.9070333975355556 -0.41227517154164717
vn -0.334345642809409 0.8017296888369938 0.49542153482837237
vn -0.334345642809409 0.8017296888369938 0.49542153482837237
vn -0.334345642809409 0.8017296888369938 0.49542153482837237
vn -0.050137401091471544 0.9509495584819753 -0.30525592252195377
vn -0.050137401091471544 0.9509495584819753 -0.30525592252195377
vn -0.050137401091471544 0.9509495584819753 -0.30525592252195377
vn -0.04936910717015833 0.9599910230343367 -0.27564456633626805
vn -0.04936910717015833 0.9599910230343367 -0.27564456633626805
vn -0.04936910717015833 0.9599910230343367 -0.27564456633626805
vn -0.07805219828817282 0.9317561734707792 -0.3545959496969403
vn -0.07805219828817282 0.9317561734707792 -0.3545959496969403
vn -0.07805219828817282 0.9317561734707792 -0.3545959496969403
vn 0.09437049039220888 0.9648561333451466 -0.24524855247154242
vn 0.09437049039220888 0.9648561333451466 -0.24524855247154242
vn 0.09437049039220888 0.9648561333451466 -0.24524855247154242
vn 0.9744753056676273 0.15772202311763156 -0.15975494379725913
vn 0.9744753056676273 0.15772202311763156 -0.15975494379725913
vn 0.9744753056676273 0.15772202311763156 -0.15975494379725913
vn 0.943247175113775 0.11496832674952188 0.311555854517771
vn 0.943247175113775 0.11496832674952188 0.311555854517771
vn 0.943247175113775 0.11496832674952188 0.311555854517771
vn -0.033600226920342514 0.006119873068535128 0.9994166157836913
vn -0.033600226920342514 0.006119873068535128 0.9994166157836913
vn -0.033600226920342514 0.006119873068535128 0.9994166157836913
vn -0.041782109890305084 -0.030212748044311174 0.9986698379087683
vn -0.041782109890305084 -0.030212748044311174 0.9986698379087683
vn -0.041782109890305084 -0.030212748044311174 0.9986698379087683
vn -0.2697078055142347 0.048166227766527826 0.9617368216655942
vn -0.2697078055142347 0.048166227766527826 0.9617368216655942
vn -0.2697078055142347 0.048166227766527826 0.9617368216655942
vn -0.3120682202683504 -0.16288158105208442 0.9359930643185971
vn -0.3120682202683504 -0.16288158105208442 0.9359930643185971
vn -0.3120682202683504 -0.16288158105208442 0.9359930643185971
vn -0.48040020501142305 0.1744100005715848 0.8595328933354457
vn -0.48040020501142305 0.1744100005715848 0.8595328933354457
vn -0.48040020501142305 0.1744100005715848 0.8595328933354457
vn -0.6343733122579404 0.10305878601725685 0.7661262215324175
vn -0.6343733122579404 0.10305878601725685 0.7661262215324175
vn -0.6343733122579404 0.10305878601725685 0.7661262215324175
vn -0.6252190981912894 -0.1919483963433807 0.756476630437501
vn -0.6252190981912894 -0.1919483963433807 0.756476630437501
vn -0.6252190981912894 -0.1919483963433807 0.756476630437501
vn -0.7945178666963355 0.12456423663503902 0.5943274437983106
vn -0.7945178666963355 0.12456423663503902 0.5943274437983106
vn -0.7945178666963355 0.12456423663503902 0.5943274437983106
vn -0.8575290139377647 -0.10670558732298739 0.5032473625256084
vn -0.8575290139377647 -0.10670558732298739 0.5032473625256084
vn -0.8575290139377647 -0.10670558732298739 0.5032473625256084
vn -0.9211567800982616 0.08699973824382683 0.3793431586631141
vn -0.9211567800982616 0.08699973824382683 0.3793431586631141
vn -0.9211567800982616 0.08699973824382683 0.3793431586631141
vn -0.9755565424406172 -0.03030563487434712 0.21764880196355546
vn -0.9755565424406172 -0.03030563487434712 0.21764880196355546
vn -0.9755565424406172 -0.03030563487434712 0.21764880196355546
vn -0.9510425997665871 -0.19600802809226167 0.23895360711358685
vn -0.9510425997665871 -0.19600802809226167 0.23895360711358685
vn -0.9510425997665871 -0.19600802809226167 0.23895360711358685
vn -0.989581715608281 0.1365789935920195 -0.04554345884056723
vn -0.989581715608281 0.1365789935920195 -0.04554345884056723
vn -0.989581715608281 0.1365789935920195 -0.04554345884056723
vn -0.9733769442499498 0.07300787527762367 -0.21727212096833098
vn -0.9733769442499498 0.07300787527762367 -0.21727212096833098
vn -0.9733769442499498 0.07300787527762367 -0.21727212096833098
vn -0.9325979978216291 -0.3358837973017467 -0.13207213623337843
vn -0.9325979978216291 -0.3358837973017467 -0.13207213623337843
vn -0.9325979978216291 -0.3358837973017467 -0.13207213623337843
vn -0.8855256481241975 0.10602389327495569 -0.4523309193157602
vn -0.8855256481241975 0.10602389327495569 -0.4523309193157602
vn -0.8855256481241975 0.10602389327495569 -0.4523309193157602
vn -0.7564389212109968 0.1230766193854471 -0.642380186679036
vn -0.7564389212109968 0.1230766193854471 -0.642380186679036
vn -0.7564389212109968 0.1230766193854471 -0.642380186679036
vn -0.7458425077579844 -0.2552390068921227 -0.6152820515682249
vn -0.7458425077579844 -0.2552390068921227 -0.6152820515682249
vn -0.7458425077579844 -0.2552390068921227 -0.6152820515682249
vn -0.6252494495503242 0.059899583852828744 -0.7781228474291669
vn -0.6252494495503242 0.059899583852828744 -0.7781228474291669
vn -0.6252494495503242 0.059899583852828744 -0.7781228474291669
vn -0.4337634235056418 -0.05988242972358054 -0.8990346973499218
vn -0.4337634235056418 -0.05988242972358054 -0.8990346973499218
vn -0.4337634235056418 -0.05988242972358054 -0.8990346973499218
vn -0.39779130410004226 0.03125538366177483 -0.9169433894055526
vn -0.39779130410004226 0.03125538366177483 -0.9169433894055526
vn -0.39779130410004226 0.03125538366177483 -0.9169433894055526
vn -0.16124528791948492 -0.09055211476723549 -0.9827513783429376
vn -0.16124528791948492 -0.09055211476723549 -0.9827513783429376
vn -0.16124528791948492 -0.09055211476723549 -0.9827513783429376
vn -0.1287519945578154 0.012141815516709927 -0.9916024910282055
vn -0.1287519945578154 0.012141815516709927 -0.9916024910282055
vn -0.1287519945578154 0.012141815516709927 -0.9916024910282055
vn 0.10707622630162716 0.07033333837842856 -0.9917600028603433
vn 0.10707622630162716 0.07033333837842856 -0.9917600028603433
vn 0.10707622630162716 0.07033333837842856 -0.9917600028603433
vn 0.18473902673777273 -0.18674992357554118 -0.9648813181135335
vn 0.18473902673777273 -0.18674992357554118 -0.9648813181135335
vn 0.18473902673777273 -0.18674992357554118 -0.9648813181135335
vn 0.4018479367542624 0.1175597258940329 -0.9081288160685478
vn 0.4018479367542624 0.1175597258940329 -0.9081288160685478
vn 0.4018479367542624 0.1175597258940329 -0.9081288160685478
vn 0.5614602778475934 -0.2962041311424941 -0.7726742321919523
vn 0.5614602778475934 -0.2962041311424941 -0.7726742321919523
vn 0.5614602778475934 -0.2962041311424941 -0.7726742321919523
vn 0.612360226497295 0.13106202811011966 -0.7796394665432502
vn 0.612360226497295 0.13106202811011966 -0.7796394665432502
vn 0.612360226497295 0.13106202811011966 -0.7796394665432502
vn 0.7811564723558987 0.04719133999560833 -0.6225492294798114
vn 0.7811564723558987 0.04719133999560833 -0.6225492294798114
vn 0.7811564723558987 0.04719133999560833 -0.6225492294798114
vn 0.8517384445974964 -0.17692602998172957 -0.4931924592991482
vn 0.8517384445974964 -0.17692602998172957 -0.4931924592991482
vn 0.8517384445974964 -0.17692602998172957 -0.4931924592991482
vn 0.8901119579092883 0.12613556926072136 -0.4379389461490803
vn 0.8901119579092883 0.12613556926072136 -0.4379389461490803
vn 0.8901119579092883 0.12613556926072136 -0.4379389461490803
vn 0.9616195007494359 -0.15620814335359082 -0.22558136387660543
vn 0.9616195007494359 -0.15620814335359082 -0.22558136387660543
vn 0.9616195007494359 -0.15620814335359082 -0.22558136387660543
vn 0.955816227267085 -0.24259748020405997 0.1660174758619009
vn 0.955816227267085 -0.24259748020405997 0.1660174758619009
vn 0.955816227267085 -0.24259748020405997 0.1660174758619009
vn 0.9890778640498397 0.0863317174929861 0.11946469520874434
vn 0.9890778640498397 0.0863317174929861 0.11946469520874434
vn 0.9890778640498397 0.0863317174929861 0.11946469520874434
vn 0.8376206698403965 0.02637442183354465 0.5456152521045132
vn 0.8376206698403965 0.02637442183354465 0.5456152521045132
vn 0.8376206698403965 0.02637442183354465 0.5456152521045132
vn 0.7914418523696456 -0.2590266746342859 0.5536469779070484
vn 0.7914418523696456 -0.2590266746342859 0.5536469779070484
vn 0.7914418523696456 -0.2590266746342859 0.5536469779070484
vn 0.7214256053362808 0.10419178933711853 0.6846087692981375
vn 0.7214256053362808 0.10419178933711853 0.6846087692981375
vn 0.7214256053362808 0.10419178933711853 0.6846087692981375
vn 0.5606211306405724 -0.17300906414872202 0.8097973892287316
vn 0.5606211306405724 -0.17300906414872202 0.8097973892287316
vn 0.5606211306405724 -0.17300906414872202 0.8097973892287316
vn 0.5656476582845957 -0.013931481083901397 0.8245293448458715
vn 0.5656476582845957 -0.013931481083901397 0.8245293448458715
vn 0.5656476582845957 -0.013931481083901397 0.8245293448458715
vn 0.2620095016823786 -0.13556775462356827 0.9554958947763593
vn 0.2620095016823786 -0.13556775462356827 0.9554958947763593
vn 0.2620095016823786 -0.13556775462356827 0.9554958947763593
vn 0.39339069330341636 0.0958376546281984 0.9143625683379781
vn 0.39339069330341636 0.0958376546281984 0.9143625683379781
vn 0.39339069330341636 0.0958376546281984 0.9143625683379781
vn 0.21040001002676273 0.08889484935564393 0.9735653760989939
vn 0.21040001002676273 0.08889484935564393 0.9735653760989939
vn 0.21040001002676273 0.08889484935564393 0.9735653760989939
vn 0.0001146004931848681 -0.9075308356092671 0.4199854393726913
vn 0.0001146004931848681 -0.9075308356092671 0.4199854393726913
vn 0.0001146004931848681 -0.9075308356092671 0.4199854393726913
vn 0.000012725798322717615 -0.9075353889890648 0.41997561544751716
vn 0.000012725798322717615 -0.9075353889890648 0.41997561544751716
vn 0.000012725798322717615 -0.9075353889890648 0.41997561544751716
vn 0.00015865804667290466 -0.9075317935007574 0.4199833551617523
vn 0.00015865804667290466 -0.9075317935007574 0.4199833551617523
vn 0.00015865804667290466 -0.9075317935007574 0.4199833551617523
vn 0.000010956356347584913 -0.9075355682133176 0.41997522820719924
vn 0.000010956356347584913 -0.9075355682133176 0.41997522820719924
vn 0.000010956356347584913 -0.9075355682133176 0.41997522820719924
vn -0.00006975817664309232 -0.907550315424958 0.41994335344883826
vn -0.00006975817664309232 -0.907550315424958 0.41994335344883826
vn -0.00006975817664309232 -0.907550315424958 0.41994335344883826
vn 0.000058904158605857306 -0.9075149797286567 0.4200197115593453
vn 0.000058904158605857306 -0.9075149797286567 0.4200197115593453
vn 0.000058904158605857306 -0.9075149797286567 0.4200197115593453
vn 0.00007029965566792501 -0.9075105884421973 0.4200291977032732
vn 0.00007029965566792501 -0.9075105884421973 0.4200291977032732
vn 0.00007029965566792501 -0.9075105884421973 0.4200291977032732
vn -0.00024368037084537597 -0.9076899059892927 0.41964148410878754
vn -0.00024368037084537597 -0.9076899059892927 0.41964148410878754
vn -0.00024368037084537597 -0.9076899059892927 0.41964148410878754
vn 0.00007992240634512004 -0.9075240399492069 0.4200001315793597
vn 0.00007992240634512004 -0.9075240399492069 0.4200001315793597
vn 0.00007992240634512004 -0.9075240399492069 0.4200001315793597
vn -0.00008969311567339741 -0.9075202310360092 0.42000835969715355
vn -0.00008969311567339741 -0.9075202310360092 0.42000835969715355
vn -0.00008969311567339741 -0.9075202310360092 0.42000835969715355
vn -0.0001044758405829726 -0.9075651290702424 0.4199113306169686
vn -0.0001044758405829726 -0.9075651290702424 0.4199113306169686
vn -0.0001044758405829726 -0.9075651290702424 0.4199113306169686
vn -0.00027319719178582976 -0.9074545534209909 0.4201501622501229
vn -0.00027319719178582976 -0.9074545534209909 0.4201501622501229
vn -0.00027319719178582976 -0.9074545534209909 0.4201501622501229
vn -0.00010782767580811415 -0.9075103948206086 0.42002960808225803
vn -0.00010782767580811415 -0.9075103948206086 0.42002960808225803
vn -0.00010782767580811415 -0.9075103948206086 0.42002960808225803
vn 0.00028804980715918684 -0.9076292524835812 0.41977262543358473
vn 0.00028804980715918684 -0.9076292524835812 0.41977262543358473
vn 0.00028804980715918684 -0.9076292524835812 0.41977262543358473
vn -0.006947886263743483 -0.9045924628942018 0.4262208382417126
vn -0.006947886263743483 -0.9045924628942018 0.4262208382417126
vn -0.006947886263743483 -0.9045924628942018 0.4262208382417126
vn -0.0005112523231051175 -0.00029866144282785683 -0.999999824711187
vn -0.0005112523231051175 -0.00029866144282785683 -0.999999824711187
vn -0.0005112523231051175 -0.00029866144282785683 -0.999999824711187
vn 0.0022394038432275655 0.0007293300208805319 -0.9999972265702279
vn 0.0022394038432275655 0.0007293300208805319 -0.9999972265702279
vn 0.0022394038432275655 0.0007293300208805319 -0.9999972265702279
vn 0.00006679059817338427 0.00011882569268548174 -0.9999999907097353
vn 0.00006679059817338427 0.00011882569268548174 -0.9999999907097353
vn 0.00006679059817338427 0.00011882569268548174 -0.9999999907097353
vn -0.0006511441467340023 -0.00007885408014904268 -0.999999784896644
vn -0.0006511441467340023 -0.00007885408014904268 -0.999999784896644
vn -0.0006511441467340023 -0.00007885408014904268 -0.999999784896644
vn -0.00021330953534131223 -0.00004532569693311595 -0.9999999762223114
vn -0.00021330953534131223 -0.00004532569693311595 -0.9999999762223114
vn -0.00021330953534131223 -0.00004532569693311595 -0.9999999762223114
vn 0.0006468745245959623 -0.0011412664019828916 -0.9999991395318043
vn 0.0006468745245959623 -0.0011412664019828916 -0.9999991395318043
vn 0.0006468745245959623 -0.0011412664019828916 -0.9999991395318043
vn -0.0002633577451497604 0.0005989470083019134 -0.9999997859525669
vn -0.0002633577451497604 0.0005989470083019134 -0.9999997859525669
vn -0.0002633577451497604 0.0005989470083019134 -0.9999997859525669
vn 0.0000730087053998242 -0.000582616605349871 -0.9999998276137954
vn 0.0000730087053998242 -0.000582616605349871 -0.9999998276137954
vn 0.0000730087053998242 -0.000582616605349871 -0.9999998276137954
vn -3.220516404739222e-7 0.0004040921832777222 -0.9999999183546986
vn -3.220516404739222e-7 0.0004040921832777222 -0.9999999183546986
vn -3.220516404739222e-7 0.0004040921832777222 -0.9999999183546986
vn 0.00016605653382242987 0.0002680525675852491 -0.999999950286523
vn 0.00016605653382242987 0.0002680525675852491 -0.999999950286523
vn 0.00016605653382242987 0.0002680525675852491 -0.999999950286523
vn 0.0005947169389977174 0.0002852340463078847 -0.9999997824766268
vn 0.0005947169389977174 0.0002852340463078847 -0.9999997824766268
vn 0.0005947169389977174 0.0002852340463078847 -0.9999997824766268
vn -0.00010614386526785933 -0.0003753148714239407 -0.9999999239361107
vn -0.00010614386526785933 -0.0003753148714239407 -0.9999999239361107
vn -0.00010614386526785933 -0.0003753148714239407 -0.9999999239361107
vn 0.00008050704465226837 -0.0000014125758934507667 0.9999999967583102
vn 0.00008050704465226837 -0.0000014125758934507667 0.9999999967583102
vn 0.00008050704465226837 -0.0000014125758934507667 0.9999999967583102
vn 0.0002479681269124033 -0.0004304735030177861 0.999999876602178
vn 0.0002479681269124033 -0.0004304735030177861 0.999999876602178
vn 0.0002479681269124033 -0.0004304735030177861 0.999999876602178
vn -0.00009521115695667008 0.00016105093245725457 0.9999999824987164
vn -0.00009521115695667008 0.00016105093245725457 0.9999999824987164
vn -0.00009521115695667008 0.00016105093245725457 0.9999999824987164
vn -0.0002862419372071756 0.00037651550069036364 0.9999998881508092
vn -0.0002862419372071756 0.00037651550069036364 0.9999998881508092
vn -0.0002862419372071756 0.00037651550069036364 0.9999998881508092
vn 0.00030076984383706705 -0.000032069431189196836 0.9999999542545254
vn 0.00030076984383706705 -0.000032069431189196836 0.9999999542545254
vn 0.00030076984383706705 -0.000032069431189196836 0.9999999542545254
vn 0.00015068643367725052 -0.000041511393139889136 0.9999999877852014
vn 0.00015068643367725052 -0.000041511393139889136 0.9999999877852014
vn 0.00015068643367725052 -0.000041511393139889136 0.9999999877852014
vn 0.00011174885658519511 -0.0000208558993579863 0.9999999935386121
vn 0.00011174885658519511 -0.0000208558993579863 0.9999999935386121
vn 0.00011174885658519511 -0.0000208558993579863 0.9999999935386121
vn 0.0006663757944993448 -0.0007955282328418917 0.9999994615389207
vn 0.0006663757944993448 -0.0007955282328418917 0.9999994615389207
vn 0.0006663757944993448 -0.0007955282328418917 0.9999994615389207
vn 0.0001027830414582195 -0.0001964888603546315 0.9999999754138867
vn 0.0001027830414582195 -0.0001964888603546315 0.9999999754138867
vn 0.0001027830414582195 -0.0001964888603546315 0.9999999754138867
vn -0.0002553979285593102 0.0006406740871202937 0.9999997621542779
vn -0.0002553979285593102 0.0006406740871202937 0.9999997621542779
vn -0.0002553979285593102 0.0006406740871202937 0.9999997621542779
vn 0.0011422182123118638 -0.0006469777260297974 0.9999991383783177
vn 0.0011422182123118638 -0.0006469777260297974 0.9999991383783177
vn 0.0011422182123118638 -0.0006469777260297974 0.9999991383783177
vn -0.5921732800795163 0.7388371847024484 -0.3216370949701338
vn -0.5921732800795163 0.7388371847024484 -0.3216370949701338
vn -0.5921732800795163 0.7388371847024484 -0.3216370949701338
vn -0.45350089097791335 0.8611794005599475 0.2295800120512411
vn -0.45350089097791335 0.8611794005599475 0.2295800120512411
vn -0.45350089097791335 0.8611794005599475 0.2295800120512411
vn -0.17435525861091622 0.9771426602179739 -0.12162427955331068
vn -0.17435525861091622 0.9771426602179739 -0.12162427955331068
vn -0.17435525861091622 0.9771426602179739 -0.12162427955331068
vn -0.1429418599384376 0.9897303414625137 0.0012148521868893005
vn -0.1429418599384376 0.9897303414625137 0.0012148521868893005
vn -0.1429418599384376 0.9897303414625137 0.0012148521868893005
vn 0.2064066211860149 0.9670975713476138 -0.14872321346756906
vn 0.2064066211860149 0.9670975713476138 -0.14872321346756906
vn 0.2064066211860149 0.9670975713476138 -0.14872321346756906
vn 0.12217261698716375 0.9901039646159682 0.06905064018710734
vn 0.12217261698716375 0.9901039646159682 0.06905064018710734
vn 0.12217261698716375 0.9901039646159682 0.06905064018710734
vn 0.3551738343439739 0.9131972998702538 0.19980550269468803
vn 0.3551738343439739 0.9131972998702538 0.19980550269468803
vn 0.3551738343439739 0.9131972998702538 0.19980550269468803
vn 0.6012392772091569 0.7888146812022564 -0.12760380190571535
vn 0.6012392772091569 0.7888146812022564 -0.12760380190571535
vn 0.6012392772091569 0.7888146812022564 -0.12760380190571535
vn 0.633485548170481 0.7737327126716264 0.0058094406745974455
vn 0.633485548170481 0.7737327126716264 0.0058094406745974455
vn 0.633485548170481 0.7737327126716264 0.0058094406745974455
vn 0.8512241308280375 0.5017240681202769 -0.15391698595311581
vn 0.8512241308280375 0.5017240681202769 -0.15391698595311581
vn 0.8512241308280375 0.5017240681202769 -0.15391698595311581
vn 0.8100383172730456 0.5822188179843134 0.06970776523746697
vn 0.8100383172730456 0.5822188179843134 0.06970776523746697
vn 0.8100383172730456 0.5822188179843134 0.06970776523746697
vn 0.9116895083369985 0.3590536966154525 0.19975656018018598
vn 0.9116895083369985 0.3590536966154525 0.19975656018018598
vn 0.9116895083369985 0.3590536966154525 0.19975656018018598
vn 0.9886697763471598 0.09090722566254816 -0.11944852305489276
vn 0.9886697763471598 0.09090722566254816 -0.11944852305489276
vn 0.9886697763471598 0.09090722566254816 -0.11944852305489276
vn 0.9983053903743004 0.05689300281345021 0.0122284005693325
vn 0.9983053903743004 0.05689300281345021 0.0122284005693325
vn 0.9983053903743004 0.05689300281345021 0.0122284005693325
vn 0.927229827301496 -0.3081321138936637 -0.21283666918522365
vn 0.927229827301496 -0.3081321138936637 -0.21283666918522365
vn 0.927229827301496 -0.3081321138936637 -0.21283666918522365
vn 0.9765338170119183 -0.2050325693884345 0.06590409488119806
vn 0.9765338170119183 -0.2050325693884345 0.06590409488119806
vn 0.9765338170119183 -0.2050325693884345 0.06590409488119806
vn 0.8945416109886611 -0.420711899957828 0.15098610347871494
vn 0.8945416109886611 -0.420711899957828 0.15098610347871494
vn 0.8945416109886611 -0.420711899957828 0.15098610347871494
vn 0.7612190426209473 -0.6185919788419675 0.19465233844890628
vn 0.7612190426209473 -0.6185919788419675 0.19465233844890628
vn 0.7612190426209473 -0.6185919788419675 0.19465233844890628
vn 0.6021327397296918 -0.7353571678928476 -0.3109437238058129
vn 0.6021327397296918 -0.7353571678928476 -0.3109437238058129
vn 0.6021327397296918 -0.7353571678928476 -0.3109437238058129
vn 0.5880613842991851 -0.8047770748218123 -0.08073207626076075
vn 0.5880613842991851 -0.8047770748218123 -0.08073207626076075
vn 0.5880613842991851 -0.8047770748218123 -0.08073207626076075
vn 0.2917060581744613 -0.9293797700497193 0.22618757403236972
vn 0.2917060581744613 -0.9293797700497193 0.22618757403236972
vn 0.2917060581744613 -0.9293797700497193 0.22618757403236972
vn 0.17874090416367086 -0.9695758246778057 -0.16725552122159287
vn 0.17874090416367086 -0.9695758246778057 -0.16725552122159287
vn 0.17874090416367086 -0.9695758246778057 -0.16725552122159287
vn -0.027266177861113506 -0.9878337827515472 0.15310445192617708
vn -0.027266177861113506 -0.9878337827515472 0.15310445192617708
vn -0.027266177861113506 -0.9878337827515472 0.15310445192617708
vn -0.19601750617434802 -0.9603320479525902 -0.19834186383205557
vn -0.19601750617434802 -0.9603320479525902 -0.19834186383205557
vn -0.19601750617434802 -0.9603320479525902 -0.19834186383205557
vn -0.29324447254574165 -0.9501940331272678 0.10554136028451767
vn -0.29324447254574165 -0.9501940331272678 0.10554136028451767
vn -0.29324447254574165 -0.9501940331272678 0.10554136028451767
vn -0.513969608204577 -0.8436699641003342 0.15510072055594798
vn -0.513969608204577 -0.8436699641003342 0.15510072055594798
vn -0.513969608204577 -0.8436699641003342 0.15510072055594798
vn -0.5935618846628329 -0.7883602339867616 -0.16177895581268995
vn -0.5935618846628329 -0.7883602339867616 -0.16177895581268995
vn -0.5935618846628329 -0.7883602339867616 -0.16177895581268995
vn -0.7477216747212002 -0.6453037880992558 0.15650980230284198
vn -0.7477216747212002 -0.6453037880992558 0.15650980230284198
vn -0.7477216747212002 -0.6453037880992558 0.15650980230284198
vn -0.839841188189446 -0.505282700777252 -0.19838389782385474
vn -0.839841188189446 -0.505282700777252 -0.19838389782385474
vn -0.839841188189446 -0.505282700777252 -0.19838389782385474
vn -0.899779366492514 -0.4220975577036231 0.11059269150792238
vn -0.899779366492514 -0.4220975577036231 0.11059269150792238
vn -0.899779366492514 -0.4220975577036231 0.11059269150792238
vn -0.9711804393058471 -0.1863369346260696 0.14861729745847782
vn -0.9711804393058471 -0.1863369346260696 0.14861729745847782
vn -0.9711804393058471 -0.1863369346260696 0.14861729745847782
vn -0.9835811905216499 -0.09656281820137722 -0.15245872816281006
vn -0.9835811905216499 -0.09656281820137722 -0.15245872816281006
vn -0.9835811905216499 -0.09656281820137722 -0.15245872816281006
vn -0.975553885195938 0.13647262961822443 0.17224934961908392
vn -0.975553885195938 0.13647262961822443 0.17224934961908392
vn -0.975553885195938 0.13647262961822443 0.17224934961908392
vn -0.9054754828709416 0.292404348976566 -0.3075936387821208
vn -0.9054754828709416 0.292404348976566 -0.3075936387821208
vn -0.9054754828709416 0.292404348976566 -0.3075936387821208
vn -0.8556618828028021 0.45036200412813887 0.25498393587841983
vn -0.8556618828028021 0.45036200412813887 0.25498393587841983
vn -0.8556618828028021 0.45036200412813887 0.25498393587841983
vn -0.7154470131832885 0.6843012615079005 0.1409516045520842
vn -0.7154470131832885 0.6843012615079005 0.1409516045520842
vn -0.7154470131832885 0.6843012615079005 0.1409516045520842
vn -0.4047442286120212 0.889973680148356 0.21006893641957589
vn -0.4047442286120212 0.889973680148356 0.21006893641957589
vn -0.4047442286120212 0.889973680148356 0.21006893641957589
vn -0.3982652793722384 0.8875163949406788 0.23173134435818948
vn -0.3982652793722384 0.8875163949406788 0.23173134435818948
vn -0.3982652793722384 0.8875163949406788 0.23173134435818948
vn -0.14598554535041933 0.9447919831379907 -0.2933535906494471
vn -0.14598554535041933 0.9447919831379907 -0.2933535906494471
vn -0.14598554535041933 0.9447919831379907 -0.2933535906494471
vn 0.1696858140621801 0.9686322398187804 0.1815442328737209
vn 0.1696858140621801 0.9686322398187804 0.1815442328737209
vn 0.1696858140621801 0.9686322398187804 0.1815442328737209
vn 0.17371087891122247 0.9622528345143069 0.20950898075517527
vn 0.17371087891122247 0.9622528345143069 0.20950898075517527
vn 0.17371087891122247 0.9622528345143069 0.20950898075517527
vn 0.4827594085561498 0.8522937164577812 -0.2013424305433404
vn 0.4827594085561498 0.8522937164577812 -0.2013424305433404
vn 0.4827594085561498 0.8522937164577812 -0.2013424305433404
vn 0.6133006123760099 0.7722744230654478 0.1656942193866188
vn 0.6133006123760099 0.7722744230654478 0.1656942193866188
vn 0.6133006123760099 0.7722744230654478 0.1656942193866188
vn 0.8590989083295673 0.48361128402257014 0.1675386274057028
vn 0.8590989083295673 0.48361128402257014 0.1675386274057028
vn 0.8590989083295673 0.48361128402257014 0.1675386274057028
vn 0.8414018119190059 0.5402692533936901 -0.012333885715327324
vn 0.8414018119190059 0.5402692533936901 -0.012333885715327324
vn 0.8414018119190059 0.5402692533936901 -0.012333885715327324
vn 0.6969897135669738 0.7122503503399108 -0.08309499156087681
vn 0.6969897135669738 0.7122503503399108 -0.08309499156087681
vn 0.6969897135669738 0.7122503503399108 -0.08309499156087681
vn 0.9950161017578899 0.09285425429632263 0.03634617863829302
vn 0.9950161017578899 0.09285425429632263 0.03634617863829302
vn 0.9950161017578899 0.09285425429632263 0.03634617863829302
vn 0.9297984665399113 0.3270669518620782 -0.1688254146142653
vn 0.9297984665399113 0.3270669518620782 -0.1688254146142653
vn 0.9297984665399113 0.3270669518620782 -0.1688254146142653
vn 0.9681291048282095 0.03172850629842474 0.2484337703948489
vn 0.9681291048282095 0.03172850629842474 0.2484337703948489
vn 0.9681291048282095 0.03172850629842474 0.2484337703948489
vn 0.9791176515048103 -0.13316352931890482 -0.15361021766483496
vn 0.9791176515048103 -0.13316352931890482 -0.15361021766483496
vn 0.9791176515048103 -0.13316352931890482 -0.15361021766483496
vn 0.7928587742120469 -0.5861586889788527 -0.16671219358392134
vn 0.7928587742120469 -0.5861586889788527 -0.16671219358392134
vn 0.7928587742120469 -0.5861586889788527 -0.16671219358392134
vn 0.90101893603233 -0.4228538957500568 0.0967443009182875
vn 0.90101893603233 -0.4228538957500568 0.0967443009182875
vn 0.90101893603233 -0.4228538957500568 0.0967443009182875
vn 0.6791040416740332 -0.7125010015464421 0.17652201952535548
vn 0.6791040416740332 -0.7125010015464421 0.17652201952535548
vn 0.6791040416740332 -0.7125010015464421 0.17652201952535548
vn 0.41332393810952783 -0.9028929455868758 -0.11810017356077913
vn 0.41332393810952783 -0.9028929455868758 -0.11810017356077913
vn 0.41332393810952783 -0.9028929455868758 -0.11810017356077913
vn 0.5991235193995023 -0.7904546617537465 -0.12740657837853078
vn 0.5991235193995023 -0.7904546617537465 -0.12740657837853078
vn 0.5991235193995023 -0.7904546617537465 -0.12740657837853078
vn 0.2819336720073176 -0.9251314622520672 0.254254168382393
vn 0.2819336720073176 -0.9251314622520672 0.254254168382393
vn 0.2819336720073176 -0.9251314622520672 0.254254168382393
vn 0.13871946846687302 -0.972633832750007 -0.1863875973832474
vn 0.13871946846687302 -0.972633832750007 -0.1863875973832474
vn 0.13871946846687302 -0.972633832750007 -0.1863875973832474
vn -0.34549003448781085 -0.9336898221283599 -0.09412731868869226
vn -0.34549003448781085 -0.9336898221283599 -0.09412731868869226
vn -0.34549003448781085 -0.9336898221283599 -0.09412731868869226
vn -0.2238158934744102 -0.9242490153161035 0.3093060030381961
vn -0.2238158934744102 -0.9242490153161035 0.3093060030381961
vn -0.2238158934744102 -0.9242490153161035 0.3093060030381961
vn -0.12196335847717267 -0.9908611698209963 -0.05761146873614225
vn -0.12196335847717267 -0.9908611698209963 -0.05761146873614225
vn -0.12196335847717267 -0.9908611698209963 -0.05761146873614225
vn -0.5502577441885754 -0.7873256232033286 -0.27809131235619444
vn -0.5502577441885754 -0.7873256232033286 -0.27809131235619444
vn -0.5502577441885754 -0.7873256232033286 -0.27809131235619444
vn -0.7100968879406477 -0.6371346046492433 0.29970302850565156
vn -0.7100968879406477 -0.6371346046492433 0.29970302850565156
vn -0.7100968879406477 -0.6371346046492433 0.29970302850565156
vn -0.8029549172871324 -0.5919946469725211 -0.06932343586619526
vn -0.8029549172871324 -0.5919946469725211 -0.06932343586619526
vn -0.8029549172871324 -0.5919946469725211 -0.06932343586619526
vn -0.9590006706567563 -0.2745575674356445 -0.07025564634755715
vn -0.9590006706567563 -0.2745575674356445 -0.07025564634755715
vn -0.9590006706567563 -0.2745575674356445 -0.07025564634755715
vn -0.9662481114229463 -0.23782237277445992 0.09902073610873323
vn -0.9662481114229463 -0.23782237277445992 0.09902073610873323
vn -0.9662481114229463 -0.23782237277445992 0.09902073610873323
vn -0.9920878915252366 0.0914683110060261 -0.08599513690154437
vn -0.9920878915252366 0.0914683110060261 -0.08599513690154437
vn -0.9920878915252366 0.0914683110060261 -0.08599513690154437
vn -0.9801379570497804 0.14883493081818885 0.13106391005394305
vn -0.9801379570497804 0.14883493081818885 0.13106391005394305
vn -0.9801379570497804 0.14883493081818885 0.13106391005394305
vn -0.8907145169847686 0.40166717353217013 -0.21281713027683616
vn -0.8907145169847686 0.40166717353217013 -0.21281713027683616
vn -0.8907145169847686 0.40166717353217013 -0.21281713027683616
vn -0.7959445822436341 0.5648762660014506 0.2176856129955889
vn -0.7959445822436341 0.5648762660014506 0.2176856129955889
vn -0.7959445822436341 0.5648762660014506 0.2176856129955889
vn -0.7828123126115681 0.6216382505539705 0.027762720902814408
vn -0.7828123126115681 0.6216382505539705 0.027762720902814408
vn -0.7828123126115681 0.6216382505539705 0.027762720902814408
vn -0.5953614194794661 0.7740572197732427 -0.21536062943888581
vn -0.5953614194794661 0.7740572197732427 -0.21536062943888581
vn -0.5953614194794661 0.7740572197732427 -0.21536062943888581
vn 0.9253062734290237 -0.3673859885664147 -0.09399912636812598
vn 0.9253062734290237 -0.3673859885664147 -0.09399912636812598
vn 0.9253062734290237 -0.3673859885664147 -0.09399912636812598
vn 0.7141999585370479 -0.13357087938084786 0.6870787723449954
vn 0.7141999585370479 -0.13357087938084786 0.6870787723449954
vn 0.7141999585370479 -0.13357087938084786 0.6870787723449954
vn 0.6896615515957667 -0.1492760753995274 0.708578575433829
vn 0.6896615515957667 -0.1492760753995274 0.708578575433829
vn 0.6896615515957667 -0.1492760753995274 0.708578575433829
vn 0.7400008909291237 0.04307854474296847 0.6712249402450206
vn 0.7400008909291237 0.04307854474296847 0.6712249402450206
vn 0.7400008909291237 0.04307854474296847 0.6712249402450206
vn 0.696933499632693 0.07971493059982218 0.7126915370124669
vn 0.696933499632693 0.07971493059982218 0.7126915370124669
vn 0.696933499632693 0.07971493059982218 0.7126915370124669
vn 0.6899603411796742 0.2745070380483236 0.6697765400946527
vn 0.6899603411796742 0.2745070380483236 0.6697765400946527
vn 0.6899603411796742 0.2745070380483236 0.6697765400946527
vn 0.6389062657571685 0.29788402902212824 0.7092699689326868
vn 0.6389062657571685 0.29788402902212824 0.7092699689326868
vn 0.6389062657571685 0.29788402902212824 0.7092699689326868
vn 0.6076711374727908 0.4303804606597635 0.6674641921218053
vn 0.6076711374727908 0.4303804606597635 0.6674641921218053
vn 0.6076711374727908 0.4303804606597635 0.6674641921218053
vn 0.527041856032229 0.46335035875319286 0.7124137330465988
vn 0.527041856032229 0.46335035875319286 0.7124137330465988
vn 0.527041856032229 0.46335035875319286 0.7124137330465988
vn 0.4724447101791259 0.5837222301440459 0.6603516895256822
vn 0.4724447101791259 0.5837222301440459 0.6603516895256822
vn 0.4724447101791259 0.5837222301440459 0.6603516895256822
vn 0.38550633667656714 0.582216508418694 0.7158273546791559
vn 0.38550633667656714 0.582216508418694 0.7158273546791559
vn 0.38550633667656714 0.582216508418694 0.7158273546791559
vn 0.27736427786611995 0.7086343017605232 0.6487730602700619
vn 0.27736427786611995 0.7086343017605232 0.6487730602700619
vn 0.27736427786611995 0.7086343017605232 0.6487730602700619
vn 0.16644702946242823 0.6782075801241817 0.7157722156141821
vn 0.16644702946242823 0.6782075801241817 0.7157722156141821
vn 0.16644702946242823 0.6782075801241817 0.7157722156141821
vn 0.08819160472608974 0.7385224584555611 0.668436099573169
vn 0.08819160472608974 0.7385224584555611 0.668436099573169
vn 0.08819160472608974 0.7385224584555611 0.668436099573169
vn -0.035303346527396806 0.6971207800789351 0.7160839976609613
vn -0.035303346527396806 0.6971207800789351 0.7160839976609613
vn -0.035303346527396806 0.6971207800789351 0.7160839976609613
vn -0.10087993066619197 0.7425615839504437 0.6621370957964765
vn -0.10087993066619197 0.7425615839504437 0.6621370957964765
vn -0.10087993066619197 0.7425615839504437 0.6621370957964765
vn -0.35315328621008796 0.6699834425109882 0.652996893714006
vn -0.35315328621008796 0.6699834425109882 0.652996893714006
vn -0.35315328621008796 0.6699834425109882 0.652996893714006
vn -0.2644258191754755 0.6337233306166477 0.7269619841405204
vn -0.2644258191754755 0.6337233306166477 0.7269619841405204
vn -0.2644258191754755 0.6337233306166477 0.7269619841405204
vn -0.48126291550723144 0.5086140560978765 0.7139311928310357
vn -0.48126291550723144 0.5086140560978765 0.7139311928310357
vn -0.48126291550723144 0.5086140560978765 0.7139311928310357
vn -0.5428144232776235 0.5062946581165125 0.6700882188521633
vn -0.5428144232776235 0.5062946581165125 0.6700882188521633
vn -0.5428144232776235 0.5062946581165125 0.6700882188521633
vn -0.6306899303306548 0.34940818580167404 0.6929243331521102
vn -0.6306899303306548 0.34940818580167404 0.6929243331521102
vn -0.6306899303306548 0.34940818580167404 0.6929243331521102
vn -0.6563530496389125 0.34245374444405524 0.6722544958168335
vn -0.6563530496389125 0.34245374444405524 0.6722544958168335
vn -0.6563530496389125 0.34245374444405524 0.6722544958168335
vn -0.7070567095348684 0.13108235752441164 0.6949015937868951
vn -0.7070567095348684 0.13108235752441164 0.6949015937868951
vn -0.7070567095348684 0.13108235752441164 0.6949015937868951
vn -0.7365289755240647 0.111187984443748 0.6672048413559426
vn -0.7365289755240647 0.111187984443748 0.6672048413559426
vn -0.7365289755240647 0.111187984443748 0.6672048413559426
vn -0.6921138116883013 -0.07090340502981389 0.7182974166913513
vn -0.6921138116883013 -0.07090340502981389 0.7182974166913513
vn -0.6921138116883013 -0.07090340502981389 0.7182974166913513
vn -0.7387824562716389 -0.14021104399860215 0.6591975010920974
vn -0.7387824562716389 -0.14021104399860215 0.6591975010920974
vn -0.7387824562716389 -0.14021104399860215 0.6591975010920974
vn -0.6432256839555572 -0.3050372071350414 0.7022912656178769
vn -0.6432256839555572 -0.3050372071350414 0.7022912656178769
vn -0.6432256839555572 -0.3050372071350414 0.7022912656178769
vn -0.6469031091034191 -0.3154139574681555 0.6942840937732957
vn -0.6469031091034191 -0.3154139574681555 0.6942840937732957
vn -0.6469031091034191 -0.3154139574681555 0.6942840937732957
vn -0.5620820603201043 -0.47972277497229976 0.6737431384728031
vn -0.5620820603201043 -0.47972277497229976 0.6737431384728031
vn -0.5620820603201043 -0.47972277497229976 0.6737431384728031
vn -0.528158491670238 -0.48121384312899906 0.6996297912879628
vn -0.528158491670238 -0.48121384312899906 0.6996297912879628
vn -0.528158491670238 -0.48121384312899906 0.6996297912879628
vn -0.3599099289793309 -0.6618616115387438 0.6575743685648264
vn -0.3599099289793309 -0.6618616115387438 0.6575743685648264
vn -0.3599099289793309 -0.6618616115387438 0.6575743685648264
vn -0.36814592386269923 -0.5944184838149744 0.7149372314003424
vn -0.36814592386269923 -0.5944184838149744 0.7149372314003424
vn -0.36814592386269923 -0.5944184838149744 0.7149372314003424
vn -0.2046671440332747 -0.7090489027838932 0.6748044261963758
vn -0.2046671440332747 -0.7090489027838932 0.6748044261963758
vn -0.2046671440332747 -0.7090489027838932 0.6748044261963758
vn -0.14221561976214186 -0.6864312660844184 0.7131527427118347
vn -0.14221561976214186 -0.6864312660844184 0.7131527427118347
vn -0.14221561976214186 -0.6864312660844184 0.7131527427118347
vn -0.02433026176503264 -0.761751104999496 0.6474127681738225
vn -0.02433026176503264 -0.761751104999496 0.6474127681738225
vn -0.02433026176503264 -0.761751104999496 0.6474127681738225
vn 0.09487658803993124 -0.6779758976585262 0.7289356043135887
vn 0.09487658803993124 -0.6779758976585262 0.7289356043135887
vn 0.09487658803993124 -0.6779758976585262 0.7289356043135887
vn 0.2309818741163026 -0.7404617751527446 0.6311606240628189
vn 0.2309818741163026 -0.7404617751527446 0.6311606240628189
vn 0.2309818741163026 -0.7404617751527446 0.6311606240628189
vn 0.33609277033904816 -0.6092746858168464 0.7182102804531602
vn 0.33609277033904816 -0.6092746858168464 0.7182102804531602
vn 0.33609277033904816 -0.6092746858168464 0.7182102804531602
vn 0.44878637612383493 -0.609399912320457 0.6536226246615512
vn 0.44878637612383493 -0.609399912320457 0.6536226246615512
vn 0.44878637612383493 -0.609399912320457 0.6536226246615512
vn 0.5019054967528365 -0.4980020184009854 0.707166785134761
vn 0.5019054967528365 -0.4980020184009854 0.707166785134761
vn 0.5019054967528365 -0.4980020184009854 0.707166785134761
vn 0.5760958113463955 -0.46897792154584117 0.669457485768649
vn 0.5760958113463955 -0.46897792154584117 0.669457485768649
vn 0.5760958113463955 -0.46897792154584117 0.669457485768649
vn 0.6052065294388296 -0.35374941268744386 0.7131524449568237
vn 0.6052065294388296 -0.35374941268744386 0.7131524449568237
vn 0.6052065294388296 -0.35374941268744386 0.7131524449568237
vn 0.6773952700382164 -0.32082142756367393 0.661973760617336
vn 0.6773952700382164 -0.32082142756367393 0.661973760617336
vn 0.6773952700382164 -0.32082142756367393 0.661973760617336
vn -0.11770548427010874 0.7463382327514978 -0.6550760729152838
vn -0.11770548427010874 0.7463382327514978 -0.6550760729152838
vn -0.11770548427010874 0.7463382327514978 -0.6550760729152838
vn -0.03671154427082947 0.6890907376265847 -0.7237445805216784
vn -0.03671154427082947 0.6890907376265847 -0.7237445805216784
vn -0.03671154427082947 0.6890907376265847 -0.7237445805216784
vn 0.1345991339360538 0.7413141109925542 -0.6575229744936549
vn 0.1345991339360538 0.7413141109925542 -0.6575229744936549
vn 0.1345991339360538 0.7413141109925542 -0.6575229744936549
vn 0.16084261238660139 0.7005940675772566 -0.6951960921324344
vn 0.16084261238660139 0.7005940675772566 -0.6951960921324344
vn 0.16084261238660139 0.7005940675772566 -0.6951960921324344
vn 0.33865892496537303 0.6300081538020258 -0.6988561072812205
vn 0.33865892496537303 0.6300081538020258 -0.6988561072812205
vn 0.33865892496537303 0.6300081538020258 -0.6988561072812205
vn 0.36764360004507823 0.6405331584820885 -0.6742072798708526
vn 0.36764360004507823 0.6405331584820885 -0.6742072798708526
vn 0.36764360004507823 0.6405331584820885 -0.6742072798708526
vn 0.5133383212922905 0.5394142801872676 -0.6674698511714705
vn 0.5133383212922905 0.5394142801872676 -0.6674698511714705
vn 0.5133383212922905 0.5394142801872676 -0.6674698511714705
vn 0.5198839842995285 0.461914832039844 -0.7185786879740104
vn 0.5198839842995285 0.461914832039844 -0.7185786879740104
vn 0.5198839842995285 0.461914832039844 -0.7185786879740104
vn 0.6286624186925308 0.39140940415715475 -0.6719986917107786
vn 0.6286624186925308 0.39140940415715475 -0.6719986917107786
vn 0.6286624186925308 0.39140940415715475 -0.6719986917107786
vn 0.6298431650192566 0.30622672529415484 -0.7138086439614918
vn 0.6298431650192566 0.30622672529415484 -0.7138086439614918
vn 0.6298431650192566 0.30622672529415484 -0.7138086439614918
vn 0.709824516364418 0.24912614118011653 -0.6588515172242718
vn 0.709824516364418 0.24912614118011653 -0.6588515172242718
vn 0.709824516364418 0.24912614118011653 -0.6588515172242718
vn 0.7112324739225182 0.06585756601672442 -0.6998650934547366
vn 0.7112324739225182 0.06585756601672442 -0.6998650934547366
vn 0.7112324739225182 0.06585756601672442 -0.6998650934547366
vn 0.7053543984628542 0.0700754752690323 -0.7053825914600701
vn 0.7053543984628542 0.0700754752690323 -0.7053825914600701
vn 0.7053543984628542 0.0700754752690323 -0.7053825914600701
vn 0.7473019562683095 -0.10665759731378185 -0.65586884595383
vn 0.7473019562683095 -0.10665759731378185 -0.65586884595383
vn 0.7473019562683095 -0.10665759731378185 -0.65586884595383
vn 0.67424256383393 -0.19202873331177503 -0.7131072364640005
vn 0.67424256383393 -0.19202873331177503 -0.7131072364640005
vn 0.67424256383393 -0.19202873331177503 -0.7131072364640005
vn 0.6927981327206747 -0.26726263570789704 -0.6697771501426533
vn 0.6927981327206747 -0.26726263570789704 -0.6697771501426533
vn 0.6927981327206747 -0.26726263570789704 -0.6697771501426533
vn 0.6052804996658104 -0.44325228143992995 -0.6611829790024876
vn 0.6052804996658104 -0.44325228143992995 -0.6611829790024876
vn 0.6052804996658104 -0.44325228143992995 -0.6611829790024876
vn 0.5972544974799132 -0.3706000340457476 -0.7112964782742194
vn 0.5972544974799132 -0.3706000340457476 -0.7112964782742194
vn 0.5972544974799132 -0.3706000340457476 -0.7112964782742194
vn 0.4186420749207901 -0.5638911142201746 -0.7118747252217525
vn 0.4186420749207901 -0.5638911142201746 -0.7118747252217525
vn 0.4186420749207901 -0.5638911142201746 -0.7118747252217525
vn 0.4525007500053661 -0.5700626836429286 -0.685763521895415
vn 0.4525007500053661 -0.5700626836429286 -0.685763521895415
vn 0.4525007500053661 -0.5700626836429286 -0.685763521895415
vn 0.3102309101804459 -0.6658276902724352 -0.6785501228613007
vn 0.3102309101804459 -0.6658276902724352 -0.6785501228613007
vn 0.3102309101804459 -0.6658276902724352 -0.6785501228613007
vn 0.27343442906153903 -0.6538060872482848 -0.7055290307853237
vn 0.27343442906153903 -0.6538060872482848 -0.7055290307853237
vn 0.27343442906153903 -0.6538060872482848 -0.7055290307853237
vn 0.09641163785070991 -0.7181377998655591 -0.6891900293033829
vn 0.09641163785070991 -0.7181377998655591 -0.6891900293033829
vn 0.09641163785070991 -0.7181377998655591 -0.6891900293033829
vn 0.09534164035206522 -0.7199734647346954 -0.6874214003745415
vn 0.09534164035206522 -0.7199734647346954 -0.6874214003745415
vn 0.09534164035206522 -0.7199734647346954 -0.6874214003745415
vn -0.08993996715571116 -0.7482686072560197 -0.6572707917617868
vn -0.08993996715571116 -0.7482686072560197 -0.6572707917617868
vn -0.08993996715571116 -0.7482686072560197 -0.6572707917617868
vn -0.16154337164493765 -0.676115045853526 -0.7188686833129329
vn -0.16154337164493765 -0.676115045853526 -0.7188686833129329
vn -0.16154337164493765 -0.676115045853526 -0.7188686833129329
vn -0.2555951797722588 -0.7042013471781141 -0.6623983444346125
vn -0.2555951797722588 -0.7042013471781141 -0.6623983444346125
vn -0.2555951797722588 -0.7042013471781141 -0.6623983444346125
vn -0.4075348379668345 -0.5875800851525982 -0.6990457777394921
vn -0.4075348379668345 -0.5875800851525982 -0.6990457777394921
vn -0.4075348379668345 -0.5875800851525982 -0.6990457777394921
vn -0.40662604233087285 -0.603900546786527 -0.6855358424541089
vn -0.40662604233087285 -0.603900546786527 -0.6855358424541089
vn -0.40662604233087285 -0.603900546786527 -0.6855358424541089
vn -0.5331100157602033 -0.45172806999377646 -0.7153568772828379
vn -0.5331100157602033 -0.45172806999377646 -0.7153568772828379
vn -0.5331100157602033 -0.45172806999377646 -0.7153568772828379
vn -0.6156096073503543 -0.4438865038985544 -0.6511448249004681
vn -0.6156096073503543 -0.4438865038985544 -0.6511448249004681
vn -0.6156096073503543 -0.4438865038985544 -0.6511448249004681
vn -0.6621212232312527 -0.25121631721595417 -0.7060353020290153
vn -0.6621212232312527 -0.25121631721595417 -0.7060353020290153
vn -0.6621212232312527 -0.25121631721595417 -0.7060353020290153
vn -0.736825518702856 -0.20793679157399614 -0.6433120904337021
vn -0.736825518702856 -0.20793679157399614 -0.6433120904337021
vn -0.736825518702856 -0.20793679157399614 -0.6433120904337021
vn -0.697594356320102 -0.058171019934079075 -0.7141276121745828
vn -0.697594356320102 -0.058171019934079075 -0.7141276121745828
vn -0.697594356320102 -0.058171019934079075 -0.7141276121745828
vn -0.759102410663465 0.0653256705076017 -0.6476851757587543
vn -0.759102410663465 0.0653256705076017 -0.6476851757587543
vn -0.759102410663465 0.0653256705076017 -0.6476851757587543
vn -0.6899062620953127 0.12623688991872278 -0.7128068442048813
vn -0.6899062620953127 0.12623688991872278 -0.7128068442048813
vn -0.6899062620953127 0.12623688991872278 -0.7128068442048813
vn -0.698999814385895 0.31173032176406223 -0.6436019468439778
vn -0.698999814385895 0.31173032176406223 -0.6436019468439778
vn -0.698999814385895 0.31173032176406223 -0.6436019468439778
vn -0.5875404498032253 0.3651211572768547 -0.7221376325561728
vn -0.5875404498032253 0.3651211572768547 -0.7221376325561728
vn -0.5875404498032253 0.3651211572768547 -0.7221376325561728
vn -0.581410999331067 0.47059556458565754 -0.6637025421445637
vn -0.581410999331067 0.47059556458565754 -0.6637025421445637
vn -0.581410999331067 0.47059556458565754 -0.6637025421445637
vn -0.44515773212863896 0.5612791721038265 -0.6977107455733572
vn -0.44515773212863896 0.5612791721038265 -0.6977107455733572
vn -0.44515773212863896 0.5612791721038265 -0.6977107455733572
vn -0.44318868736977096 0.5741693251439731 -0.688413664486095
vn -0.44318868736977096 0.5741693251439731 -0.688413664486095
vn -0.44318868736977096 0.5741693251439731 -0.688413664486095
vn -0.28078845117554707 0.6778021448591989 -0.6795160764181426
vn -0.28078845117554707 0.6778021448591989 -0.6795160764181426
vn -0.28078845117554707 0.6778021448591989 -0.6795160764181426
vn -0.2930399159505833 0.6392432407722758 -0.7109821986425773
vn -0.2930399159505833 0.6392432407722758 -0.7109821986425773
vn -0.2930399159505833 0.6392432407722758 -0.7109821986425773
vn -0.6877517886483415 0.7259425717529573 -0.00220447901088273
vn -0.6877517886483415 0.7259425717529573 -0.00220447901088273
vn -0.6877517886483415 0.7259425717529573 -0.00220447901088273
vn -0.6216352443477822 0.7833043162348475 0.00199277508289275
vn -0.6216352443477822 0.7833043162348475 0.00199277508289275
vn -0.6216352443477822 0.7833043162348475 0.00199277508289275
vn -0.3981953254765932 0.9172999243189984 -0.0011539553500244804
vn -0.3981953254765932 0.9172999243189984 -0.0011539553500244804
vn -0.3981953254765932 0.9172999243189984 -0.0011539553500244804
vn -0.38340693032305484 0.9235794976479995 -0.00019314378390296633
vn -0.38340693032305484 0.9235794976479995 -0.00019314378390296633
vn -0.38340693032305484 0.9235794976479995 -0.00019314378390296633
vn -0.05901611465703451 0.9982568400653895 0.0006160141647400982
vn -0.05901611465703451 0.9982568400653895 0.0006160141647400982
vn -0.05901611465703451 0.9982568400653895 0.0006160141647400982
vn -0.045023750642720024 0.9989858894344424 -0.0002336427576079832
vn -0.045023750642720024 0.9989858894344424 -0.0002336427576079832
vn -0.045023750642720024 0.9989858894344424 -0.0002336427576079832
vn 0.2514201120953779 0.9678780499314359 0.00008772040075727195
vn 0.2514201120953779 0.9678780499314359 0.00008772040075727195
vn 0.2514201120953779 0.9678780499314359 0.00008772040075727195
vn 0.23173956394640152 0.9727771803368087 -0.001154087474999923
vn 0.23173956394640152 0.9727771803368087 -0.001154087474999923
vn 0.23173956394640152 0.9727771803368087 -0.001154087474999923
vn 0.47980525859700757 0.8773727970986731 0.0019719872994827248
vn 0.47980525859700757 0.8773727970986731 0.0019719872994827248
vn 0.47980525859700757 0.8773727970986731 0.0019719872994827248
vn 0.5480744711923401 0.836427311620908 -0.0019303890429897025
vn 0.5480744711923401 0.836427311620908 -0.0019303890429897025
vn 0.5480744711923401 0.836427311620908 -0.0019303890429897025
vn 0.7488999434503497 0.6626821220260705 0.0011313032694049757
vn 0.7488999434503497 0.6626821220260705 0.0011313032694049757
vn 0.7488999434503497 0.6626821220260705 0.0011313032694049757
vn 0.7350298131046038 0.6780347791599388 -0.00010998611052891102
vn 0.7350298131046038 0.6780347791599388 -0.00010998611052891102
vn 0.7350298131046038 0.6780347791599388 -0.00010998611052891102
vn 0.9013452616504661 0.43310121117895156 -0.0002453071088815127
vn 0.9013452616504661 0.43310121117895156 -0.0002453071088815127
vn 0.9013452616504661 0.43310121117895156 -0.0002453071088815127
vn 0.9058228934886651 0.42365638374465836 0.0003926120495717206
vn 0.9058228934886651 0.42365638374465836 0.0003926120495717206
vn 0.9058228934886651 0.42365638374465836 0.0003926120495717206
vn 0.9957598831895003 0.09198871804177673 0.0005751377780504837
vn 0.9957598831895003 0.09198871804177673 0.0005751377780504837
vn 0.9957598831895003 0.09198871804177673 0.0005751377780504837
vn 0.9951739392299996 0.09812132349088346 0.0010181128828849288
vn 0.9951739392299996 0.09812132349088346 0.0010181128828849288
vn 0.9951739392299996 0.09812132349088346 0.0010181128828849288
vn 0.9823747632208955 -0.18691011804577695 -0.002105316794030837
vn 0.9823747632208955 -0.18691011804577695 -0.002105316794030837
vn 0.9823747632208955 -0.18691011804577695 -0.002105316794030837
vn 0.9636970654145655 -0.2669905991270446 0.0019965192552657057
vn 0.9636970654145655 -0.2669905991270446 0.0019965192552657057
vn 0.9636970654145655 -0.2669905991270446 0.0019965192552657057
vn 0.8709566196166584 -0.4913586192366272 -0.0011287372584432769
vn 0.8709566196166584 -0.4913586192366272 -0.0011287372584432769
vn 0.8709566196166584 -0.4913586192366272 -0.0011287372584432769
vn 0.8434932041128237 -0.5371380326855599 0.0013958718311983657
vn 0.8434932041128237 -0.5371380326855599 0.0013958718311983657
vn 0.8434932041128237 -0.5371380326855599 0.0013958718311983657
vn 0.6957503487845655 -0.7182822751918717 -0.0014231343378932585
vn 0.6957503487845655 -0.7182822751918717 -0.0014231343378932585
vn 0.6957503487845655 -0.7182822751918717 -0.0014231343378932585
vn 0.6301060418166695 -0.7765070322239368 0.0017902438112245179
vn 0.6301060418166695 -0.7765070322239368 0.0017902438112245179
vn 0.6301060418166695 -0.7765070322239368 0.0017902438112245179
vn 0.4816937898879972 -0.8763357735399653 -0.002589362363351703
vn 0.4816937898879972 -0.8763357735399653 -0.002589362363351703
vn 0.4816937898879972 -0.8763357735399653 -0.002589362363351703
vn 0.3833058397438547 -0.9236203241700454 0.0014594513622098082
vn 0.3833058397438547 -0.9236203241700454 0.0014594513622098082
vn 0.3833058397438547 -0.9236203241700454 0.0014594513622098082
vn 0.1522366817111752 -0.9883432164609126 -0.0012958461591114012
vn 0.1522366817111752 -0.9883432164609126 -0.0012958461591114012
vn 0.1522366817111752 -0.9883432164609126 -0.0012958461591114012
vn 0.12847604215706457 -0.9917125978392232 0.0001728543768865302
vn 0.12847604215706457 -0.9917125978392232 0.0001728543768865302
vn 0.12847604215706457 -0.9917125978392232 0.0001728543768865302
vn -0.20679546855797842 -0.978384195015065 -0.00003359478426699492
vn -0.20679546855797842 -0.978384195015065 -0.00003359478426699492
vn -0.20679546855797842 -0.978384195015065 -0.00003359478426699492
vn -0.23370640582317354 -0.9723058593586997 0.0016222619869789713
vn -0.23370640582317354 -0.9723058593586997 0.0016222619869789713
vn -0.23370640582317354 -0.9723058593586997 0.0016222619869789713
vn -0.4788268505326311 -0.8779076335613017 -0.0017418793863905814
vn -0.4788268505326311 -0.8779076335613017 -0.0017418793863905814
vn -0.4788268505326311 -0.8779076335613017 -0.0017418793863905814
vn -0.545499755561374 -0.8381087987878686 0.001912609954306474
vn -0.545499755561374 -0.8381087987878686 0.001912609954306474
vn -0.545499755561374 -0.8381087987878686 0.001912609954306474
vn -0.7404057222592278 -0.6721589419167168 -0.0013127251010020431
vn -0.7404057222592278 -0.6721589419167168 -0.0013127251010020431
vn -0.7404057222592278 -0.6721589419167168 -0.0013127251010020431
vn -0.7721871031385131 -0.635394385656277 0.0010258767147042888
vn -0.7721871031385131 -0.635394385656277 0.0010258767147042888
vn -0.7721871031385131 -0.635394385656277 0.0010258767147042888
vn -0.9035396051788869 -0.42850008947929574 -0.0019634636275268976
vn -0.9035396051788869 -0.42850008947929574 -0.0019634636275268976
vn -0.9035396051788869 -0.42850008947929574 -0.0019634636275268976
vn -0.9347428130599378 -0.35531920373967274 0.002033933774589532
vn -0.9347428130599378 -0.35531920373967274 0.002033933774589532
vn -0.9347428130599378 -0.35531920373967274 0.002033933774589532
vn -0.9950599942119692 -0.09927334162465998 -0.0006415306300011564
vn -0.9950599942119692 -0.09927334162465998 -0.0006415306300011564
vn -0.9950599942119692 -0.09927334162465998 -0.0006415306300011564
vn -0.9941627094091345 -0.10789110942810565 -0.00012540598617284899
vn -0.9941627094091345 -0.10789110942810565 -0.00012540598617284899
vn -0.9941627094091345 -0.10789110942810565 -0.00012540598617284899
vn -0.9836990477307962 0.17982252381014957 -0.00020838443523799017
vn -0.9836990477307962 0.17982252381014957 -0.00020838443523799017
vn -0.9836990477307962 0.17982252381014957 -0.00020838443523799017
vn -0.9809381568338303 0.19431902869470344 0.0006689952126083589
vn -0.9809381568338303 0.19431902869470344 0.0006689952126083589
vn -0.9809381568338303 0.19431902869470344 0.0006689952126083589
vn -0.8689751035114289 0.49485555325911834 -0.0005008851297921682
vn -0.8689751035114289 0.49485555325911834 -0.0005008851297921682
vn -0.8689751035114289 0.49485555325911834 -0.0005008851297921682
vn -0.8515856743992585 0.5242134259972676 0.001457107465999964
vn -0.8515856743992585 0.5242134259972676 0.001457107465999964
vn -0.8515856743992585 0.5242134259972676 0.001457107465999964
vn 0.5782466470862502 0.8156676207872524 -0.017808636465850094
vn 0.5782466470862502 0.8156676207872524 -0.017808636465850094
vn 0.5782466470862502 0.8156676207872524 -0.017808636465850094
vn 0.58945051792613 0.8072255572766331 -0.030577550523971757
vn 0.58945051792613 0.8072255572766331 -0.030577550523971757
vn 0.58945051792613 0.8072255572766331 -0.030577550523971757
vn 0.3788208284637583 0.9238451522227148 0.05481710168023033
vn 0.3788208284637583 0.9238451522227148 0.05481710168023033
vn 0.3788208284637583 0.9238451522227148 0.05481710168023033
vn 0.18679486335398277 0.9815512362743143 -0.040802568459992236
vn 0.18679486335398277 0.9815512362743143 -0.040802568459992236
vn 0.18679486335398277 0.9815512362743143 -0.040802568459992236
vn 0.1646423981932008 0.9836794413038061 -0.07257849181006432
vn 0.1646423981932008 0.9836794413038061 -0.07257849181006432
vn 0.1646423981932008 0.9836794413038061 -0.07257849181006432
vn -0.21928599479125113 0.975504458053391 0.017455795781663754
vn -0.21928599479125113 0.975504458053391 0.017455795781663754
vn -0.21928599479125113 0.975504458053391 0.017455795781663754
vn -0.15174144099577297 0.9865733716594237 -0.060394680370732944
vn -0.15174144099577297 0.9865733716594237 -0.060394680370732944
vn -0.15174144099577297 0.9865733716594237 -0.060394680370732944
vn -0.4031250551619082 0.914724426548874 0.027738301598006363
vn -0.4031250551619082 0.914724426548874 0.027738301598006363
vn -0.4031250551619082 0.914724426548874 0.027738301598006363
vn -0.49961583009911154 0.8653333392120004 -0.039777309644881895
vn -0.49961583009911154 0.8653333392120004 -0.039777309644881895
vn -0.49961583009911154 0.8653333392120004 -0.039777309644881895
vn -0.9825690220790351 0.18543022554177388 -0.013181362075884528
vn -0.9825690220790351 0.18543022554177388 -0.013181362075884528
vn -0.9825690220790351 0.18543022554177388 -0.013181362075884528
vn -0.3022297887461064 -0.9516840478454032 0.05435648876695687
vn -0.3022297887461064 -0.9516840478454032 0.05435648876695687
vn -0.3022297887461064 -0.9516840478454032 0.05435648876695687
vn -0.1328920456020454 -0.982086264920158 -0.13358994150338324
vn -0.1328920456020454 -0.982086264920158 -0.13358994150338324
vn -0.1328920456020454 -0.982086264920158 -0.13358994150338324
vn -0.08762116222941604 -0.9936282308339703 -0.07089055521944175
vn -0.08762116222941604 -0.9936282308339703 -0.07089055521944175
vn -0.08762116222941604 -0.9936282308339703 -0.07089055521944175
vn 0.13207559181783615 -0.9894897858537577 0.058872758870748054
vn 0.13207559181783615 -0.9894897858537577 0.058872758870748054
vn 0.13207559181783615 -0.9894897858537577 0.058872758870748054
vn 0.3673771070911228 -0.9273196577858379 -0.07150044383998061
vn 0.3673771070911228 -0.9273196577858379 -0.07150044383998061
vn 0.3673771070911228 -0.9273196577858379 -0.07150044383998061
vn 0.3438119793569474 -0.9380983451799279 -0.04200973245974225
vn 0.3438119793569474 -0.9380983451799279 -0.04200973245974225
vn 0.3438119793569474 -0.9380983451799279 -0.04200973245974225
vn 0.7118251397297068 -0.7018959594817832 -0.02543683376385896
vn 0.7118251397297068 -0.7018959594817832 -0.02543683376385896
vn 0.7118251397297068 -0.7018959594817832 -0.02543683376385896
vn -0.9922375625411368 0.12432190708707481 0.0029466762048256942
vn -0.9922375625411368 0.12432190708707481 0.0029466762048256942
vn -0.9922375625411368 0.12432190708707481 0.0029466762048256942
vn -0.9274386336118025 0.37388808214833263 0.008079784137855239
vn -0.9274386336118025 0.37388808214833263 0.008079784137855239
vn -0.9274386336118025 0.37388808214833263 0.008079784137855239
vn -0.8885951492460483 0.45837786041805834 -0.016982279439352335
vn -0.8885951492460483 0.45837786041805834 -0.016982279439352335
vn -0.8885951492460483 0.45837786041805834 -0.016982279439352335
vn -0.8021884597592752 0.5969953564528767 0.009498389481614043
vn -0.8021884597592752 0.5969953564528767 0.009498389481614043
vn -0.8021884597592752 0.5969953564528767 0.009498389481614043
vn -0.7385858210069532 0.6741447965113405 -0.00444728503336307
vn -0.7385858210069532 0.6741447965113405 -0.00444728503336307
vn -0.7385858210069532 0.6741447965113405 -0.00444728503336307
vn -0.7087854851152267 0.7053092229695946 0.012729339495813884
vn -0.7087854851152267 0.7053092229695946 0.012729339495813884
vn -0.7087854851152267 0.7053092229695946 0.012729339495813884
vn -0.5851082214908229 0.8108690989757397 0.011818353105163049
vn -0.5851082214908229 0.8108690989757397 0.011818353105163049
vn -0.5851082214908229 0.8108690989757397 0.011818353105163049
vn -0.014697566373489974 0.9998886411779839 0.002585882043310848
vn -0.014697566373489974 0.9998886411779839 0.002585882043310848
vn -0.014697566373489974 0.9998886411779839 0.002585882043310848
vn 0.8303470224110132 0.5569906970704488 0.016887443564364023
vn 0.8303470224110132 0.5569906970704488 0.016887443564364023
vn 0.8303470224110132 0.5569906970704488 0.016887443564364023
vn 0.9313780245640989 0.36373541447559377 0.015215900083298012
vn 0.9313780245640989 0.36373541447559377 0.015215900083298012
vn 0.9313780245640989 0.36373541447559377 0.015215900083298012
vn 0.9887716851221586 0.14935290935870402 -0.00492576560317898
vn 0.9887716851221586 0.14935290935870402 -0.00492576560317898
vn 0.9887716851221586 0.14935290935870402 -0.00492576560317898
vn 0.9811221942253681 0.19234046310674566 -0.020109357281673478
vn 0.9811221942253681 0.19234046310674566 -0.020109357281673478
vn 0.9811221942253681 0.19234046310674566 -0.020109357281673478
vn 0.892853554608356 0.12152568203866723 -0.43364044856108636
vn 0.892853554608356 0.12152568203866723 -0.43364044856108636
vn 0.892853554608356 0.12152568203866723 -0.43364044856108636
vn 0.718517428386816 -0.07040186282322891 -0.6919366176286784
vn 0.718517428386816 -0.07040186282322891 -0.6919366176286784
vn 0.718517428386816 -0.07040186282322891 -0.6919366176286784
vn 0.6389871234491754 0.10061474136317447 -0.7626087659387151
vn 0.6389871234491754 0.10061474136317447 -0.7626087659387151
vn 0.6389871234491754 0.10061474136317447 -0.7626087659387151
vn 0.18637898738890704 -0.035477586422827743 -0.9818371626300851
vn 0.18637898738890704 -0.035477586422827743 -0.9818371626300851
vn 0.18637898738890704 -0.035477586422827743 -0.9818371626300851
vn 0.009236034813758894 0.36961730820647853 -0.9291381711753726
vn 0.009236034813758894 0.36961730820647853 -0.9291381711753726
vn 0.009236034813758894 0.36961730820647853 -0.9291381711753726
vn -0.29368362436265216 0.05188674214180561 -0.9544934231156998
vn -0.29368362436265216 0.05188674214180561 -0.9544934231156998
vn -0.29368362436265216 0.05188674214180561 -0.9544934231156998
vn -0.435042636353996 -0.1863136384183536 -0.8809228869166018
vn -0.435042636353996 -0.1863136384183536 -0.8809228869166018
vn -0.435042636353996 -0.1863136384183536 -0.8809228869166018
vn -0.6399221979294133 0.13899215975417692 -0.7557650164727513
vn -0.6399221979294133 0.13899215975417692 -0.7557650164727513
vn -0.6399221979294133 0.13899215975417692 -0.7557650164727513
vn -0.9965125370154152 0.018298657698808615 -0.08141205498894291
vn -0.9965125370154152 0.018298657698808615 -0.08141205498894291
vn -0.9965125370154152 0.018298657698808615 -0.08141205498894291
vn -0.9717870218557962 0.05223973394786633 -0.23000216161962045
vn -0.9717870218557962 0.05223973394786633 -0.23000216161962045
vn -0.9717870218557962 0.05223973394786633 -0.23000216161962045
vn -0.8903462776746416 -0.026438483641546717 -0.45451568995321323
vn -0.8903462776746416 -0.026438483641546717 -0.45451568995321323
vn -0.8903462776746416 -0.026438483641546717 -0.45451568995321323
vn -0.8474850682901656 0.07518567169977099 -0.5254675763510702
vn -0.8474850682901656 0.07518567169977099 -0.5254675763510702
vn -0.8474850682901656 0.07518567169977099 -0.5254675763510702
vn -0.7629399962822997 -0.01335923385458159 -0.6463312563566636
vn -0.7629399962822997 -0.01335923385458159 -0.6463312563566636
vn -0.7629399962822997 -0.01335923385458159 -0.6463312563566636
vn 0.9949923897639203 -0.031427547790145685 -0.09488126027715439
vn 0.9949923897639203 -0.031427547790145685 -0.09488126027715439
vn 0.9949923897639203 -0.031427547790145685 -0.09488126027715439
vn 0.8706680037987443 0.2931509050861052 -0.39496806707417137
vn 0.8706680037987443 0.2931509050861052 -0.39496806707417137
vn 0.8706680037987443 0.2931509050861052 -0.39496806707417137
vn -0.9999968839707126 0.002277389130962419 0.0010225202252975344
vn -0.9999968839707126 0.002277389130962419 0.0010225202252975344
vn -0.9999968839707126 0.002277389130962419 0.0010225202252975344
vn 0.989402403431977 0.04699883190281712 -0.13738265495614116
vn 0.989402403431977 0.04699883190281712 -0.13738265495614116
vn 0.989402403431977 0.04699883190281712 -0.13738265495614116
vn 0.8083449042472881 0.5884379174975164 -0.01786989167927219
vn 0.8083449042472881 0.5884379174975164 -0.01786989167927219
vn 0.8083449042472881 0.5884379174975164 -0.01786989167927219
vn 0.9958639479655158 0.06870245753275368 -0.05945560925175009
vn 0.9958639479655158 0.06870245753275368 -0.05945560925175009
vn 0.9958639479655158 0.06870245753275368 -0.05945560925175009
vn -0.9919934236785604 0.009038669024406339 -0.1259656692942783
vn -0.9919934236785604 0.009038669024406339 -0.1259656692942783
vn -0.9919934236785604 0.009038669024406339 -0.1259656692942783
vn -0.974057739739117 0.03942545526556252 -0.22283885013934537
vn -0.974057739739117 0.03942545526556252 -0.22283885013934537
vn -0.974057739739117 0.03942545526556252 -0.22283885013934537
vn 0.5523079028240692 -0.04268554963337391 -0.8325466499425574
vn 0.5523079028240692 -0.04268554963337391 -0.8325466499425574
vn 0.5523079028240692 -0.04268554963337391 -0.8325466499425574
vn 0.9168978546858009 -0.018916883014800902 -0.39867339465981433
vn 0.9168978546858009 -0.018916883014800902 -0.39867339465981433
vn 0.9168978546858009 -0.018916883014800902 -0.39867339465981433
vn -0.9872624703213082 0.13068584871563593 -0.09074152103938954
vn -0.9872624703213082 0.13068584871563593 -0.09074152103938954
vn -0.9872624703213082 0.13068584871563593 -0.09074152103938954
vn -0.944446463779962 0.2007296126310419 -0.26024699742075197
vn -0.944446463779962 0.2007296126310419 -0.26024699742075197
vn -0.944446463779962 0.2007296126310419 -0.26024699742075197
vn -0.8354512883605805 0.36160319327154483 -0.4138408817316968
vn -0.8354512883605805 0.36160319327154483 -0.4138408817316968
vn -0.8354512883605805 0.36160319327154483 -0.4138408817316968
vn -0.5410307133994707 0.5052108247267931 -0.6723449930930798
vn -0.5410307133994707 0.5052108247267931 -0.6723449930930798
vn -0.5410307133994707 0.5052108247267931 -0.6723449930930798
vn 0.42187523276168554 0.656569293278173 -0.6252503907287655
vn 0.42187523276168554 0.656569293278173 -0.6252503907287655
vn 0.42187523276168554 0.656569293278173 -0.6252503907287655
vn 0.6571706346834932 0.4779503209780256 -0.5828295184586115
vn 0.6571706346834932 0.4779503209780256 -0.5828295184586115
vn 0.6571706346834932 0.4779503209780256 -0.5828295184586115
vn 0.9420141453239228 0.2588888670566182 -0.21350855843216252
vn 0.9420141453239228 0.2588888670566182 -0.21350855843216252
vn 0.9420141453239228 0.2588888670566182 -0.21350855843216252
vn -0.9267608412272137 0.28070467373996505 -0.24963819681364205
vn -0.9267608412272137 0.28070467373996505 -0.24963819681364205
vn -0.9267608412272137 0.28070467373996505 -0.24963819681364205
vn -0.5896262508520146 0.7496191240324791 -0.30068597105780603
vn -0.5896262508520146 0.7496191240324791 -0.30068597105780603
vn -0.5896262508520146 0.7496191240324791 -0.30068597105780603
vn -0.24545108856976247 0.8150040965556092 -0.524901977246699
vn -0.24545108856976247 0.8150040965556092 -0.524901977246699
vn -0.24545108856976247 0.8150040965556092 -0.524901977246699
vn -0.2801546220198342 0.3337285892660336 -0.9000770058541806
vn -0.2801546220198342 0.3337285892660336 -0.9000770058541806
vn -0.2801546220198342 0.3337285892660336 -0.9000770058541806
vn -0.008969946668191014 0.48233869154428116 -0.8759388829685096
vn -0.008969946668191014 0.48233869154428116 -0.8759388829685096
vn -0.008969946668191014 0.48233869154428116 -0.8759388829685096
vn 0.43453613022359333 0.2808150357428318 -0.8557577152623612
vn 0.43453613022359333 0.2808150357428318 -0.8557577152623612
vn 0.43453613022359333 0.2808150357428318 -0.8557577152623612
vn 0.3737157224171008 0.07174308480856886 -0.9247645584690272
vn 0.3737157224171008 0.07174308480856886 -0.9247645584690272
vn 0.3737157224171008 0.07174308480856886 -0.9247645584690272
vn -0.9004255752756055 0.2877461980404773 -0.32624516686511273
vn -0.9004255752756055 0.2877461980404773 -0.32624516686511273
vn -0.9004255752756055 0.2877461980404773 -0.32624516686511273
vn -0.7867167131183256 0.5371165963912599 -0.30427384899357796
vn -0.7867167131183256 0.5371165963912599 -0.30427384899357796
vn -0.7867167131183256 0.5371165963912599 -0.30427384899357796
vn -0.6356266016744259 0.6633467544645651 -0.3949049336044672
vn -0.6356266016744259 0.6633467544645651 -0.3949049336044672
vn -0.6356266016744259 0.6633467544645651 -0.3949049336044672
vn 0.6782807190947641 0.5485963885474526 -0.4888530132636825
vn 0.6782807190947641 0.5485963885474526 -0.4888530132636825
vn 0.6782807190947641 0.5485963885474526 -0.4888530132636825
vn 0.8425018189703027 0.4355823992837778 -0.31695213907768277
vn 0.8425018189703027 0.4355823992837778 -0.31695213907768277
vn 0.8425018189703027 0.4355823992837778 -0.31695213907768277
vn 0.9446863886661292 0.2463822748869352 -0.2164795641405575
vn 0.9446863886661292 0.2463822748869352 -0.2164795641405575
vn 0.9446863886661292 0.2463822748869352 -0.2164795641405575
vn 0.9823645140657852 -0.18642296983560092 -0.014367944249911961
vn 0.9823645140657852 -0.18642296983560092 -0.014367944249911961
vn 0.9823645140657852 -0.18642296983560092 -0.014367944249911961
vn 0.8862247266731292 -0.463235129376489 0.004353015585201948
vn 0.8862247266731292 -0.463235129376489 0.004353015585201948
vn 0.8862247266731292 -0.463235129376489 0.004353015585201948
vn 0.881569453757403 -0.47205427750809076 -0.00023934951111596872
vn 0.881569453757403 -0.47205427750809076 -0.00023934951111596872
vn 0.881569453757403 -0.47205427750809076 -0.00023934951111596872
vn 0.750468670154655 -0.6608249534819454 0.01035161687313835
vn 0.750468670154655 -0.6608249534819454 0.01035161687313835
vn 0.750468670154655 -0.6608249534819454 0.01035161687313835
vn 0.5330303834661251 -0.8453378562019971 0.03581227685818312
vn 0.5330303834661251 -0.8453378562019971 0.03581227685818312
vn 0.5330303834661251 -0.8453378562019971 0.03581227685818312
vn -0.5866402403730478 -0.8091892026236596 -0.03265061610963572
vn -0.5866402403730478 -0.8091892026236596 -0.03265061610963572
vn -0.5866402403730478 -0.8091892026236596 -0.03265061610963572
vn -0.6880772691679659 -0.7251571993755472 0.026395223965096703
vn -0.6880772691679659 -0.7251571993755472 0.026395223965096703
vn -0.6880772691679659 -0.7251571993755472 0.026395223965096703
vn -0.8200116529295077 -0.5723407708028492 -0.002632705189923151
vn -0.8200116529295077 -0.5723407708028492 -0.002632705189923151
vn -0.8200116529295077 -0.5723407708028492 -0.002632705189923151
vn -0.8044891700935324 -0.5937834791712163 -0.014776842204800389
vn -0.8044891700935324 -0.5937834791712163 -0.014776842204800389
vn -0.8044891700935324 -0.5937834791712163 -0.014776842204800389
vn -0.9385880795193973 -0.3448703575036482 -0.010809879712340945
vn -0.9385880795193973 -0.3448703575036482 -0.010809879712340945
vn -0.9385880795193973 -0.3448703575036482 -0.010809879712340945
vn -0.9777506033743485 -0.20948694731846693 0.01090763513724757
vn -0.9777506033743485 -0.20948694731846693 0.01090763513724757
vn -0.9777506033743485 -0.20948694731846693 0.01090763513724757
vn -0.9971864655930605 -0.07437919703290713 -0.009321367215177914
vn -0.9971864655930605 -0.07437919703290713 -0.009321367215177914
vn -0.9971864655930605 -0.07437919703290713 -0.009321367215177914
vn -0.34745403700804434 -0.1081240312988664 -0.9314423685996328
vn -0.34745403700804434 -0.1081240312988664 -0.9314423685996328
vn -0.34745403700804434 -0.1081240312988664 -0.9314423685996328
vn -0.25849423213687905 -0.5083039481858961 -0.8214668759058976
vn -0.25849423213687905 -0.5083039481858961 -0.8214668759058976
vn -0.25849423213687905 -0.5083039481858961 -0.8214668759058976
vn 0.06022920493017588 -0.5349453717429687 -0.8427371429599243
vn 0.06022920493017588 -0.5349453717429687 -0.8427371429599243
vn 0.06022920493017588 -0.5349453717429687 -0.8427371429599243
vn 0.312056033866409 -0.2411817901045308 -0.9189408989970685
vn 0.312056033866409 -0.2411817901045308 -0.9189408989970685
vn 0.312056033866409 -0.2411817901045308 -0.9189408989970685
vn 0.39406508837926063 0.090361469939953 -0.9146297124360966
vn 0.39406508837926063 0.090361469939953 -0.9146297124360966
vn 0.39406508837926063 0.090361469939953 -0.9146297124360966
vn 0.6669700685456343 -0.014443331276126422 -0.7449445065546022
vn 0.6669700685456343 -0.014443331276126422 -0.7449445065546022
vn 0.6669700685456343 -0.014443331276126422 -0.7449445065546022
vn 0.6392970635309478 -0.09335738353485809 -0.7632716839371368
vn 0.6392970635309478 -0.09335738353485809 -0.7632716839371368
vn 0.6392970635309478 -0.09335738353485809 -0.7632716839371368
vn 0.9133047360031027 -0.04722133598907426 -0.4045301034802106
vn 0.9133047360031027 -0.04722133598907426 -0.4045301034802106
vn 0.9133047360031027 -0.04722133598907426 -0.4045301034802106
vn 0.9598146323682669 0.01428300364670687 -0.28027106040152777
vn 0.9598146323682669 0.01428300364670687 -0.28027106040152777
vn 0.9598146323682669 0.01428300364670687 -0.28027106040152777
vn 0.9981012284193055 -0.00445820341924519 -0.06143339686315486
vn 0.9981012284193055 -0.00445820341924519 -0.06143339686315486
vn 0.9981012284193055 -0.00445820341924519 -0.06143339686315486
vn 0.9893171622744406 -0.023630598167012837 -0.1438511288086317
vn 0.9893171622744406 -0.023630598167012837 -0.1438511288086317
vn 0.9893171622744406 -0.023630598167012837 -0.1438511288086317
vn 0.9991796834210442 -0.03954120067979376 0.008743779927585293
vn 0.9991796834210442 -0.03954120067979376 0.008743779927585293
vn 0.9991796834210442 -0.03954120067979376 0.008743779927585293
vn 0.9809833553466708 -0.16032284152455406 -0.10939946534732314
vn 0.9809833553466708 -0.16032284152455406 -0.10939946534732314
vn 0.9809833553466708 -0.16032284152455406 -0.10939946534732314
vn 0.9994932073507831 -0.015566332665140488 -0.02776720632333095
vn 0.9994932073507831 -0.015566332665140488 -0.02776720632333095
vn 0.9994932073507831 -0.015566332665140488 -0.02776720632333095
vn 0.927408155762145 -0.2522732309240832 -0.2761744549826814
vn 0.927408155762145 -0.2522732309240832 -0.2761744549826814
vn 0.927408155762145 -0.2522732309240832 -0.2761744549826814
vn 0.8689594897174353 -0.4287450925565748 -0.24715794714851622
vn 0.8689594897174353 -0.4287450925565748 -0.24715794714851622
vn 0.8689594897174353 -0.4287450925565748 -0.24715794714851622
vn 0.40203750223013407 -0.5026991378530853 -0.7652838843215762
vn 0.40203750223013407 -0.5026991378530853 -0.7652838843215762
vn 0.40203750223013407 -0.5026991378530853 -0.7652838843215762
vn -0.987074365114905 -0.11363603059128528 -0.11300907169101036
vn -0.987074365114905 -0.11363603059128528 -0.11300907169101036
vn -0.987074365114905 -0.11363603059128528 -0.11300907169101036
vn -0.8279861356243582 -0.5564356543352952 -0.06941413255450106
vn -0.8279861356243582 -0.5564356543352952 -0.06941413255450106
vn -0.8279861356243582 -0.5564356543352952 -0.06941413255450106
vn -0.7125575565380202 -0.3931085181965653 -0.5811432022676225
vn -0.7125575565380202 -0.3931085181965653 -0.5811432022676225
vn -0.7125575565380202 -0.3931085181965653 -0.5811432022676225
vn -0.9008963653762383 -0.4339321827479943 0.00941273751064914
vn -0.9008963653762383 -0.4339321827479943 0.00941273751064914
vn -0.9008963653762383 -0.4339321827479943 0.00941273751064914
vn 0.14988796475113259 -0.8710297382242483 -0.4678042252393204
vn 0.14988796475113259 -0.8710297382242483 -0.4678042252393204
vn 0.14988796475113259 -0.8710297382242483 -0.4678042252393204
vn -0.5066465082431308 0.10915110137539377 -0.8552165531335215
vn -0.5066465082431308 0.10915110137539377 -0.8552165531335215
vn -0.5066465082431308 0.10915110137539377 -0.8552165531335215
vn -0.6931989849994213 -0.03928490017643241 -0.7196748319997718
vn -0.6931989849994213 -0.03928490017643241 -0.7196748319997718
vn -0.6931989849994213 -0.03928490017643241 -0.7196748319997718
vn -0.6856966483883721 -0.02820700725734735 -0.7273406843636188
vn -0.6856966483883721 -0.02820700725734735 -0.7273406843636188
vn -0.6856966483883721 -0.02820700725734735 -0.7273406843636188
vn -0.7948889041375276 0.02478850230770296 -0.6062484311174597
vn -0.7948889041375276 0.02478850230770296 -0.6062484311174597
vn -0.7948889041375276 0.02478850230770296 -0.6062484311174597
vn -0.8824461653265069 -0.025129124393303746 -0.46974172947245085
vn -0.8824461653265069 -0.025129124393303746 -0.46974172947245085
vn -0.8824461653265069 -0.025129124393303746 -0.46974172947245085
vn -0.9081531609716821 0.003875700924289087 -0.4186201322911834
vn -0.9081531609716821 0.003875700924289087 -0.4186201322911834
vn -0.9081531609716821 0.003875700924289087 -0.4186201322911834
vn -0.9679529132806766 0.0034436919015517855 -0.25110814136052695
vn -0.9679529132806766 0.0034436919015517855 -0.25110814136052695
vn -0.9679529132806766 0.0034436919015517855 -0.25110814136052695
vn -0.9917676640516088 -0.017553629692928244 -0.1268415177543176
vn -0.9917676640516088 -0.017553629692928244 -0.1268415177543176
vn -0.9917676640516088 -0.017553629692928244 -0.1268415177543176
vn -0.6028272549178869 -0.4776412578014301 -0.6391072911288312
vn -0.6028272549178869 -0.4776412578014301 -0.6391072911288312
vn -0.6028272549178869 -0.4776412578014301 -0.6391072911288312
vn -0.9893026466685034 -0.11974598606251981 0.08331369705282216
vn -0.9893026466685034 -0.11974598606251981 0.08331369705282216
vn -0.9893026466685034 -0.11974598606251981 0.08331369705282216
vn -0.949017774758469 -0.24591732326270405 -0.19720530751425153
vn -0.949017774758469 -0.24591732326270405 -0.19720530751425153
vn -0.949017774758469 -0.24591732326270405 -0.19720530751425153
vn -0.8642786197733946 -0.35924294809268054 -0.35208943700184414
vn -0.8642786197733946 -0.35924294809268054 -0.35208943700184414
vn -0.8642786197733946 -0.35924294809268054 -0.35208943700184414
vn -0.3552625790659201 -0.7486241492133616 -0.5597770834269666
vn -0.3552625790659201 -0.7486241492133616 -0.5597770834269666
vn -0.3552625790659201 -0.7486241492133616 -0.5597770834269666
vn -0.9305016797010673 -0.23840057343964227 -0.2780859411353654
vn -0.9305016797010673 -0.23840057343964227 -0.2780859411353654
vn -0.9305016797010673 -0.23840057343964227 -0.2780859411353654
vn -0.7603580834776267 -0.276863809143147 -0.5875389485616913
vn -0.7603580834776267 -0.276863809143147 -0.5875389485616913
vn -0.7603580834776267 -0.276863809143147 -0.5875389485616913
vn -0.6308948921844049 -0.5651730234640785 -0.5315553485424638
vn -0.6308948921844049 -0.5651730234640785 -0.5315553485424638
vn -0.6308948921844049 -0.5651730234640785 -0.5315553485424638
vn -0.48985750081878293 -0.8708300100913254 0.04116700639976686
vn -0.48985750081878293 -0.8708300100913254 0.04116700639976686
vn -0.48985750081878293 -0.8708300100913254 0.04116700639976686
vn 0.8193869040118216 0.04006174973991523 -0.5718392761447034
vn 0.8193869040118216 0.04006174973991523 -0.5718392761447034
vn 0.8193869040118216 0.04006174973991523 -0.5718392761447034
vn 0.7508258738351672 -0.5482439339453569 -0.3683600087845812
vn 0.7508258738351672 -0.5482439339453569 -0.3683600087845812
vn 0.7508258738351672 -0.5482439339453569 -0.3683600087845812
vn 0.9758077446158093 -0.1446401801908743 -0.1639465273257074
vn 0.9758077446158093 -0.1446401801908743 -0.1639465273257074
vn 0.9758077446158093 -0.1446401801908743 -0.1639465273257074
vn 0.7977242907986762 -0.4338173184385234 -0.4188537812800048
vn 0.7977242907986762 -0.4338173184385234 -0.4188537812800048
vn 0.7977242907986762 -0.4338173184385234 -0.4188537812800048
vn 0.9627896181212527 -0.2702111070317158 0.004702007510306577
vn 0.9627896181212527 -0.2702111070317158 0.004702007510306577
vn 0.9627896181212527 -0.2702111070317158 0.004702007510306577
vn -0.09327603753117647 -0.11439564672674388 -0.98904662015117
vn -0.09327603753117647 -0.11439564672674388 -0.98904662015117
vn -0.09327603753117647 -0.11439564672674388 -0.98904662015117
vn 0.17275904178038706 0.05499432999803332 -0.9834276471358683
vn 0.17275904178038706 0.05499432999803332 -0.9834276471358683
vn 0.17275904178038706 0.05499432999803332 -0.9834276471358683
vn 0.6233330981122615 -0.39564550025010176 -0.6744779365773328
vn 0.6233330981122615 -0.39564550025010176 -0.6744779365773328
vn 0.6233330981122615 -0.39564550025010176 -0.6744779365773328
vn 0.4830658114163623 -0.7466934882824252 -0.45727044120222254
vn 0.4830658114163623 -0.7466934882824252 -0.45727044120222254
vn 0.4830658114163623 -0.7466934882824252 -0.45727044120222254
vn -0.9998372015391964 -0.0013330499399263702 -0.017994260088319315
vn -0.9998372015391964 -0.0013330499399263702 -0.017994260088319315
vn -0.9998372015391964 -0.0013330499399263702 -0.017994260088319315
vn -0.9946182602888052 0.006149160353909758 0.1034248718974908
vn -0.9946182602888052 0.006149160353909758 0.1034248718974908
vn -0.9946182602888052 0.006149160353909758 0.1034248718974908
vn -0.9353783094099273 -0.006078611104282262 0.35359647731908916
vn -0.9353783094099273 -0.006078611104282262 0.35359647731908916
vn -0.9353783094099273 -0.006078611104282262 0.35359647731908916
vn -0.9909212813048515 0.011530792601041782 0.1339479566068222
vn -0.9909212813048515 0.011530792601041782 0.1339479566068222
vn -0.9909212813048515 0.011530792601041782 0.1339479566068222
vn -0.7728251051247621 -0.01932645733478073 0.6343247156904634
vn -0.7728251051247621 -0.01932645733478073 0.6343247156904634
vn -0.7728251051247621 -0.01932645733478073 0.6343247156904634
vn -0.8746634820994987 0.011462388690227749 0.48459509564903175
vn -0.8746634820994987 0.011462388690227749 0.48459509564903175
vn -0.8746634820994987 0.011462388690227749 0.48459509564903175
vn -0.3797296801173765 -0.02523559650923976 0.9247532290869699
vn -0.3797296801173765 -0.02523559650923976 0.9247532290869699
vn -0.3797296801173765 -0.02523559650923976 0.9247532290869699
vn -0.5658590819457266 0.02277336652548664 0.8241874017216203
vn -0.5658590819457266 0.02277336652548664 0.8241874017216203
vn -0.5658590819457266 0.02277336652548664 0.8241874017216203
vn -0.19297020517894772 0.017965095472004082 0.9810401394733432
vn -0.19297020517894772 0.017965095472004082 0.9810401394733432
vn -0.19297020517894772 0.017965095472004082 0.9810401394733432
vn 0.11447399187611565 -0.013823197317445832 0.993330068204859
vn 0.11447399187611565 -0.013823197317445832 0.993330068204859
vn 0.11447399187611565 -0.013823197317445832 0.993330068204859
vn 0.17426382441662627 0.004588921203655963 0.9846883066746948
vn 0.17426382441662627 0.004588921203655963 0.9846883066746948
vn 0.17426382441662627 0.004588921203655963 0.9846883066746948
vn 0.5362290137435525 -0.008309682821047167 0.844031630918552
vn 0.5362290137435525 -0.008309682821047167 0.844031630918552
vn 0.5362290137435525 -0.008309682821047167 0.844031630918552
vn 0.5588967949213508 0.0016529838762626699 0.8292355758594456
vn 0.5588967949213508 0.0016529838762626699 0.8292355758594456
vn 0.5588967949213508 0.0016529838762626699 0.8292355758594456
vn 0.8608766914927384 -0.000992856118781264 0.5088126730745255
vn 0.8608766914927384 -0.000992856118781264 0.5088126730745255
vn 0.8608766914927384 -0.000992856118781264 0.5088126730745255
vn 0.8477903048929819 0.006423347194606944 0.5302926923315865
vn 0.8477903048929819 0.006423347194606944 0.5302926923315865
vn 0.8477903048929819 0.006423347194606944 0.5302926923315865
vn 0.982947049322955 -0.007274875866714626 0.1837448622640111
vn 0.982947049322955 -0.007274875866714626 0.1837448622640111
vn 0.982947049322955 -0.007274875866714626 0.1837448622640111
vn 0.9999786682462388 0.00018812689940003572 -0.0065289861960658455
vn 0.9999786682462388 0.00018812689940003572 -0.0065289861960658455
vn 0.9999786682462388 0.00018812689940003572 -0.0065289861960658455
vn 0.9895691690469344 0.0010470988735702593 0.1440547231287786
vn 0.9895691690469344 0.0010470988735702593 0.1440547231287786
vn 0.9895691690469344 0.0010470988735702593 0.1440547231287786
vn -0.00014699895380338452 0.0002464826438817449 -0.9999999588188062
vn -0.00014699895380338452 0.0002464826438817449 -0.9999999588188062
vn -0.00014699895380338452 0.0002464826438817449 -0.9999999588188062
vn -0.0004083583015291502 0.00012046357349830032 -0.9999999093660085
vn -0.0004083583015291502 0.00012046357349830032 -0.9999999093660085
vn -0.0004083583015291502 0.00012046357349830032 -0.9999999093660085
vn 0.0009948225997603957 -0.0013626082900123353 -0.9999985768123087
vn 0.0009948225997603957 -0.0013626082900123353 -0.9999985768123087
vn 0.0009948225997603957 -0.0013626082900123353 -0.9999985768123087
vn -0.00034109520194439895 0.0006148182966003262 -0.9999997528262323
vn -0.00034109520194439895 0.0006148182966003262 -0.9999997528262323
vn -0.00034109520194439895 0.0006148182966003262 -0.9999997528262323
vn -0.0005544370997340167 0.0007481847883748085 -0.9999995664094184
vn -0.0005544370997340167 0.0007481847883748085 -0.9999995664094184
vn -0.0005544370997340167 0.0007481847883748085 -0.9999995664094184
vn -0.00008039218614478294 0.00007755704379448628 -0.9999999937610007
vn -0.00008039218614478294 0.00007755704379448628 -0.9999999937610007
vn -0.00008039218614478294 0.00007755704379448628 -0.9999999937610007
vn 0.00030558492529167875 -0.00010081964944048639 -0.9999999482266246
vn 0.00030558492529167875 -0.00010081964944048639 -0.9999999482266246
vn 0.00030558492529167875 -0.00010081964944048639 -0.9999999482266246
vn 0.00032132884458784255 -0.0001024651649526739 -0.9999999431243304
vn 0.00032132884458784255 -0.0001024651649526739 -0.9999999431243304
vn 0.00032132884458784255 -0.0001024651649526739 -0.9999999431243304
vn -0.0005151246581120524 0.00019513315584305727 -0.9999998482848076
vn -0.0005151246581120524 0.00019513315584305727 -0.9999998482848076
vn -0.0005151246581120524 0.00019513315584305727 -0.9999998482848076
vn -0.0009562914404103168 0.0015240260258901973 -0.9999983814243668
vn -0.0009562914404103168 0.0015240260258901973 -0.9999983814243668
vn -0.0009562914404103168 0.0015240260258901973 -0.9999983814243668
vn 0.0006019606362987174 -0.0027832817247307523 -0.9999959454848971
vn 0.0006019606362987174 -0.0027832817247307523 -0.9999959454848971
vn 0.0006019606362987174 -0.0027832817247307523 -0.9999959454848971
vn 0.00013211039346073226 -0.0006596583487305742 -0.999999773698828
vn 0.00013211039346073226 -0.0006596583487305742 -0.999999773698828
vn 0.00013211039346073226 -0.0006596583487305742 -0.999999773698828
vn 0.000025170598440767706 -0.00015384834654877226 -0.9999999878485636
vn 0.000025170598440767706 -0.00015384834654877226 -0.9999999878485636
vn 0.000025170598440767706 -0.00015384834654877226 -0.9999999878485636
vn -0.0011217128246277445 0.0003093616621732772 -0.9999993230276214
vn -0.0011217128246277445 0.0003093616621732772 -0.9999993230276214
vn -0.0011217128246277445 0.0003093616621732772 -0.9999993230276214
vn 0.0021483570206151333 -0.0014244752459375931 -0.9999966777106741
vn 0.0021483570206151333 -0.0014244752459375931 -0.9999966777106741
vn 0.0021483570206151333 -0.0014244752459375931 -0.9999966777106741
vn -0.0021969265861184785 0.0019161057098907865 -0.9999957510172149
vn -0.0021969265861184785 0.0019161057098907865 -0.9999957510172149
vn -0.0021969265861184785 0.0019161057098907865 -0.9999957510172149
vn 0.0000902629536598129 0.9074970998112941 0.4200583360518981
vn 0.0000902629536598129 0.9074970998112941 0.4200583360518981
vn 0.0000902629536598129 0.9074970998112941 0.4200583360518981
vn -0.0009648922504296922 0.9079515736281621 0.4190739898026231
vn -0.0009648922504296922 0.9079515736281621 0.4190739898026231
vn -0.0009648922504296922 0.9079515736281621 0.4190739898026231
vn 0.000014910134580264421 0.9075338434153684 0.41997895522682716
vn 0.000014910134580264421 0.9075338434153684 0.41997895522682716
vn 0.000014910134580264421 0.9075338434153684 0.41997895522682716
vn 0.00006992831224122265 0.907556598375412 0.41992977490918937
vn 0.00006992831224122265 0.907556598375412 0.41992977490918937
vn 0.00006992831224122265 0.907556598375412 0.41992977490918937
vn 0.0016630678523779142 0.9076467799462957 0.4197315297406654
vn 0.0016630678523779142 0.9076467799462957 0.4197315297406654
vn 0.0016630678523779142 0.9076467799462957 0.4197315297406654
vn -0.0003678344016094819 0.9082605100476606 0.4184049600396924
vn -0.0003678344016094819 0.9082605100476606 0.4184049600396924
vn -0.0003678344016094819 0.9082605100476606 0.4184049600396924
vn 0.0010395559693750461 0.9068124072551563 0.4215331272527639
vn 0.0010395559693750461 0.9068124072551563 0.4215331272527639
vn 0.0010395559693750461 0.9068124072551563 0.4215331272527639
vn 0.00010578690533659267 0.9075514995895381 0.4199407867806023
vn 0.00010578690533659267 0.9075514995895381 0.4199407867806023
vn 0.00010578690533659267 0.9075514995895381 0.4199407867806023
vn 0.0008936400316925573 0.9073767568704211 0.4203172878895303
vn 0.0008936400316925573 0.9073767568704211 0.4203172878895303
vn 0.0008936400316925573 0.9073767568704211 0.4203172878895303
vn 0.00005135957281657116 0.9075590293243819 0.41992452375871103
vn 0.00005135957281657116 0.9075590293243819 0.41992452375871103
vn 0.00005135957281657116 0.9075590293243819 0.41992452375871103
vn 0.000003408316776578998 0.907559198341691 0.41992416159798523
vn 0.000003408316776578998 0.907559198341691 0.41992416159798523
vn 0.000003408316776578998 0.907559198341691 0.41992416159798523
vn 0.00001587583042294365 0.9075497467153033 0.4199445879934003
vn 0.00001587583042294365 0.9075497467153033 0.4199445879934003
vn 0.00001587583042294365 0.9075497467153033 0.4199445879934003
vn 0.000004945828131156636 0.9075508779123964 0.4199421436054942
vn 0.000004945828131156636 0.9075508779123964 0.4199421436054942
vn 0.000004945828131156636 0.9075508779123964 0.4199421436054942
vn -0.0012325912337571062 0.9072882002705978 0.42050755328363604
vn -0.0012325912337571062 0.9072882002705978 0.42050755328363604
vn -0.0012325912337571062 0.9072882002705978 0.42050755328363604
vn 0.000004567682532917072 0.9075315697550512 0.41998386859148396
vn 0.000004567682532917072 0.9075315697550512 0.41998386859148396
vn 0.000004567682532917072 0.9075315697550512 0.41998386859148396
vn 5.22552511483704e-7 -0.9999999999997986 3.6029089756077173e-7
vn 5.22552511483704e-7 -0.9999999999997986 3.6029089756077173e-7
vn 5.22552511483704e-7 -0.9999999999997986 3.6029089756077173e-7
vn -7.643495223415173e-7 -0.9999999999994404 -7.315613856913387e-7
vn -7.643495223415173e-7 -0.9999999999994404 -7.315613856913387e-7
vn -7.643495223415173e-7 -0.9999999999994404 -7.315613856913387e-7
vn -6.447973532873576e-7 -0.9999999999980804 -0.0000018503485534857598
vn -6.447973532873576e-7 -0.9999999999980804 -0.0000018503485534857598
vn -6.447973532873576e-7 -0.9999999999980804 -0.0000018503485534857598
vn -3.6740576092583947e-7 -0.9999999999996279 -7.806423241160524e-7
vn -3.6740576092583947e-7 -0.9999999999996279 -7.806423241160524e-7
vn -3.6740576092583947e-7 -0.9999999999996279 -7.806423241160524e-7
vn 0.0000021620949155414034 -0.999999999997115 0.0000010467124411631445
vn 0.0000021620949155414034 -0.999999999997115 0.0000010467124411631445
vn 0.0000021620949155414034 -0.999999999997115 0.0000010467124411631445
vn -0.000001957870608740196 -0.9999999999956894 -0.0000021881644442961526
vn -0.000001957870608740196 -0.9999999999956894 -0.0000021881644442961526
vn -0.000001957870608740196 -0.9999999999956894 -0.0000021881644442961526
vn 0.0000012078679674208719 -0.9999999999980509 0.000001561878661956737
vn 0.0000012078679674208719 -0.9999999999980509 0.000001561878661956737
vn 0.0000012078679674208719 -0.9999999999980509 0.000001561878661956737
vn -8.238006330424789e-7 -0.9999999999993765 -7.54082293496579e-7
vn -8.238006330424789e-7 -0.9999999999993765 -7.54082293496579e-7
vn -8.238006330424789e-7 -0.9999999999993765 -7.54082293496579e-7
vn 8.319562994070537e-7 -0.9999999999995046 5.466482093649594e-7
vn 8.319562994070537e-7 -0.9999999999995046 5.466482093649594e-7
vn 8.319562994070537e-7 -0.9999999999995046 5.466482093649594e-7
vn 9.363539561484727e-7 -0.9999999999993245 6.886501182630023e-7
vn 9.363539561484727e-7 -0.9999999999993245 6.886501182630023e-7
vn 9.363539561484727e-7 -0.9999999999993245 6.886501182630023e-7
vn -0.9450458420282398 -0.30379149742352674 -0.12082666327556332
vn -0.9450458420282398 -0.30379149742352674 -0.12082666327556332
vn -0.9450458420282398 -0.30379149742352674 -0.12082666327556332
vn -0.9906516892216881 -0.10493292148591445 -0.08716830060662512
vn -0.9906516892216881 -0.10493292148591445 -0.08716830060662512
vn -0.9906516892216881 -0.10493292148591445 -0.08716830060662512
vn -0.8769773977385648 0.1139285135118131 -0.46683073770338185
vn -0.8769773977385648 0.1139285135118131 -0.46683073770338185
vn -0.8769773977385648 0.1139285135118131 -0.46683073770338185
vn -0.7635195923909233 -0.3189254731455881 -0.5615375095343684
vn -0.7635195923909233 -0.3189254731455881 -0.5615375095343684
vn -0.7635195923909233 -0.3189254731455881 -0.5615375095343684
vn -0.6747093163592025 0.180401830873567 -0.7156972249740545
vn -0.6747093163592025 0.180401830873567 -0.7156972249740545
vn -0.6747093163592025 0.180401830873567 -0.7156972249740545
vn -0.3447246207822362 -0.27146985767264575 -0.898592817799996
vn -0.3447246207822362 -0.27146985767264575 -0.898592817799996
vn -0.3447246207822362 -0.27146985767264575 -0.898592817799996
vn -0.29991278294596924 0.05776430340579152 -0.9522161560683832
vn -0.29991278294596924 0.05776430340579152 -0.9522161560683832
vn -0.29991278294596924 0.05776430340579152 -0.9522161560683832
vn 0.07050951519814051 0.16967053589993805 -0.982975237487675
vn 0.07050951519814051 0.16967053589993805 -0.982975237487675
vn 0.07050951519814051 0.16967053589993805 -0.982975237487675
vn 0.28824418756234843 -0.4428205485971596 -0.8490142814326697
vn 0.28824418756234843 -0.4428205485971596 -0.8490142814326697
vn 0.28824418756234843 -0.4428205485971596 -0.8490142814326697
vn 0.2774769916189784 -0.2863421691045269 -0.9170685259644429
vn 0.2774769916189784 -0.2863421691045269 -0.9170685259644429
vn 0.2774769916189784 -0.2863421691045269 -0.9170685259644429
vn 0.6041340348978298 0.33881188095591663 -0.7212687274526616
vn 0.6041340348978298 0.33881188095591663 -0.7212687274526616
vn 0.6041340348978298 0.33881188095591663 -0.7212687274526616
vn 0.7491526601182894 -0.353202372670769 -0.5603734252955166
vn 0.7491526601182894 -0.353202372670769 -0.5603734252955166
vn 0.7491526601182894 -0.353202372670769 -0.5603734252955166
vn 0.8874865230924145 0.24050653134271963 -0.3930957640459009
vn 0.8874865230924145 0.24050653134271963 -0.3930957640459009
vn 0.8874865230924145 0.24050653134271963 -0.3930957640459009
vn 0.9541717721120643 -0.23814532044466113 -0.18122647614196105
vn 0.9541717721120643 -0.23814532044466113 -0.18122647614196105
vn 0.9541717721120643 -0.23814532044466113 -0.18122647614196105
vn 0.9968620839709726 0.050006611655257036 -0.061362238647314
vn 0.9968620839709726 0.050006611655257036 -0.061362238647314
vn 0.9968620839709726 0.050006611655257036 -0.061362238647314
vn 0.9825634734307431 0.028845071140724227 0.1836762982820588
vn 0.9825634734307431 0.028845071140724227 0.1836762982820588
vn 0.9825634734307431 0.028845071140724227 0.1836762982820588
vn 0.9698008406396973 -0.10738556951134887 0.21898554508291215
vn 0.9698008406396973 -0.10738556951134887 0.21898554508291215
vn 0.9698008406396973 -0.10738556951134887 0.21898554508291215
vn 0.8522180454377541 0.1414778106064874 0.5036947807315943
vn 0.8522180454377541 0.1414778106064874 0.5036947807315943
vn 0.8522180454377541 0.1414778106064874 0.5036947807315943
vn 0.7586928180079447 -0.28817111899793896 0.5842453372331174
vn 0.7586928180079447 -0.28817111899793896 0.5842453372331174
vn 0.7586928180079447 -0.28817111899793896 0.5842453372331174
vn 0.5173832835872674 0.26290506438073885 0.8143681384898459
vn 0.5173832835872674 0.26290506438073885 0.8143681384898459
vn 0.5173832835872674 0.26290506438073885 0.8143681384898459
vn 0.4195277876828147 -0.17153276044813098 0.891388213661706
vn 0.4195277876828147 -0.17153276044813098 0.891388213661706
vn 0.4195277876828147 -0.17153276044813098 0.891388213661706
vn 0.11381678283869961 0.10798428953315746 0.9876158834072423
vn 0.11381678283869961 0.10798428953315746 0.9876158834072423
vn 0.11381678283869961 0.10798428953315746 0.9876158834072423
vn 0.07390012065560755 -0.06369544008983292 0.9952294524775928
vn 0.07390012065560755 -0.06369544008983292 0.9952294524775928
vn 0.07390012065560755 -0.06369544008983292 0.9952294524775928
vn -0.3785952623956517 0.08123159400625604 0.9219908109231731
vn -0.3785952623956517 0.08123159400625604 0.9219908109231731
vn -0.3785952623956517 0.08123159400625604 0.9219908109231731
vn -0.423217717932207 -0.256753834588779 0.8688867772340724
vn -0.423217717932207 -0.256753834588779 0.8688867772340724
vn -0.423217717932207 -0.256753834588779 0.8688867772340724
vn -0.7429004271827971 0.27620455474946576 0.6097622481158265
vn -0.7429004271827971 0.27620455474946576 0.6097622481158265
vn -0.7429004271827971 0.27620455474946576 0.6097622481158265
vn -0.826696114108219 -0.3606503378743176 0.43186209455046104
vn -0.826696114108219 -0.3606503378743176 0.43186209455046104
vn -0.826696114108219 -0.3606503378743176 0.43186209455046104
vn -0.9350404891439513 0.027545344532453518 0.3534692881369312
vn -0.9350404891439513 0.027545344532453518 0.3534692881369312
vn -0.9350404891439513 0.027545344532453518 0.3534692881369312
vn -0.9901326278451817 0.0950398443184519 0.1029796449222831
vn -0.9901326278451817 0.0950398443184519 0.1029796449222831
vn -0.9901326278451817 0.0950398443184519 0.1029796449222831
vn 0.6231533761400875 -0.010782671878446332 -0.7820253217079179
vn 0.6231533761400875 -0.010782671878446332 -0.7820253217079179
vn 0.6231533761400875 -0.010782671878446332 -0.7820253217079179
vn 0.0009433875196014925 0.9914103854424446 0.13078439378171708
vn 0.0009433875196014925 0.9914103854424446 0.13078439378171708
vn 0.0009433875196014925 0.9914103854424446 0.13078439378171708
vn 0.002266322027561343 0.9915907969415664 0.12939302610750256
vn 0.002266322027561343 0.9915907969415664 0.12939302610750256
vn 0.002266322027561343 0.9915907969415664 0.12939302610750256
vn 0.0025932844470151362 0.9912403127251883 0.1320451335879056
vn 0.0025932844470151362 0.9912403127251883 0.1320451335879056
vn 0.0025932844470151362 0.9912403127251883 0.1320451335879056
vn -0.001019679218212978 0.988984143782253 0.14801798404780275
vn -0.001019679218212978 0.988984143782253 0.14801798404780275
vn -0.001019679218212978 0.988984143782253 0.14801798404780275
vn 0.0006540109352509368 0.9912318266960957 0.1321326530968698
vn 0.0006540109352509368 0.9912318266960957 0.1321326530968698
vn 0.0006540109352509368 0.9912318266960957 0.1321326530968698
vn 0.003635785207068093 0.9919637757946119 0.1264699512818155
vn 0.003635785207068093 0.9919637757946119 0.1264699512818155
vn 0.003635785207068093 0.9919637757946119 0.1264699512818155
vn 0.002306046610581942 0.9915337933860527 0.12982842031887415
vn 0.002306046610581942 0.9915337933860527 0.12982842031887415
vn 0.002306046610581942 0.9915337933860527 0.12982842031887415
vn 0.0017908361189651893 0.9900512180939482 0.1406960498972323
vn 0.0017908361189651893 0.9900512180939482 0.1406960498972323
vn 0.0017908361189651893 0.9900512180939482 0.1406960498972323
vn 0.924084995181662 -0.02673283889650785 0.38125093705411556
vn 0.924084995181662 -0.02673283889650785 0.38125093705411556
vn 0.924084995181662 -0.02673283889650785 0.38125093705411556
vn 0.8306340055541598 0.03560386258315941 0.5556793263980688
vn 0.8306340055541598 0.03560386258315941 0.5556793263980688
vn 0.8306340055541598 0.03560386258315941 0.5556793263980688
vn 0.794511117375861 -0.00188516517533658 0.6072466801213675
vn 0.794511117375861 -0.00188516517533658 0.6072466801213675
vn 0.794511117375861 -0.00188516517533658 0.6072466801213675
vn 0.6598725240887733 0.004778510834401692 0.7513623744817921
vn 0.6598725240887733 0.004778510834401692 0.7513623744817921
vn 0.6598725240887733 0.004778510834401692 0.7513623744817921
vn 0.6596283144249233 0.00494680587314663 0.7515756887503665
vn 0.6596283144249233 0.00494680587314663 0.7515756887503665
vn 0.6596283144249233 0.00494680587314663 0.7515756887503665
vn 0.4908158120568839 0.024566281273915705 0.87091695152828
vn 0.4908158120568839 0.024566281273915705 0.87091695152828
vn 0.4908158120568839 0.024566281273915705 0.87091695152828
vn 0.402419649281568 -0.005804746773060874 0.9154369070487602
vn 0.402419649281568 -0.005804746773060874 0.9154369070487602
vn 0.402419649281568 -0.005804746773060874 0.9154369070487602
vn 0.43270614640393085 0.0188078190684355 0.9013388135469088
vn 0.43270614640393085 0.0188078190684355 0.9013388135469088
vn 0.43270614640393085 0.0188078190684355 0.9013388135469088
vn 0.21609352626219075 -0.0066511952617333515 0.9763500138317007
vn 0.21609352626219075 -0.0066511952617333515 0.9763500138317007
vn 0.21609352626219075 -0.0066511952617333515 0.9763500138317007
vn -0.03263096484060723 -0.008417813036937083 0.9994320189774021
vn -0.03263096484060723 -0.008417813036937083 0.9994320189774021
vn -0.03263096484060723 -0.008417813036937083 0.9994320189774021
vn -0.27969729666029536 -0.014691047247352122 0.9599758306185103
vn -0.27969729666029536 -0.014691047247352122 0.9599758306185103
vn -0.27969729666029536 -0.014691047247352122 0.9599758306185103
vn -0.3901230057655099 0.02030508572341842 0.920538833437378
vn -0.3901230057655099 0.02030508572341842 0.920538833437378
vn -0.3901230057655099 0.02030508572341842 0.920538833437378
vn -0.5334129879606021 -0.0010633211250523523 0.845854274460517
vn -0.5334129879606021 -0.0010633211250523523 0.845854274460517
vn -0.5334129879606021 -0.0010633211250523523 0.845854274460517
vn -0.532114873119994 -0.001895595725808487 0.8466700470202884
vn -0.532114873119994 -0.001895595725808487 0.8466700470202884
vn -0.532114873119994 -0.001895595725808487 0.8466700470202884
vn -0.7157777407642731 0.013345671556269503 0.6982006293875029
vn -0.7157777407642731 0.013345671556269503 0.6982006293875029
vn -0.7157777407642731 0.013345671556269503 0.6982006293875029
vn -0.7539203769388405 -0.008254999301863103 0.656913936694087
vn -0.7539203769388405 -0.008254999301863103 0.656913936694087
vn -0.7539203769388405 -0.008254999301863103 0.656913936694087
vn -0.8359428836499159 0.02523791103013379 0.5482358462577015
vn -0.8359428836499159 0.02523791103013379 0.5482358462577015
vn -0.8359428836499159 0.02523791103013379 0.5482358462577015
vn -0.8924571405794421 -0.01079599947572233 0.45100299181278836
vn -0.8924571405794421 -0.01079599947572233 0.45100299181278836
vn -0.8924571405794421 -0.01079599947572233 0.45100299181278836
vn -0.9430075243246779 0.03661157546023941 0.3307512684924442
vn -0.9430075243246779 0.03661157546023941 0.3307512684924442
vn -0.9430075243246779 0.03661157546023941 0.3307512684924442
vn -0.9774277537760775 -0.023601503394358545 0.20994750578603671
vn -0.9774277537760775 -0.023601503394358545 0.20994750578603671
vn -0.9774277537760775 -0.023601503394358545 0.20994750578603671
vn -0.9998762977604849 0.012939417442254367 -0.008942072077621106
vn -0.9998762977604849 0.012939417442254367 -0.008942072077621106
vn -0.9998762977604849 0.012939417442254367 -0.008942072077621106
vn -0.9976740090248863 0.027862037178311864 0.06221156323775776
vn -0.9976740090248863 0.027862037178311864 0.06221156323775776
vn -0.9976740090248863 0.027862037178311864 0.06221156323775776
vn -0.997458547659571 0.05005138964462312 -0.05070802791966363
vn -0.997458547659571 0.05005138964462312 -0.05070802791966363
vn -0.997458547659571 0.05005138964462312 -0.05070802791966363
vn -0.9700873042034229 -0.003989778052607397 -0.2427235132706069
vn -0.9700873042034229 -0.003989778052607397 -0.2427235132706069
vn -0.9700873042034229 -0.003989778052607397 -0.2427235132706069
vn -0.9491140102535258 0.06734031336760633 -0.30764895211266813
vn -0.9491140102535258 0.06734031336760633 -0.30764895211266813
vn -0.9491140102535258 0.06734031336760633 -0.30764895211266813
vn -0.911186190184795 0.025062539773792615 -0.411231803143441
vn -0.911186190184795 0.025062539773792615 -0.411231803143441
vn -0.911186190184795 0.025062539773792615 -0.411231803143441
vn -0.8836856035351177 0.08383706351490948 -0.46051178148443905
vn -0.8836856035351177 0.08383706351490948 -0.46051178148443905
vn -0.8836856035351177 0.08383706351490948 -0.46051178148443905
vn -0.7842196701904977 -0.01741767089180675 -0.6202387714638711
vn -0.7842196701904977 -0.01741767089180675 -0.6202387714638711
vn -0.7842196701904977 -0.01741767089180675 -0.6202387714638711
vn 0.9602965850330615 0.03508674403703575 0.276765946544584
vn 0.9602965850330615 0.03508674403703575 0.276765946544584
vn 0.9602965850330615 0.03508674403703575 0.276765946544584
vn 0.9975836853505586 0.02754167275694073 0.06378281103986544
vn 0.9975836853505586 0.02754167275694073 0.06378281103986544
vn 0.9975836853505586 0.02754167275694073 0.06378281103986544
vn 0.9866869683157756 -0.006428667496315234 0.16250384238548196
vn 0.9866869683157756 -0.006428667496315234 0.16250384238548196
vn 0.9866869683157756 -0.006428667496315234 0.16250384238548196
vn 0.9986996703973436 -0.02305205737431001 -0.04547055089889043
vn 0.9986996703973436 -0.02305205737431001 -0.04547055089889043
vn 0.9986996703973436 -0.02305205737431001 -0.04547055089889043
vn 0.9864338170016204 0.06679482100787311 -0.14995591539562605
vn 0.9864338170016204 0.06679482100787311 -0.14995591539562605
vn 0.9864338170016204 0.06679482100787311 -0.14995591539562605
vn 0.9474051346489415 -0.01819084723312748 -0.31951933261973664
vn 0.9474051346489415 -0.01819084723312748 -0.31951933261973664
vn 0.9474051346489415 -0.01819084723312748 -0.31951933261973664
vn 0.9110688439523252 0.10653222948075568 -0.3982517365451572
vn 0.9110688439523252 0.10653222948075568 -0.3982517365451572
vn 0.9110688439523252 0.10653222948075568 -0.3982517365451572
vn 0.8610576515580025 -0.012712670673750912 -0.5083484127030967
vn 0.8610576515580025 -0.012712670673750912 -0.5083484127030967
vn 0.8610576515580025 -0.012712670673750912 -0.5083484127030967
vn 0.7567853790543506 0.04280565601543825 -0.6522603512882343
vn 0.7567853790543506 0.04280565601543825 -0.6522603512882343
vn 0.7567853790543506 0.04280565601543825 -0.6522603512882343
vn -0.047102128274292714 0.9912177545275224 0.12356679416998888
vn -0.047102128274292714 0.9912177545275224 0.12356679416998888
vn -0.047102128274292714 0.9912177545275224 0.12356679416998888
vn 0.5460004901535119 0.27103642100884373 -0.7927311796812596
vn 0.5460004901535119 0.27103642100884373 -0.7927311796812596
vn 0.5460004901535119 0.27103642100884373 -0.7927311796812596
vn 0.7444797395264589 0.13336193986144276 -0.6541899650950089
vn 0.7444797395264589 0.13336193986144276 -0.6541899650950089
vn 0.7444797395264589 0.13336193986144276 -0.6541899650950089
vn 0.14092180468773544 0.020915952078371356 0.9897997615236162
vn 0.14092180468773544 0.020915952078371356 0.9897997615236162
vn 0.14092180468773544 0.020915952078371356 0.9897997615236162
vn -0.13440483631570507 0.025297045374661424 0.9906035531282233
vn -0.13440483631570507 0.025297045374661424 0.9906035531282233
vn -0.13440483631570507 0.025297045374661424 0.9906035531282233
vn -0.739991897424817 0.18737040311218578 -0.6459909626172772
vn -0.739991897424817 0.18737040311218578 -0.6459909626172772
vn -0.739991897424817 0.18737040311218578 -0.6459909626172772
vn -0.5743209767951443 0.2644923053570757 -0.7747252648648878
vn -0.5743209767951443 0.2644923053570757 -0.7747252648648878
vn -0.5743209767951443 0.2644923053570757 -0.7747252648648878
vn -0.12322180553884497 0.36623733747437354 -0.9223267313048175
vn -0.12322180553884497 0.36623733747437354 -0.9223267313048175
vn -0.12322180553884497 0.36623733747437354 -0.9223267313048175
vn 0.11838472063295695 0.49204540975054245 -0.862482679631352
vn 0.11838472063295695 0.49204540975054245 -0.862482679631352
vn 0.11838472063295695 0.49204540975054245 -0.862482679631352
vn 0.35521856378823347 0.4050457526426562 -0.842471192508307
vn 0.35521856378823347 0.4050457526426562 -0.842471192508307
vn 0.35521856378823347 0.4050457526426562 -0.842471192508307
vn -0.2113971003749598 0.9290663769621933 0.3035571332573213
vn -0.2113971003749598 0.9290663769621933 0.3035571332573213
vn -0.2113971003749598 0.9290663769621933 0.3035571332573213
vn -0.3292287315282119 0.8990626403921893 0.28860840422161876
vn -0.3292287315282119 0.8990626403921893 0.28860840422161876
vn -0.3292287315282119 0.8990626403921893 0.28860840422161876
vn -0.3166160592478519 0.9300109770456454 0.18663829617997668
vn -0.3166160592478519 0.9300109770456454 0.18663829617997668
vn -0.3166160592478519 0.9300109770456454 0.18663829617997668
vn -0.1902176617491089 0.9800163655415656 0.058182165905047045
vn -0.1902176617491089 0.9800163655415656 0.058182165905047045
vn -0.1902176617491089 0.9800163655415656 0.058182165905047045
vn 0.7090990417745026 0.5679251451017324 -0.41789900516232226
vn 0.7090990417745026 0.5679251451017324 -0.41789900516232226
vn 0.7090990417745026 0.5679251451017324 -0.41789900516232226
vn 0.49193912455216837 0.4963998467339583 0.7152503686803305
vn 0.49193912455216837 0.4963998467339583 0.7152503686803305
vn 0.49193912455216837 0.4963998467339583 0.7152503686803305
vn 0.4616471490337085 0.483679916383407 0.7435964283644653
vn 0.4616471490337085 0.483679916383407 0.7435964283644653
vn 0.4616471490337085 0.483679916383407 0.7435964283644653
vn 0.19998560940107704 0.4835754059694916 0.8521505634416499
vn 0.19998560940107704 0.4835754059694916 0.8521505634416499
vn 0.19998560940107704 0.4835754059694916 0.8521505634416499
vn -0.3958146765480748 0.416975218953514 0.8182068250801946
vn -0.3958146765480748 0.416975218953514 0.8182068250801946
vn -0.3958146765480748 0.416975218953514 0.8182068250801946
vn 0.932566726540687 0.3563135656693964 -0.0579650193577874
vn 0.932566726540687 0.3563135656693964 -0.0579650193577874
vn 0.932566726540687 0.3563135656693964 -0.0579650193577874
vn 0.9385524661115799 0.3274987135810894 0.10892135217028505
vn 0.9385524661115799 0.3274987135810894 0.10892135217028505
vn 0.9385524661115799 0.3274987135810894 0.10892135217028505
vn 0.7705723092575186 0.3236502428015765 0.5490617784366487
vn 0.7705723092575186 0.3236502428015765 0.5490617784366487
vn 0.7705723092575186 0.3236502428015765 0.5490617784366487
vn 0.6304533446607314 0.28961768585636266 0.7201737125480923
vn 0.6304533446607314 0.28961768585636266 0.7201737125480923
vn 0.6304533446607314 0.28961768585636266 0.7201737125480923
vn 0.1231468598384987 0.2711720423605822 0.9546206442110436
vn 0.1231468598384987 0.2711720423605822 0.9546206442110436
vn 0.1231468598384987 0.2711720423605822 0.9546206442110436
vn -0.1340081431163026 0.2259633008198976 0.9648742945384634
vn -0.1340081431163026 0.2259633008198976 0.9648742945384634
vn -0.1340081431163026 0.2259633008198976 0.9648742945384634
vn -0.2411668155188713 0.3539266889568563 0.9036450995476729
vn -0.2411668155188713 0.3539266889568563 0.9036450995476729
vn -0.2411668155188713 0.3539266889568563 0.9036450995476729
vn -0.31048992091537336 0.3142490666297113 0.897130722432534
vn -0.31048992091537336 0.3142490666297113 0.897130722432534
vn -0.31048992091537336 0.3142490666297113 0.897130722432534
vn -0.5134310179972602 0.2849276393632589 0.8094472373695382
vn -0.5134310179972602 0.2849276393632589 0.8094472373695382
vn -0.5134310179972602 0.2849276393632589 0.8094472373695382
vn -0.38104900048578044 0.13833702857748703 -0.9141468841237381
vn -0.38104900048578044 0.13833702857748703 -0.9141468841237381
vn -0.38104900048578044 0.13833702857748703 -0.9141468841237381
vn -0.8978497411519802 0.27635020096237156 0.3427774915909428
vn -0.8978497411519802 0.27635020096237156 0.3427774915909428
vn -0.8978497411519802 0.27635020096237156 0.3427774915909428
vn 0.7808176045150238 0.2620187323275834 0.5671596357189623
vn 0.7808176045150238 0.2620187323275834 0.5671596357189623
vn 0.7808176045150238 0.2620187323275834 0.5671596357189623
vn 0.8902960514456282 0.29228827668529633 -0.3491998054018118
vn 0.8902960514456282 0.29228827668529633 -0.3491998054018118
vn 0.8902960514456282 0.29228827668529633 -0.3491998054018118
vn 0.5426073048468534 0.3007917091809405 -0.7842841707027131
vn 0.5426073048468534 0.3007917091809405 -0.7842841707027131
vn 0.5426073048468534 0.3007917091809405 -0.7842841707027131
vn 0.72182444671499 0.38070096486181937 -0.5779586866531884
vn 0.72182444671499 0.38070096486181937 -0.5779586866531884
vn 0.72182444671499 0.38070096486181937 -0.5779586866531884
vn 0.562746412075295 0.549547320965812 -0.6175064515579421
vn 0.562746412075295 0.549547320965812 -0.6175064515579421
vn 0.562746412075295 0.549547320965812 -0.6175064515579421
vn 0.3707755793578032 0.4584648596198063 -0.8076728559544865
vn 0.3707755793578032 0.4584648596198063 -0.8076728559544865
vn 0.3707755793578032 0.4584648596198063 -0.8076728559544865
vn 0.11898564685636177 0.4952288327573248 -0.8605758647835708
vn 0.11898564685636177 0.4952288327573248 -0.8605758647835708
vn 0.11898564685636177 0.4952288327573248 -0.8605758647835708
vn -0.17768165111277612 0.6030620215061933 -0.7776537976983727
vn -0.17768165111277612 0.6030620215061933 -0.7776537976983727
vn -0.17768165111277612 0.6030620215061933 -0.7776537976983727
vn -0.3416496589732213 0.4640618961857932 -0.8172649919285223
vn -0.3416496589732213 0.4640618961857932 -0.8172649919285223
vn -0.3416496589732213 0.4640618961857932 -0.8172649919285223
vn -0.5687112883858196 0.463333136044496 -0.6796248049517568
vn -0.5687112883858196 0.463333136044496 -0.6796248049517568
vn -0.5687112883858196 0.463333136044496 -0.6796248049517568
vn -0.6262928054584914 0.5350702836247446 -0.5669718806190195
vn -0.6262928054584914 0.5350702836247446 -0.5669718806190195
vn -0.6262928054584914 0.5350702836247446 -0.5669718806190195
vn -0.7082667817649811 0.40158405167637984 -0.5805931581473033
vn -0.7082667817649811 0.40158405167637984 -0.5805931581473033
vn -0.7082667817649811 0.40158405167637984 -0.5805931581473033
vn -0.743188433588955 0.566362852323489 -0.3562359775311825
vn -0.743188433588955 0.566362852323489 -0.3562359775311825
vn -0.743188433588955 0.566362852323489 -0.3562359775311825
vn -0.8881985174010474 0.45945922703645586 0.0007825456175727869
vn -0.8881985174010474 0.45945922703645586 0.0007825456175727869
vn -0.8881985174010474 0.45945922703645586 0.0007825456175727869
vn -0.875321205184956 0.40827923815102296 0.2590769218752922
vn -0.875321205184956 0.40827923815102296 0.2590769218752922
vn -0.875321205184956 0.40827923815102296 0.2590769218752922
vn -0.7442912478885237 0.33977454989814243 0.5749641671948426
vn -0.7442912478885237 0.33977454989814243 0.5749641671948426
vn -0.7442912478885237 0.33977454989814243 0.5749641671948426
vn -0.6163051149861668 0.3797647072196101 0.6898889565664111
vn -0.6163051149861668 0.3797647072196101 0.6898889565664111
vn -0.6163051149861668 0.3797647072196101 0.6898889565664111
vn -0.6170975568670345 0.3670282663556381 0.6960465911163647
vn -0.6170975568670345 0.3670282663556381 0.6960465911163647
vn -0.6170975568670345 0.3670282663556381 0.6960465911163647
vn -0.03389395079657643 0.3553637021926852 0.934113397432725
vn -0.03389395079657643 0.3553637021926852 0.934113397432725
vn -0.03389395079657643 0.3553637021926852 0.934113397432725
vn 0.20072959325587986 0.4586312762190303 0.8656586988328788
vn 0.20072959325587986 0.4586312762190303 0.8656586988328788
vn 0.20072959325587986 0.4586312762190303 0.8656586988328788
vn 0.8611718048975696 0.3838411373556388 0.33324030927094045
vn 0.8611718048975696 0.3838411373556388 0.33324030927094045
vn 0.8611718048975696 0.3838411373556388 0.33324030927094045
vn 0.858223487147578 0.38855963460041826 0.3353712218832142
vn 0.858223487147578 0.38855963460041826 0.3353712218832142
vn 0.858223487147578 0.38855963460041826 0.3353712218832142
vn 0.8998463699974651 0.4317717528236393 0.062045659525766635
vn 0.8998463699974651 0.4317717528236393 0.062045659525766635
vn 0.8998463699974651 0.4317717528236393 0.062045659525766635
vn -0.023080842998057766 0.9485424933138304 0.315807557009773
vn -0.023080842998057766 0.9485424933138304 0.315807557009773
vn -0.023080842998057766 0.9485424933138304 0.315807557009773
vn 0.2662005469512565 0.9306247391708024 0.2511470956354621
vn 0.2662005469512565 0.9306247391708024 0.2511470956354621
vn 0.2662005469512565 0.9306247391708024 0.2511470956354621
vn 0.28977912601035527 0.8353621345369531 0.4671168615138401
vn 0.28977912601035527 0.8353621345369531 0.4671168615138401
vn 0.28977912601035527 0.8353621345369531 0.4671168615138401
vn 0.18911601593938102 0.878837585026657 0.4380406735221393
vn 0.18911601593938102 0.878837585026657 0.4380406735221393
vn 0.18911601593938102 0.878837585026657 0.4380406735221393
vn 0.02084160015080414 0.8600905445749716 0.5097154920501069
vn 0.02084160015080414 0.8600905445749716 0.5097154920501069
vn 0.02084160015080414 0.8600905445749716 0.5097154920501069
vn -0.2020507307243543 0.8387498861332008 0.5056422952298368
vn -0.2020507307243543 0.8387498861332008 0.5056422952298368
vn -0.2020507307243543 0.8387498861332008 0.5056422952298368
vn -0.2553392638951216 0.8903250660293345 0.37699222420808437
vn -0.2553392638951216 0.8903250660293345 0.37699222420808437
vn -0.2553392638951216 0.8903250660293345 0.37699222420808437
vn -0.5744252770180025 0.817975814730472 -0.030841005800908528
vn -0.5744252770180025 0.817975814730472 -0.030841005800908528
vn -0.5744252770180025 0.817975814730472 -0.030841005800908528
vn -0.502123708794747 0.8472472946041174 0.17333148257662867
vn -0.502123708794747 0.8472472946041174 0.17333148257662867
vn -0.502123708794747 0.8472472946041174 0.17333148257662867
vn 0.16141908045852071 0.7982972350876852 0.5802287522307757
vn 0.16141908045852071 0.7982972350876852 0.5802287522307757
vn 0.16141908045852071 0.7982972350876852 0.5802287522307757
vn 0.34710694054830243 0.8683939154091886 0.35413102025026877
vn 0.34710694054830243 0.8683939154091886 0.35413102025026877
vn 0.34710694054830243 0.8683939154091886 0.35413102025026877
vn 0.5147576969005592 0.8550292917421892 0.0628444408399208
vn 0.5147576969005592 0.8550292917421892 0.0628444408399208
vn 0.5147576969005592 0.8550292917421892 0.0628444408399208
vn 0.39495632263402225 0.885566477737786 0.24450259041266156
vn 0.39495632263402225 0.885566477737786 0.24450259041266156
vn 0.39495632263402225 0.885566477737786 0.24450259041266156
vn 0.4405376338265004 0.7848386209719393 -0.43583819499145865
vn 0.4405376338265004 0.7848386209719393 -0.43583819499145865
vn 0.4405376338265004 0.7848386209719393 -0.43583819499145865
vn -0.21957361271936895 0.95708010723086 -0.18916949262587246
vn -0.21957361271936895 0.95708010723086 -0.18916949262587246
vn -0.21957361271936895 0.95708010723086 -0.18916949262587246
vn -0.019120968705384635 0.9511349115204375 -0.3081830116063787
vn -0.019120968705384635 0.9511349115204375 -0.3081830116063787
vn -0.019120968705384635 0.9511349115204375 -0.3081830116063787
vn 0.08919764341272582 0.821795585641309 -0.5627573152168476
vn 0.08919764341272582 0.821795585641309 -0.5627573152168476
vn 0.08919764341272582 0.821795585641309 -0.5627573152168476
vn 0.1870002047314585 0.9280089963225737 -0.3222269792782134
vn 0.1870002047314585 0.9280089963225737 -0.3222269792782134
vn 0.1870002047314585 0.9280089963225737 -0.3222269792782134
vn 0.3350841631752771 0.9337180063799294 -0.12605271972874776
vn 0.3350841631752771 0.9337180063799294 -0.12605271972874776
vn 0.3350841631752771 0.9337180063799294 -0.12605271972874776
vn 0.4793978830639837 0.8575218143021849 -0.1866387090334164
vn 0.4793978830639837 0.8575218143021849 -0.1866387090334164
vn 0.4793978830639837 0.8575218143021849 -0.1866387090334164
vn 0.410232038013042 0.9070399419208789 0.09480621682060071
vn 0.410232038013042 0.9070399419208789 0.09480621682060071
vn 0.410232038013042 0.9070399419208789 0.09480621682060071
vn -0.16126976891818276 0.9795534005326623 -0.1202796621959585
vn -0.16126976891818276 0.9795534005326623 -0.1202796621959585
vn -0.16126976891818276 0.9795534005326623 -0.1202796621959585
vn 0.7199884635383623 0.6820542199526134 0.12813529340700947
vn 0.7199884635383623 0.6820542199526134 0.12813529340700947
vn 0.7199884635383623 0.6820542199526134 0.12813529340700947
vn 0.6157615444430878 0.7371045065795383 0.27841455918324115
vn 0.6157615444430878 0.7371045065795383 0.27841455918324115
vn 0.6157615444430878 0.7371045065795383 0.27841455918324115
vn 0.6761464266852439 0.6612757239261489 0.32486986106243193
vn 0.6761464266852439 0.6612757239261489 0.32486986106243193
vn 0.6761464266852439 0.6612757239261489 0.32486986106243193
vn 0.553876936759458 0.7036493424713943 0.44508194949417323
vn 0.553876936759458 0.7036493424713943 0.44508194949417323
vn 0.553876936759458 0.7036493424713943 0.44508194949417323
vn -0.24879272391886906 0.7188517483000897 0.6491181283024948
vn -0.24879272391886906 0.7188517483000897 0.6491181283024948
vn -0.24879272391886906 0.7188517483000897 0.6491181283024948
vn -0.4757201101616125 0.7128925362542002 0.5152422813986417
vn -0.4757201101616125 0.7128925362542002 0.5152422813986417
vn -0.4757201101616125 0.7128925362542002 0.5152422813986417
vn -0.6623991800328797 0.7446584186994758 -0.0819217050101193
vn -0.6623991800328797 0.7446584186994758 -0.0819217050101193
vn -0.6623991800328797 0.7446584186994758 -0.0819217050101193
vn -0.6874832396439942 0.6751630789834169 -0.26743524821203174
vn -0.6874832396439942 0.6751630789834169 -0.26743524821203174
vn -0.6874832396439942 0.6751630789834169 -0.26743524821203174
vn -0.4133750715710372 0.8686727115994912 -0.2729995793513736
vn -0.4133750715710372 0.8686727115994912 -0.2729995793513736
vn -0.4133750715710372 0.8686727115994912 -0.2729995793513736
vn -0.41549744949349027 0.893381351759234 -0.17097259953936553
vn -0.41549744949349027 0.893381351759234 -0.17097259953936553
vn -0.41549744949349027 0.893381351759234 -0.17097259953936553
vn 0.8209764789901804 0.5526438838721338 -0.14346553092505954
vn 0.8209764789901804 0.5526438838721338 -0.14346553092505954
vn 0.8209764789901804 0.5526438838721338 -0.14346553092505954
vn 0.5995361745145728 0.6005163728881245 0.5290902204177683
vn 0.5995361745145728 0.6005163728881245 0.5290902204177683
vn 0.5995361745145728 0.6005163728881245 0.5290902204177683
vn -0.019939157445208543 0.5767513916793077 0.8166763509471527
vn -0.019939157445208543 0.5767513916793077 0.8166763509471527
vn -0.019939157445208543 0.5767513916793077 0.8166763509471527
vn -0.33925975118315405 0.6229177850967609 0.7048944986572742
vn -0.33925975118315405 0.6229177850967609 0.7048944986572742
vn -0.33925975118315405 0.6229177850967609 0.7048944986572742
vn -0.5224084891839947 0.5591167251896623 0.6437995480284866
vn -0.5224084891839947 0.5591167251896623 0.6437995480284866
vn -0.5224084891839947 0.5591167251896623 0.6437995480284866
vn -0.7043392717352913 0.5609398531312969 0.43503180511364714
vn -0.7043392717352913 0.5609398531312969 0.43503180511364714
vn -0.7043392717352913 0.5609398531312969 0.43503180511364714
vn -0.676459432383995 0.5425659424007213 0.49802091771886503
vn -0.676459432383995 0.5425659424007213 0.49802091771886503
vn -0.676459432383995 0.5425659424007213 0.49802091771886503
vn -0.8215869523270234 0.5622077487181888 -0.09443159983405748
vn -0.8215869523270234 0.5622077487181888 -0.09443159983405748
vn -0.8215869523270234 0.5622077487181888 -0.09443159983405748
vn -0.3894215559310884 0.7188639109581834 -0.5758346371121791
vn -0.3894215559310884 0.7188639109581834 -0.5758346371121791
vn -0.3894215559310884 0.7188639109581834 -0.5758346371121791
vn 0.6476103734462006 0.7597465598451152 -0.05818907980356492
vn 0.6476103734462006 0.7597465598451152 -0.05818907980356492
vn 0.6476103734462006 0.7597465598451152 -0.05818907980356492
vn 0.47883455458999546 0.6243849202881251 0.617139320289505
vn 0.47883455458999546 0.6243849202881251 0.617139320289505
vn 0.47883455458999546 0.6243849202881251 0.617139320289505
vn 0.2423563181306698 0.6023354005753803 0.7605626077292007
vn 0.2423563181306698 0.6023354005753803 0.7605626077292007
vn 0.2423563181306698 0.6023354005753803 0.7605626077292007
vn -0.06458404090287263 0.6695106211049113 0.7399894795795222
vn -0.06458404090287263 0.6695106211049113 0.7399894795795222
vn -0.06458404090287263 0.6695106211049113 0.7399894795795222
vn -0.1547641144113329 0.6412427367416436 0.751568906665625
vn -0.1547641144113329 0.6412427367416436 0.751568906665625
vn -0.1547641144113329 0.6412427367416436 0.751568906665625
vn -0.6145638770897727 0.7021645247430102 0.35955002596135266
vn -0.6145638770897727 0.7021645247430102 0.35955002596135266
vn -0.6145638770897727 0.7021645247430102 0.35955002596135266
vn -0.7251051711228448 0.650952760613105 0.22468421008403636
vn -0.7251051711228448 0.650952760613105 0.22468421008403636
vn -0.7251051711228448 0.650952760613105 0.22468421008403636
vn -0.7247679131374101 0.6515070704164181 0.22416513842223534
vn -0.7247679131374101 0.6515070704164181 0.22416513842223534
vn -0.7247679131374101 0.6515070704164181 0.22416513842223534
vn -0.10317483644144322 0.8643096769008887 -0.4922638881136444
vn -0.10317483644144322 0.8643096769008887 -0.4922638881136444
vn -0.10317483644144322 0.8643096769008887 -0.4922638881136444
vn 0.2437316336187445 0.8822288541780172 -0.402823956126347
vn 0.2437316336187445 0.8822288541780172 -0.402823956126347
vn 0.2437316336187445 0.8822288541780172 -0.402823956126347
vn 0.20453285018954456 0.956476108149968 0.2081340138747922
vn 0.20453285018954456 0.956476108149968 0.2081340138747922
vn 0.20453285018954456 0.956476108149968 0.2081340138747922
vn 0.26777284636195525 0.9225969669008826 0.27769144642301963
vn 0.26777284636195525 0.9225969669008826 0.27769144642301963
vn 0.26777284636195525 0.9225969669008826 0.27769144642301963
vn 0.08573854439508932 0.9145824615733373 0.3952060513042103
vn 0.08573854439508932 0.9145824615733373 0.3952060513042103
vn 0.08573854439508932 0.9145824615733373 0.3952060513042103
vn 0.16603158640087826 0.9102763061300045 0.37924999514241525
vn 0.16603158640087826 0.9102763061300045 0.37924999514241525
vn 0.16603158640087826 0.9102763061300045 0.37924999514241525
vn 0.14466483733473423 0.9010257026781079 0.40893125088740384
vn 0.14466483733473423 0.9010257026781079 0.40893125088740384
vn 0.14466483733473423 0.9010257026781079 0.40893125088740384
vn 0.08551917120198085 0.890175093219584 0.447520697586638
vn 0.08551917120198085 0.890175093219584 0.447520697586638
vn 0.08551917120198085 0.890175093219584 0.447520697586638
vn 0.07759588369462933 0.8341979553945594 0.5459786168424422
vn 0.07759588369462933 0.8341979553945594 0.5459786168424422
vn 0.07759588369462933 0.8341979553945594 0.5459786168424422
vn 0.01025007086458471 0.8895784443717112 0.45666741437995917
vn 0.01025007086458471 0.8895784443717112 0.45666741437995917
vn 0.01025007086458471 0.8895784443717112 0.45666741437995917
vn 0.05621561111414711 0.8987646820300553 0.4348124324378002
vn 0.05621561111414711 0.8987646820300553 0.4348124324378002
vn 0.05621561111414711 0.8987646820300553 0.4348124324378002
vn -0.007344721365637557 -0.9061086196107544 -0.42298135246740415
vn -0.007344721365637557 -0.9061086196107544 -0.42298135246740415
vn -0.007344721365637557 -0.9061086196107544 -0.42298135246740415
vn 0.048866075424381816 0.8817815941619918 0.46911973617590985
vn 0.048866075424381816 0.8817815941619918 0.46911973617590985
vn 0.048866075424381816 0.8817815941619918 0.46911973617590985
vn 0.1192400668166587 0.9385147009519768 0.3239937693267888
vn 0.1192400668166587 0.9385147009519768 0.3239937693267888
vn 0.1192400668166587 0.9385147009519768 0.3239937693267888
vn -0.028396998024652412 0.8879092468231881 0.4591413506852403
vn -0.028396998024652412 0.8879092468231881 0.4591413506852403
vn -0.028396998024652412 0.8879092468231881 0.4591413506852403
vn -0.09875558538575759 0.8546349598247992 0.509751331337526
vn -0.09875558538575759 0.8546349598247992 0.509751331337526
vn -0.09875558538575759 0.8546349598247992 0.509751331337526
vn -0.05033820410929894 0.88942389194715 0.4543029888088294
vn -0.05033820410929894 0.88942389194715 0.4543029888088294
vn -0.05033820410929894 0.88942389194715 0.4543029888088294
vn -0.09106644872438173 0.9133092645082117 0.39695476981666133
vn -0.09106644872438173 0.9133092645082117 0.39695476981666133
vn -0.09106644872438173 0.9133092645082117 0.39695476981666133
vn -0.12298622615667319 0.9332663928126389 0.3374733000138303
vn -0.12298622615667319 0.9332663928126389 0.3374733000138303
vn -0.12298622615667319 0.9332663928126389 0.3374733000138303
vn -0.5678098940871881 0.524793578496755 -0.634179488902997
vn -0.5678098940871881 0.524793578496755 -0.634179488902997
vn -0.5678098940871881 0.524793578496755 -0.634179488902997
vn -0.5875067599697069 -0.08599870489216986 -0.8046365824064717
vn -0.5875067599697069 -0.08599870489216986 -0.8046365824064717
vn -0.5875067599697069 -0.08599870489216986 -0.8046365824064717
vn -0.16105453569064118 0.8779454176226171 0.450858381544494
vn -0.16105453569064118 0.8779454176226171 0.450858381544494
vn -0.16105453569064118 0.8779454176226171 0.450858381544494
vn -0.15433709225708336 0.9020174684645826 0.4031681392897687
vn -0.15433709225708336 0.9020174684645826 0.4031681392897687
vn -0.15433709225708336 0.9020174684645826 0.4031681392897687
vn -0.9697370328670654 -0.21630690544639403 -0.11323166404493415
vn -0.9697370328670654 -0.21630690544639403 -0.11323166404493415
vn -0.9697370328670654 -0.21630690544639403 -0.11323166404493415
vn -0.0036354239342048225 0.886722499669469 0.46228778079541205
vn -0.0036354239342048225 0.886722499669469 0.46228778079541205
vn -0.0036354239342048225 0.886722499669469 0.46228778079541205
vn -0.0882335760659953 0.942669639037003 0.321852120845044
vn -0.0882335760659953 0.942669639037003 0.321852120845044
vn -0.0882335760659953 0.942669639037003 0.321852120845044
vn -0.04750577610361254 0.9470616930771302 0.31751748100328725
vn -0.04750577610361254 0.9470616930771302 0.31751748100328725
vn -0.04750577610361254 0.9470616930771302 0.31751748100328725
vn -0.06043947717787533 0.9690621862315891 0.2393022123059415
vn -0.06043947717787533 0.9690621862315891 0.2393022123059415
vn -0.06043947717787533 0.9690621862315891 0.2393022123059415
vn -0.01731047630724712 0.9637595028782752 0.26621038300907085
vn -0.01731047630724712 0.9637595028782752 0.26621038300907085
vn -0.01731047630724712 0.9637595028782752 0.26621038300907085
vn 0.07455292889930513 0.9594321590581828 0.27190401423570265
vn 0.07455292889930513 0.9594321590581828 0.27190401423570265
vn 0.07455292889930513 0.9594321590581828 0.27190401423570265
vn 0.11779776339859796 0.9808642967733352 0.1550126390125617
vn 0.11779776339859796 0.9808642967733352 0.1550126390125617
vn 0.11779776339859796 0.9808642967733352 0.1550126390125617
vn 0.016477787535619404 0.9678269429962179 0.25107666344868984
vn 0.016477787535619404 0.9678269429962179 0.25107666344868984
vn 0.016477787535619404 0.9678269429962179 0.25107666344868984
vn 0.004731424687171994 -0.9058700335350004 -0.42352933306174506
vn 0.004731424687171994 -0.9058700335350004 -0.42352933306174506
vn 0.004731424687171994 -0.9058700335350004 -0.42352933306174506
vn -0.014912864743561132 0.9615093819963142 0.27436711683109205
vn -0.014912864743561132 0.9615093819963142 0.27436711683109205
vn -0.014912864743561132 0.9615093819963142 0.27436711683109205
vn 0.029682833847639107 0.8799194736924822 0.4741947376252912
vn 0.029682833847639107 0.8799194736924822 0.4741947376252912
vn 0.029682833847639107 0.8799194736924822 0.4741947376252912
vn 0.1043565495779096 0.8549315921030091 0.5081354970718023
vn 0.1043565495779096 0.8549315921030091 0.5081354970718023
vn 0.1043565495779096 0.8549315921030091 0.5081354970718023
vn 0.09867586911963759 0.8734379385460749 0.47683250766056967
vn 0.09867586911963759 0.8734379385460749 0.47683250766056967
vn 0.09867586911963759 0.8734379385460749 0.47683250766056967
vn 0.11446431340538112 0.8657249854716443 0.4872557546984497
vn 0.11446431340538112 0.8657249854716443 0.4872557546984497
vn 0.11446431340538112 0.8657249854716443 0.4872557546984497
vn -0.09384796152267075 0.8833561064930655 0.45921078955034483
vn -0.09384796152267075 0.8833561064930655 0.45921078955034483
vn -0.09384796152267075 0.8833561064930655 0.45921078955034483
vn -0.1658459182395086 0.8765660063858364 0.45180434687160786
vn -0.1658459182395086 0.8765660063858364 0.45180434687160786
vn -0.1658459182395086 0.8765660063858364 0.45180434687160786
vn -0.1656662849210584 0.9358991539528031 0.31088173904377564
vn -0.1656662849210584 0.9358991539528031 0.31088173904377564
vn -0.1656662849210584 0.9358991539528031 0.31088173904377564
vn -0.14090625695020723 0.9212602215621404 0.36252590379110583
vn -0.14090625695020723 0.9212602215621404 0.36252590379110583
vn -0.14090625695020723 0.9212602215621404 0.36252590379110583
vn -0.15112541988488634 0.9208406436933806 0.3594629555141634
vn -0.15112541988488634 0.9208406436933806 0.3594629555141634
vn -0.15112541988488634 0.9208406436933806 0.3594629555141634
vn 0.15679651734309596 0.8860960735855716 0.43617496549585427
vn 0.15679651734309596 0.8860960735855716 0.43617496549585427
vn 0.15679651734309596 0.8860960735855716 0.43617496549585427
vn 0.12869123729265602 0.9021272985288985 0.4118311579920067
vn 0.12869123729265602 0.9021272985288985 0.4118311579920067
vn 0.12869123729265602 0.9021272985288985 0.4118311579920067
vn 0.3571900120755281 0.18758049562308032 0.9150021054266945
vn 0.3571900120755281 0.18758049562308032 0.9150021054266945
vn 0.3571900120755281 0.18758049562308032 0.9150021054266945
vn 0.00550236268440002 0.8621585288933307 0.5066087198828868
vn 0.00550236268440002 0.8621585288933307 0.5066087198828868
vn 0.00550236268440002 0.8621585288933307 0.5066087198828868
vn 0.13676749094701335 0.9286311217797572 0.34487518478737855
vn 0.13676749094701335 0.9286311217797572 0.34487518478737855
vn 0.13676749094701335 0.9286311217797572 0.34487518478737855
vn 0.0389868737338352 0.9417156186906261 0.3341432584844309
vn 0.0389868737338352 0.9417156186906261 0.3341432584844309
vn 0.0389868737338352 0.9417156186906261 0.3341432584844309
vn 0.8820206664089028 0.15587742876113556 -0.44468165155582035
vn 0.8820206664089028 0.15587742876113556 -0.44468165155582035
vn 0.8820206664089028 0.15587742876113556 -0.44468165155582035
vn 0.20760175784668014 0.9564771743870052 0.20506809848345184
vn 0.20760175784668014 0.9564771743870052 0.20506809848345184
vn 0.20760175784668014 0.9564771743870052 0.20506809848345184
vn 0.015399832623010371 0.9778607706442524 0.20868914296199542
vn 0.015399832623010371 0.9778607706442524 0.20868914296199542
vn 0.015399832623010371 0.9778607706442524 0.20868914296199542
vn 0.6879713586985873 0.23812234580568709 -0.6855604700086029
vn 0.6879713586985873 0.23812234580568709 -0.6855604700086029
vn 0.6879713586985873 0.23812234580568709 -0.6855604700086029
vn -0.11622638901056168 0.958043388282808 0.26200055852070725
vn -0.11622638901056168 0.958043388282808 0.26200055852070725
vn -0.11622638901056168 0.958043388282808 0.26200055852070725
vn -0.22054091454997057 0.8926695134543984 0.3930684988122939
vn -0.22054091454997057 0.8926695134543984 0.3930684988122939
vn -0.22054091454997057 0.8926695134543984 0.3930684988122939
vn -0.1442219745308277 0.8609036095657197 0.487898552056823
vn -0.1442219745308277 0.8609036095657197 0.487898552056823
vn -0.1442219745308277 0.8609036095657197 0.487898552056823
vn -0.01671256890088315 0.8827525483213772 0.4695408698642196
vn -0.01671256890088315 0.8827525483213772 0.4695408698642196
vn -0.01671256890088315 0.8827525483213772 0.4695408698642196
vn -0.017560783868479576 0.871080164844362 0.49082681801694944
vn -0.017560783868479576 0.871080164844362 0.49082681801694944
vn -0.017560783868479576 0.871080164844362 0.49082681801694944
vn -0.05297409380712216 0.8559610264045833 0.514319420848296
vn -0.05297409380712216 0.8559610264045833 0.514319420848296
vn -0.05297409380712216 0.8559610264045833 0.514319420848296
vn -0.4740907127974942 0.11044504949986643 -0.8735215435695539
vn -0.4740907127974942 0.11044504949986643 -0.8735215435695539
vn -0.4740907127974942 0.11044504949986643 -0.8735215435695539
vn 0.05535048338181085 -0.17245766806516993 -0.9834605618503081
vn 0.05535048338181085 -0.17245766806516993 -0.9834605618503081
vn 0.05535048338181085 -0.17245766806516993 -0.9834605618503081
vn 0.0733860115787429 -0.10378339613849644 -0.9918888546558655
vn 0.0733860115787429 -0.10378339613849644 -0.9918888546558655
vn 0.0733860115787429 -0.10378339613849644 -0.9918888546558655
vn 0.31112861922385215 0.16215686650740155 -0.9364315954432336
vn 0.31112861922385215 0.16215686650740155 -0.9364315954432336
vn 0.31112861922385215 0.16215686650740155 -0.9364315954432336
vn 0.4268088592975194 -0.08374220788009402 -0.9004562400497413
vn 0.4268088592975194 -0.08374220788009402 -0.9004562400497413
vn 0.4268088592975194 -0.08374220788009402 -0.9004562400497413
vn 0.4250475668812884 -0.1760887762099292 -0.8878779807953265
vn 0.4250475668812884 -0.1760887762099292 -0.8878779807953265
vn 0.4250475668812884 -0.1760887762099292 -0.8878779807953265
vn 0.6983557472002825 -0.20128624511647522 -0.6868646867318522
vn 0.6983557472002825 -0.20128624511647522 -0.6868646867318522
vn 0.6983557472002825 -0.20128624511647522 -0.6868646867318522
vn 0.8770753875468659 -0.1847998379135546 -0.4433822103632924
vn 0.8770753875468659 -0.1847998379135546 -0.4433822103632924
vn 0.8770753875468659 -0.1847998379135546 -0.4433822103632924
vn 0.9689679264036252 0.16934915093573447 -0.18006116371501363
vn 0.9689679264036252 0.16934915093573447 -0.18006116371501363
vn 0.9689679264036252 0.16934915093573447 -0.18006116371501363
vn 0.9987213073389735 0.043095376592089334 -0.026429884288771823
vn 0.9987213073389735 0.043095376592089334 -0.026429884288771823
vn 0.9987213073389735 0.043095376592089334 -0.026429884288771823
vn 0.9603422469560284 -0.2655015043026359 -0.08515703097504101
vn 0.9603422469560284 -0.2655015043026359 -0.08515703097504101
vn 0.9603422469560284 -0.2655015043026359 -0.08515703097504101
vn 0.9653488246840876 0.11812816375789037 0.23269590372037027
vn 0.9653488246840876 0.11812816375789037 0.23269590372037027
vn 0.9653488246840876 0.11812816375789037 0.23269590372037027
vn 0.9255929971526751 -0.03986718041007673 0.3764149459679812
vn 0.9255929971526751 -0.03986718041007673 0.3764149459679812
vn 0.9255929971526751 -0.03986718041007673 0.3764149459679812
vn 0.9175284042833134 -0.193178805549695 0.3475968590475317
vn 0.9175284042833134 -0.193178805549695 0.3475968590475317
vn 0.9175284042833134 -0.193178805549695 0.3475968590475317
vn 0.7992775588111752 0.10850878260645122 0.5910847892461067
vn 0.7992775588111752 0.10850878260645122 0.5910847892461067
vn 0.7992775588111752 0.10850878260645122 0.5910847892461067
vn 0.6475709507796498 0.06205559360015473 0.7594741384729786
vn 0.6475709507796498 0.06205559360015473 0.7594741384729786
vn 0.6475709507796498 0.06205559360015473 0.7594741384729786
vn 0.723293340508635 -0.11197089784519786 0.681402422663436
vn 0.723293340508635 -0.11197089784519786 0.681402422663436
vn 0.723293340508635 -0.11197089784519786 0.681402422663436
vn 0.5030524112130835 -0.1305813783525848 0.8543341121600154
vn 0.5030524112130835 -0.1305813783525848 0.8543341121600154
vn 0.5030524112130835 -0.1305813783525848 0.8543341121600154
vn 0.16997070523205268 -0.3127212508348835 0.9345134448680685
vn 0.16997070523205268 -0.3127212508348835 0.9345134448680685
vn 0.16997070523205268 -0.3127212508348835 0.9345134448680685
vn 0.05331196261552498 0.11139643933421012 0.9923450347261987
vn 0.05331196261552498 0.11139643933421012 0.9923450347261987
vn 0.05331196261552498 0.11139643933421012 0.9923450347261987
vn -0.15560429887110977 0.10816137213777792 0.9818800434625929
vn -0.15560429887110977 0.10816137213777792 0.9818800434625929
vn -0.15560429887110977 0.10816137213777792 0.9818800434625929
vn -0.30933595170789946 -0.3311604907451961 0.8914280668401513
vn -0.30933595170789946 -0.3311604907451961 0.8914280668401513
vn -0.30933595170789946 -0.3311604907451961 0.8914280668401513
vn -0.3924223591441036 0.14925907966189134 0.9075937522825183
vn -0.3924223591441036 0.14925907966189134 0.9075937522825183
vn -0.3924223591441036 0.14925907966189134 0.9075937522825183
vn -0.6425315340911448 -0.09627356678745429 0.760187232224076
vn -0.6425315340911448 -0.09627356678745429 0.760187232224076
vn -0.6425315340911448 -0.09627356678745429 0.760187232224076
vn -0.6406404908297836 0.04133646149014207 0.7667274994813008
vn -0.6406404908297836 0.04133646149014207 0.7667274994813008
vn -0.6406404908297836 0.04133646149014207 0.7667274994813008
vn -0.8346857876765938 0.018608538104333532 0.5504119894772678
vn -0.8346857876765938 0.018608538104333532 0.5504119894772678
vn -0.8346857876765938 0.018608538104333532 0.5504119894772678
vn -0.8816449078528421 -0.19339530241021302 0.43046546140522823
vn -0.8816449078528421 -0.19339530241021302 0.43046546140522823
vn -0.8816449078528421 -0.19339530241021302 0.43046546140522823
vn -0.927883061882788 0.19468266701654782 0.31801207938433085
vn -0.927883061882788 0.19468266701654782 0.31801207938433085
vn -0.927883061882788 0.19468266701654782 0.31801207938433085
vn -0.9770595384969825 -0.21268749136147908 0.010894459620581875
vn -0.9770595384969825 -0.21268749136147908 0.010894459620581875
vn -0.9770595384969825 -0.21268749136147908 0.010894459620581875
vn -0.9965733063937038 0.07873349458416158 0.02535116987609812
vn -0.9965733063937038 0.07873349458416158 0.02535116987609812
vn -0.9965733063937038 0.07873349458416158 0.02535116987609812
vn -0.9529117345305264 -0.12442925571736332 -0.2765440046640801
vn -0.9529117345305264 -0.12442925571736332 -0.2765440046640801
vn -0.9529117345305264 -0.12442925571736332 -0.2765440046640801
vn -0.9761718612968847 -0.04200729026316722 -0.21289406937940195
vn -0.9761718612968847 -0.04200729026316722 -0.21289406937940195
vn -0.9761718612968847 -0.04200729026316722 -0.21289406937940195
vn -0.9400325172807623 0.11620004172622646 -0.32068117618222686
vn -0.9400325172807623 0.11620004172622646 -0.32068117618222686
vn -0.9400325172807623 0.11620004172622646 -0.32068117618222686
vn -0.8026633327064501 -0.19446903623279702 -0.5638380691965217
vn -0.8026633327064501 -0.19446903623279702 -0.5638380691965217
vn -0.8026633327064501 -0.19446903623279702 -0.5638380691965217
vn -0.8170457587806279 0.18287328121689667 -0.5468030642521619
vn -0.8170457587806279 0.18287328121689667 -0.5468030642521619
vn -0.8170457587806279 0.18287328121689667 -0.5468030642521619
vn -0.5668538956453426 -0.17056219723976362 -0.805968484411421
vn -0.5668538956453426 -0.17056219723976362 -0.805968484411421
vn -0.5668538956453426 -0.17056219723976362 -0.805968484411421
vn -0.6221056011361769 -0.061558809397216384 -0.7805095348684687
vn -0.6221056011361769 -0.061558809397216384 -0.7805095348684687
vn -0.6221056011361769 -0.061558809397216384 -0.7805095348684687
vn -0.30477127943367155 -0.1255396774579617 -0.9441155949438149
vn -0.30477127943367155 -0.1255396774579617 -0.9441155949438149
vn -0.30477127943367155 -0.1255396774579617 -0.9441155949438149
vn -0.28434176050970156 0.010696637744418296 -0.958663311685186
vn -0.28434176050970156 0.010696637744418296 -0.958663311685186
vn -0.28434176050970156 0.010696637744418296 -0.958663311685186
vn -0.15190963837300528 0.15513383250565957 -0.9761439216537121
vn -0.15190963837300528 0.15513383250565957 -0.9761439216537121
vn -0.15190963837300528 0.15513383250565957 -0.9761439216537121
vn 0.0001634706432324966 -0.9075542144540961 -0.4199349010310495
vn 0.0001634706432324966 -0.9075542144540961 -0.4199349010310495
vn 0.0001634706432324966 -0.9075542144540961 -0.4199349010310495
vn -0.00006405667778418393 -0.9075387466367764 -0.4199683550574868
vn -0.00006405667778418393 -0.9075387466367764 -0.4199683550574868
vn -0.00006405667778418393 -0.9075387466367764 -0.4199683550574868
vn -0.00007035561556952833 -0.9075388476355153 -0.41996813579423886
vn -0.00007035561556952833 -0.9075388476355153 -0.41996813579423886
vn -0.00007035561556952833 -0.9075388476355153 -0.41996813579423886
vn -0.000048086933607687395 -0.9075374370816882 -0.41997118708650394
vn -0.000048086933607687395 -0.9075374370816882 -0.41997118708650394
vn -0.000048086933607687395 -0.9075374370816882 -0.41997118708650394
vn 0.0004324730992656084 -0.9076981860751354 -0.4196234216090987
vn 0.0004324730992656084 -0.9076981860751354 -0.4196234216090987
vn 0.0004324730992656084 -0.9076981860751354 -0.4196234216090987
vn -0.00009196812663432443 -0.9075160082122653 -0.4200174834222254
vn -0.00009196812663432443 -0.9075160082122653 -0.4200174834222254
vn -0.00009196812663432443 -0.9075160082122653 -0.4200174834222254
vn -0.00014774007954940072 -0.9075032436471522 -0.4200450463257084
vn -0.00014774007954940072 -0.9075032436471522 -0.4200450463257084
vn -0.00014774007954940072 -0.9075032436471522 -0.4200450463257084
vn -0.00010680361227082565 -0.9075467399512289 -0.41995107262261494
vn -0.00010680361227082565 -0.9075467399512289 -0.41995107262261494
vn -0.00010680361227082565 -0.9075467399512289 -0.41995107262261494
vn -0.0002017292127847855 -0.9073677026946594 -0.42033773493696813
vn -0.0002017292127847855 -0.9073677026946594 -0.42033773493696813
vn -0.0002017292127847855 -0.9073677026946594 -0.42033773493696813
vn 0.0002822743587502451 -0.907452534435622 -0.4201545168953355
vn 0.0002822743587502451 -0.907452534435622 -0.4201545168953355
vn 0.0002822743587502451 -0.907452534435622 -0.4201545168953355
vn 0.0000617641649604253 -0.9075811116935454 -0.41987679369345515
vn 0.0000617641649604253 -0.9075811116935454 -0.41987679369345515
vn 0.0000617641649604253 -0.9075811116935454 -0.41987679369345515
vn 0.0019348964162849017 -0.909871023062477 -0.41488670449545556
vn 0.0019348964162849017 -0.909871023062477 -0.41488670449545556
vn 0.0019348964162849017 -0.909871023062477 -0.41488670449545556
vn -2.166653738494402e-7 -0.9075462975630589 -0.4199520422376068
vn -2.166653738494402e-7 -0.9075462975630589 -0.4199520422376068
vn -2.166653738494402e-7 -0.9075462975630589 -0.4199520422376068
vn -0.0023202814549505156 -0.9086849062916281 -0.41747617581335694
vn -0.0023202814549505156 -0.9086849062916281 -0.41747617581335694
vn -0.0023202814549505156 -0.9086849062916281 -0.41747617581335694
vn 0.0027471501059382593 -0.9070694936679168 -0.420971954913061
vn 0.0027471501059382593 -0.9070694936679168 -0.420971954913061
vn 0.0027471501059382593 -0.9070694936679168 -0.420971954913061
vn -0.4244355259288569 0.9044982786605419 -0.04168150944497228
vn -0.4244355259288569 0.9044982786605419 -0.04168150944497228
vn -0.4244355259288569 0.9044982786605419 -0.04168150944497228
vn -0.25053391512676804 0.9646638286868319 0.08158710066252094
vn -0.25053391512676804 0.9646638286868319 0.08158710066252094
vn -0.25053391512676804 0.9646638286868319 0.08158710066252094
vn -0.2507771184886505 0.9645699594425683 0.08194894864177026
vn -0.2507771184886505 0.9645699594425683 0.08194894864177026
vn -0.2507771184886505 0.9645699594425683 0.08194894864177026
vn 0.2630010798688682 0.9626254276153751 0.06467393676069143
vn 0.2630010798688682 0.9626254276153751 0.06467393676069143
vn 0.2630010798688682 0.9626254276153751 0.06467393676069143
vn 0.27936604884042754 0.9559155793272494 0.09044344063964445
vn 0.27936604884042754 0.9559155793272494 0.09044344063964445
vn 0.27936604884042754 0.9559155793272494 0.09044344063964445
vn 0.6226549890469648 0.7823983018101198 0.012396045319554058
vn 0.6226549890469648 0.7823983018101198 0.012396045319554058
vn 0.6226549890469648 0.7823983018101198 0.012396045319554058
vn 0.44241726110212015 -0.8966740907420596 -0.015573762255764446
vn 0.44241726110212015 -0.8966740907420596 -0.015573762255764446
vn 0.44241726110212015 -0.8966740907420596 -0.015573762255764446
vn 0.5249393561601373 -0.8496851887506713 0.04973683114068124
vn 0.5249393561601373 -0.8496851887506713 0.04973683114068124
vn 0.5249393561601373 -0.8496851887506713 0.04973683114068124
vn 0.02355192644589039 -0.9996694508526411 0.010309985095341263
vn 0.02355192644589039 -0.9996694508526411 0.010309985095341263
vn 0.02355192644589039 -0.9996694508526411 0.010309985095341263
vn 0.121664040550495 -0.9881339134896022 0.093750894655202
vn 0.121664040550495 -0.9881339134896022 0.093750894655202
vn 0.121664040550495 -0.9881339134896022 0.093750894655202
vn 0.2214181129765949 -0.9749398847815782 -0.021592598453338312
vn 0.2214181129765949 -0.9749398847815782 -0.021592598453338312
vn 0.2214181129765949 -0.9749398847815782 -0.021592598453338312
vn -0.19084541990919368 -0.9814040317460351 -0.02059495502084973
vn -0.19084541990919368 -0.9814040317460351 -0.02059495502084973
vn -0.19084541990919368 -0.9814040317460351 -0.02059495502084973
vn -0.2599628274712303 -0.9645452518089322 0.045516871004133465
vn -0.2599628274712303 -0.9645452518089322 0.045516871004133465
vn -0.2599628274712303 -0.9645452518089322 0.045516871004133465
vn -0.3923853674083062 -0.9194608420461986 -0.025009665882291806
vn -0.3923853674083062 -0.9194608420461986 -0.025009665882291806
vn -0.3923853674083062 -0.9194608420461986 -0.025009665882291806
vn -0.549338349702307 -0.8352695839485337 0.023496801416135492
vn -0.549338349702307 -0.8352695839485337 0.023496801416135492
vn -0.549338349702307 -0.8352695839485337 0.023496801416135492
vn 0.9966712998628783 0.08106901340923839 0.00861017389447558
vn 0.9966712998628783 0.08106901340923839 0.00861017389447558
vn 0.9966712998628783 0.08106901340923839 0.00861017389447558
vn 0.9435215001449705 0.3312730790979343 -0.005032477437451067
vn 0.9435215001449705 0.3312730790979343 -0.005032477437451067
vn 0.9435215001449705 0.3312730790979343 -0.005032477437451067
vn 0.8118864339686271 0.583769860890393 -0.007291629016704926
vn 0.8118864339686271 0.583769860890393 -0.007291629016704926
vn 0.8118864339686271 0.583769860890393 -0.007291629016704926
vn 0.804015475926736 0.594608260811324 0.0003614488023629963
vn 0.804015475926736 0.594608260811324 0.0003614488023629963
vn 0.804015475926736 0.594608260811324 0.0003614488023629963
vn 0.46561064625023524 0.884055124510902 -0.04066033601007185
vn 0.46561064625023524 0.884055124510902 -0.04066033601007185
vn 0.46561064625023524 0.884055124510902 -0.04066033601007185
vn 0.031886231024895496 0.9973286945906441 -0.06571714553408843
vn 0.031886231024895496 0.9973286945906441 -0.06571714553408843
vn 0.031886231024895496 0.9973286945906441 -0.06571714553408843
vn -0.6295379888606337 0.7768708930632711 0.012390968177840102
vn -0.6295379888606337 0.7768708930632711 0.012390968177840102
vn -0.6295379888606337 0.7768708930632711 0.012390968177840102
vn -0.8694953409038507 0.49361700311356027 0.017891517087256656
vn -0.8694953409038507 0.49361700311356027 0.017891517087256656
vn -0.8694953409038507 0.49361700311356027 0.017891517087256656
vn -0.9464723433945177 0.32275685552451655 -0.004256219122223648
vn -0.9464723433945177 0.32275685552451655 -0.004256219122223648
vn -0.9464723433945177 0.32275685552451655 -0.004256219122223648
vn -0.9807086714020296 0.19470078005336178 0.017381256671447135
vn -0.9807086714020296 0.19470078005336178 0.017381256671447135
vn -0.9807086714020296 0.19470078005336178 0.017381256671447135
vn -0.9932040309727651 0.03791620482154445 0.11003687687035418
vn -0.9932040309727651 0.03791620482154445 0.11003687687035418
vn -0.9932040309727651 0.03791620482154445 0.11003687687035418
vn -0.8273781017275788 -0.015174745720173164 0.5614402941310825
vn -0.8273781017275788 -0.015174745720173164 0.5614402941310825
vn -0.8273781017275788 -0.015174745720173164 0.5614402941310825
vn -0.871476608800905 0.05321984103999861 0.48754094067324366
vn -0.871476608800905 0.05321984103999861 0.48754094067324366
vn -0.871476608800905 0.05321984103999861 0.48754094067324366
vn -0.7152287951739148 0.11667121188192532 0.6890831581689348
vn -0.7152287951739148 0.11667121188192532 0.6890831581689348
vn -0.7152287951739148 0.11667121188192532 0.6890831581689348
vn -0.6677355219420856 0.017800012734478426 0.7441857511961533
vn -0.6677355219420856 0.017800012734478426 0.7441857511961533
vn -0.6677355219420856 0.017800012734478426 0.7441857511961533
vn -0.066787764173224 0.6044331169727729 0.7938513725272006
vn -0.066787764173224 0.6044331169727729 0.7938513725272006
vn -0.066787764173224 0.6044331169727729 0.7938513725272006
vn 0.6742774607683786 0.04327384975772278 0.7372091153986727
vn 0.6742774607683786 0.04327384975772278 0.7372091153986727
vn 0.6742774607683786 0.04327384975772278 0.7372091153986727
vn 0.663835105673072 0.23930869902562904 0.7085579009838804
vn 0.663835105673072 0.23930869902562904 0.7085579009838804
vn 0.663835105673072 0.23930869902562904 0.7085579009838804
vn 0.9581362249938871 0.22436366049276624 0.1778648987426982
vn 0.9581362249938871 0.22436366049276624 0.1778648987426982
vn 0.9581362249938871 0.22436366049276624 0.1778648987426982
vn 0.9115164041561354 0.013793548208359457 0.4110323381220658
vn 0.9115164041561354 0.013793548208359457 0.4110323381220658
vn 0.9115164041561354 0.013793548208359457 0.4110323381220658
vn 0.9981476406292727 0.020956495234565758 0.05711490885661644
vn 0.9981476406292727 0.020956495234565758 0.05711490885661644
vn 0.9981476406292727 0.020956495234565758 0.05711490885661644
vn -0.998979436103973 0.044951229695021154 -0.0044128437876161655
vn -0.998979436103973 0.044951229695021154 -0.0044128437876161655
vn -0.998979436103973 0.044951229695021154 -0.0044128437876161655
vn -0.6563702025447484 0.7542099126565892 -0.018589374973511527
vn -0.6563702025447484 0.7542099126565892 -0.018589374973511527
vn -0.6563702025447484 0.7542099126565892 -0.018589374973511527
vn 0.9589396959870555 0.22766589209259733 0.1691239221338467
vn 0.9589396959870555 0.22766589209259733 0.1691239221338467
vn 0.9589396959870555 0.22766589209259733 0.1691239221338467
vn 0.8574670160173045 0.4461926923533629 0.2562467516532397
vn 0.8574670160173045 0.4461926923533629 0.2562467516532397
vn 0.8574670160173045 0.4461926923533629 0.2562467516532397
vn 0.9868315639656349 0.16164282261367138 -0.005921339259339781
vn 0.9868315639656349 0.16164282261367138 -0.005921339259339781
vn 0.9868315639656349 0.16164282261367138 -0.005921339259339781
vn 0.6502326078233476 0.7596958218115576 -0.007733954054099054
vn 0.6502326078233476 0.7596958218115576 -0.007733954054099054
vn 0.6502326078233476 0.7596958218115576 -0.007733954054099054
vn 0.7785059180462506 -0.09655012894255456 0.6201665971076972
vn 0.7785059180462506 -0.09655012894255456 0.6201665971076972
vn 0.7785059180462506 -0.09655012894255456 0.6201665971076972
vn 0.9548108616063358 0.21235567416573622 0.20794539237064733
vn 0.9548108616063358 0.21235567416573622 0.20794539237064733
vn 0.9548108616063358 0.21235567416573622 0.20794539237064733
vn 0.8805993962642882 0.28970408989857194 0.37498832461159587
vn 0.8805993962642882 0.28970408989857194 0.37498832461159587
vn 0.8805993962642882 0.28970408989857194 0.37498832461159587
vn 0.7420587737653384 0.4209988527563311 0.5216404338773362
vn 0.7420587737653384 0.4209988527563311 0.5216404338773362
vn 0.7420587737653384 0.4209988527563311 0.5216404338773362
vn -0.981811088840304 0.1289937920405808 0.1393111174501457
vn -0.981811088840304 0.1289937920405808 0.1393111174501457
vn -0.981811088840304 0.1289937920405808 0.1393111174501457
vn 0.9234603486017967 0.3831700021284137 0.020043303848411125
vn 0.9234603486017967 0.3831700021284137 0.020043303848411125
vn 0.9234603486017967 0.3831700021284137 0.020043303848411125
vn -0.8861654630315599 0.30263228008076204 0.35089097335665476
vn -0.8861654630315599 0.30263228008076204 0.35089097335665476
vn -0.8861654630315599 0.30263228008076204 0.35089097335665476
vn -0.8246695211305166 0.5653571953649251 -0.017071103288026523
vn -0.8246695211305166 0.5653571953649251 -0.017071103288026523
vn -0.8246695211305166 0.5653571953649251 -0.017071103288026523
vn 0.9979997350595322 0.02470831591165774 0.05818958623253078
vn 0.9979997350595322 0.02470831591165774 0.05818958623253078
vn 0.9979997350595322 0.02470831591165774 0.05818958623253078
vn -0.9258088352607833 -0.018142115095663783 0.37755643844719095
vn -0.9258088352607833 -0.018142115095663783 0.37755643844719095
vn -0.9258088352607833 -0.018142115095663783 0.37755643844719095
vn 0.9977229227533787 0.04346711184188256 -0.051571112074305994
vn 0.9977229227533787 0.04346711184188256 -0.051571112074305994
vn 0.9977229227533787 0.04346711184188256 -0.051571112074305994
vn 0.7378226017798885 0.4393346068333786 0.512447959837208
vn 0.7378226017798885 0.4393346068333786 0.512447959837208
vn 0.7378226017798885 0.4393346068333786 0.512447959837208
vn 0.5382053244579542 0.5177417982525775 0.6650401935727611
vn 0.5382053244579542 0.5177417982525775 0.6650401935727611
vn 0.5382053244579542 0.5177417982525775 0.6650401935727611
vn -0.5549168126750321 0.6046396642169618 0.5713827154072679
vn -0.5549168126750321 0.6046396642169618 0.5713827154072679
vn -0.5549168126750321 0.6046396642169618 0.5713827154072679
vn -0.7408153275839932 0.39885642376813685 0.5404685038330295
vn -0.7408153275839932 0.39885642376813685 0.5404685038330295
vn -0.7408153275839932 0.39885642376813685 0.5404685038330295
vn -0.7555584219413463 0.42838122918720084 0.4956016480133669
vn -0.7555584219413463 0.42838122918720084 0.4956016480133669
vn -0.7555584219413463 0.42838122918720084 0.4956016480133669
vn -0.8935873480274099 0.3164232959305651 0.31839904088702686
vn -0.8935873480274099 0.3164232959305651 0.31839904088702686
vn -0.8935873480274099 0.3164232959305651 0.31839904088702686
vn 0.9583714951560818 0.17613310654556588 0.22472473395446407
vn 0.9583714951560818 0.17613310654556588 0.22472473395446407
vn 0.9583714951560818 0.17613310654556588 0.22472473395446407
vn 0.8491558618152214 0.18730903081156144 0.49381134993161313
vn 0.8491558618152214 0.18730903081156144 0.49381134993161313
vn 0.8491558618152214 0.18730903081156144 0.49381134993161313
vn -0.9985322557192864 0.004023589740462701 0.05401060093864836
vn -0.9985322557192864 0.004023589740462701 0.05401060093864836
vn -0.9985322557192864 0.004023589740462701 0.05401060093864836
vn 0.5570567318203383 0.7912867165768143 0.2520974607224914
vn 0.5570567318203383 0.7912867165768143 0.2520974607224914
vn 0.5570567318203383 0.7912867165768143 0.2520974607224914
vn 0.4107993770899748 -0.14421099177674246 0.9002483333132348
vn 0.4107993770899748 -0.14421099177674246 0.9002483333132348
vn 0.4107993770899748 -0.14421099177674246 0.9002483333132348
vn 0.33312693368447627 0.41350212854815094 0.8473738465046741
vn 0.33312693368447627 0.41350212854815094 0.8473738465046741
vn 0.33312693368447627 0.41350212854815094 0.8473738465046741
vn 0.2822636672203683 0.21567598048610698 0.9347786334788925
vn 0.2822636672203683 0.21567598048610698 0.9347786334788925
vn 0.2822636672203683 0.21567598048610698 0.9347786334788925
vn 0.008254443113567024 0.19630386993232546 0.9805083655015278
vn 0.008254443113567024 0.19630386993232546 0.9805083655015278
vn 0.008254443113567024 0.19630386993232546 0.9805083655015278
vn -0.24091362921035944 -0.07350669046367621 0.9677589522798385
vn -0.24091362921035944 -0.07350669046367621 0.9677589522798385
vn -0.24091362921035944 -0.07350669046367621 0.9677589522798385
vn -0.41852689383025377 0.30037478038560755 0.8570940616111498
vn -0.41852689383025377 0.30037478038560755 0.8570940616111498
vn -0.41852689383025377 0.30037478038560755 0.8570940616111498
vn -0.440349003639181 -0.08916918006610715 0.8933877166831425
vn -0.440349003639181 -0.08916918006610715 0.8933877166831425
vn -0.440349003639181 -0.08916918006610715 0.8933877166831425
vn 0.9839370465956778 0.09516813814222125 0.15103282364810047
vn 0.9839370465956778 0.09516813814222125 0.15103282364810047
vn 0.9839370465956778 0.09516813814222125 0.15103282364810047
vn 0.2796360593807099 0.4329742853519035 0.8569346197453084
vn 0.2796360593807099 0.4329742853519035 0.8569346197453084
vn 0.2796360593807099 0.4329742853519035 0.8569346197453084
vn -0.2662776121159668 0.6156451125962459 0.7416719818236188
vn -0.2662776121159668 0.6156451125962459 0.7416719818236188
vn -0.2662776121159668 0.6156451125962459 0.7416719818236188
vn -0.5115222964582262 0.47710636572209525 0.7146428870516774
vn -0.5115222964582262 0.47710636572209525 0.7146428870516774
vn -0.5115222964582262 0.47710636572209525 0.7146428870516774
vn -0.46002096702634987 0.07548638558734014 0.8846934584855375
vn -0.46002096702634987 0.07548638558734014 0.8846934584855375
vn -0.46002096702634987 0.07548638558734014 0.8846934584855375
vn -0.9967567140952414 -0.08024494202078214 0.006066480539702531
vn -0.9967567140952414 -0.08024494202078214 0.006066480539702531
vn -0.9967567140952414 -0.08024494202078214 0.006066480539702531
vn -0.9432292610814028 -0.3319409500262962 0.011565757021097516
vn -0.9432292610814028 -0.3319409500262962 0.011565757021097516
vn -0.9432292610814028 -0.3319409500262962 0.011565757021097516
vn -0.8973983634331785 -0.44102928573682165 -0.013013317406475664
vn -0.8973983634331785 -0.44102928573682165 -0.013013317406475664
vn -0.8973983634331785 -0.44102928573682165 -0.013013317406475664
vn -0.743287842181118 -0.6686560339172463 -0.02054974383771319
vn -0.743287842181118 -0.6686560339172463 -0.02054974383771319
vn -0.743287842181118 -0.6686560339172463 -0.02054974383771319
vn -0.7816973347416819 -0.623636783671311 0.005141878047303218
vn -0.7816973347416819 -0.623636783671311 0.005141878047303218
vn -0.7816973347416819 -0.623636783671311 0.005141878047303218
vn -0.5819959651655483 -0.8131445661867972 -0.008752771670007542
vn -0.5819959651655483 -0.8131445661867972 -0.008752771670007542
vn -0.5819959651655483 -0.8131445661867972 -0.008752771670007542
vn 0.6003996041664429 -0.7996441599199384 -0.00946217853956042
vn 0.6003996041664429 -0.7996441599199384 -0.00946217853956042
vn 0.6003996041664429 -0.7996441599199384 -0.00946217853956042
vn 0.764918097284451 -0.6440423201474949 -0.010478277805385973
vn 0.764918097284451 -0.6440423201474949 -0.010478277805385973
vn 0.764918097284451 -0.6440423201474949 -0.010478277805385973
vn 0.8132799092580258 -0.5815024250654107 0.020753766894318522
vn 0.8132799092580258 -0.5815024250654107 0.020753766894318522
vn 0.8132799092580258 -0.5815024250654107 0.020753766894318522
vn 0.8833870641828598 -0.4683799911282401 -0.015731457182908217
vn 0.8833870641828598 -0.4683799911282401 -0.015731457182908217
vn 0.8833870641828598 -0.4683799911282401 -0.015731457182908217
vn 0.9743026229108024 -0.22501754146704772 0.010074970037486496
vn 0.9743026229108024 -0.22501754146704772 0.010074970037486496
vn 0.9743026229108024 -0.22501754146704772 0.010074970037486496
vn 0.9999622315447517 -0.008405367088075048 -0.0022102687969600223
vn 0.9999622315447517 -0.008405367088075048 -0.0022102687969600223
vn 0.9999622315447517 -0.008405367088075048 -0.0022102687969600223
vn 0.9998579807728445 -0.0028112920059624948 0.016616706114864984
vn 0.9998579807728445 -0.0028112920059624948 0.016616706114864984
vn 0.9998579807728445 -0.0028112920059624948 0.016616706114864984
vn 0.9614515995971601 -0.021498790224041504 0.2741324928770113
vn 0.9614515995971601 -0.021498790224041504 0.2741324928770113
vn 0.9614515995971601 -0.021498790224041504 0.2741324928770113
vn 0.7531337804181967 -0.06708778499872935 0.6544377265232802
vn 0.7531337804181967 -0.06708778499872935 0.6544377265232802
vn 0.7531337804181967 -0.06708778499872935 0.6544377265232802
vn 0.6091404485453668 0.07324100944527406 0.7896731402810828
vn 0.6091404485453668 0.07324100944527406 0.7896731402810828
vn 0.6091404485453668 0.07324100944527406 0.7896731402810828
vn 0.40563752386770224 -0.04794429885963338 0.9127757355656084
vn 0.40563752386770224 -0.04794429885963338 0.9127757355656084
vn 0.40563752386770224 -0.04794429885963338 0.9127757355656084
vn 0.5113943147893595 -0.6423043519124582 0.5708948890255005
vn 0.5113943147893595 -0.6423043519124582 0.5708948890255005
vn 0.5113943147893595 -0.6423043519124582 0.5708948890255005
vn 0.00836392388772138 -0.5521904759143547 0.8336760300540486
vn 0.00836392388772138 -0.5521904759143547 0.8336760300540486
vn 0.00836392388772138 -0.5521904759143547 0.8336760300540486
vn -0.2961908215416359 -0.038535225285143734 0.9543511060645941
vn -0.2961908215416359 -0.038535225285143734 0.9543511060645941
vn -0.2961908215416359 -0.038535225285143734 0.9543511060645941
vn -0.684412707864405 -0.012213270933607433 0.728992511159624
vn -0.684412707864405 -0.012213270933607433 0.728992511159624
vn -0.684412707864405 -0.012213270933607433 0.728992511159624
vn -0.6427151931201815 -0.09975053019820272 0.7595834465400527
vn -0.6427151931201815 -0.09975053019820272 0.7595834465400527
vn -0.6427151931201815 -0.09975053019820272 0.7595834465400527
vn -0.821955871266955 0.054311943076014946 0.5669556936208406
vn -0.821955871266955 0.054311943076014946 0.5669556936208406
vn -0.821955871266955 0.054311943076014946 0.5669556936208406
vn -0.9250214535884573 -0.04333669989826391 0.37743508162732525
vn -0.9250214535884573 -0.04333669989826391 0.37743508162732525
vn -0.9250214535884573 -0.04333669989826391 0.37743508162732525
vn -0.9597758102698443 0.011863095745125932 0.2805167748641889
vn -0.9597758102698443 0.011863095745125932 0.2805167748641889
vn -0.9597758102698443 0.011863095745125932 0.2805167748641889
vn -0.9983700774197224 -0.0026767093920627423 0.05700897946611636
vn -0.9983700774197224 -0.0026767093920627423 0.05700897946611636
vn -0.9983700774197224 -0.0026767093920627423 0.05700897946611636
vn -0.9987652399500813 -0.0496768807264456 -0.0004505427249081872
vn -0.9987652399500813 -0.0496768807264456 -0.0004505427249081872
vn -0.9987652399500813 -0.0496768807264456 -0.0004505427249081872
vn -0.640891249480085 -0.5953375655630543 0.4845942523073415
vn -0.640891249480085 -0.5953375655630543 0.4845942523073415
vn -0.640891249480085 -0.5953375655630543 0.4845942523073415
vn 0.9891003952220989 -0.03913734847684341 0.14194603244081816
vn 0.9891003952220989 -0.03913734847684341 0.14194603244081816
vn 0.9891003952220989 -0.03913734847684341 0.14194603244081816
vn 0.6879411975292905 -0.45704251790120726 0.5637810262615179
vn 0.6879411975292905 -0.45704251790120726 0.5637810262615179
vn 0.6879411975292905 -0.45704251790120726 0.5637810262615179
vn 0.9681807838869927 -0.2502371690124699 0.0027072045716953915
vn 0.9681807838869927 -0.2502371690124699 0.0027072045716953915
vn 0.9681807838869927 -0.2502371690124699 0.0027072045716953915
vn 0.23408279823475026 -0.6189095844535256 0.7497707448561549
vn 0.23408279823475026 -0.6189095844535256 0.7497707448561549
vn 0.23408279823475026 -0.6189095844535256 0.7497707448561549
vn -0.1756510175297497 -0.2397039433849995 0.9548239311865011
vn -0.1756510175297497 -0.2397039433849995 0.9548239311865011
vn -0.1756510175297497 -0.2397039433849995 0.9548239311865011
vn 0.8237018403097396 0.03603269825189215 0.5658771270576646
vn 0.8237018403097396 0.03603269825189215 0.5658771270576646
vn 0.8237018403097396 0.03603269825189215 0.5658771270576646
vn 0.9747998291399834 -0.010815624339600167 0.22281901933812462
vn 0.9747998291399834 -0.010815624339600167 0.22281901933812462
vn 0.9747998291399834 -0.010815624339600167 0.22281901933812462
vn 0.948044609708597 -0.0029639553175872784 0.31812361272208217
vn 0.948044609708597 -0.0029639553175872784 0.31812361272208217
vn 0.948044609708597 -0.0029639553175872784 0.31812361272208217
vn 0.8777154533674144 -0.3581000207100479 0.31840219548159154
vn 0.8777154533674144 -0.3581000207100479 0.31840219548159154
vn 0.8777154533674144 -0.3581000207100479 0.31840219548159154
vn 0.8336772834611964 -0.32277813228238605 0.44810318494857226
vn 0.8336772834611964 -0.32277813228238605 0.44810318494857226
vn 0.8336772834611964 -0.32277813228238605 0.44810318494857226
vn 0.5179062388499457 -0.5801707397299207 0.6286294938368225
vn 0.5179062388499457 -0.5801707397299207 0.6286294938368225
vn 0.5179062388499457 -0.5801707397299207 0.6286294938368225
vn 0.5401880757164337 -0.7535598300428287 0.37462571374586606
vn 0.5401880757164337 -0.7535598300428287 0.37462571374586606
vn 0.5401880757164337 -0.7535598300428287 0.37462571374586606
vn 0.9721346283574099 -0.17601179689206617 0.1548357571855625
vn 0.9721346283574099 -0.17601179689206617 0.1548357571855625
vn 0.9721346283574099 -0.17601179689206617 0.1548357571855625
vn 0.9150473759843119 -0.2484175044017622 0.3177688518578019
vn 0.9150473759843119 -0.2484175044017622 0.3177688518578019
vn 0.9150473759843119 -0.2484175044017622 0.3177688518578019
vn 0.7196858508113448 -0.5150164353486559 0.46562898047986057
vn 0.7196858508113448 -0.5150164353486559 0.46562898047986057
vn 0.7196858508113448 -0.5150164353486559 0.46562898047986057
vn 0.04878857058367909 -0.7870608683708178 0.6149429769171898
vn 0.04878857058367909 -0.7870608683708178 0.6149429769171898
vn 0.04878857058367909 -0.7870608683708178 0.6149429769171898
vn -0.997585590159171 -0.0057040457356753805 0.06921310691641931
vn -0.997585590159171 -0.0057040457356753805 0.06921310691641931
vn -0.997585590159171 -0.0057040457356753805 0.06921310691641931
vn -0.9996943412611433 -0.013493594630896982 0.020715862385759367
vn -0.9996943412611433 -0.013493594630896982 0.020715862385759367
vn -0.9996943412611433 -0.013493594630896982 0.020715862385759367
vn -0.9754729360299457 -0.1351107818345013 0.17377464632444836
vn -0.9754729360299457 -0.1351107818345013 0.17377464632444836
vn -0.9754729360299457 -0.1351107818345013 0.17377464632444836
vn -0.8652905381209176 -0.3511603239682146 0.3577131693255803
vn -0.8652905381209176 -0.3511603239682146 0.3577131693255803
vn -0.8652905381209176 -0.3511603239682146 0.3577131693255803
vn -0.3827155882562293 -0.7251103026821357 0.57248915050847
vn -0.3827155882562293 -0.7251103026821357 0.57248915050847
vn -0.3827155882562293 -0.7251103026821357 0.57248915050847
vn -0.7226716956090087 -0.6189758250144285 0.30759477956120784
vn -0.7226716956090087 -0.6189758250144285 0.30759477956120784
vn -0.7226716956090087 -0.6189758250144285 0.30759477956120784
vn -0.8535503702042919 -0.33727788755114946 0.3971087912564393
vn -0.8535503702042919 -0.33727788755114946 0.3971087912564393
vn -0.8535503702042919 -0.33727788755114946 0.3971087912564393
vn -0.9637723914271987 -0.2666756442423991 -0.0051844277022450175
vn -0.9637723914271987 -0.2666756442423991 -0.0051844277022450175
vn -0.9637723914271987 -0.2666756442423991 -0.0051844277022450175
vn 0.20932248537029094 0.04134001642559601 0.9769724152504694
vn 0.20932248537029094 0.04134001642559601 0.9769724152504694
vn 0.20932248537029094 0.04134001642559601 0.9769724152504694
vn -0.9812708080456273 -0.14575973419680452 0.12594324580682695
vn -0.9812708080456273 -0.14575973419680452 0.12594324580682695
vn -0.9812708080456273 -0.14575973419680452 0.12594324580682695
vn -0.90287542186677 -0.25466150001263654 0.3463574641901285
vn -0.90287542186677 -0.25466150001263654 0.3463574641901285
vn -0.90287542186677 -0.25466150001263654 0.3463574641901285
vn -0.6366357764819455 -0.6058689915233212 0.477092918846784
vn -0.6366357764819455 -0.6058689915233212 0.477092918846784
vn -0.6366357764819455 -0.6058689915233212 0.477092918846784
vn -0.474983661037497 -0.46594014633426156 0.7465187886325588
vn -0.474983661037497 -0.46594014633426156 0.7465187886325588
vn -0.474983661037497 -0.46594014633426156 0.7465187886325588
vn 0.9999883062032552 -0.0003540917783592239 0.004823077415628495
vn 0.9999883062032552 -0.0003540917783592239 0.004823077415628495
vn 0.9999883062032552 -0.0003540917783592239 0.004823077415628495
vn 0.9785005830149651 -0.014513483881730292 -0.20573275826904217
vn 0.9785005830149651 -0.014513483881730292 -0.20573275826904217
vn 0.9785005830149651 -0.014513483881730292 -0.20573275826904217
vn 0.8513542041426138 -0.006007434958160359 -0.5245568890157867
vn 0.8513542041426138 -0.006007434958160359 -0.5245568890157867
vn 0.8513542041426138 -0.006007434958160359 -0.5245568890157867
vn 0.894308251036657 0.020814161329058407 -0.4469670265421417
vn 0.894308251036657 0.020814161329058407 -0.4469670265421417
vn 0.894308251036657 0.020814161329058407 -0.4469670265421417
vn 0.49721578910599495 -0.0023803110783560495 -0.8676236472012925
vn 0.49721578910599495 -0.0023803110783560495 -0.8676236472012925
vn 0.49721578910599495 -0.0023803110783560495 -0.8676236472012925
vn 0.508031668618493 0.0033172015253485647 -0.8613320032686291
vn 0.508031668618493 0.0033172015253485647 -0.8613320032686291
vn 0.508031668618493 0.0033172015253485647 -0.8613320032686291
vn -0.014710713836805419 -0.009684546671267764 -0.9998448901975665
vn -0.014710713836805419 -0.009684546671267764 -0.9998448901975665
vn -0.014710713836805419 -0.009684546671267764 -0.9998448901975665
vn 0.014703309447573677 0.002157931257760352 -0.9998895719148069
vn 0.014703309447573677 0.002157931257760352 -0.9998895719148069
vn 0.014703309447573677 0.002157931257760352 -0.9998895719148069
vn -0.5182092283459176 -0.022437541219856562 -0.8549595033690987
vn -0.5182092283459176 -0.022437541219856562 -0.8549595033690987
vn -0.5182092283459176 -0.022437541219856562 -0.8549595033690987
vn -0.4127720348630879 0.012709523712041025 -0.9107456918602463
vn -0.4127720348630879 0.012709523712041025 -0.9107456918602463
vn -0.4127720348630879 0.012709523712041025 -0.9107456918602463
vn -0.7514566842735773 0.019657753574327464 -0.659489518025095
vn -0.7514566842735773 0.019657753574327464 -0.659489518025095
vn -0.7514566842735773 0.019657753574327464 -0.659489518025095
vn -0.8607810291082212 -0.014013294377081615 -0.5087825149394316
vn -0.8607810291082212 -0.014013294377081615 -0.5087825149394316
vn -0.8607810291082212 -0.014013294377081615 -0.5087825149394316
vn -0.9829821335285398 -0.00024671691886793743 -0.18370101876266745
vn -0.9829821335285398 -0.00024671691886793743 -0.18370101876266745
vn -0.9829821335285398 -0.00024671691886793743 -0.18370101876266745
vn -0.9653258156627191 0.016183357405763755 -0.2605459048962072
vn -0.9653258156627191 0.016183357405763755 -0.2605459048962072
vn -0.9653258156627191 0.016183357405763755 -0.2605459048962072
vn -0.9997315628225146 -0.0011213027422005302 0.023141844710665528
vn -0.9997315628225146 -0.0011213027422005302 0.023141844710665528
vn -0.9997315628225146 -0.0011213027422005302 0.023141844710665528
vn 0.00026033207411318586 0.00024784015717076326 0.9999999354012318
vn 0.00026033207411318586 0.00024784015717076326 0.9999999354012318
vn 0.00026033207411318586 0.00024784015717076326 0.9999999354012318
vn -0.00004920003611589863 0.0000714535924129025 0.9999999962368704
vn -0.00004920003611589863 0.0000714535924129025 0.9999999962368704
vn -0.00004920003611589863 0.0000714535924129025 0.9999999962368704
vn 0.0003086429579556642 0.0002991771405724988 0.9999999076162772
vn 0.0003086429579556642 0.0002991771405724988 0.9999999076162772
vn 0.0003086429579556642 0.0002991771405724988 0.9999999076162772
vn -0.00026412078866224566 -0.0006032294025531767 0.9999997831772249
vn -0.00026412078866224566 -0.0006032294025531767 0.9999997831772249
vn -0.00026412078866224566 -0.0006032294025531767 0.9999997831772249
vn -0.00013359628945956497 -0.0002799484969166421 0.9999999518904341
vn -0.00013359628945956497 -0.0002799484969166421 0.9999999518904341
vn -0.00013359628945956497 -0.0002799484969166421 0.9999999518904341
vn -0.0003024472109764802 -0.0006146564288016598 0.999999765361552
vn -0.0003024472109764802 -0.0006146564288016598 0.999999765361552
vn -0.0003024472109764802 -0.0006146564288016598 0.999999765361552
vn 0.000035468797991975856 0.0000905993142882914 0.9999999952668643
vn 0.000035468797991975856 0.0000905993142882914 0.9999999952668643
vn 0.000035468797991975856 0.0000905993142882914 0.9999999952668643
vn 0.0000214050377598476 0.00008482542002010722 0.9999999961732362
vn 0.0000214050377598476 0.00008482542002010722 0.9999999961732362
vn 0.0000214050377598476 0.00008482542002010722 0.9999999961732362
vn 0.0008366616830113827 0.0012361407508212838 0.9999988859760158
vn 0.0008366616830113827 0.0012361407508212838 0.9999988859760158
vn 0.0008366616830113827 0.0012361407508212838 0.9999988859760158
vn 0.001058463142182567 0.0017369269930709906 0.999997931368059
vn 0.001058463142182567 0.0017369269930709906 0.999997931368059
vn 0.001058463142182567 0.0017369269930709906 0.999997931368059
vn -0.000041019946190250724 0.0000829398555739472 0.9999999957191723
vn -0.000041019946190250724 0.0000829398555739472 0.9999999957191723
vn -0.000041019946190250724 0.0000829398555739472 0.9999999957191723
vn -0.000010836228250068557 0.00035417443611008697 0.9999999372215205
vn -0.000010836228250068557 0.00035417443611008697 0.9999999372215205
vn -0.000010836228250068557 0.00035417443611008697 0.9999999372215205
vn 0.00023258981282152906 0.00019020747552112138 0.9999999548615466
vn 0.00023258981282152906 0.00019020747552112138 0.9999999548615466
vn 0.00023258981282152906 0.00019020747552112138 0.9999999548615466
vn -0.0006331491035241612 -0.00034320091809432663 0.9999997406676376
vn -0.0006331491035241612 -0.00034320091809432663 0.9999997406676376
vn -0.0006331491035241612 -0.00034320091809432663 0.9999997406676376
vn 0.000556275375998176 0.0006050336062079643 0.9999996622459637
vn 0.000556275375998176 0.0006050336062079643 0.9999996622459637
vn 0.000556275375998176 0.0006050336062079643 0.9999996622459637
vn -0.009407338859724241 -0.010422454407738032 0.999901432352058
vn -0.009407338859724241 -0.010422454407738032 0.999901432352058
vn -0.009407338859724241 -0.010422454407738032 0.999901432352058
vn 0.000005655659489807872 0.9075390509405834 -0.4199677023127837
vn 0.000005655659489807872 0.9075390509405834 -0.4199677023127837
vn 0.000005655659489807872 0.9075390509405834 -0.4199677023127837
vn -0.000042963277270785205 0.9075214656606595 -0.4200056993890506
vn -0.000042963277270785205 0.9075214656606595 -0.4200056993890506
vn -0.000042963277270785205 0.9075214656606595 -0.4200056993890506
vn 0.0007848382919688309 0.907879603553751 -0.419230258306744
vn 0.0007848382919688309 0.907879603553751 -0.419230258306744
vn 0.0007848382919688309 0.907879603553751 -0.419230258306744
vn 0.0003984917296206107 0.9076627208897593 -0.41970016239136737
vn 0.0003984917296206107 0.9076627208897593 -0.41970016239136737
vn 0.0003984917296206107 0.9076627208897593 -0.41970016239136737
vn -0.00007491512810781512 0.9075480528857173 -0.419948242157372
vn -0.00007491512810781512 0.9075480528857173 -0.419948242157372
vn -0.00007491512810781512 0.9075480528857173 -0.419948242157372
vn 0.000010919650817341493 0.9075548086743314 -0.4199336484884957
vn 0.000010919650817341493 0.9075548086743314 -0.4199336484884957
vn 0.000010919650817341493 0.9075548086743314 -0.4199336484884957
vn 0.00004525034800482028 0.9075778088812541 -0.41988393488999753
vn 0.00004525034800482028 0.9075778088812541 -0.41988393488999753
vn 0.00004525034800482028 0.9075778088812541 -0.41988393488999753
vn -0.0009194480591402862 0.9074833609978826 -0.4200870197081235
vn -0.0009194480591402862 0.9074833609978826 -0.4200870197081235
vn -0.0009194480591402862 0.9074833609978826 -0.4200870197081235
vn 0.0049513825151014865 0.9070442307121735 -0.4210062319526285
vn 0.0049513825151014865 0.9070442307121735 -0.4210062319526285
vn 0.0049513825151014865 0.9070442307121735 -0.4210062319526285
vn -0.0007171456347022038 0.9074133774548507 -0.42023856096046114
vn -0.0007171456347022038 0.9074133774548507 -0.42023856096046114
vn -0.0007171456347022038 0.9074133774548507 -0.42023856096046114
vn -0.0000015280090626543226 0.9075466891808822 -0.41995119591981683
vn -0.0000015280090626543226 0.9075466891808822 -0.41995119591981683
vn -0.0000015280090626543226 0.9075466891808822 -0.41995119591981683
vn 0.000011035186782682906 0.9075542824682515 -0.4199347857129269
vn 0.000011035186782682906 0.9075542824682515 -0.4199347857129269
vn 0.000011035186782682906 0.9075542824682515 -0.4199347857129269
vn 0.0000033656651972106563 0.9075394320710121 -0.41996687872366495
vn 0.0000033656651972106563 0.9075394320710121 -0.41996687872366495
vn 0.0000033656651972106563 0.9075394320710121 -0.41996687872366495
vn 4.7286130211294287e-7 -0.9999999999970779 0.0000023707750642573803
vn 4.7286130211294287e-7 -0.9999999999970779 0.0000023707750642573803
vn 4.7286130211294287e-7 -0.9999999999970779 0.0000023707750642573803
vn -9.54560960053175e-7 -0.999999999999512 -2.5486693289154865e-7
vn -9.54560960053175e-7 -0.999999999999512 -2.5486693289154865e-7
vn -9.54560960053175e-7 -0.999999999999512 -2.5486693289154865e-7
vn 4.2481622131158246e-7 -0.9999999999998876 2.1076837697362312e-7
vn 4.2481622131158246e-7 -0.9999999999998876 2.1076837697362312e-7
vn 4.2481622131158246e-7 -0.9999999999998876 2.1076837697362312e-7
vn 9.666267786201361e-9 -0.9999999999999973 -7.294092085885475e-8
vn 9.666267786201361e-9 -0.9999999999999973 -7.294092085885475e-8
vn 9.666267786201361e-9 -0.9999999999999973 -7.294092085885475e-8
vn -0.0000012711969929939645 -0.9999999999933822 -0.000003408749080313279
vn -0.0000012711969929939645 -0.9999999999933822 -0.000003408749080313279
vn -0.0000012711969929939645 -0.9999999999933822 -0.000003408749080313279
vn -0.000001802618044163155 -0.9999999999980929 -7.516321716124583e-7
vn -0.000001802618044163155 -0.9999999999980929 -7.516321716124583e-7
vn -0.000001802618044163155 -0.9999999999980929 -7.516321716124583e-7
vn -7.477839290001973e-7 -0.9999999999996834 2.7264820801056436e-7
vn -7.477839290001973e-7 -0.9999999999996834 2.7264820801056436e-7
vn -7.477839290001973e-7 -0.9999999999996834 2.7264820801056436e-7
vn -3.096476746122583e-7 -0.9999999999999334 -1.9347221780206912e-7
vn -3.096476746122583e-7 -0.9999999999999334 -1.9347221780206912e-7
vn -3.096476746122583e-7 -0.9999999999999334 -1.9347221780206912e-7
vn 4.058746867485287e-7 -0.9999999999998854 2.5359622668472006e-7
vn 4.058746867485287e-7 -0.9999999999998854 2.5359622668472006e-7
vn 4.058746867485287e-7 -0.9999999999998854 2.5359622668472006e-7
vn -3.2364727076124515e-7 -0.9999999999998777 -3.742178193987908e-7
vn -3.2364727076124515e-7 -0.9999999999998777 -3.742178193987908e-7
vn -3.2364727076124515e-7 -0.9999999999998777 -3.742178193987908e-7
vn -7.842140092861675e-8 -0.9999999999999736 -2.166697754546419e-7
vn -7.842140092861675e-8 -0.9999999999999736 -2.166697754546419e-7
vn -7.842140092861675e-8 -0.9999999999999736 -2.166697754546419e-7
vn 0.9604155914056114 0.051151062743330436 0.2738347322113059
vn 0.9604155914056114 0.051151062743330436 0.2738347322113059
vn 0.9604155914056114 0.051151062743330436 0.2738347322113059
vn 0.8924201592966836 -0.300182367826072 0.33686318487958106
vn 0.8924201592966836 -0.300182367826072 0.33686318487958106
vn 0.8924201592966836 -0.300182367826072 0.33686318487958106
vn 0.7323291795720948 0.24233962257753522 0.6363689810764196
vn 0.7323291795720948 0.24233962257753522 0.6363689810764196
vn 0.7323291795720948 0.24233962257753522 0.6363689810764196
vn 0.6400958942546953 -0.20618242176328747 0.7401121908968312
vn 0.6400958942546953 -0.20618242176328747 0.7401121908968312
vn 0.6400958942546953 -0.20618242176328747 0.7401121908968312
vn 0.4024153318777318 0.1358946103632332 0.9053146168840754
vn 0.4024153318777318 0.1358946103632332 0.9053146168840754
vn 0.4024153318777318 0.1358946103632332 0.9053146168840754
vn 0.33803265949749317 -0.11608713004455029 0.9339473750437288
vn 0.33803265949749317 -0.11608713004455029 0.9339473750437288
vn 0.33803265949749317 -0.11608713004455029 0.9339473750437288
vn 0.02225426624782427 0.19412795060751786 0.9807237564302682
vn 0.02225426624782427 0.19412795060751786 0.9807237564302682
vn 0.02225426624782427 0.19412795060751786 0.9807237564302682
vn -0.12807050582008084 -0.22282100132119215 0.9664102373781076
vn -0.12807050582008084 -0.22282100132119215 0.9664102373781076
vn -0.12807050582008084 -0.22282100132119215 0.9664102373781076
vn -0.2962426886056567 0.14143108045348982 0.9445832514550797
vn -0.2962426886056567 0.14143108045348982 0.9445832514550797
vn -0.2962426886056567 0.14143108045348982 0.9445832514550797
vn -0.5235602163325864 -0.1985120587787085 0.8285394754586011
vn -0.5235602163325864 -0.1985120587787085 0.8285394754586011
vn -0.5235602163325864 -0.1985120587787085 0.8285394754586011
vn -0.6287716006048675 0.22900034396102636 0.7431050509440269
vn -0.6287716006048675 0.22900034396102636 0.7431050509440269
vn -0.6287716006048675 0.22900034396102636 0.7431050509440269
vn -0.7939695796874809 -0.327234927176775 0.512376432875767
vn -0.7939695796874809 -0.327234927176775 0.512376432875767
vn -0.7939695796874809 -0.327234927176775 0.512376432875767
vn -0.8942917355020163 0.25902121591949995 0.3648976589625852
vn -0.8942917355020163 0.25902121591949995 0.3648976589625852
vn -0.8942917355020163 0.25902121591949995 0.3648976589625852
vn -0.9690901248054025 -0.24042606867373087 0.05531397207527338
vn -0.9690901248054025 -0.24042606867373087 0.05531397207527338
vn -0.9690901248054025 -0.24042606867373087 0.05531397207527338
vn -0.9621639382881304 -0.2683808244100402 0.04703497578251716
vn -0.9621639382881304 -0.2683808244100402 0.04703497578251716
vn -0.9621639382881304 -0.2683808244100402 0.04703497578251716
vn -0.9573190824416152 0.22699642219619587 -0.1789212080868853
vn -0.9573190824416152 0.22699642219619587 -0.1789212080868853
vn -0.9573190824416152 0.22699642219619587 -0.1789212080868853
vn -0.8330644922011918 -0.25208240616851446 -0.4924002562284695
vn -0.8330644922011918 -0.25208240616851446 -0.4924002562284695
vn -0.8330644922011918 -0.25208240616851446 -0.4924002562284695
vn -0.8863268413235212 0.09199034338182668 -0.4538309234439222
vn -0.8863268413235212 0.09199034338182668 -0.4538309234439222
vn -0.8863268413235212 0.09199034338182668 -0.4538309234439222
vn -0.5665450649571138 -0.2049754991613882 -0.7981301486075312
vn -0.5665450649571138 -0.2049754991613882 -0.7981301486075312
vn -0.5665450649571138 -0.2049754991613882 -0.7981301486075312
vn -0.5099778897147178 0.1789039566522306 -0.8413773982561572
vn -0.5099778897147178 0.1789039566522306 -0.8413773982561572
vn -0.5099778897147178 0.1789039566522306 -0.8413773982561572
vn -0.014683130403103348 -0.06200267461451247 -0.9979679724431101
vn -0.014683130403103348 -0.06200267461451247 -0.9979679724431101
vn -0.014683130403103348 -0.06200267461451247 -0.9979679724431101
vn -0.0033127539139931645 -0.13199017682479894 -0.9912454887076477
vn -0.0033127539139931645 -0.13199017682479894 -0.9912454887076477
vn -0.0033127539139931645 -0.13199017682479894 -0.9912454887076477
vn 0.49430621118872703 0.10805989899941762 -0.8625453192780547
vn 0.49430621118872703 0.10805989899941762 -0.8625453192780547
vn 0.49430621118872703 0.10805989899941762 -0.8625453192780547
vn 0.5310487621886741 -0.13722234640582492 -0.8361562293164817
vn 0.5310487621886741 -0.13722234640582492 -0.8361562293164817
vn 0.5310487621886741 -0.13722234640582492 -0.8361562293164817
vn 0.8468035399329115 0.10342901871598595 -0.5217530094254733
vn 0.8468035399329115 0.10342901871598595 -0.5217530094254733
vn 0.8468035399329115 0.10342901871598595 -0.5217530094254733
vn 0.8713620272393022 -0.07220265987267971 -0.48529887017457984
vn 0.8713620272393022 -0.07220265987267971 -0.48529887017457984
vn 0.8713620272393022 -0.07220265987267971 -0.48529887017457984
vn 0.9775089146449807 0.047331210811474754 -0.20551418022295168
vn 0.9775089146449807 0.047331210811474754 -0.20551418022295168
vn 0.9775089146449807 0.047331210811474754 -0.20551418022295168
vn 0.9790687377275443 -0.14739918432150298 -0.14034916197095162
vn 0.9790687377275443 -0.14739918432150298 -0.14034916197095162
vn 0.9790687377275443 -0.14739918432150298 -0.14034916197095162
vn 0.9953609609856192 0.09478313385273979 0.016514081350115267
vn 0.9953609609856192 0.09478313385273979 0.016514081350115267
vn 0.9953609609856192 0.09478313385273979 0.016514081350115267
f 1//1 2//2 3//3
f 4//4 5//5 6//6
f 7//7 8//8 9//9
f 10//10 11//11 12//12
f 13//13 14//14 15//15
f 16//16 17//17 18//18
f 19//19 20//20 21//21
f 22//22 23//23 24//24
f 25//25 26//26 27//27
f 28//28 29//29 30//30
f 31//31 32//32 33//33
f 34//34 35//35 36//36
f 37//37 38//38 39//39
f 40//40 41//41 42//42
f 43//43 44//44 45//45
f 46//46 47//47 48//48
f 49//49 50//50 51//51
f 52//52 53//53 54//54
f 55//55 56//56 57//57
f 58//58 59//59 60//60
f 61//61 62//62 63//63
f 64//64 65//65 66//66
f 67//67 68//68 69//69
f 70//70 71//71 72//72
f 73//73 74//74 75//75
f 76//76 77//77 78//78
f 79//79 80//80 81//81
f 82//82 83//83 84//84
f 85//85 86//86 87//87
f 88//88 89//89 90//90
f 91//91 92//92 93//93
f 94//94 95//95 96//96
f 97//97 98//98 99//99
f 100//100 101//101 102//102
f 103//103 104//104 105//105
f 106//106 107//107 108//108
f 109//109 110//110 111//111
f 112//112 113//113 114//114
f 115//115 116//116 117//117
f 118//118 119//119 120//120
f 121//121 122//122 123//123
f 124//124 125//125 126//126
f 127//127 128//128 129//129
f 130//130 131//131 132//132
f 133//133 134//134 135//135
f 136//136 137//137 138//138
f 139//139 140//140 141//141
f 142//142 143//143 144//144
f 145//145 146//146 147//147
f 148//148 149//149 150//150
f 151//151 152//152 153//153
f 154//154 155//155 156//156
f 157//157 158//158 159//159
f 160//160 161//161 162//162
f 163//163 164//164 165//165
f 166//166 167//167 168//168
f 169//169 170//170 171//171
f 172//172 173//173 174//174
f 175//175 176//176 177//177
f 178//178 179//179 180//180
f 181//181 182//182 183//183
f 184//184 185//185 186//186
f 187//187 188//188 189//189
f 190//190 191//191 192//192
f 193//193 194//194 195//195
f 196//196 197//197 198//198
f 199//199 200//200 201//201
f 202//202 203//203 204//204
f 205//205 206//206 207//207
f 208//208 209//209 210//210
f 211//211 212//212 213//213
f 214//214 215//215 216//216
f 217//217 218//218 219//219
f 220//220 221//221 222//222
f 223//223 224//224 225//225
f 226//226 227//227 228//228
f 229//229 230//230 231//231
f 232//232 233//233 234//234
f 235//235 236//236 237//237
f 238//238 239//239 240//240
f 241//241 242//242 243//243
f 244//244 245//245 246//246
f 247//247 248//248 249//249
f 250//250 251//251 252//252
f 253//253 254//254 255//255
f 256//256 257//257 258//258
f 259//259 260//260 261//261
f 262//262 263//263 264//264
f 265//265 266//266 267//267
f 268//268 269//269 270//270
f 271//271 272//272 273//273
f 274//274 275//275 276//276
f 277//277 278//278 279//279
f 280//280 281//281 282//282
f 283//283 284//284 285//285
f 286//286 287//287 288//288
f 289//289 290//290 291//291
f 292//292 293//293 294//294
f 295//295 296//296 297//297
f 298//298 299//299 300//300
f 301//301 302//302 303//303
f 304//304 305//305 306//306
f 307//307 308//308 309//309
f 310//310 311//311 312//312
f 313//313 314//314 315//315
f 316//316 317//317 318//318
f 319//319 320//320 321//321
f 322//322 323//323 324//324
f 325//325 326//326 327//327
f 328//328 329//329 330//330
f 331//331 332//332 333//333
f 334//334 335//335 336//336
f 337//337 338//338 339//339
f 340//340 341//341 342//342
f 343//343 344//344 345//345
f 346//346 347//347 348//348
f 349//349 350//350 351//351
f 352//352 353//353 354//354
f 355//355 356//356 357//357
f 358//358 359//359 360//360
f 361//361 362//362 363//363
f 364//364 365//365 366//366
f 367//367 368//368 369//369
f 370//370 371//371 372//372
f 373//373 374//374 375//375
f 376//376 377//377 378//378
f 379//379 380//380 381//381
f 382//382 383//383 384//384
f 385//385 386//386 387//387
f 388//388 389//389 390//390
f 391//391 392//392 393//393
f 394//394 395//395 396//396
f 397//397 398//398 399//399
f 400//400 401//401 402//402
f 403//403 404//404 405//405
f 406//406 407//407 408//408
f 409//409 410//410 411//411
f 412//412 413//413 414//414
f 415//415 416//416 417//417
f 418//418 419//419 420//420
f 421//421 422//422 423//423
f 424//424 425//425 426//426
f 427//427 428//428 429//429
f 430//430 431//431 432//432
f 433//433 434//434 435//435
f 436//436 437//437 438//438
f 439//439 440//440 441//441
f 442//442 443//443 444//444
f 445//445 446//446 447//447
f 448//448 449//449 450//450
f 451//451 452//452 453//453
f 454//454 455//455 456//456
f 457//457 458//458 459//459
f 460//460 461//461 462//462
f 463//463 464//464 465//465
f 466//466 467//467 468//468
f 469//469 470//470 471//471
f 472//472 473//473 474//474
f 475//475 476//476 477//477
f 478//478 479//479 480//480
f 481//481 482//482 483//483
f 484//484 485//485 486//486
f 487//487 488//488 489//489
f 490//490 491//491 492//492
f 493//493 494//494 495//495
f 496//496 497//497 498//498
f 499//499 500//500 501//501
f 502//502 503//503 504//504
f 505//505 506//506 507//507
f 508//508 509//509 510//510
f 511//511 512//512 513//513
f 514//514 515//515 516//516
f 517//517 518//518 519//519
f 520//520 521//521 522//522
f 523//523 524//524 525//525
f 526//526 527//527 528//528
f 529//529 530//530 531//531
f 532//532 533//533 534//534
f 535//535 536//536 537//537
f 538//538 539//539 540//540
f 541//541 542//542 543//543
f 544//544 545//545 546//546
f 547//547 548//548 549//549
f 550//550 551//551 552//552
f 553//553 554//554 555//555
f 556//556 557//557 558//558
f 559//559 560//560 561//561
f 562//562 563//563 564//564
f 565//565 566//566 567//567
f 568//568 569//569 570//570
f 571//571 572//572 573//573
f 574//574 575//575 576//576
f 577//577 578//578 579//579
f 580//580 581//581 582//582
f 583//583 584//584 585//585
f 586//586 587//587 588//588
f 589//589 590//590 591//591
f 592//592 593//593 594//594
f 595//595 596//596 597//597
f 598//598 599//599 600//600
f 601//601 602//602 603//603
f 604//604 605//605 606//606
f 607//607 608//608 609//609
f 610//610 611//611 612//612
f 613//613 614//614 615//615
f 616//616 617//617 618//618
f 619//619 620//620 621//621
f 622//622 623//623 624//624
f 625//625 626//626 627//627
f 628//628 629//629 630//630
f 631//631 632//632 633//633
f 634//634 635//635 636//636
f 637//637 638//638 639//639
f 640//640 641//641 642//642
f 643//643 644//644 645//645
f 646//646 647//647 648//648
f 649//649 650//650 651//651
f 652//652 653//653 654//654
f 655//655 656//656 657//657
f 658//658 659//659 660//660
f 661//661 662//662 663//663
f 664//664 665//665 666//666
f 667//667 668//668 669//669
f 670//670 671//671 672//672
f 673//673 674//674 675//675
f 676//676 677//677 678//678
f 679//679 680//680 681//681
f 682//682 683//683 684//684
f 685//685 686//686 687//687
f 688//688 689//689 690//690
f 691//691 692//692 693//693
f 694//694 695//695 696//696
f 697//697 698//698 699//699
f 700//700 701//701 702//702
f 703//703 704//704 705//705
f 706//706 707//707 708//708
f 709//709 710//710 711//711
f 712//712 713//713 714//714
f 715//715 716//716 717//717
f 718//718 719//719 720//720
f 721//721 722//722 723//723
f 724//724 725//725 726//726
f 727//727 728//728 729//729
f 730//730 731//731 732//732
f 733//733 734//734 735//735
f 736//736 737//737 738//738
f 739//739 740//740 741//741
f 742//742 743//743 744//744
f 745//745 746//746 747//747
f 748//748 749//749 750//750
f 751//751 752//752 753//753
f 754//754 755//755 756//756
f 757//757 758//758 759//759
f 760//760 761//761 762//762
f 763//763 764//764 765//765
f 766//766 767//767 768//768
f 769//769 770//770 771//771
f 772//772 773//773 774//774
f 775//775 776//776 777//777
f 778//778 779//779 780//780
f 781//781 782//782 783//783
f 784//784 785//785 786//786
f 787//787 788//788 789//789
f 790//790 791//791 792//792
f 793//793 794//794 795//795
f 796//796 797//797 798//798
f 799//799 800//800 801//801
f 802//802 803//803 804//804
f 805//805 806//806 807//807
f 808//808 809//809 810//810
f 811//811 812//812 813//813
f 814//814 815//815 816//816
f 817//817 818//818 819//819
f 820//820 821//821 822//822
f 823//823 824//824 825//825
f 826//826 827//827 828//828
f 829//829 830//830 831//831
f 832//832 833//833 834//834
f 835//835 836//836 837//837
f 838//838 839//839 840//840
f 841//841 842//842 843//843
f 844//844 845//845 846//846
f 847//847 848//848 849//849
f 850//850 851//851 852//852
f 853//853 854//854 855//855
f 856//856 857//857 858//858
f 859//859 860//860 861//861
f 862//862 863//863 864//864
f 865//865 866//866 867//867
f 868//868 869//869 870//870
f 871//871 872//872 873//873
f 874//874 875//875 876//876
f 877//877 878//878 879//879
f 880//880 881//881 882//882
f 883//883 884//884 885//885
f 886//886 887//887 888//888
f 889//889 890//890 891//891
f 892//892 893//893 894//894
f 895//895 896//896 897//897
f 898//898 899//899 900//900
f 901//901 902//902 903//903
f 904//904 905//905 906//906
f 907//907 908//908 909//909
f 910//910 911//911 912//912
f 913//913 914//914 915//915
f 916//916 917//917 918//918
f 919//919 920//920 921//921
f 922//922 923//923 924//924
f 925//925 926//926 927//927
f 928//928 929//929 930//930
f 931//931 932//932 933//933
f 934//934 935//935 936//936
f 937//937 938//938 939//939
f 940//940 941//941 942//942
f 943//943 944//944 945//945
f 946//946 947//947 948//948
f 949//949 950//950 951//951
f 952//952 953//953 954//954
f 955//955 956//956 957//957
f 958//958 959//959 960//960
f 961//961 962//962 963//963
f 964//964 965//965 966//966
f 967//967 968//968 969//969
f 970//970 971//971 972//972
f 973//973 974//974 975//975
f 976//976 977//977 978//978
f 979//979 980//980 981//981
f 982//982 983//983 984//984
f 985//985 986//986 987//987
f 988//988 989//989 990//990
f 991//991 992//992 993//993
f 994//994 995//995 996//996
f 997//997 998//998 999//999
f 1000//1000 1001//1001 1002//1002
f 1003//1003 1004//1004 1005//1005
f 1006//1006 1007//1007 1008//1008
f 1009//1009 1010//1010 1011//1011
f 1012//1012 1013//1013 1014//1014
f 1015//1015 1016//1016 1017//1017
f 1018//1018 1019//1019 1020//1020
f 1021//1021 1022//1022 1023//1023
f 1024//1024 1025//1025 1026//1026
f 1027//1027 1028//1028 1029//1029
f 1030//1030 1031//1031 1032//1032
f 1033//1033 1034//1034 1035//1035
f 1036//1036 1037//1037 1038//1038
f 1039//1039 1040//1040 1041//1041
f 1042//1042 1043//1043 1044//1044
f 1045//1045 1046//1046 1047//1047
f 1048//1048 1049//1049 1050//1050
f 1051//1051 1052//1052 1053//1053
f 1054//1054 1055//1055 1056//1056
f 1057//1057 1058//1058 1059//1059
f 1060//1060 1061//1061 1062//1062
f 1063//1063 1064//1064 1065//1065
f 1066//1066 1067//1067 1068//1068
f 1069//1069 1070//1070 1071//1071
f 1072//1072 1073//1073 1074//1074
f 1075//1075 1076//1076 1077//1077
f 1078//1078 1079//1079 1080//1080
f 1081//1081 1082//1082 1083//1083
f 1084//1084 1085//1085 1086//1086
f 1087//1087 1088//1088 1089//1089
f 1090//1090 1091//1091 1092//1092
f 1093//1093 1094//1094 1095//1095
f 1096//1096 1097//1097 1098//1098
f 1099//1099 1100//1100 1101//1101
f 1102//1102 1103//1103 1104//1104
f 1105//1105 1106//1106 1107//1107
f 1108//1108 1109//1109 1110//1110
f 1111//1111 1112//1112 1113//1113
f 1114//1114 1115//1115 1116//1116
f 1117//1117 1118//1118 1119//1119
f 1120//1120 1121//1121 1122//1122
f 1123//1123 1124//1124 1125//1125
f 1126//1126 1127//1127 1128//1128
f 1129//1129 1130//1130 1131//1131
f 1132//1132 1133//1133 1134//1134
f 1135//1135 1136//1136 1137//1137
f 1138//1138 1139//1139 1140//1140
f 1141//1141 1142//1142 1143//1143
f 1144//1144 1145//1145 1146//1146
f 1147//1147 1148//1148 1149//1149
f 1150//1150 1151//1151 1152//1152
f 1153//1153 1154//1154 1155//1155
f 1156//1156 1157//1157 1158//1158
f 1159//1159 1160//1160 1161//1161
f 1162//1162 1163//1163 1164//1164
f 1165//1165 1166//1166 1167//1167
f 1168//1168 1169//1169 1170//1170
f 1171//1171 1172//1172 1173//1173
f 1174//1174 1175//1175 1176//1176
f 1177//1177 1178//1178 1179//1179
f 1180//1180 1181//1181 1182//1182
f 1183//1183 1184//1184 1185//1185
f 1186//1186 1187//1187 1188//1188
f 1189//1189 1190//1190 1191//1191
f 1192//1192 1193//1193 1194//1194
f 1195//1195 1196//1196 1197//1197
f 1198//1198 1199//1199 1200//1200
f 1201//1201 1202//1202 1203//1203
f 1204//1204 1205//1205 1206//1206
f 1207//1207 1208//1208 1209//1209
f 1210//1210 1211//1211 1212//1212
f 1213//1213 1214//1214 1215//1215
f 1216//1216 1217//1217 1218//1218
f 1219//1219 1220//1220 1221//1221
f 1222//1222 1223//1223 1224//1224
f 1225//1225 1226//1226 1227//1227
f 1228//1228 1229//1229 1230//1230
f 1231//1231 1232//1232 1233//1233
f 1234//1234 1235//1235 1236//1236
f 1237//1237 1238//1238 1239//1239
f 1240//1240 1241//1241 1242//1242
f 1243//1243 1244//1244 1245//1245
f 1246//1246 1247//1247 1248//1248
f 1249//1249 1250//1250 1251//1251
f 1252//1252 1253//1253 1254//1254
f 1255//1255 1256//1256 1257//1257
f 1258//1258 1259//1259 1260//1260
f 1261//1261 1262//1262 1263//1263
f 1264//1264 1265//1265 1266//1266
f 1267//1267 1268//1268 1269//1269
f 1270//1270 1271//1271 1272//1272
f 1273//1273 1274//1274 1275//1275
f 1276//1276 1277//1277 1278//1278
f 1279//1279 1280//1280 1281//1281
f 1282//1282 1283//1283 1284//1284
f 1285//1285 1286//1286 1287//1287
f 1288//1288 1289//1289 1290//1290
f 1291//1291 1292//1292 1293//1293
f 1294//1294 1295//1295 1296//1296
f 1297//1297 1298//1298 1299//1299
f 1300//1300 1301//1301 1302//1302
f 1303//1303 1304//1304 1305//1305
f 1306//1306 1307//1307 1308//1308
f 1309//1309 1310//1310 1311//1311
f 1312//1312 1313//1313 1314//1314
f 1315//1315 1316//1316 1317//1317
f 1318//1318 1319//1319 1320//1320
f 1321//1321 1322//1322 1323//1323
f 1324//1324 1325//1325 1326//1326
f 1327//1327 1328//1328 1329//1329
f 1330//1330 1331//1331 1332//1332
f 1333//1333 1334//1334 1335//1335
f 1336//1336 1337//1337 1338//1338
f 1339//1339 1340//1340 1341//1341
f 1342//1342 1343//1343 1344//1344
f 1345//1345 1346//1346 1347//1347
f 1348//1348 1349//1349 1350//1350
f 1351//1351 1352//1352 1353//1353
f 1354//1354 1355//1355 1356//1356
f 1357//1357 1358//1358 1359//1359
f 1360//1360 1361//1361 1362//1362
f 1363//1363 1364//1364 1365//1365
f 1366//1366 1367//1367 1368//1368
f 1369//1369 1370//1370 1371//1371
f 1372//1372 1373//1373 1374//1374
f 1375//1375 1376//1376 1377//1377
f 1378//1378 1379//1379 1380//1380
f 1381//1381 1382//1382 1383//1383
f 1384//1384 1385//1385 1386//1386
f 1387//1387 1388//1388 1389//1389
f 1390//1390 1391//1391 1392//1392
f 1393//1393 1394//1394 1395//1395
f 1396//1396 1397//1397 1398//1398
f 1399//1399 1400//1400 1401//1401
f 1402//1402 1403//1403 1404//1404
f 1405//1405 1406//1406 1407//1407
f 1408//1408 1409//1409 1410//1410
f 1411//1411 1412//1412 1413//1413
f 1414//1414 1415//1415 1416//1416
f 1417//1417 1418//1418 1419//1419
f 1420//1420 1421//1421 1422//1422
f 1423//1423 1424//1424 1425//1425
f 1426//1426 1427//1427 1428//1428
f 1429//1429 1430//1430 1431//1431
f 1432//1432 1433//1433 1434//1434
f 1435//1435 1436//1436 1437//1437
f 1438//1438 1439//1439 1440//1440
f 1441//1441 1442//1442 1443//1443
f 1444//1444 1445//1445 1446//1446
f 1447//1447 1448//1448 1449//1449
f 1450//1450 1451//1451 1452//1452
f 1453//1453 1454//1454 1455//1455
f 1456//1456 1457//1457 1458//1458
f 1459//1459 1460//1460 1461//1461
f 1462//1462 1463//1463 1464//1464
f 1465//1465 1466//1466 1467//1467
f 1468//1468 1469//1469 1470//1470
f 1471//1471 1472//1472 1473//1473
f 1474//1474 1475//1475 1476//1476
f 1477//1477 1478//1478 1479//1479
f 1480//1480 1481//1481 1482//1482
f 1483//1483 1484//1484 1485//1485
f 1486//1486 1487//1487 1488//1488
f 1489//1489 1490//1490 1491//1491
f 1492//1492 1493//1493 1494//1494
f 1495//1495 1496//1496 1497//1497
f 1498//1498 1499//1499 1500//1500
f 1501//1501 1502//1502 1503//1503
f 1504//1504 1505//1505 1506//1506
f 1507//1507 1508//1508 1509//1509
f 1510//1510 1511//1511 1512//1512
f 1513//1513 1514//1514 1515//1515
f 1516//1516 1517//1517 1518//1518
f 1519//1519 1520//1520 1521//1521
f 1522//1522 1523//1523 1524//1524
f 1525//1525 1526//1526 1527//1527
f 1528//1528 1529//1529 1530//1530
f 1531//1531 1532//1532 1533//1533
f 1534//1534 1535//1535 1536//1536
f 1537//1537 1538//1538 1539//1539
f 1540//1540 1541//1541 1542//1542
f 1543//1543 1544//1544 1545//1545
f 1546//1546 1547//1547 1548//1548
f 1549//1549 1550//1550 1551//1551
f 1552//1552 1553//1553 1554//1554
f 1555//1555 1556//1556 1557//1557
f 1558//1558 1559//1559 1560//1560
f 1561//1561 1562//1562 1563//1563
f 1564//1564 1565//1565 1566//1566
f 1567//1567 1568//1568 1569//1569
f 1570//1570 1571//1571 1572//1572
f 1573//1573 1574//1574 1575//1575
f 1576//1576 1577//1577 1578//1578
f 1579//1579 1580//1580 1581//1581
f 1582//1582 1583//1583 1584//1584
f 1585//1585 1586//1586 1587//1587
f 1588//1588 1589//1589 1590//1590
f 1591//1591 1592//1592 1593//1593
f 1594//1594 1595//1595 1596//1596
f 1597//1597 1598//1598 1599//1599
f 1600//1600 1601//1601 1602//1602
f 1603//1603 1604//1604 1605//1605
f 1606//1606 1607//1607 1608//1608
f 1609//1609 1610//1610 1611//1611
f 1612//1612 1613//1613 1614//1614
f 1615//1615 1616//1616 1617//1617
f 1618//1618 1619//1619 1620//1620
f 1621//1621 1622//1622 1623//1623
f 1624//1624 1625//1625 1626//1626
f 1627//1627 1628//1628 1629//1629
f 1630//1630 1631//1631 1632//1632
f 1633//1633 1634//1634 1635//1635
f 1636//1636 1637//1637 1638//1638
f 1639//1639 1640//1640 1641//1641
f 1642//1642 1643//1643 1644//1644
f 1645//1645 1646//1646 1647//1647
f 1648//1648 1649//1649 1650//1650
f 1651//1651 1652//1652 1653//1653
f 1654//1654 1655//1655 1656//1656
f 1657//1657 1658//1658 1659//1659
f 1660//1660 1661//1661 1662//1662
f 1663//1663 1664//1664 1665//1665
f 1666//1666 1667//1667 1668//1668
f 1669//1669 1670//1670 1671//1671
f 1672//1672 1673//1673 1674//1674
f 1675//1675 1676//1676 1677//1677
f 1678//1678 1679//1679 1680//1680
f 1681//1681 1682//1682 1683//1683
f 1684//1684 1685//1685 1686//1686
f 1687//1687 1688//1688 1689//1689
f 1690//1690 1691//1691 1692//1692
f 1693//1693 1694//1694 1695//1695
f 1696//1696 1697//1697 1698//1698
f 1699//1699 1700//1700 1701//1701
f 1702//1702 1703//1703 1704//1704
f 1705//1705 1706//1706 1707//1707
f 1708//1708 1709//1709 1710//1710
f 1711//1711 1712//1712 1713//1713
f 1714//1714 1715//1715 1716//1716
f 1717//1717 1718//1718 1719//1719
f 1720//1720 1721//1721 1722//1722
f 1723//1723 1724//1724 1725//1725
f 1726//1726 1727//1727 1728//1728
f 1729//1729 1730//1730 1731//1731
f 1732//1732 1733//1733 1734//1734
f 1735//1735 1736//1736 1737//1737
f 1738//1738 1739//1739 1740//1740
f 1741//1741 1742//1742 1743//1743
f 1744//1744 1745//1745 1746//1746
f 1747//1747 1748//1748 1749//1749
f 1750//1750 1751//1751 1752//1752
f 1753//1753 1754//1754 1755//1755
f 1756//1756 1757//1757 1758//1758
f 1759//1759 1760//1760 1761//1761
f 1762//1762 1763//1763 1764//1764
f 1765//1765 1766//1766 1767//1767
f 1768//1768 1769//1769 1770//1770
f 1771//1771 1772//1772 1773//1773
f 1774//1774 1775//1775 1776//1776
f 1777//1777 1778//1778 1779//1779
f 1780//1780 1781//1781 1782//1782
f 1783//1783 1784//1784 1785//1785
f 1786//1786 1787//1787 1788//1788
f 1789//1789 1790//1790 1791//1791
f 1792//1792 1793//1793 1794//1794
f 1795//1795 1796//1796 1797//1797
f 1798//1798 1799//1799 1800//1800
f 1801//1801 1802//1802 1803//1803
f 1804//1804 1805//1805 1806//1806
f 1807//1807 1808//1808 1809//1809
f 1810//1810 1811//1811 1812//1812
f 1813//1813 1814//1814 1815//1815
f 1816//1816 1817//1817 1818//1818
f 1819//1819 1820//1820 1821//1821
f 1822//1822 1823//1823 1824//1824
f 1825//1825 1826//1826 1827//1827
f 1828//1828 1829//1829 1830//1830
f 1831//1831 1832//1832 1833//1833
f 1834//1834 1835//1835 1836//1836
f 1837//1837 1838//1838 1839//1839
f 1840//1840 1841//1841 1842//1842
f 1843//1843 1844//1844 1845//1845
f 1846//1846 1847//1847 1848//1848
f 1849//1849 1850//1850 1851//1851
f 1852//1852 1853//1853 1854//1854
f 1855//1855 1856//1856 1857//1857
f 1858//1858 1859//1859 1860//1860
f 1861//1861 1862//1862 1863//1863
f 1864//1864 1865//1865 1866//1866
f 1867//1867 1868//1868 1869//1869
f 1870//1870 1871//1871 1872//1872
f 1873//1873 1874//1874 1875//1875
f 1876//1876 1877//1877 1878//1878
f 1879//1879 1880//1880 1881//1881
f 1882//1882 1883//1883 1884//1884
f 1885//1885 1886//1886 1887//1887
f 1888//1888 1889//1889 1890//1890
f 1891//1891 1892//1892 1893//1893
f 1894//1894 1895//1895 1896//1896
f 1897//1897 1898//1898 1899//1899
f 1900//1900 1901//1901 1902//1902
f 1903//1903 1904//1904 1905//1905
f 1906//1906 1907//1907 1908//1908
f 1909//1909 1910//1910 1911//1911
f 1912//1912 1913//1913 1914//1914
f 1915//1915 1916//1916 1917//1917
f 1918//1918 1919//1919 1920//1920
f 1921//1921 1922//1922 1923//1923
f 1924//1924 1925//1925 1926//1926
f 1927//1927 1928//1928 1929//1929
f 1930//1930 1931//1931 1932//1932
f 1933//1933 1934//1934 1935//1935
f 1936//1936 1937//1937 1938//1938
f 1939//1939 1940//1940 1941//1941
f 1942//1942 1943//1943 1944//1944
f 1945//1945 1946//1946 1947//1947
f 1948//1948 1949//1949 1950//1950
f 1951//1951 1952//1952 1953//1953
f 1954//1954 1955//1955 1956//1956
f 1957//1957 1958//1958 1959//1959
f 1960//1960 1961//1961 1962//1962
f 1963//1963 1964//1964 1965//1965
f 1966//1966 1967//1967 1968//1968
f 1969//1969 1970//1970 1971//1971
f 1972//1972 1973//1973 1974//1974
f 1975//1975 1976//1976 1977//1977
f 1978//1978 1979//1979 1980//1980
f 1981//1981 1982//1982 1983//1983
f 1984//1984 1985//1985 1986//1986
f 1987//1987 1988//1988 1989//1989
f 1990//1990 1991//1991 1992//1992
f 1993//1993 1994//1994 1995//1995
f 1996//1996 1997//1997 1998//1998
f 1999//1999 2000//2000 2001//2001
f 2002//2002 2003//2003 2004//2004
f 2005//2005 2006//2006 2007//2007
f 2008//2008 2009//2009 2010//2010
f 2011//2011 2012//2012 2013//2013
f 2014//2014 2015//2015 2016//2016
f 2017//2017 2018//2018 2019//2019
f 2020//2020 2021//2021 2022//2022
f 2023//2023 2024//2024 2025//2025
f 2026//2026 2027//2027 2028//2028
f 2029//2029 2030//2030 2031//2031
f 2032//2032 2033//2033 2034//2034
f 2035//2035 2036//2036 2037//2037
f 2038//2038 2039//2039 2040//2040
f 2041//2041 2042//2042 2043//2043
f 2044//2044 2045//2045 2046//2046
f 2047//2047 2048//2048 2049//2049
f 2050//2050 2051//2051 2052//2052
f 2053//2053 2054//2054 2055//2055
f 2056//2056 2057//2057 2058//2058
f 2059//2059 2060//2060 2061//2061
f 2062//2062 2063//2063 2064//2064
f 2065//2065 2066//2066 2067//2067
f 2068//2068 2069//2069 2070//2070
f 2071//2071 2072//2072 2073//2073
f 2074//2074 2075//2075 2076//2076
f 2077//2077 2078//2078 2079//2079
f 2080//2080 2081//2081 2082//2082
f 2083//2083 2084//2084 2085//2085
f 2086//2086 2087//2087 2088//2088
f 2089//2089 2090//2090 2091//2091
f 2092//2092 2093//2093 2094//2094
f 2095//2095 2096//2096 2097//2097
f 2098//2098 2099//2099 2100//2100
f 2101//2101 2102//2102 2103//2103
f 2104//2104 2105//2105 2106//2106
f 2107//2107 2108//2108 2109//2109
f 2110//2110 2111//2111 2112//2112
f 2113//2113 2114//2114 2115//2115
f 2116//2116 2117//2117 2118//2118
f 2119//2119 2120//2120 2121//2121
f 2122//2122 2123//2123 2124//2124
f 2125//2125 2126//2126 2127//2127
f 2128//2128 2129//2129 2130//2130
f 2131//2131 2132//2132 2133//2133
f 2134//2134 2135//2135 2136//2136
f 2137//2137 2138//2138 2139//2139
f 2140//2140 2141//2141 2142//2142
f 2143//2143 2144//2144 2145//2145
f 2146//2146 2147//2147 2148//2148
f 2149//2149 2150//2150 2151//2151
f 2152//2152 2153//2153 2154//2154
f 2155//2155 2156//2156 2157//2157
f 2158//2158 2159//2159 2160//2160
f 2161//2161 2162//2162 2163//2163
f 2164//2164 2165//2165 2166//2166
f 2167//2167 2168//2168 2169//2169
f 2170//2170 2171//2171 2172//2172
f 2173//2173 2174//2174 2175//2175
f 2176//2176 2177//2177 2178//2178
f 2179//2179 2180//2180 2181//2181
f 2182//2182 2183//2183 2184//2184
f 2185//2185 2186//2186 2187//2187
f 2188//2188 2189//2189 2190//2190
f 2191//2191 2192//2192 2193//2193
f 2194//2194 2195//2195 2196//2196
f 2197//2197 2198//2198 2199//2199
f 2200//2200 2201//2201 2202//2202
f 2203//2203 2204//2204 2205//2205
f 2206//2206 2207//2207 2208//2208
f 2209//2209 2210//2210 2211//2211
f 2212//2212 2213//2213 2214//2214
f 2215//2215 2216//2216 2217//2217
f 2218//2218 2219//2219 2220//2220
f 2221//2221 2222//2222 2223//2223
f 2224//2224 2225//2225 2226//2226
f 2227//2227 2228//2228 2229//2229
f 2230//2230 2231//2231 2232//2232
f 2233//2233 2234//2234 2235//2235
f 2236//2236 2237//2237 2238//2238
f 2239//2239 2240//2240 2241//2241
f 2242//2242 2243//2243 2244//2244
f 2245//2245 2246//2246 2247//2247
f 2248//2248 2249//2249 2250//2250
f 2251//2251 2252//2252 2253//2253
f 2254//2254 2255//2255 2256//2256
f 2257//2257 2258//2258 2259//2259
f 2260//2260 2261//2261 2262//2262
f 2263//2263 2264//2264 2265//2265
f 2266//2266 2267//2267 2268//2268
f 2269//2269 2270//2270 2271//2271
f 2272//2272 2273//2273 2274//2274
f 2275//2275 2276//2276 2277//2277
f 2278//2278 2279//2279 2280//2280
f 2281//2281 2282//2282 2283//2283
f 2284//2284 2285//2285 2286//2286
f 2287//2287 2288//2288 2289//2289
f 2290//2290 2291//2291 2292//2292
f 2293//2293 2294//2294 2295//2295
f 2296//2296 2297//2297 2298//2298
f 2299//2299 2300//2300 2301//2301
f 2302//2302 2303//2303 2304//2304
f 2305//2305 2306//2306 2307//2307
f 2308//2308 2309//2309 2310//2310
f 2311//2311 2312//2312 2313//2313
f 2314//2314 2315//2315 2316//2316
f 2317//2317 2318//2318 2319//2319
f 2320//2320 2321//2321 2322//2322
f 2323//2323 2324//2324 2325//2325
f 2326//2326 2327//2327 2328//2328
f 2329//2329 2330//2330 2331//2331
f 2332//2332 2333//2333 2334//2334
f 2335//2335 2336//2336 2337//2337
f 2338//2338 2339//2339 2340//2340
f 2341//2341 2342//2342 2343//2343
f 2344//2344 2345//2345 2346//2346
f 2347//2347 2348//2348 2349//2349
f 2350//2350 2351//2351 2352//2352
f 2353//2353 2354//2354 2355//2355
f 2356//2356 2357//2357 2358//2358
f 2359//2359 2360//2360 2361//2361
f 2362//2362 2363//2363 2364//2364
f 2365//2365 2366//2366 2367//2367
f 2368//2368 2369//2369 2370//2370
f 2371//2371 2372//2372 2373//2373
f 2374//2374 2375//2375 2376//2376
f 2377//2377 2378//2378 2379//2379
f 2380//2380 2381//2381 2382//2382
f 2383//2383 2384//2384 2385//2385
f 2386//2386 2387//2387 2388//2388
f 2389//2389 2390//2390 2391//2391
f 2392//2392 2393//2393 2394//2394
f 2395//2395 2396//2396 2397//2397
f 2398//2398 2399//2399 2400//2400
f 2401//2401 2402//2402 2403//2403
f 2404//2404 2405//2405 2406//2406
f 2407//2407 2408//2408 2409//2409
f 2410//2410 2411//2411 2412//2412
f 2413//2413 2414//2414 2415//2415
f 2416//2416 2417//2417 2418//2418
f 2419//2419 2420//2420 2421//2421
f 2422//2422 2423//2423 2424//2424
f 2425//2425 2426//2426 2427//2427
f 2428//2428 2429//2429 2430//2430
f 2431//2431 2432//2432 2433//2433
f 2434//2434 2435//2435 2436//2436
f 2437//2437 2438//2438 2439//2439
f 2440//2440 2441//2441 2442//2442
f 2443//2443 2444//2444 2445//2445
f 2446//2446 2447//2447 2448//2448
f 2449//2449 2450//2450 2451//2451
f 2452//2452 2453//2453 2454//2454
f 2455//2455 2456//2456 2457//2457
f 2458//2458 2459//2459 2460//2460
f 2461//2461 2462//2462 2463//2463
f 2464//2464 2465//2465 2466//2466
f 2467//2467 2468//2468 2469//2469
f 2470//2470 2471//2471 2472//2472
f 2473//2473 2474//2474 2475//2475
f 2476//2476 2477//2477 2478//2478
f 2479//2479 2480//2480 2481//2481
f 2482//2482 2483//2483 2484//2484
f 2485//2485 2486//2486 2487//2487
f 2488//2488 2489//2489 2490//2490
f 2491//2491 2492//2492 2493//2493
f 2494//2494 2495//2495 2496//2496
f 2497//2497 2498//2498 2499//2499
f 2500//2500 2501//2501 2502//2502
f 2503//2503 2504//2504 2505//2505
f 2506//2506 2507//2507 2508//2508
f 2509//2509 2510//2510 2511//2511
f 2512//2512 2513//2513 2514//2514
f 2515//2515 2516//2516 2517//2517
f 2518//2518 2519//2519 2520//2520
f 2521//2521 2522//2522 2523//2523
f 2524//2524 2525//2525 2526//2526
f 2527//2527 2528//2528 2529//2529
f 2530//2530 2531//2531 2532//2532
f 2533//2533 2534//2534 2535//2535
f 2536//2536 2537//2537 2538//2538
f 2539//2539 2540//2540 2541//2541
f 2542//2542 2543//2543 2544//2544
f 2545//2545 2546//2546 2547//2547
f 2548//2548 2549//2549 2550//2550
f 2551//2551 2552//2552 2553//2553
f 2554//2554 2555//2555 2556//2556
f 2557//2557 2558//2558 2559//2559
f 2560//2560 2561//2561 2562//2562
f 2563//2563 2564//2564 2565//2565
f 2566//2566 2567//2567 2568//2568
f 2569//2569 2570//2570 2571//2571
f 2572//2572 2573//2573 2574//2574
f 2575//2575 2576//2576 2577//2577
f 2578//2578 2579//2579 2580//2580
f 2581//2581 2582//2582 2583//2583
f 2584//2584 2585//2585 2586//2586
f 2587//2587 2588//2588 2589//2589
f 2590//2590 2591//2591 2592//2592
f 2593//2593 2594//2594 2595//2595
f 2596//2596 2597//2597 2598//2598
f 2599//2599 2600//2600 2601//2601
f 2602//2602 2603//2603 2604//2604
f 2605//2605 2606//2606 2607//2607
f 2608//2608 2609//2609 2610//2610
f 2611//2611 2612//2612 2613//2613
f 2614//2614 2615//2615 2616//2616
f 2617//2617 2618//2618 2619//2619
f 2620//2620 2621//2621 2622//2622
f 2623//2623 2624//2624 2625//2625
f 2626//2626 2627//2627 2628//2628
f 2629//2629 2630//2630 2631//2631
f 2632//2632 2633//2633 2634//2634
f 2635//2635 2636//2636 2637//2637
f 2638//2638 2639//2639 2640//2640
f 2641//2641 2642//2642 2643//2643
f 2644//2644 2645//2645 2646//2646
f 2647//2647 2648//2648 2649//2649
f 2650//2650 2651//2651 2652//2652
f 2653//2653 2654//2654 2655//2655
f 2656//2656 2657//2657 2658//2658
f 2659//2659 2660//2660 2661//2661
f 2662//2662 2663//2663 2664//2664
f 2665//2665 2666//2666 2667//2667
f 2668//2668 2669//2669 2670//2670
f 2671//2671 2672//2672 2673//2673
f 2674//2674 2675//2675 2676//2676
f 2677//2677 2678//2678 2679//2679
f 2680//2680 2681//2681 2682//2682
f 2683//2683 2684//2684 2685//2685
f 2686//2686 2687//2687 2688//2688
f 2689//2689 2690//2690 2691//2691
f 2692//2692 2693//2693 2694//2694
f 2695//2695 2696//2696 2697//2697
f 2698//2698 2699//2699 2700//2700
f 2701//2701 2702//2702 2703//2703
f 2704//2704 2705//2705 2706//2706
f 2707//2707 2708//2708 2709//2709
f 2710//2710 2711//2711 2712//2712
f 2713//2713 2714//2714 2715//2715
f 2716//2716 2717//2717 2718//2718
f 2719//2719 2720//2720 2721//2721
f 2722//2722 2723//2723 2724//2724
f 2725//2725 2726//2726 2727//2727
f 2728//2728 2729//2729 2730//2730
f 2731//2731 2732//2732 2733//2733
f 2734//2734 2735//2735 2736//2736
f 2737//2737 2738//2738 2739//2739
f 2740//2740 2741//2741 2742//2742
f 2743//2743 2744//2744 2745//2745
f 2746//2746 2747//2747 2748//2748
f 2749//2749 2750//2750 2751//2751
f 2752//2752 2753//2753 2754//2754
f 2755//2755 2756//2756 2757//2757
f 2758//2758 2759//2759 2760//2760
f 2761//2761 2762//2762 2763//2763
f 2764//2764 2765//2765 2766//2766
f 2767//2767 2768//2768 2769//2769
f 2770//2770 2771//2771 2772//2772
f 2773//2773 2774//2774 2775//2775
f 2776//2776 2777//2777 2778//2778
f 2779//2779 2780//2780 2781//2781
f 2782//2782 2783//2783 2784//2784
f 2785//2785 2786//2786 2787//2787
f 2788//2788 2789//2789 2790//2790
f 2791//2791 2792//2792 2793//2793
f 2794//2794 2795//2795 2796//2796
f 2797//2797 2798//2798 2799//2799
f 2800//2800 2801//2801 2802//2802
f 2803//2803 2804//2804 2805//2805
f 2806//2806 2807//2807 2808//2808
f 2809//2809 2810//2810 2811//2811
f 2812//2812 2813//2813 2814//2814
f 2815//2815 2816//2816 2817//2817
f 2818//2818 2819//2819 2820//2820
f 2821//2821 2822//2822 2823//2823
f 2824//2824 2825//2825 2826//2826
f 2827//2827 2828//2828 2829//2829
f 2830//2830 2831//2831 2832//2832
f 2833//2833 2834//2834 2835//2835
f 2836//2836 2837//2837 2838//2838
f 2839//2839 2840//2840 2841//2841
f 2842//2842 2843//2843 2844//2844
f 2845//2845 2846//2846 2847//2847
f 2848//2848 2849//2849 2850//2850
f 2851//2851 2852//2852 2853//2853
f 2854//2854 2855//2855 2856//2856
f 2857//2857 2858//2858 2859//2859
f 2860//2860 2861//2861 2862//2862
f 2863//2863 2864//2864 2865//2865
f 2866//2866 2867//2867 2868//2868
f 2869//2869 2870//2870 2871//2871
f 2872//2872 2873//2873 2874//2874
f 2875//2875 2876//2876 2877//2877
f 2878//2878 2879//2879 2880//2880
f 2881//2881 2882//2882 2883//2883
f 2884//2884 2885//2885 2886//2886
f 2887//2887 2888//2888 2889//2889
f 2890//2890 2891//2891 2892//2892
f 2893//2893 2894//2894 2895//2895
f 2896//2896 2897//2897 2898//2898
f 2899//2899 2900//2900 2901//2901
f 2902//2902 2903//2903 2904//2904
f 2905//2905 2906//2906 2907//2907
f 2908//2908 2909//2909 2910//2910
f 2911//2911 2912//2912 2913//2913
f 2914//2914 2915//2915 2916//2916
f 2917//2917 2918//2918 2919//2919
f 2920//2920 2921//2921 2922//2922
f 2923//2923 2924//2924 2925//2925
f 2926//2926 2927//2927 2928//2928
f 2929//2929 2930//2930 2931//2931
f 2932//2932 2933//2933 2934//2934
f 2935//2935 2936//2936 2937//2937
f 2938//2938 2939//2939 2940//2940
f 2941//2941 2942//2942 2943//2943
f 2944//2944 2945//2945 2946//2946
f 2947//2947 2948//2948 2949//2949
f 2950//2950 2951//2951 2952//2952
f 2953//2953 2954//2954 2955//2955
f 2956//2956 2957//2957 2958//2958
f 2959//2959 2960//2960 2961//2961
f 2962//2962 2963//2963 2964//2964
f 2965//2965 2966//2966 2967//2967
f 2968//2968 2969//2969 2970//2970
f 2971//2971 2972//2972 2973//2973
f 2974//2974 2975//2975 2976//2976
f 2977//2977 2978//2978 2979//2979
f 2980//2980 2981//2981 2982//2982
f 2983//2983 2984//2984 2985//2985
f 2986//2986 2987//2987 2988//2988
f 2989//2989 2990//2990 2991//2991
f 2992//2992 2993//2993 2994//2994
f 2995//2995 2996//2996 2997//2997
f 2998//2998 2999//2999 3000//3000
f 3001//3001 3002//3002 3003//3003
f 3004//3004 3005//3005 3006//3006
f 3007//3007 3008//3008 3009//3009
f 3010//3010 3011//3011 3012//3012
f 3013//3013 3014//3014 3015//3015
f 3016//3016 3017//3017 3018//3018
f 3019//3019 3020//3020 3021//3021
f 3022//3022 3023//3023 3024//3024
f 3025//3025 3026//3026 3027//3027
f 3028//3028 3029//3029 3030//3030
f 3031//3031 3032//3032 3033//3033
f 3034//3034 3035//3035 3036//3036
f 3037//3037 3038//3038 3039//3039
f 3040//3040 3041//3041 3042//3042
f 3043//3043 3044//3044 3045//3045
f 3046//3046 3047//3047 3048//3048
f 3049//3049 3050//3050 3051//3051
f 3052//3052 3053//3053 3054//3054
f 3055//3055 3056//3056 3057//3057
f 3058//3058 3059//3059 3060//3060
f 3061//3061 3062//3062 3063//3063
f 3064//3064 3065//3065 3066//3066
f 3067//3067 3068//3068 3069//3069
f 3070//3070 3071//3071 3072//3072
f 3073//3073 3074//3074 3075//3075
f 3076//3076 3077//3077 3078//3078
f 3079//3079 3080//3080 3081//3081
f 3082//3082 3083//3083 3084//3084
f 3085//3085 3086//3086 3087//3087
f 3088//3088 3089//3089 3090//3090
f 3091//3091 3092//3092 3093//3093
f 3094//3094 3095//3095 3096//3096
f 3097//3097 3098//3098 3099//3099
f 3100//3100 3101//3101 3102//3102
f 3103//3103 3104//3104 3105//3105
f 3106//3106 3107//3107 3108//3108
f 3109//3109 3110//3110 3111//3111
f 3112//3112 3113//3113 3114//3114
f 3115//3115 3116//3116 3117//3117
f 3118//3118 3119//3119 3120//3120
f 3121//3121 3122//3122 3123//3123
f 3124//3124 3125//3125 3126//3126
f 3127//3127 3128//3128 3129//3129
f 3130//3130 3131//3131 3132//3132
f 3133//3133 3134//3134 3135//3135
f 3136//3136 3137//3137 3138//3138
f 3139//3139 3140//3140 3141//3141
f 3142//3142 3143//3143 3144//3144
f 3145//3145 3146//3146 3147//3147
f 3148//3148 3149//3149 3150//3150
f 3151//3151 3152//3152 3153//3153
f 3154//3154 3155//3155 3156//3156
f 3157//3157 3158//3158 3159//3159
f 3160//3160 3161//3161 3162//3162
f 3163//3163 3164//3164 3165//3165
f 3166//3166 3167//3167 3168//3168
f 3169//3169 3170//3170 3171//3171
f 3172//3172 3173//3173 3174//3174
f 3175//3175 3176//3176 3177//3177
f 3178//3178 3179//3179 3180//3180
f 3181//3181 3182//3182 3183//3183
f 3184//3184 3185//3185 3186//3186
f 3187//3187 3188//3188 3189//3189
f 3190//3190 3191//3191 3192//3192
f 3193//3193 3194//3194 3195//3195
f 3196//3196 3197//3197 3198//3198
f 3199//3199 3200//3200 3201//3201
f 3202//3202 3203//3203 3204//3204
f 3205//3205 3206//3206 3207//3207
f 3208//3208 3209//3209 3210//3210
f 3211//3211 3212//3212 3213//3213
f 3214//3214 3215//3215 3216//3216
f 3217//3217 3218//3218 3219//3219
f 3220//3220 3221//3221 3222//3222
f 3223//3223 3224//3224 3225//3225
f 3226//3226 3227//3227 3228//3228
f 3229//3229 3230//3230 3231//3231
f 3232//3232 3233//3233 3234//3234
f 3235//3235 3236//3236 3237//3237
f 3238//3238 3239//3239 3240//3240
f 3241//3241 3242//3242 3243//3243
f 3244//3244 3245//3245 3246//3246
f 3247//3247 3248//3248 3249//3249
f 3250//3250 3251//3251 3252//3252
f 3253//3253 3254//3254 3255//3255
f 3256//3256 3257//3257 3258//3258
f 3259//3259 3260//3260 3261//3261
f 3262//3262 3263//3263 3264//3264
f 3265//3265 3266//3266 3267//3267
f 3268//3268 3269//3269 3270//3270
f 3271//3271 3272//3272 3273//3273
f 3274//3274 3275//3275 3276//3276
f 3277//3277 3278//3278 3279//3279
f 3280//3280 3281//3281 3282//3282
f 3283//3283 3284//3284 3285//3285
f 3286//3286 3287//3287 3288//3288
f 3289//3289 3290//3290 3291//3291
f 3292//3292 3293//3293 3294//3294
f 3295//3295 3296//3296 3297//3297
f 3298//3298 3299//3299 3300//3300
f 3301//3301 3302//3302 3303//3303
f 3304//3304 3305//3305 3306//3306
f 3307//3307 3308//3308 3309//3309
f 3310//3310 3311//3311 3312//3312
f 3313//3313 3314//3314 3315//3315
f 3316//3316 3317//3317 3318//3318
f 3319//3319 3320//3320 3321//3321
f 3322//3322 3323//3323 3324//3324
f 3325//3325 3326//3326 3327//3327
f 3328//3328 3329//3329 3330//3330
f 3331//3331 3332//3332 3333//3333
f 3334//3334 3335//3335 3336//3336
f 3337//3337 3338//3338 3339//3339
f 3340//3340 3341//3341 3342//3342
f 3343//3343 3344//3344 3345//3345
f 3346//3346 3347//3347 3348//3348
f 3349//3349 3350//3350 3351//3351
f 3352//3352 3353//3353 3354//3354
f 3355//3355 3356//3356 3357//3357
f 3358//3358 3359//3359 3360//3360
f 3361//3361 3362//3362 3363//3363
f 3364//3364 3365//3365 3366//3366
f 3367//3367 3368//3368 3369//3369
f 3370//3370 3371//3371 3372//3372
f 3373//3373 3374//3374 3375//3375
f 3376//3376 3377//3377 3378//3378
f 3379//3379 3380//3380 3381//3381
f 3382//3382 3383//3383 3384//3384
f 3385//3385 3386//3386 3387//3387
f 3388//3388 3389//3389 3390//3390
f 3391//3391 3392//3392 3393//3393
f 3394//3394 3395//3395 3396//3396
f 3397//3397 3398//3398 3399//3399
f 3400//3400 3401//3401 3402//3402
f 3403//3403 3404//3404 3405//3405
f 3406//3406 3407//3407 3408//3408
f 3409//3409 3410//3410 3411//3411
f 3412//3412 3413//3413 3414//3414
f 3415//3415 3416//3416 3417//3417
f 3418//3418 3419//3419 3420//3420
f 3421//3421 3422//3422 3423//3423
f 3424//3424 3425//3425 3426//3426
f 3427//3427 3428//3428 3429//3429
f 3430//3430 3431//3431 3432//3432
f 3433//3433 3434//3434 3435//3435
f 3436//3436 3437//3437 3438//3438
f 3439//3439 3440//3440 3441//3441
f 3442//3442 3443//3443 3444//3444
f 3445//3445 3446//3446 3447//3447
f 3448//3448 3449//3449 3450//3450
f 3451//3451 3452//3452 3453//3453
f 3454//3454 3455//3455 3456//3456
f 3457//3457 3458//3458 3459//3459
f 3460//3460 3461//3461 3462//3462
f 3463//3463 3464//3464 3465//3465
f 3466//3466 3467//3467 3468//3468
f 3469//3469 3470//3470 3471//3471
f 3472//3472 3473//3473 3474//3474
f 3475//3475 3476//3476 3477//3477
f 3478//3478 3479//3479 3480//3480
f 3481//3481 3482//3482 3483//3483
f 3484//3484 3485//3485 3486//3486
f 3487//3487 3488//3488 3489//3489
f 3490//3490 3491//3491 3492//3492
f 3493//3493 3494//3494 3495//3495
f 3496//3496 3497//3497 3498//3498
f 3499//3499 3500//3500 3501//3501
f 3502//3502 3503//3503 3504//3504
f 3505//3505 3506//3506 3507//3507
f 3508//3508 3509//3509 3510//3510
f 3511//3511 3512//3512 3513//3513
f 3514//3514 3515//3515 3516//3516
f 3517//3517 3518//3518 3519//3519
f 3520//3520 3521//3521 3522//3522
f 3523//3523 3524//3524 3525//3525
f 3526//3526 3527//3527 3528//3528
