mtllib wrist1.mtl
o empty_2
usemtl material18
v -0.00011157989501953125 0.12777328491210938 -0.04978560656309128
v 0.004686951637268066 0.12807393074035645 -0.048884861171245575
v 0.005510210990905762 0.1258230209350586 -0.05168914049863815
v -0.007628321647644043 0.12377643585205078 -0.0532069131731987
v -0.004963040351867676 0.1270308494567871 -0.05027293413877487
v -0.00011157989501953125 0.12777328491210938 -0.04978560656309128
v -0.00011157989501953125 0.12777328491210938 -0.04978560656309128
v 0.005510210990905762 0.1258230209350586 -0.05168914049863815
v -0.007628321647644043 0.12377643585205078 -0.0532069131731987
v 0.005510210990905762 0.1258230209350586 -0.05168914049863815
v 0.004711329936981201 0.12341785430908203 -0.05381011217832565
v -0.007628321647644043 0.12377643585205078 -0.0532069131731987
v -0.007628321647644043 0.12377643585205078 -0.0532069131731987
v 0.004711329936981201 0.12341785430908203 -0.05381011217832565
v -0.000845789909362793 0.12116098403930664 -0.05536936968564987
v -0.02855551242828369 0.07681438326835632 -0.05545251816511154
v -0.03017902374267578 0.08642685413360596 -0.05600833147764206
v -0.026817917823791504 0.08431430160999298 -0.05706579238176346
v -0.030199378728866577 0.07341834902763367 -0.05188330262899399
v -0.0313258022069931 0.07303804159164429 -0.04863925650715828
v -0.03407050669193268 0.07822894304990768 -0.048572711646556854
v -0.02855551242828369 0.07681438326835632 -0.05545251816511154
v -0.025425970554351807 0.06927692890167236 -0.054007939994335175
v -0.030199378728866577 0.07341834902763367 -0.05188330262899399
v -0.030199378728866577 0.07341834902763367 -0.05188330262899399
v -0.03407050669193268 0.07822894304990768 -0.048572711646556854
v -0.03379929065704346 0.08237758278846741 -0.052286021411418915
v -0.030199378728866577 0.07341834902763367 -0.05188330262899399
v -0.03379929065704346 0.08237758278846741 -0.052286021411418915
v -0.02855551242828369 0.07681438326835632 -0.05545251816511154
v -0.022623658180236816 0.07430337369441986 -0.0570717379450798
v -0.02855551242828369 0.07681438326835632 -0.05545251816511154
v -0.026817917823791504 0.08431430160999298 -0.05706579238176346
v 0.03237617760896683 0.07478564977645874 -0.04847555235028267
v 0.02885213866829872 0.0696299597620964 -0.049027200788259506
v 0.02958303689956665 0.07338151335716248 -0.05277886241674423
v 0.02958303689956665 0.07338151335716248 -0.05277886241674423
v 0.02566710114479065 0.06865401566028595 -0.053367726504802704
v 0.024554848670959473 0.07289230823516846 -0.05625184625387192
v 0.032950758934020996 0.07822644710540771 -0.0512995645403862
v 0.03237617760896683 0.07478564977645874 -0.04847555235028267
v 0.02958303689956665 0.07338151335716248 -0.05277886241674423
v 0.03140866756439209 0.08070245385169983 -0.054339878261089325
v 0.02958303689956665 0.07338151335716248 -0.05277886241674423
v 0.024554848670959473 0.07289230823516846 -0.05625184625387192
v 0.03140866756439209 0.08070245385169983 -0.054339878261089325
v 0.024554848670959473 0.07289230823516846 -0.05625184625387192
v 0.027728796005249023 0.07924345135688782 -0.05630432814359665
v 0.027728796005249023 0.07924345135688782 -0.05630432814359665
v 0.024554848670959473 0.07289230823516846 -0.05625184625387192
v 0.018806874752044678 0.07028177380561829 -0.05717611685395241
v 0.032950758934020996 0.07822644710540771 -0.0512995645403862
v 0.02958303689956665 0.07338151335716248 -0.05277886241674423
v 0.03140866756439209 0.08070245385169983 -0.054339878261089325
v 0.026631534099578857 0.08573776483535767 -0.05715789645910263
v 0.027728796005249023 0.07924345135688782 -0.05630432814359665
v 0.018806874752044678 0.07028177380561829 -0.05717611685395241
v -0.01380196213722229 0.06649214029312134 -0.0571594275534153
v 0.0035033151507377625 0.1157602071762085 -0.05715372413396835
v 0.02219131588935852 0.1047525405883789 -0.0571502223610878
v -0.01380196213722229 0.06649214029312134 -0.0571594275534153
v -0.022623658180236816 0.07430337369441986 -0.0570717379450798
v 0.0035033151507377625 0.1157602071762085 -0.05715372413396835
v 0.005434349179267883 0.0634123682975769 -0.05716058984398842
v -0.01380196213722229 0.06649214029312134 -0.0571594275534153
v 0.02219131588935852 0.1047525405883789 -0.0571502223610878
v -0.022623658180236816 0.07430337369441986 -0.0570717379450798
v -0.026817917823791504 0.08431430160999298 -0.05706579238176346
v 0.0035033151507377625 0.1157602071762085 -0.05715372413396835
v 0.0035033151507377625 0.1157602071762085 -0.05715372413396835
v -0.026817917823791504 0.08431430160999298 -0.05706579238176346
v -0.025853872299194336 0.09639035165309906 -0.05715087056159973
v 0.0035033151507377625 0.1157602071762085 -0.05715372413396835
v -0.025853872299194336 0.09639035165309906 -0.05715087056159973
v -0.015102386474609375 0.11134004592895508 -0.05714041739702225
v 0.005434349179267883 0.0634123682975769 -0.05716058984398842
v 0.026631534099578857 0.08573776483535767 -0.05715789645910263
v 0.018806874752044678 0.07028177380561829 -0.05717611685395241
v 0.02219131588935852 0.1047525405883789 -0.0571502223610878
v 0.026631534099578857 0.08573776483535767 -0.05715789645910263
v 0.005434349179267883 0.0634123682975769 -0.05716058984398842
v 0.03237617760896683 0.07478564977645874 -0.04847555235028267
v 0.032950758934020996 0.07822644710540771 -0.0512995645403862
v 0.034947291016578674 0.08015955239534378 -0.04801207780838013
v 0.005434349179267883 0.0634123682975769 -0.05716058984398842
v 0.0019056499004364014 0.06141549348831177 -0.05688684433698654
v -0.01380196213722229 0.06649214029312134 -0.0571594275534153
v -0.01380196213722229 0.06649214029312134 -0.0571594275534153
v 0.0019056499004364014 0.06141549348831177 -0.05688684433698654
v -0.007741987705230713 0.06214539706707001 -0.056733109056949615
v -0.029649972915649414 0.09817814826965332 -0.05582260340452194
v -0.030803442001342773 0.1051977276802063 -0.05336593836545944
v -0.02429938316345215 0.11184835433959961 -0.054799310863018036
v -0.000845789909362793 0.12116098403930664 -0.05536936968564987
v -0.010540246963500977 0.1177818775177002 -0.05610000342130661
v -0.007628321647644043 0.12377643585205078 -0.0532069131731987
v -0.02086639404296875 0.1192469596862793 -0.051967136561870575
v -0.018187522888183594 0.11663085222244263 -0.055052511394023895
v -0.02429938316345215 0.11184835433959961 -0.054799310863018036
v -0.010540246963500977 0.1177818775177002 -0.05610000342130661
v -0.018187522888183594 0.11663085222244263 -0.055052511394023895
v -0.007628321647644043 0.12377643585205078 -0.0532069131731987
v -0.007628321647644043 0.12377643585205078 -0.0532069131731987
v -0.018187522888183594 0.11663085222244263 -0.055052511394023895
v -0.018086910247802734 0.12247848510742188 -0.05066632479429245
v 0.03026258945465088 0.09183686971664429 -0.05615066736936569
v 0.027542829513549805 0.1057288646697998 -0.055337779223918915
v 0.03216886520385742 0.09856218844652176 -0.05415558069944382
v -0.000845789909362793 0.12116098403930664 -0.05536936968564987
v 0.004711329936981201 0.12341785430908203 -0.05381011217832565
v 0.012981414794921875 0.11713254451751709 -0.05608891695737839
v 0.012981414794921875 0.11713254451751709 -0.05608891695737839
v 0.004711329936981201 0.12341785430908203 -0.05381011217832565
v 0.015563011169433594 0.12284266948699951 -0.051623813807964325
v 0.015563011169433594 0.12284266948699951 -0.051623813807964325
v 0.004711329936981201 0.12341785430908203 -0.05381011217832565
v 0.005510210990905762 0.1258230209350586 -0.05168914049863815
v 0.02101421356201172 0.11442005634307861 -0.05502461642026901
v 0.027551591396331787 0.11288833618164062 -0.05203460901975632
v 0.027542829513549805 0.1057288646697998 -0.055337779223918915
v -0.004963040351867676 0.1270308494567871 -0.05027293413877487
v -0.007628321647644043 0.12377643585205078 -0.0532069131731987
v -0.009965181350708008 0.12686419486999512 -0.04918765276670456
v -0.009965181350708008 0.12686419486999512 -0.04918765276670456
v -0.007628321647644043 0.12377643585205078 -0.0532069131731987
v -0.018086910247802734 0.12247848510742188 -0.05066632479429245
v -0.015536047518253326 0.1261805295944214 -0.04695963114500046
v -0.009965181350708008 0.12686419486999512 -0.04918765276670456
v -0.018086910247802734 0.12247848510742188 -0.05066632479429245
v 0.005510210990905762 0.1258230209350586 -0.05168914049863815
v 0.004686951637268066 0.12807393074035645 -0.048884861171245575
v 0.010010093450546265 0.1274275779724121 -0.04823111742734909
v 0.005510210990905762 0.1258230209350586 -0.05168914049863815
v 0.010010093450546265 0.1274275779724121 -0.04823111742734909
v 0.015563011169433594 0.12284266948699951 -0.051623813807964325
v 0.012981414794921875 0.11713254451751709 -0.05608891695737839
v 0.015563011169433594 0.12284266948699951 -0.051623813807964325
v 0.02101421356201172 0.11442005634307861 -0.05502461642026901
v -0.004963040351867676 0.1270308494567871 -0.05027293413877487
v -0.009965181350708008 0.12686419486999512 -0.04918765276670456
v -0.0016179084777832031 0.1299046277999878 -0.045898910611867905
v -0.004963040351867676 0.1270308494567871 -0.05027293413877487
v -0.0016179084777832031 0.1299046277999878 -0.045898910611867905
v -0.00011157989501953125 0.12777328491210938 -0.04978560656309128
v -0.009965181350708008 0.12686419486999512 -0.04918765276670456
v -0.015536047518253326 0.1261805295944214 -0.04695963114500046
v -0.0082663893699646 0.13004326820373535 -0.04298686608672142
v -0.009965181350708008 0.12686419486999512 -0.04918765276670456
v -0.0082663893699646 0.13004326820373535 -0.04298686608672142
v -0.0016179084777832031 0.1299046277999878 -0.045898910611867905
v -0.00011157989501953125 0.12777328491210938 -0.04978560656309128
v -0.0016179084777832031 0.1299046277999878 -0.045898910611867905
v 0.0073332637548446655 0.1297008991241455 -0.04472493752837181
v -0.00011157989501953125 0.12777328491210938 -0.04978560656309128
v 0.0073332637548446655 0.1297008991241455 -0.04472493752837181
v 0.004686951637268066 0.12807393074035645 -0.048884861171245575
v 0.004686951637268066 0.12807393074035645 -0.048884861171245575
v 0.0073332637548446655 0.1297008991241455 -0.04472493752837181
v 0.010010093450546265 0.1274275779724121 -0.04823111742734909
v -0.015536047518253326 0.1261805295944214 -0.04695963114500046
v -0.016558725386857986 0.12732535600662231 -0.04113924130797386
v -0.0082663893699646 0.13004326820373535 -0.04298686608672142
v -0.0016179084777832031 0.1299046277999878 -0.045898910611867905
v -0.0082663893699646 0.13004326820373535 -0.04298686608672142
v -0.00014153122901916504 0.13121220469474792 -0.04055773839354515
v -0.0016179084777832031 0.1299046277999878 -0.045898910611867905
v -0.00014153122901916504 0.13121220469474792 -0.04055773839354515
v 0.0073332637548446655 0.1297008991241455 -0.04472493752837181
v 0.035126328468322754 0.09437072277069092 -0.051901333034038544
v 0.03216886520385742 0.09856218844652176 -0.05415558069944382
v 0.03536224365234375 0.10114574432373047 -0.049600355327129364
v 0.03536224365234375 0.10114574432373047 -0.049600355327129364
v 0.03216886520385742 0.09856218844652176 -0.05415558069944382
v 0.032039642333984375 0.10801398754119873 -0.050729863345623016
v 0.032950758934020996 0.07822644710540771 -0.0512995645403862
v 0.03140866756439209 0.08070245385169983 -0.054339878261089325
v 0.0357358455657959 0.08589215576648712 -0.05018769949674606
v 0.0357358455657959 0.08589215576648712 -0.05018769949674606
v 0.03140866756439209 0.08070245385169983 -0.054339878261089325
v 0.033461809158325195 0.0880202054977417 -0.053760044276714325
v 0.0357358455657959 0.08589215576648712 -0.05018769949674606
v 0.033461809158325195 0.0880202054977417 -0.053760044276714325
v 0.035126328468322754 0.09437072277069092 -0.051901333034038544
v 0.020832858979701996 0.12325417995452881 -0.046986810863018036
v 0.02400064468383789 0.11832904815673828 -0.050543300807476044
v 0.015563011169433594 0.12284266948699951 -0.051623813807964325
v 0.032039642333984375 0.10801398754119873 -0.050729863345623016
v 0.027551591396331787 0.11288833618164062 -0.05203460901975632
v 0.030490010976791382 0.11435818672180176 -0.04636978730559349
v 0.030490010976791382 0.11435818672180176 -0.04636978730559349
v 0.027551591396331787 0.11288833618164062 -0.05203460901975632
v 0.02400064468383789 0.11832904815673828 -0.050543300807476044
v 0.020832858979701996 0.12325417995452881 -0.046986810863018036
v 0.015563011169433594 0.12284266948699951 -0.051623813807964325
v 0.015455007553100586 0.12665235996246338 -0.04587077721953392
v 0.015455007553100586 0.12665235996246338 -0.04587077721953392
v 0.015563011169433594 0.12284266948699951 -0.051623813807964325
v 0.010010093450546265 0.1274275779724121 -0.04823111742734909
v 0.034947291016578674 0.08015955239534378 -0.04801207780838013
v 0.032950758934020996 0.07822644710540771 -0.0512995645403862
v 0.0357358455657959 0.08589215576648712 -0.05018769949674606
v 0.0374029278755188 0.093373604118824 -0.04664548859000206
v 0.0357358455657959 0.08589215576648712 -0.05018769949674606
v 0.035126328468322754 0.09437072277069092 -0.051901333034038544
v 0.0374029278755188 0.093373604118824 -0.04664548859000206
v 0.035126328468322754 0.09437072277069092 -0.051901333034038544
v 0.03536224365234375 0.10114574432373047 -0.049600355327129364
v 0.030490010976791382 0.11435818672180176 -0.04636978730559349
v 0.02400064468383789 0.11832904815673828 -0.050543300807476044
v 0.026991069316864014 0.11954325437545776 -0.04368733987212181
v 0.026991069316864014 0.11954325437545776 -0.04368733987212181
v 0.02400064468383789 0.11832904815673828 -0.050543300807476044
v 0.020832858979701996 0.12325417995452881 -0.046986810863018036
v 0.015455007553100586 0.12665235996246338 -0.04587077721953392
v 0.010010093450546265 0.1274275779724121 -0.04823111742734909
v 0.0073332637548446655 0.1297008991241455 -0.04472493752837181
v -0.02017351984977722 0.06343726068735123 -0.052943162620067596
v -0.025425970554351807 0.06927692890167236 -0.054007939994335175
v -0.01628151535987854 0.06346666812896729 -0.05546978861093521
v -0.027157336473464966 0.11677885055541992 -0.04888152331113815
v -0.02086639404296875 0.1192469596862793 -0.051967136561870575
v -0.02801358699798584 0.11255407333374023 -0.051712505519390106
v -0.035095930099487305 0.09344232082366943 -0.052060358226299286
v -0.03287172317504883 0.10021626949310303 -0.0531310960650444
v -0.03301405906677246 0.09010010957717896 -0.05436252802610397
v -0.03379929065704346 0.08237758278846741 -0.052286021411418915
v -0.035095930099487305 0.09344232082366943 -0.052060358226299286
v -0.03301405906677246 0.09010010957717896 -0.05436252802610397
v -0.02017351984977722 0.06343726068735123 -0.052943162620067596
v -0.01628151535987854 0.06346666812896729 -0.05546978861093521
v -0.010979429818689823 0.059731174260377884 -0.054417405277490616
v 0.004696160554885864 0.05720162391662598 -0.05295538157224655
v -0.00037167593836784363 0.058174215257167816 -0.05484163016080856
v 0.011598406359553337 0.05953553318977356 -0.05396229028701782
v 0.018920809030532837 0.06199007108807564 -0.05204244703054428
v 0.01890219748020172 0.06426939368247986 -0.054837338626384735
v 0.02566710114479065 0.06865401566028595 -0.053367726504802704
v -0.02708481065928936 0.06779074668884277 -0.049811359494924545
v -0.030199378728866577 0.07341834902763367 -0.05188330262899399
v -0.025425970554351807 0.06927692890167236 -0.054007939994335175
v -0.02708481065928936 0.06779074668884277 -0.049811359494924545
v -0.025425970554351807 0.06927692890167236 -0.054007939994335175
v -0.02017351984977722 0.06343726068735123 -0.052943162620067596
v -0.013301804661750793 0.0585494339466095 -0.050737567245960236
v -0.02017351984977722 0.06343726068735123 -0.052943162620067596
v -0.010979429818689823 0.059731174260377884 -0.054417405277490616
v -0.013301804661750793 0.0585494339466095 -0.050737567245960236
v -0.010979429818689823 0.059731174260377884 -0.054417405277490616
v -0.006537020206451416 0.056771256029605865 -0.05106189101934433
v -0.006537020206451416 0.056771256029605865 -0.05106189101934433
v -0.010979429818689823 0.059731174260377884 -0.054417405277490616
v -0.00037167593836784363 0.058174215257167816 -0.05484163016080856
v -0.006537020206451416 0.056771256029605865 -0.05106189101934433
v -0.00037167593836784363 0.058174215257167816 -0.05484163016080856
v -0.0016889870166778564 0.056217797100543976 -0.05104156583547592
v -0.0016889870166778564 0.056217797100543976 -0.05104156583547592
v -0.00037167593836784363 0.058174215257167816 -0.05484163016080856
v 0.004696160554885864 0.05720162391662598 -0.05295538157224655
v 0.018920809030532837 0.06199007108807564 -0.05204244703054428
v 0.011598406359553337 0.05953553318977356 -0.05396229028701782
v 0.01890219748020172 0.06426939368247986 -0.054837338626384735
v -0.027157336473464966 0.11677885055541992 -0.04888152331113815
v -0.02801358699798584 0.11255407333374023 -0.051712505519390106
v -0.03271414339542389 0.10908842086791992 -0.04862331598997116
v -0.03634977340698242 0.09091693162918091 -0.04976176470518112
v -0.035095930099487305 0.09344232082366943 -0.052060358226299286
v -0.03379929065704346 0.08237758278846741 -0.052286021411418915
v -0.018086910247802734 0.12247848510742188 -0.05066632479429245
v -0.02086639404296875 0.1192469596862793 -0.051967136561870575
v -0.027157336473464966 0.11677885055541992 -0.04888152331113815
v -0.03271414339542389 0.10908842086791992 -0.04862331598997116
v -0.02801358699798584 0.11255407333374023 -0.051712505519390106
v -0.030803442001342773 0.1051977276802063 -0.05336593836545944
v -0.03271414339542389 0.10908842086791992 -0.04862331598997116
v -0.030803442001342773 0.1051977276802063 -0.05336593836545944
v -0.03503537178039551 0.10321712493896484 -0.048967115581035614
v -0.03503537178039551 0.10321712493896484 -0.048967115581035614
v -0.030803442001342773 0.1051977276802063 -0.05336593836545944
v -0.03287172317504883 0.10021626949310303 -0.0531310960650444
v -0.03503537178039551 0.10321712493896484 -0.048967115581035614
v -0.03287172317504883 0.10021626949310303 -0.0531310960650444
v -0.035095930099487305 0.09344232082366943 -0.052060358226299286
v -0.02114999294281006 0.06260237097740173 -0.049782536923885345
v -0.02708481065928936 0.06779074668884277 -0.049811359494924545
v -0.02017351984977722 0.06343726068735123 -0.052943162620067596
v -0.02114999294281006 0.06260237097740173 -0.049782536923885345
v -0.02017351984977722 0.06343726068735123 -0.052943162620067596
v -0.013301804661750793 0.0585494339466095 -0.050737567245960236
v 0.004551917314529419 0.05636204779148102 -0.05063413828611374
v -0.0016889870166778564 0.056217797100543976 -0.05104156583547592
v 0.004696160554885864 0.05720162391662598 -0.05295538157224655
v 0.011899098753929138 0.05809327960014343 -0.05047257989645004
v 0.011598406359553337 0.05953553318977356 -0.05396229028701782
v 0.018920809030532837 0.06199007108807564 -0.05204244703054428
v 0.023726949468255043 0.0646323710680008 -0.04968681186437607
v 0.018920809030532837 0.06199007108807564 -0.05204244703054428
v 0.02566710114479065 0.06865401566028595 -0.053367726504802704
v 0.02885213866829872 0.0696299597620964 -0.049027200788259506
v 0.02566710114479065 0.06865401566028595 -0.053367726504802704
v 0.02958303689956665 0.07338151335716248 -0.05277886241674423
v 0.03701471909880638 0.087286576628685 -0.04647838696837425
v 0.0357358455657959 0.08589215576648712 -0.05018769949674606
v 0.0374029278755188 0.093373604118824 -0.04664548859000206
v 0.0374029278755188 0.093373604118824 -0.04664548859000206
v 0.03536224365234375 0.10114574432373047 -0.049600355327129364
v 0.03693505376577377 0.10000163316726685 -0.045358236879110336
v 0.03693505376577377 0.10000163316726685 -0.045358236879110336
v 0.03536224365234375 0.10114574432373047 -0.049600355327129364
v 0.035203151404857635 0.1063433289527893 -0.04491054639220238
v 0.035203151404857635 0.1063433289527893 -0.04491054639220238
v 0.03536224365234375 0.10114574432373047 -0.049600355327129364
v 0.032039642333984375 0.10801398754119873 -0.050729863345623016
v 0.035203151404857635 0.1063433289527893 -0.04491054639220238
v 0.032039642333984375 0.10801398754119873 -0.050729863345623016
v 0.030490010976791382 0.11435818672180176 -0.04636978730559349
v 0.03701471909880638 0.087286576628685 -0.04647838696837425
v 0.034947291016578674 0.08015955239534378 -0.04801207780838013
v 0.0357358455657959 0.08589215576648712 -0.05018769949674606
v 0.032151997089385986 0.11303621530532837 -0.04340946301817894
v 0.030490010976791382 0.11435818672180176 -0.04636978730559349
v 0.026991069316864014 0.11954325437545776 -0.04368733987212181
v 0.02174517512321472 0.12415778636932373 -0.04183816537261009
v 0.026991069316864014 0.11954325437545776 -0.04368733987212181
v 0.020832858979701996 0.12325417995452881 -0.046986810863018036
v 0.02174517512321472 0.12415778636932373 -0.04183816537261009
v 0.020832858979701996 0.12325417995452881 -0.046986810863018036
v 0.01679016649723053 0.12708710134029388 -0.04184972867369652
v 0.01679016649723053 0.12708710134029388 -0.04184972867369652
v 0.020832858979701996 0.12325417995452881 -0.046986810863018036
v 0.015455007553100586 0.12665235996246338 -0.04587077721953392
v 0.01679016649723053 0.12708710134029388 -0.04184972867369652
v 0.015455007553100586 0.12665235996246338 -0.04587077721953392
v 0.010314419865608215 0.12970206141471863 -0.041091438382864
v 0.010314419865608215 0.12970206141471863 -0.041091438382864
v 0.015455007553100586 0.12665235996246338 -0.04587077721953392
v 0.0073332637548446655 0.1297008991241455 -0.04472493752837181
v -0.0313258022069931 0.07303804159164429 -0.04863925650715828
v -0.030199378728866577 0.07341834902763367 -0.05188330262899399
v -0.02708481065928936 0.06779074668884277 -0.049811359494924545
v 0.004551917314529419 0.05636204779148102 -0.05063413828611374
v 0.004696160554885864 0.05720162391662598 -0.05295538157224655
v 0.011899098753929138 0.05809327960014343 -0.05047257989645004
v 0.011899098753929138 0.05809327960014343 -0.05047257989645004
v 0.004696160554885864 0.05720162391662598 -0.05295538157224655
v 0.011598406359553337 0.05953553318977356 -0.05396229028701782
v 0.023726949468255043 0.0646323710680008 -0.04968681186437607
v 0.02566710114479065 0.06865401566028595 -0.053367726504802704
v 0.02885213866829872 0.0696299597620964 -0.049027200788259506
v -0.02729135751724243 0.11913013458251953 -0.04393899068236351
v -0.027157336473464966 0.11677885055541992 -0.04888152331113815
v -0.031967539340257645 0.11325138807296753 -0.04373728856444359
v -0.031967539340257645 0.11325138807296753 -0.04373728856444359
v -0.027157336473464966 0.11677885055541992 -0.04888152331113815
v -0.03271414339542389 0.10908842086791992 -0.04862331598997116
v -0.037171147763729095 0.09792695939540863 -0.046175237745046616
v -0.03634977340698242 0.09091693162918091 -0.04976176470518112
v -0.03747235983610153 0.09257209300994873 -0.04608454927802086
v -0.03747235983610153 0.09257209300994873 -0.04608454927802086
v -0.03634977340698242 0.09091693162918091 -0.04976176470518112
v -0.036440469324588776 0.08470950275659561 -0.047301895916461945
v -0.03407050669193268 0.07822894304990768 -0.048572711646556854
v -0.036440469324588776 0.08470950275659561 -0.047301895916461945
v -0.03379929065704346 0.08237758278846741 -0.052286021411418915
v 0.018574044108390808 0.06095091626048088 -0.04946707934141159
v 0.011899098753929138 0.05809327960014343 -0.05047257989645004
v 0.018920809030532837 0.06199007108807564 -0.05204244703054428
v 0.018574044108390808 0.06095091626048088 -0.04946707934141159
v 0.018920809030532837 0.06199007108807564 -0.05204244703054428
v 0.023726949468255043 0.0646323710680008 -0.04968681186437607
v 0.032151997089385986 0.11303621530532837 -0.04340946301817894
v 0.035203151404857635 0.1063433289527893 -0.04491054639220238
v 0.030490010976791382 0.11435818672180176 -0.04636978730559349
v -0.031967539340257645 0.11325138807296753 -0.04373728856444359
v -0.03271414339542389 0.10908842086791992 -0.04862331598997116
v -0.0356878787279129 0.10517290234565735 -0.04417305812239647
v -0.0356878787279129 0.10517290234565735 -0.04417305812239647
v -0.03271414339542389 0.10908842086791992 -0.04862331598997116
v -0.03503537178039551 0.10321712493896484 -0.048967115581035614
v -0.0356878787279129 0.10517290234565735 -0.04417305812239647
v -0.03503537178039551 0.10321712493896484 -0.048967115581035614
v -0.037171147763729095 0.09792695939540863 -0.046175237745046616
v -0.023112893104553223 0.12302732467651367 -0.04358052834868431
v -0.015536047518253326 0.1261805295944214 -0.04695963114500046
v -0.018086910247802734 0.12247848510742188 -0.05066632479429245
v -0.023112893104553223 0.12302732467651367 -0.04358052834868431
v -0.018086910247802734 0.12247848510742188 -0.05066632479429245
v -0.027157336473464966 0.11677885055541992 -0.04888152331113815
v -0.023112893104553223 0.12302732467651367 -0.04358052834868431
v -0.027157336473464966 0.11677885055541992 -0.04888152331113815
v -0.02729135751724243 0.11913013458251953 -0.04393899068236351
v -0.037171147763729095 0.09792695939540863 -0.046175237745046616
v -0.03503537178039551 0.10321712493896484 -0.048967115581035614
v -0.035095930099487305 0.09344232082366943 -0.052060358226299286
v -0.037171147763729095 0.09792695939540863 -0.046175237745046616
v -0.035095930099487305 0.09344232082366943 -0.052060358226299286
v -0.03634977340698242 0.09091693162918091 -0.04976176470518112
v -0.036440469324588776 0.08470950275659561 -0.047301895916461945
v -0.03634977340698242 0.09091693162918091 -0.04976176470518112
v -0.03379929065704346 0.08237758278846741 -0.052286021411418915
v 0.03140866756439209 0.08070245385169983 -0.054339878261089325
v 0.03026258945465088 0.09183686971664429 -0.05615066736936569
v 0.033461809158325195 0.0880202054977417 -0.053760044276714325
v 0.033461809158325195 0.0880202054977417 -0.053760044276714325
v 0.03026258945465088 0.09183686971664429 -0.05615066736936569
v 0.03216886520385742 0.09856218844652176 -0.05415558069944382
v 0.00921022891998291 0.061773449182510376 -0.05638422816991806
v 0.005434349179267883 0.0634123682975769 -0.05716058984398842
v 0.018806874752044678 0.07028177380561829 -0.05717611685395241
v 0.03140866756439209 0.08070245385169983 -0.054339878261089325
v 0.027728796005249023 0.07924345135688782 -0.05630432814359665
v 0.03026258945465088 0.09183686971664429 -0.05615066736936569
v 0.03026258945465088 0.09183686971664429 -0.05615066736936569
v 0.027728796005249023 0.07924345135688782 -0.05630432814359665
v 0.026631534099578857 0.08573776483535767 -0.05715789645910263
v 0.03026258945465088 0.09183686971664429 -0.05615066736936569
v 0.026631534099578857 0.08573776483535767 -0.05715789645910263
v 0.02219131588935852 0.1047525405883789 -0.0571502223610878
v 0.012981414794921875 0.11713254451751709 -0.05608891695737839
v 0.02219131588935852 0.1047525405883789 -0.0571502223610878
v 0.0035033151507377625 0.1157602071762085 -0.05715372413396835
v -0.010540246963500977 0.1177818775177002 -0.05610000342130661
v 0.0035033151507377625 0.1157602071762085 -0.05715372413396835
v -0.015102386474609375 0.11134004592895508 -0.05714041739702225
v -0.023743748664855957 0.10569286346435547 -0.05664079636335373
v -0.015102386474609375 0.11134004592895508 -0.05714041739702225
v -0.025853872299194336 0.09639035165309906 -0.05715087056159973
v -0.02051723003387451 0.06782549619674683 -0.056051962077617645
v -0.022623658180236816 0.07430337369441986 -0.0570717379450798
v -0.01380196213722229 0.06649214029312134 -0.0571594275534153
v 0.0019056499004364014 0.06141549348831177 -0.05688684433698654
v 0.005434349179267883 0.0634123682975769 -0.05716058984398842
v 0.00921022891998291 0.061773449182510376 -0.05638422816991806
v 0.00921022891998291 0.061773449182510376 -0.05638422816991806
v 0.018806874752044678 0.07028177380561829 -0.05717611685395241
v 0.018428385257720947 0.06662440299987793 -0.05626200884580612
v 0.018428385257720947 0.06662440299987793 -0.05626200884580612
v 0.018806874752044678 0.07028177380561829 -0.05717611685395241
v 0.024554848670959473 0.07289230823516846 -0.05625184625387192
v -0.02855551242828369 0.07681438326835632 -0.05545251816511154
v -0.022623658180236816 0.07430337369441986 -0.0570717379450798
v -0.02051723003387451 0.06782549619674683 -0.056051962077617645
v -0.02051723003387451 0.06782549619674683 -0.056051962077617645
v -0.01380196213722229 0.06649214029312134 -0.0571594275534153
v -0.01628151535987854 0.06346666812896729 -0.05546978861093521
v -0.01628151535987854 0.06346666812896729 -0.05546978861093521
v -0.01380196213722229 0.06649214029312134 -0.0571594275534153
v -0.007741987705230713 0.06214539706707001 -0.056733109056949615
v -0.00037167593836784363 0.058174215257167816 -0.05484163016080856
v -0.007741987705230713 0.06214539706707001 -0.056733109056949615
v 0.0019056499004364014 0.06141549348831177 -0.05688684433698654
v 0.01890219748020172 0.06426939368247986 -0.054837338626384735
v 0.00921022891998291 0.061773449182510376 -0.05638422816991806
v 0.018428385257720947 0.06662440299987793 -0.05626200884580612
v -0.025425970554351807 0.06927692890167236 -0.054007939994335175
v -0.02855551242828369 0.07681438326835632 -0.05545251816511154
v -0.02051723003387451 0.06782549619674683 -0.056051962077617645
v -0.010979429818689823 0.059731174260377884 -0.054417405277490616
v -0.01628151535987854 0.06346666812896729 -0.05546978861093521
v -0.007741987705230713 0.06214539706707001 -0.056733109056949615
v -0.010979429818689823 0.059731174260377884 -0.054417405277490616
v -0.007741987705230713 0.06214539706707001 -0.056733109056949615
v -0.00037167593836784363 0.058174215257167816 -0.05484163016080856
v -0.00037167593836784363 0.058174215257167816 -0.05484163016080856
v 0.0019056499004364014 0.06141549348831177 -0.05688684433698654
v 0.00921022891998291 0.061773449182510376 -0.05638422816991806
v 0.011598406359553337 0.05953553318977356 -0.05396229028701782
v 0.00921022891998291 0.061773449182510376 -0.05638422816991806
v 0.01890219748020172 0.06426939368247986 -0.054837338626384735
v 0.01890219748020172 0.06426939368247986 -0.054837338626384735
v 0.018428385257720947 0.06662440299987793 -0.05626200884580612
v 0.024554848670959473 0.07289230823516846 -0.05625184625387192
v 0.01890219748020172 0.06426939368247986 -0.054837338626384735
v 0.024554848670959473 0.07289230823516846 -0.05625184625387192
v 0.02566710114479065 0.06865401566028595 -0.053367726504802704
v -0.03017902374267578 0.08642685413360596 -0.05600833147764206
v -0.02855551242828369 0.07681438326835632 -0.05545251816511154
v -0.03301405906677246 0.09010010957717896 -0.05436252802610397
v -0.030803442001342773 0.1051977276802063 -0.05336593836545944
v -0.029649972915649414 0.09817814826965332 -0.05582260340452194
v -0.03287172317504883 0.10021626949310303 -0.0531310960650444
v -0.03287172317504883 0.10021626949310303 -0.0531310960650444
v -0.029649972915649414 0.09817814826965332 -0.05582260340452194
v -0.03301405906677246 0.09010010957717896 -0.05436252802610397
v -0.03017902374267578 0.08642685413360596 -0.05600833147764206
v -0.03301405906677246 0.09010010957717896 -0.05436252802610397
v -0.029649972915649414 0.09817814826965332 -0.05582260340452194
v -0.023743748664855957 0.10569286346435547 -0.05664079636335373
v -0.029649972915649414 0.09817814826965332 -0.05582260340452194
v -0.02429938316345215 0.11184835433959961 -0.054799310863018036
v -0.023743748664855957 0.10569286346435547 -0.05664079636335373
v -0.02429938316345215 0.11184835433959961 -0.054799310863018036
v -0.018187522888183594 0.11663085222244263 -0.055052511394023895
v 0.03026258945465088 0.09183686971664429 -0.05615066736936569
v 0.02219131588935852 0.1047525405883789 -0.0571502223610878
v 0.027542829513549805 0.1057288646697998 -0.055337779223918915
v 0.027542829513549805 0.1057288646697998 -0.055337779223918915
v 0.02219131588935852 0.1047525405883789 -0.0571502223610878
v 0.02101421356201172 0.11442005634307861 -0.05502461642026901
v 0.02101421356201172 0.11442005634307861 -0.05502461642026901
v 0.02219131588935852 0.1047525405883789 -0.0571502223610878
v 0.012981414794921875 0.11713254451751709 -0.05608891695737839
v 0.012981414794921875 0.11713254451751709 -0.05608891695737839
v 0.0035033151507377625 0.1157602071762085 -0.05715372413396835
v -0.000845789909362793 0.12116098403930664 -0.05536936968564987
v -0.000845789909362793 0.12116098403930664 -0.05536936968564987
v 0.0035033151507377625 0.1157602071762085 -0.05715372413396835
v -0.010540246963500977 0.1177818775177002 -0.05610000342130661
v -0.018187522888183594 0.11663085222244263 -0.055052511394023895
v -0.010540246963500977 0.1177818775177002 -0.05610000342130661
v -0.015102386474609375 0.11134004592895508 -0.05714041739702225
v -0.018187522888183594 0.11663085222244263 -0.055052511394023895
v -0.015102386474609375 0.11134004592895508 -0.05714041739702225
v -0.023743748664855957 0.10569286346435547 -0.05664079636335373
v -0.029649972915649414 0.09817814826965332 -0.05582260340452194
v -0.023743748664855957 0.10569286346435547 -0.05664079636335373
v -0.025853872299194336 0.09639035165309906 -0.05715087056159973
v -0.029649972915649414 0.09817814826965332 -0.05582260340452194
v -0.025853872299194336 0.09639035165309906 -0.05715087056159973
v -0.03017902374267578 0.08642685413360596 -0.05600833147764206
v -0.03017902374267578 0.08642685413360596 -0.05600833147764206
v -0.025853872299194336 0.09639035165309906 -0.05715087056159973
v -0.026817917823791504 0.08431430160999298 -0.05706579238176346
v -0.025425970554351807 0.06927692890167236 -0.054007939994335175
v -0.02051723003387451 0.06782549619674683 -0.056051962077617645
v -0.01628151535987854 0.06346666812896729 -0.05546978861093521
v 0.011598406359553337 0.05953553318977356 -0.05396229028701782
v -0.00037167593836784363 0.058174215257167816 -0.05484163016080856
v 0.00921022891998291 0.061773449182510376 -0.05638422816991806
v 0.035126328468322754 0.09437072277069092 -0.051901333034038544
v 0.033461809158325195 0.0880202054977417 -0.053760044276714325
v 0.03216886520385742 0.09856218844652176 -0.05415558069944382
v 0.032039642333984375 0.10801398754119873 -0.050729863345623016
v 0.03216886520385742 0.09856218844652176 -0.05415558069944382
v 0.027542829513549805 0.1057288646697998 -0.055337779223918915
v 0.032039642333984375 0.10801398754119873 -0.050729863345623016
v 0.027542829513549805 0.1057288646697998 -0.055337779223918915
v 0.027551591396331787 0.11288833618164062 -0.05203460901975632
v 0.02400064468383789 0.11832904815673828 -0.050543300807476044
v 0.027551591396331787 0.11288833618164062 -0.05203460901975632
v 0.02101421356201172 0.11442005634307861 -0.05502461642026901
v 0.02400064468383789 0.11832904815673828 -0.050543300807476044
v 0.02101421356201172 0.11442005634307861 -0.05502461642026901
v 0.015563011169433594 0.12284266948699951 -0.051623813807964325
v 0.010314419865608215 0.12970206141471863 -0.041091438382864
v 0.0073332637548446655 0.1297008991241455 -0.04472493752837181
v -0.00014153122901916504 0.13121220469474792 -0.04055773839354515
v -0.02855551242828369 0.07681438326835632 -0.05545251816511154
v -0.03379929065704346 0.08237758278846741 -0.052286021411418915
v -0.03301405906677246 0.09010010957717896 -0.05436252802610397
v -0.02429938316345215 0.11184835433959961 -0.054799310863018036
v -0.030803442001342773 0.1051977276802063 -0.05336593836545944
v -0.02801358699798584 0.11255407333374023 -0.051712505519390106
v -0.02429938316345215 0.11184835433959961 -0.054799310863018036
v -0.02801358699798584 0.11255407333374023 -0.051712505519390106
v -0.02086639404296875 0.1192469596862793 -0.051967136561870575
v -0.018187522888183594 0.11663085222244263 -0.055052511394023895
v -0.02086639404296875 0.1192469596862793 -0.051967136561870575
v -0.018086910247802734 0.12247848510742188 -0.05066632479429245
v -0.015536047518253326 0.1261805295944214 -0.04695963114500046
v -0.023112893104553223 0.12302732467651367 -0.04358052834868431
v -0.016558725386857986 0.12732535600662231 -0.04113924130797386
v -0.037445068359375 0.09724998474121094 -0.026924367994070053
v -0.037171147763729095 0.09792695939540863 -0.046175237745046616
v -0.03747235983610153 0.09257209300994873 -0.04608454927802086
v -0.035613059997558594 0.10566329956054688 -0.0232009869068861
v -0.0356878787279129 0.10517290234565735 -0.04417305812239647
v -0.037445068359375 0.09724998474121094 -0.026924367994070053
v -0.037445068359375 0.09724998474121094 -0.026924367994070053
v -0.0356878787279129 0.10517290234565735 -0.04417305812239647
v -0.037171147763729095 0.09792695939540863 -0.046175237745046616
v -0.035613059997558594 0.10566329956054688 -0.0232009869068861
v -0.03257274627685547 0.1123514175415039 -0.020282743498682976
v -0.031967539340257645 0.11325138807296753 -0.04373728856444359
v -0.035613059997558594 0.10566329956054688 -0.0232009869068861
v -0.031967539340257645 0.11325138807296753 -0.04373728856444359
v -0.0356878787279129 0.10517290234565735 -0.04417305812239647
v -0.029649972915649414 0.11664915084838867 -0.018388984724879265
v -0.031967539340257645 0.11325138807296753 -0.04373728856444359
v -0.03257274627685547 0.1123514175415039 -0.020282743498682976
v -0.02729135751724243 0.11913013458251953 -0.04393899068236351
v -0.029649972915649414 0.11664915084838867 -0.018388984724879265
v -0.025533199310302734 0.12116146087646484 -0.01640772633254528
v -0.029649972915649414 0.11664915084838867 -0.018388984724879265
v -0.02729135751724243 0.11913013458251953 -0.04393899068236351
v -0.031967539340257645 0.11325138807296753 -0.04373728856444359
v -0.025533199310302734 0.12116146087646484 -0.01640772633254528
v -0.023112893104553223 0.12302732467651367 -0.04358052834868431
v -0.02729135751724243 0.11913013458251953 -0.04393899068236351
v -0.01982736587524414 0.12552809715270996 -0.014463303610682487
v -0.016558725386857986 0.12732535600662231 -0.04113924130797386
v -0.023112893104553223 0.12302732467651367 -0.04358052834868431
v -0.01982736587524414 0.12552809715270996 -0.014463303610682487
v -0.023112893104553223 0.12302732467651367 -0.04358052834868431
v -0.025533199310302734 0.12116146087646484 -0.01640772633254528
v -0.016558725386857986 0.12732535600662231 -0.04113924130797386
v -0.01982736587524414 0.12552809715270996 -0.014463303610682487
v -0.014584064483642578 0.12821316719055176 -0.013262508437037468
v -0.016558725386857986 0.12732535600662231 -0.04113924130797386
v -0.014584064483642578 0.12821316719055176 -0.013262508437037468
v -0.007845401763916016 0.1303844451904297 -0.012326417490839958
v -0.007845401763916016 0.1303844451904297 -0.012326417490839958
v -0.0082663893699646 0.13004326820373535 -0.04298686608672142
v -0.016558725386857986 0.12732535600662231 -0.04113924130797386
v -0.0082663893699646 0.13004326820373535 -0.04298686608672142
v -0.007845401763916016 0.1303844451904297 -0.012326417490839958
v -0.00014153122901916504 0.13121220469474792 -0.04055773839354515
v -0.00014153122901916504 0.13121220469474792 -0.04055773839354515
v -0.007845401763916016 0.1303844451904297 -0.012326417490839958
v -0.0011314749717712402 0.13114508986473083 -0.011973945423960686
v -0.00014153122901916504 0.13121220469474792 -0.04055773839354515
v -0.0011314749717712402 0.13114508986473083 -0.011973945423960686
v 0.004576921463012695 0.1308966875076294 -0.012104211375117302
v -0.00014153122901916504 0.13121220469474792 -0.04055773839354515
v 0.004576921463012695 0.1308966875076294 -0.012104211375117302
v 0.010314419865608215 0.12970206141471863 -0.041091438382864
v 0.010314419865608215 0.12970206141471863 -0.041091438382864
v 0.004576921463012695 0.1308966875076294 -0.012104211375117302
v 0.009386301040649414 0.13001573085784912 -0.012475131079554558
v 0.01668548583984375 0.12727022171020508 -0.013681171461939812
v 0.01679016649723053 0.12708710134029388 -0.04184972867369652
v 0.010314419865608215 0.12970206141471863 -0.041091438382864
v 0.01668548583984375 0.12727022171020508 -0.013681171461939812
v 0.010314419865608215 0.12970206141471863 -0.041091438382864
v 0.009386301040649414 0.13001573085784912 -0.012475131079554558
v 0.022359848022460938 0.1238393783569336 -0.015200970694422722
v 0.02174517512321472 0.12415778636932373 -0.04183816537261009
v 0.01679016649723053 0.12708710134029388 -0.04184972867369652
v 0.022359848022460938 0.1238393783569336 -0.015200970694422722
v 0.01679016649723053 0.12708710134029388 -0.04184972867369652
v 0.01668548583984375 0.12727022171020508 -0.013681171461939812
v 0.028136253356933594 0.1185302734375 -0.017563341185450554
v 0.026991069316864014 0.11954325437545776 -0.04368733987212181
v 0.022359848022460938 0.1238393783569336 -0.015200970694422722
v 0.022359848022460938 0.1238393783569336 -0.015200970694422722
v 0.026991069316864014 0.11954325437545776 -0.04368733987212181
v 0.02174517512321472 0.12415778636932373 -0.04183816537261009
v 0.032151997089385986 0.11303621530532837 -0.04340946301817894
v 0.026991069316864014 0.11954325437545776 -0.04368733987212181
v 0.03240776062011719 0.11268424987792969 -0.020110366865992546
v 0.03240776062011719 0.11268424987792969 -0.020110366865992546
v 0.026991069316864014 0.11954325437545776 -0.04368733987212181
v 0.028136253356933594 0.1185302734375 -0.017563341185450554
v 0.032151997089385986 0.11303621530532837 -0.04340946301817894
v 0.03240776062011719 0.11268424987792969 -0.020110366865992546
v 0.03564620018005371 0.105499267578125 -0.02330589108169079
v 0.03693505376577377 0.10000163316726685 -0.045358236879110336
v 0.035203151404857635 0.1063433289527893 -0.04491054639220238
v 0.03564620018005371 0.105499267578125 -0.02330589108169079
v 0.03564620018005371 0.105499267578125 -0.02330589108169079
v 0.035203151404857635 0.1063433289527893 -0.04491054639220238
v 0.032151997089385986 0.11303621530532837 -0.04340946301817894
v 0.03693505376577377 0.10000163316726685 -0.045358236879110336
v 0.03564620018005371 0.105499267578125 -0.02330589108169079
v 0.03742152452468872 0.09759235382080078 -0.02678966149687767
v 0.03693505376577377 0.10000163316726685 -0.045358236879110336
v 0.03742152452468872 0.09759235382080078 -0.02678966149687767
v 0.0374029278755188 0.093373604118824 -0.04664548859000206
v 0.0374029278755188 0.093373604118824 -0.04664548859000206
v 0.03742152452468872 0.09759235382080078 -0.02678966149687767
v 0.03736996650695801 0.08956718444824219 -0.030312534421682358
v 0.0374029278755188 0.093373604118824 -0.04664548859000206
v 0.03736996650695801 0.08956718444824219 -0.030312534421682358
v 0.03701471909880638 0.087286576628685 -0.04647838696837425
v 0.03701471909880638 0.087286576628685 -0.04647838696837425
v 0.03736996650695801 0.08956718444824219 -0.030312534421682358
v 0.03597897291183472 0.08261394500732422 -0.03338586911559105
v 0.03701471909880638 0.087286576628685 -0.04647838696837425
v 0.03597897291183472 0.08261394500732422 -0.03338586911559105
v 0.034947291016578674 0.08015955239534378 -0.04801207780838013
v 0.034947291016578674 0.08015955239534378 -0.04801207780838013
v 0.03597897291183472 0.08261394500732422 -0.03338586911559105
v 0.03344440460205078 0.07640743255615234 -0.0361018143594265
v 0.03344440460205078 0.07640743255615234 -0.0361018143594265
v 0.03237617760896683 0.07478564977645874 -0.04847555235028267
v 0.034947291016578674 0.08015955239534378 -0.04801207780838013
v 0.03237617760896683 0.07478564977645874 -0.04847555235028267
v 0.029767274856567383 0.07061553001403809 -0.03866839036345482
v 0.02885213866829872 0.0696299597620964 -0.049027200788259506
v 0.03344440460205078 0.07640743255615234 -0.0361018143594265
v 0.029767274856567383 0.07061553001403809 -0.03866839036345482
v 0.03237617760896683 0.07478564977645874 -0.04847555235028267
v 0.02885213866829872 0.0696299597620964 -0.049027200788259506
v 0.029767274856567383 0.07061553001403809 -0.03866839036345482
v 0.025298595428466797 0.06577634811401367 -0.04078948125243187
v 0.02885213866829872 0.0696299597620964 -0.049027200788259506
v 0.025298595428466797 0.06577634811401367 -0.04078948125243187
v 0.023726949468255043 0.0646323710680008 -0.04968681186437607
v 0.023726949468255043 0.0646323710680008 -0.04968681186437607
v 0.025298595428466797 0.06577634811401367 -0.04078948125243187
v 0.020146310329437256 0.06182423233985901 -0.042563777416944504
v 0.023726949468255043 0.0646323710680008 -0.04968681186437607
v 0.020146310329437256 0.06182423233985901 -0.042563777416944504
v 0.018574044108390808 0.06095091626048088 -0.04946707934141159
v 0.015163660049438477 0.05912911891937256 -0.04370659217238426
v 0.018574044108390808 0.06095091626048088 -0.04946707934141159
v 0.020146310329437256 0.06182423233985901 -0.042563777416944504
v 0.018574044108390808 0.06095091626048088 -0.04946707934141159
v 0.015163660049438477 0.05912911891937256 -0.04370659217238426
v 0.011899098753929138 0.05809327960014343 -0.05047257989645004
v 0.011899098753929138 0.05809327960014343 -0.05047257989645004
v 0.015163660049438477 0.05912911891937256 -0.04370659217238426
v 0.007451102137565613 0.056678541004657745 -0.0448223315179348
v 0.0012251734733581543 0.0559893473982811 -0.045100174844264984
v -0.0016889870166778564 0.056217797100543976 -0.05104156583547592
v 0.004551917314529419 0.05636204779148102 -0.05063413828611374
v 0.0012251734733581543 0.0559893473982811 -0.045100174844264984
v 0.004551917314529419 0.05636204779148102 -0.05063413828611374
v 0.007451102137565613 0.056678541004657745 -0.0448223315179348
v 0.007451102137565613 0.056678541004657745 -0.0448223315179348
v 0.004551917314529419 0.05636204779148102 -0.05063413828611374
v 0.011899098753929138 0.05809327960014343 -0.05047257989645004
v -0.016860485076904297 0.05996513366699219 -0.04335051402449608
v -0.013301804661750793 0.0585494339466095 -0.050737567245960236
v -0.013210296630859375 0.05838662385940552 -0.04405280575156212
v -0.013210296630859375 0.05838662385940552 -0.04405280575156212
v -0.013301804661750793 0.0585494339466095 -0.050737567245960236
v -0.008907079696655273 0.05704054236412048 -0.04464205726981163
v -0.008907079696655273 0.05704054236412048 -0.04464205726981163
v -0.013301804661750793 0.0585494339466095 -0.050737567245960236
v -0.006537020206451416 0.056771256029605865 -0.05106189101934433
v -0.008907079696655273 0.05704054236412048 -0.04464205726981163
v -0.006537020206451416 0.056771256029605865 -0.05106189101934433
v -0.003659471869468689 0.05622280761599541 -0.045122724026441574
v -0.003659471869468689 0.05622280761599541 -0.045122724026441574
v -0.006537020206451416 0.056771256029605865 -0.05106189101934433
v -0.0016889870166778564 0.056217797100543976 -0.05104156583547592
v -0.003659471869468689 0.05622280761599541 -0.045122724026441574
v -0.0016889870166778564 0.056217797100543976 -0.05104156583547592
v 0.0012251734733581543 0.0559893473982811 -0.045100174844264984
v -0.016860485076904297 0.05996513366699219 -0.04335051402449608
v -0.02114999294281006 0.06260237097740173 -0.049782536923885345
v -0.013301804661750793 0.0585494339466095 -0.050737567245960236
v -0.02114999294281006 0.06260237097740173 -0.049782536923885345
v -0.016860485076904297 0.05996513366699219 -0.04335051402449608
v -0.02096247673034668 0.06240975856781006 -0.042328592389822006
v -0.02114999294281006 0.06260237097740173 -0.049782536923885345
v -0.02096247673034668 0.06240975856781006 -0.042328592389822006
v -0.025159835815429688 0.06566786766052246 -0.040845151990652084
v -0.02114999294281006 0.06260237097740173 -0.049782536923885345
v -0.025159835815429688 0.06566786766052246 -0.040845151990652084
v -0.02708481065928936 0.06779074668884277 -0.049811359494924545
v -0.02708481065928936 0.06779074668884277 -0.049811359494924545
v -0.025159835815429688 0.06566786766052246 -0.040845151990652084
v -0.029014110565185547 0.0696873664855957 -0.03906964883208275
v -0.029014110565185547 0.0696873664855957 -0.03906964883208275
v -0.0313258022069931 0.07303804159164429 -0.04863925650715828
v -0.02708481065928936 0.06779074668884277 -0.049811359494924545
v -0.029014110565185547 0.0696873664855957 -0.03906964883208275
v -0.03205585479736328 0.07396864891052246 -0.03718721494078636
v -0.0313258022069931 0.07303804159164429 -0.04863925650715828
v -0.03205585479736328 0.07396864891052246 -0.03718721494078636
v -0.03407050669193268 0.07822894304990768 -0.048572711646556854
v -0.0313258022069931 0.07303804159164429 -0.04863925650715828
v -0.035536766052246094 0.08111381530761719 -0.034033652395009995
v -0.03407050669193268 0.07822894304990768 -0.048572711646556854
v -0.03205585479736328 0.07396864891052246 -0.03718721494078636
v -0.03407050669193268 0.07822894304990768 -0.048572711646556854
v -0.035536766052246094 0.08111381530761719 -0.034033652395009995
v -0.036440469324588776 0.08470950275659561 -0.047301895916461945
v -0.035536766052246094 0.08111381530761719 -0.034033652395009995
v -0.03728669881820679 0.08899784088134766 -0.030623193830251694
v -0.036440469324588776 0.08470950275659561 -0.047301895916461945
v -0.036440469324588776 0.08470950275659561 -0.047301895916461945
v -0.03728669881820679 0.08899784088134766 -0.030623193830251694
v -0.03747235983610153 0.09257209300994873 -0.04608454927802086
v -0.037445068359375 0.09724998474121094 -0.026924367994070053
v -0.03747235983610153 0.09257209300994873 -0.04608454927802086
v -0.03728669881820679 0.08899784088134766 -0.030623193830251694
v -0.003659471869468689 0.05622280761599541 -0.045122724026441574
v 0.0012251734733581543 0.0559893473982811 -0.045100174844264984
v -0.008907079696655273 0.05704054236412048 -0.04464205726981163
v -0.03728669881820679 0.08899784088134766 -0.030623193830251694
v -0.035536766052246094 0.08111381530761719 -0.034033652395009995
v -0.037949562072753906 0.08618736267089844 -0.03163909539580345
v -0.03728669881820679 0.08899784088134766 -0.030623193830251694
v -0.037949562072753906 0.08618736267089844 -0.03163909539580345
v -0.037445068359375 0.09724998474121094 -0.026924367994070053
v -0.029014110565185547 0.0696873664855957 -0.03906964883208275
v -0.025159835815429688 0.06566786766052246 -0.040845151990652084
v -0.03176379203796387 0.07150888442993164 -0.038072582334280014
v -0.03257274627685547 0.1123514175415039 -0.020282743498682976
v -0.03282809257507324 0.11429119110107422 -0.019291160628199577
v -0.029649972915649414 0.11664915084838867 -0.018388984724879265
v -0.025533199310302734 0.12116146087646484 -0.01640772633254528
v -0.029649972915649414 0.11664915084838867 -0.018388984724879265
v -0.03282809257507324 0.11429119110107422 -0.019291160628199577
v -0.014584064483642578 0.12821316719055176 -0.013262508437037468
v -0.005958080291748047 0.13191792368888855 -0.011577635072171688
v -0.007845401763916016 0.1303844451904297 -0.012326417490839958
v 0.03564620018005371 0.105499267578125 -0.02330589108169079
v 0.03706061840057373 0.10497093200683594 -0.02337813191115856
v 0.03742152452468872 0.09759235382080078 -0.02678966149687767
v 0.0005798041820526123 0.13236194849014282 -0.011350869201123714
v -0.007845401763916016 0.1303844451904297 -0.012326417490839958
v -0.005958080291748047 0.13191792368888855 -0.011577635072171688
v 0.0012251734733581543 0.0559893473982811 -0.045100174844264984
v 0.007451102137565613 0.056678541004657745 -0.0448223315179348
v 0.004901885986328125 0.055399589240550995 -0.04522852972149849
v 0.004901885986328125 0.055399589240550995 -0.04522852972149849
v 0.007451102137565613 0.056678541004657745 -0.0448223315179348
v 0.015163660049438477 0.05912911891937256 -0.04370659217238426
v 0.004901885986328125 0.055399589240550995 -0.04522852972149849
v 0.015163660049438477 0.05912911891937256 -0.04370659217238426
v 0.017659306526184082 0.059281229972839355 -0.043430622667074203
v 0.006802797317504883 0.1317596137523651 -0.01161098387092352
v 0.009386301040649414 0.13001573085784912 -0.012475131079554558
v 0.004576921463012695 0.1308966875076294 -0.012104211375117302
v 0.0005798041820526123 0.13236194849014282 -0.011350869201123714
v 0.004576921463012695 0.1308966875076294 -0.012104211375117302
v -0.0011314749717712402 0.13114508986473083 -0.011973945423960686
v 0.0005798041820526123 0.13236194849014282 -0.011350869201123714
v -0.0011314749717712402 0.13114508986473083 -0.011973945423960686
v -0.007845401763916016 0.1303844451904297 -0.012326417490839958
v -0.021734237670898438 0.12568044662475586 -0.014331815764307976
v -0.005958080291748047 0.13191792368888855 -0.011577635072171688
v -0.014584064483642578 0.12821316719055176 -0.013262508437037468
v 0.015163660049438477 0.05912911891937256 -0.04370659217238426
v 0.020146310329437256 0.06182423233985901 -0.042563777416944504
v 0.027780771255493164 0.06670260429382324 -0.040190037339925766
v 0.027780771255493164 0.06670260429382324 -0.040190037339925766
v 0.020146310329437256 0.06182423233985901 -0.042563777416944504
v 0.025298595428466797 0.06577634811401367 -0.04078948125243187
v 0.027780771255493164 0.06670260429382324 -0.040190037339925766
v 0.025298595428466797 0.06577634811401367 -0.04078948125243187
v 0.03155851364135742 0.07127666473388672 -0.038203950971364975
v 0.021089553833007812 0.126129150390625 -0.014117119833827019
v 0.022359848022460938 0.1238393783569336 -0.015200970694422722
v 0.01668548583984375 0.12727022171020508 -0.013681171461939812
v 0.013659477233886719 0.12990999221801758 -0.012439308688044548
v 0.01668548583984375 0.12727022171020508 -0.013681171461939812
v 0.009386301040649414 0.13001573085784912 -0.012475131079554558
v -0.008018732070922852 0.056064605712890625 -0.044962238520383835
v -0.008907079696655273 0.05704054236412048 -0.04464205726981163
v 0.0012251734733581543 0.0559893473982811 -0.045100174844264984
v -0.014584064483642578 0.12821316719055176 -0.013262508437037468
v -0.01982736587524414 0.12552809715270996 -0.014463303610682487
v -0.021734237670898438 0.12568044662475586 -0.014331815764307976
v -0.02700042724609375 0.12144994735717773 -0.01612663082778454
v -0.025533199310302734 0.12116146087646484 -0.01640772633254528
v -0.03282809257507324 0.11429119110107422 -0.019291160628199577
v -0.016860485076904297 0.05996513366699219 -0.04335051402449608
v -0.013210296630859375 0.05838662385940552 -0.04405280575156212
v -0.01867222785949707 0.05978935956954956 -0.043147798627614975
v -0.01867222785949707 0.05978935956954956 -0.043147798627614975
v -0.013210296630859375 0.05838662385940552 -0.04405280575156212
v -0.008018732070922852 0.056064605712890625 -0.044962238520383835
v -0.013210296630859375 0.05838662385940552 -0.04405280575156212
v -0.008907079696655273 0.05704054236412048 -0.04464205726981163
v -0.008018732070922852 0.056064605712890625 -0.044962238520383835
v -0.021734237670898438 0.12568044662475586 -0.014331815764307976
v -0.01982736587524414 0.12552809715270996 -0.014463303610682487
v -0.02700042724609375 0.12144994735717773 -0.01612663082778454
v -0.02700042724609375 0.12144994735717773 -0.01612663082778454
v -0.01982736587524414 0.12552809715270996 -0.014463303610682487
v -0.025533199310302734 0.12116146087646484 -0.01640772633254528
v 0.03155851364135742 0.07127666473388672 -0.038203950971364975
v 0.025298595428466797 0.06577634811401367 -0.04078948125243187
v 0.029767274856567383 0.07061553001403809 -0.03866839036345482
v 0.021089553833007812 0.126129150390625 -0.014117119833827019
v 0.028136253356933594 0.1185302734375 -0.017563341185450554
v 0.022359848022460938 0.1238393783569336 -0.015200970694422722
v -0.016860485076904297 0.05996513366699219 -0.04335051402449608
v -0.024119138717651367 0.06340718269348145 -0.041628118604421616
v -0.02096247673034668 0.06240975856781006 -0.042328592389822006
v -0.02096247673034668 0.06240975856781006 -0.042328592389822006
v -0.024119138717651367 0.06340718269348145 -0.041628118604421616
v -0.025159835815429688 0.06566786766052246 -0.040845151990652084
v 0.03155851364135742 0.07127666473388672 -0.038203950971364975
v 0.029767274856567383 0.07061553001403809 -0.03866839036345482
v 0.03344440460205078 0.07640743255615234 -0.0361018143594265
v -0.03653264045715332 0.10649967193603516 -0.022728202864527702
v -0.03282809257507324 0.11429119110107422 -0.019291160628199577
v -0.03257274627685547 0.1123514175415039 -0.020282743498682976
v 0.03155851364135742 0.07127666473388672 -0.038203950971364975
v 0.03344440460205078 0.07640743255615234 -0.0361018143594265
v 0.035692453384399414 0.07845115661621094 -0.03493320569396019
v 0.02761673927307129 0.12084817886352539 -0.016380785033106804
v 0.028136253356933594 0.1185302734375 -0.017563341185450554
v 0.021089553833007812 0.126129150390625 -0.014117119833827019
v -0.029014110565185547 0.0696873664855957 -0.03906964883208275
v -0.03176379203796387 0.07150888442993164 -0.038072582334280014
v -0.03205585479736328 0.07396864891052246 -0.03718721494078636
v -0.025159835815429688 0.06566786766052246 -0.040845151990652084
v -0.024119138717651367 0.06340718269348145 -0.041628118604421616
v -0.03176379203796387 0.07150888442993164 -0.038072582334280014
v 0.033355712890625 0.11340045928955078 -0.019676683470606804
v 0.03240776062011719 0.11268424987792969 -0.020110366865992546
v 0.028136253356933594 0.1185302734375 -0.017563341185450554
v -0.03176379203796387 0.07150888442993164 -0.038072582334280014
v -0.035536766052246094 0.08111381530761719 -0.034033652395009995
v -0.03205585479736328 0.07396864891052246 -0.03718721494078636
v 0.03344440460205078 0.07640743255615234 -0.0361018143594265
v 0.03597897291183472 0.08261394500732422 -0.03338586911559105
v 0.038117170333862305 0.08679342269897461 -0.03136229142546654
v -0.03653264045715332 0.10649967193603516 -0.022728202864527702
v -0.03257274627685547 0.1123514175415039 -0.020282743498682976
v -0.035613059997558594 0.10566329956054688 -0.0232009869068861
v 0.03597897291183472 0.08261394500732422 -0.03338586911559105
v 0.03736996650695801 0.08956718444824219 -0.030312534421682358
v 0.038117170333862305 0.08679342269897461 -0.03136229142546654
v 0.038117170333862305 0.08679342269897461 -0.03136229142546654
v 0.03736996650695801 0.08956718444824219 -0.030312534421682358
v 0.03869521617889404 0.09583568572998047 -0.02740931138396263
v 0.03706061840057373 0.10497093200683594 -0.02337813191115856
v 0.03564620018005371 0.105499267578125 -0.02330589108169079
v 0.03240776062011719 0.11268424987792969 -0.020110366865992546
v 0.03706061840057373 0.10497093200683594 -0.02337813191115856
v 0.03240776062011719 0.11268424987792969 -0.020110366865992546
v 0.033355712890625 0.11340045928955078 -0.019676683470606804
v -0.035613059997558594 0.10566329956054688 -0.0232009869068861
v -0.037445068359375 0.09724998474121094 -0.026924367994070053
v -0.03854230046272278 0.09785223007202148 -0.026453491300344467
v -0.03854230046272278 0.09785223007202148 -0.026453491300344467
v -0.037445068359375 0.09724998474121094 -0.026924367994070053
v -0.03860008716583252 0.09149551391601562 -0.029335971921682358
v -0.035933613777160645 0.07913517951965332 -0.03467237576842308
v -0.035536766052246094 0.08111381530761719 -0.034033652395009995
v -0.03176379203796387 0.07150888442993164 -0.038072582334280014
v 0.03869521617889404 0.09583568572998047 -0.02740931138396263
v 0.03736996650695801 0.08956718444824219 -0.030312534421682358
v 0.03742152452468872 0.09759235382080078 -0.02678966149687767
v 0.03869521617889404 0.09583568572998047 -0.02740931138396263
v 0.03742152452468872 0.09759235382080078 -0.02678966149687767
v 0.03706061840057373 0.10497093200683594 -0.02337813191115856
v -0.03860008716583252 0.09149551391601562 -0.029335971921682358
v -0.037445068359375 0.09724998474121094 -0.026924367994070053
v -0.037949562072753906 0.08618736267089844 -0.03163909539580345
v -0.037949562072753906 0.08618736267089844 -0.03163909539580345
v -0.035536766052246094 0.08111381530761719 -0.034033652395009995
v -0.035933613777160645 0.07913517951965332 -0.03467237576842308
v -0.005312169902026653 0.05515594780445099 -0.044879838824272156
v -0.008018732070922852 0.056064605712890625 -0.044962238520383835
v 0.004901885986328125 0.055399589240550995 -0.04522852972149849
v -0.008018732070922852 0.056064605712890625 -0.044962238520383835
v 0.0012251734733581543 0.0559893473982811 -0.045100174844264984
v 0.004901885986328125 0.055399589240550995 -0.04522852972149849
v -0.024119138717651367 0.06340718269348145 -0.041628118604421616
v -0.028559446334838867 0.06746494770050049 -0.03961276635527611
v -0.03176379203796387 0.07150888442993164 -0.038072582334280014
v -0.03854230046272278 0.09785223007202148 -0.026453491300344467
v -0.03653264045715332 0.10649967193603516 -0.022728202864527702
v -0.035613059997558594 0.10566329956054688 -0.0232009869068861
v -0.014368295669555664 0.1297069787979126 -0.012407241389155388
v -0.005958080291748047 0.13191792368888855 -0.011577635072171688
v -0.021734237670898438 0.12568044662475586 -0.014331815764307976
v -0.01376296952366829 0.057372380048036575 -0.04395107552409172
v -0.005312169902026653 0.05515594780445099 -0.044879838824272156
v -0.00907793641090393 0.05590059608221054 -0.03954390808939934
v -0.01376296952366829 0.057372380048036575 -0.04395107552409172
v -0.008018732070922852 0.056064605712890625 -0.044962238520383835
v -0.005312169902026653 0.05515594780445099 -0.044879838824272156
v 0.0029575377702713013 0.054963283240795135 -0.04499845206737518
v -0.005312169902026653 0.05515594780445099 -0.044879838824272156
v 0.004901885986328125 0.055399589240550995 -0.04522852972149849
v -0.008018732070922852 0.056064605712890625 -0.044962238520383835
v -0.01376296952366829 0.057372380048036575 -0.04395107552409172
v -0.01867222785949707 0.05978935956954956 -0.043147798627614975
v -0.01867222785949707 0.05978935956954956 -0.043147798627614975
v -0.024119138717651367 0.06340718269348145 -0.041628118604421616
v -0.016860485076904297 0.05996513366699219 -0.04335051402449608
v 0.006802797317504883 0.1317596137523651 -0.01161098387092352
v 0.004576921463012695 0.1308966875076294 -0.012104211375117302
v 0.0005798041820526123 0.13236194849014282 -0.011350869201123714
v 0.013659477233886719 0.12990999221801758 -0.012439308688044548
v 0.009386301040649414 0.13001573085784912 -0.012475131079554558
v 0.006802797317504883 0.1317596137523651 -0.01161098387092352
v 0.01668548583984375 0.12727022171020508 -0.013681171461939812
v 0.013659477233886719 0.12990999221801758 -0.012439308688044548
v 0.021089553833007812 0.126129150390625 -0.014117119833827019
v 0.033355712890625 0.11340045928955078 -0.019676683470606804
v 0.028136253356933594 0.1185302734375 -0.017563341185450554
v 0.02761673927307129 0.12084817886352539 -0.016380785033106804
v 0.035692453384399414 0.07845115661621094 -0.03493320569396019
v 0.03344440460205078 0.07640743255615234 -0.0361018143594265
v 0.038117170333862305 0.08679342269897461 -0.03136229142546654
v 0.017659306526184082 0.059281229972839355 -0.043430622667074203
v 0.015163660049438477 0.05912911891937256 -0.04370659217238426
v 0.027780771255493164 0.06670260429382324 -0.040190037339925766
v 0.010643486864864826 0.05629367381334305 -0.044387612491846085
v 0.004901885986328125 0.055399589240550995 -0.04522852972149849
v 0.017659306526184082 0.059281229972839355 -0.043430622667074203
v 0.010643486864864826 0.05629367381334305 -0.044387612491846085
v 0.0029575377702713013 0.054963283240795135 -0.04499845206737518
v 0.004901885986328125 0.055399589240550995 -0.04522852972149849
v 0.027780771255493164 0.06670260429382324 -0.040190037339925766
v 0.027306556701660156 0.06599092483520508 -0.035103198140859604
v 0.02351967990398407 0.06275898963212967 -0.041517507284879684
v 0.027780771255493164 0.06670260429382324 -0.040190037339925766
v 0.02351967990398407 0.06275898963212967 -0.041517507284879684
v 0.017659306526184082 0.059281229972839355 -0.043430622667074203
v 0.010643486864864826 0.05629367381334305 -0.044387612491846085
v 0.010808110237121582 0.05634570121765137 -0.03934716805815697
v 0.0007149754092097282 0.054776597768068314 -0.04003770276904106
v 0.010643486864864826 0.05629367381334305 -0.044387612491846085
v 0.0007149754092097282 0.054776597768068314 -0.04003770276904106
v 0.0029575377702713013 0.054963283240795135 -0.04499845206737518
v 0.017659306526184082 0.059281229972839355 -0.043430622667074203
v 0.019625067710876465 0.06012198328971863 -0.037685271352529526
v 0.010643486864864826 0.05629367381334305 -0.044387612491846085
v 0.010643486864864826 0.05629367381334305 -0.044387612491846085
v 0.019625067710876465 0.06012198328971863 -0.037685271352529526
v 0.010808110237121582 0.05634570121765137 -0.03934716805815697
v 0.017659306526184082 0.059281229972839355 -0.043430622667074203
v 0.02351967990398407 0.06275898963212967 -0.041517507284879684
v 0.019625067710876465 0.06012198328971863 -0.037685271352529526
v 0.019625067710876465 0.06012198328971863 -0.037685271352529526
v 0.02351967990398407 0.06275898963212967 -0.041517507284879684
v 0.027306556701660156 0.06599092483520508 -0.035103198140859604
v 0.027780771255493164 0.06670260429382324 -0.040190037339925766
v 0.03155851364135742 0.07127666473388672 -0.038203950971364975
v 0.027306556701660156 0.06599092483520508 -0.035103198140859604
v 0.027306556701660156 0.06599092483520508 -0.035103198140859604
v 0.03155851364135742 0.07127666473388672 -0.038203950971364975
v 0.033223509788513184 0.07346248626708984 -0.03181552514433861
v 0.033223509788513184 0.07346248626708984 -0.03181552514433861
v 0.03155851364135742 0.07127666473388672 -0.038203950971364975
v 0.035692453384399414 0.07845115661621094 -0.03493320569396019
v 0.033223509788513184 0.07346248626708984 -0.03181552514433861
v 0.035692453384399414 0.07845115661621094 -0.03493320569396019
v 0.0371643602848053 0.08247196674346924 -0.027851339429616928
v 0.0371643602848053 0.08247196674346924 -0.027851339429616928
v 0.035692453384399414 0.07845115661621094 -0.03493320569396019
v 0.038117170333862305 0.08679342269897461 -0.03136229142546654
v 0.0371643602848053 0.08247196674346924 -0.027851339429616928
v 0.038117170333862305 0.08679342269897461 -0.03136229142546654
v 0.03888977691531181 0.09430694580078125 -0.02264445833861828
v 0.038117170333862305 0.08679342269897461 -0.03136229142546654
v 0.03869521617889404 0.09583568572998047 -0.02740931138396263
v 0.03888977691531181 0.09430694580078125 -0.02264445833861828
v 0.03888977691531181 0.09430694580078125 -0.02264445833861828
v 0.03869521617889404 0.09583568572998047 -0.02740931138396263
v 0.03706061840057373 0.10497093200683594 -0.02337813191115856
v 0.03888977691531181 0.09430694580078125 -0.02264445833861828
v 0.03706061840057373 0.10497093200683594 -0.02337813191115856
v 0.036997050046920776 0.10529744625091553 -0.017808375880122185
v 0.03706061840057373 0.10497093200683594 -0.02337813191115856
v 0.033355712890625 0.11340045928955078 -0.019676683470606804
v 0.036997050046920776 0.10529744625091553 -0.017808375880122185
v 0.036997050046920776 0.10529744625091553 -0.017808375880122185
v 0.033355712890625 0.11340045928955078 -0.019676683470606804
v 0.03294169902801514 0.11409008502960205 -0.013939080759882927
v 0.033355712890625 0.11340045928955078 -0.019676683470606804
v 0.02761673927307129 0.12084817886352539 -0.016380785033106804
v 0.03294169902801514 0.11409008502960205 -0.013939080759882927
v 0.03294169902801514 0.11409008502960205 -0.013939080759882927
v 0.02761673927307129 0.12084817886352539 -0.016380785033106804
v 0.02720355987548828 0.1212652325630188 -0.010782121680676937
v 0.02761673927307129 0.12084817886352539 -0.016380785033106804
v 0.021089553833007812 0.126129150390625 -0.014117119833827019
v 0.02720355987548828 0.1212652325630188 -0.010782121680676937
v 0.02720355987548828 0.1212652325630188 -0.010782121680676937
v 0.021089553833007812 0.126129150390625 -0.014117119833827019
v 0.01863914728164673 0.12767666578292847 -0.007962762378156185
v 0.01863914728164673 0.12767666578292847 -0.007962762378156185
v 0.021089553833007812 0.126129150390625 -0.014117119833827019
v 0.013659477233886719 0.12990999221801758 -0.012439308688044548
v 0.013659477233886719 0.12990999221801758 -0.012439308688044548
v 0.010191679000854492 0.13098889589309692 -0.00650425162166357
v 0.01863914728164673 0.12767666578292847 -0.007962762378156185
v 0.013659477233886719 0.12990999221801758 -0.012439308688044548
v 0.006802797317504883 0.1317596137523651 -0.01161098387092352
v 0.010191679000854492 0.13098889589309692 -0.00650425162166357
v 0.010191679000854492 0.13098889589309692 -0.00650425162166357
v 0.006802797317504883 0.1317596137523651 -0.01161098387092352
v 0.0003129728138446808 0.1325002759695053 -0.005840084981173277
v 0.0005798041820526123 0.13236194849014282 -0.011350869201123714
v 0.0003129728138446808 0.1325002759695053 -0.005840084981173277
v 0.006802797317504883 0.1317596137523651 -0.01161098387092352
v 0.0003129728138446808 0.1325002759695053 -0.005840084981173277
v 0.0005798041820526123 0.13236194849014282 -0.011350869201123714
v -0.005958080291748047 0.13191792368888855 -0.011577635072171688
v 0.0003129728138446808 0.1325002759695053 -0.005840084981173277
v -0.005958080291748047 0.13191792368888855 -0.011577635072171688
v -0.009904026985168457 0.1310781091451645 -0.006465195678174496
v -0.005958080291748047 0.13191792368888855 -0.011577635072171688
v -0.014368295669555664 0.1297069787979126 -0.012407241389155388
v -0.009904026985168457 0.1310781091451645 -0.006465195678174496
v -0.014368295669555664 0.1297069787979126 -0.012407241389155388
v -0.01972055435180664 0.12717074155807495 -0.00818407442420721
v -0.009904026985168457 0.1310781091451645 -0.006465195678174496
v -0.021734237670898438 0.12568044662475586 -0.014331815764307976
v -0.01972055435180664 0.12717074155807495 -0.00818407442420721
v -0.014368295669555664 0.1297069787979126 -0.012407241389155388
v -0.021734237670898438 0.12568044662475586 -0.014331815764307976
v -0.02700042724609375 0.12144994735717773 -0.01612663082778454
v -0.01972055435180664 0.12717074155807495 -0.00818407442420721
v -0.02700042724609375 0.12144994735717773 -0.01612663082778454
v -0.030387163162231445 0.11786043643951416 -0.012281356379389763
v -0.01972055435180664 0.12717074155807495 -0.00818407442420721
v -0.02700042724609375 0.12144994735717773 -0.01612663082778454
v -0.03282809257507324 0.11429119110107422 -0.019291160628199577
v -0.030387163162231445 0.11786043643951416 -0.012281356379389763
v -0.03282809257507324 0.11429119110107422 -0.019291160628199577
v -0.03615236282348633 0.1076740026473999 -0.01676332764327526
v -0.030387163162231445 0.11786043643951416 -0.012281356379389763
v -0.03653264045715332 0.10649967193603516 -0.022728202864527702
v -0.03615236282348633 0.1076740026473999 -0.01676332764327526
v -0.03282809257507324 0.11429119110107422 -0.019291160628199577
v -0.03615236282348633 0.1076740026473999 -0.01676332764327526
v -0.03653264045715332 0.10649967193603516 -0.022728202864527702
v -0.038438573479652405 0.09885883331298828 -0.020642219111323357
v -0.038438573479652405 0.09885883331298828 -0.020642219111323357
v -0.03653264045715332 0.10649967193603516 -0.022728202864527702
v -0.03854230046272278 0.09785223007202148 -0.026453491300344467
v -0.03854230046272278 0.09785223007202148 -0.026453491300344467
v -0.03860008716583252 0.09149551391601562 -0.029335971921682358
v -0.038522616028785706 0.08934593200683594 -0.024832244962453842
v -0.038438573479652405 0.09885883331298828 -0.020642219111323357
v -0.03854230046272278 0.09785223007202148 -0.026453491300344467
v -0.038522616028785706 0.08934593200683594 -0.024832244962453842
v -0.03860008716583252 0.09149551391601562 -0.029335971921682358
v -0.037949562072753906 0.08618736267089844 -0.03163909539580345
v -0.038522616028785706 0.08934593200683594 -0.024832244962453842
v -0.038522616028785706 0.08934593200683594 -0.024832244962453842
v -0.037949562072753906 0.08618736267089844 -0.03163909539580345
v -0.03628450632095337 0.07976222038269043 -0.02904653176665306
v -0.03628450632095337 0.07976222038269043 -0.02904653176665306
v -0.037949562072753906 0.08618736267089844 -0.03163909539580345
v -0.035933613777160645 0.07913517951965332 -0.03467237576842308
v -0.03628450632095337 0.07976222038269043 -0.02904653176665306
v -0.035933613777160645 0.07913517951965332 -0.03467237576842308
v -0.031842172145843506 0.07140684127807617 -0.03272246941924095
v -0.031842172145843506 0.07140684127807617 -0.03272246941924095
v -0.035933613777160645 0.07913517951965332 -0.03467237576842308
v -0.03176379203796387 0.07150888442993164 -0.038072582334280014
v -0.031842172145843506 0.07140684127807617 -0.03272246941924095
v -0.03176379203796387 0.07150888442993164 -0.038072582334280014
v -0.025633633136749268 0.06445199251174927 -0.03577839955687523
v -0.025633633136749268 0.06445199251174927 -0.03577839955687523
v -0.03176379203796387 0.07150888442993164 -0.038072582334280014
v -0.028559446334838867 0.06746494770050049 -0.03961276635527611
v -0.025633633136749268 0.06445199251174927 -0.03577839955687523
v -0.028559446334838867 0.06746494770050049 -0.03961276635527611
v -0.024119138717651367 0.06340718269348145 -0.041628118604421616
v -0.025633633136749268 0.06445199251174927 -0.03577839955687523
v -0.024119138717651367 0.06340718269348145 -0.041628118604421616
v -0.017587900161743164 0.05903026461601257 -0.038166966289281845
v -0.01376296952366829 0.057372380048036575 -0.04395107552409172
v -0.017587900161743164 0.05903026461601257 -0.038166966289281845
v -0.01867222785949707 0.05978935956954956 -0.043147798627614975
v -0.024119138717651367 0.06340718269348145 -0.041628118604421616
v -0.01867222785949707 0.05978935956954956 -0.043147798627614975
v -0.017587900161743164 0.05903026461601257 -0.038166966289281845
v -0.01376296952366829 0.057372380048036575 -0.04395107552409172
v -0.00907793641090393 0.05590059608221054 -0.03954390808939934
v -0.017587900161743164 0.05903026461601257 -0.038166966289281845
v 0.0007149754092097282 0.054776597768068314 -0.04003770276904106
v -0.005312169902026653 0.05515594780445099 -0.044879838824272156
v 0.0029575377702713013 0.054963283240795135 -0.04499845206737518
v -0.00907793641090393 0.05590059608221054 -0.03954390808939934
v -0.005312169902026653 0.05515594780445099 -0.044879838824272156
v 0.0007149754092097282 0.054776597768068314 -0.04003770276904106
v -0.030387163162231445 0.11786043643951416 -0.012281356379389763
v 0.033223509788513184 0.07346248626708984 -0.03181552514433861
v 0.0371643602848053 0.08247196674346924 -0.027851339429616928
v -0.030387163162231445 0.11786043643951416 -0.012281356379389763
v -0.03615236282348633 0.1076740026473999 -0.01676332764327526
v 0.033223509788513184 0.07346248626708984 -0.03181552514433861
v 0.033223509788513184 0.07346248626708984 -0.03181552514433861
v -0.03615236282348633 0.1076740026473999 -0.01676332764327526
v -0.038438573479652405 0.09885883331298828 -0.020642219111323357
v -0.038522616028785706 0.08934593200683594 -0.024832244962453842
v -0.03628450632095337 0.07976222038269043 -0.02904653176665306
v 0.033223509788513184 0.07346248626708984 -0.03181552514433861
v 0.027306556701660156 0.06599092483520508 -0.035103198140859604
v -0.03628450632095337 0.07976222038269043 -0.02904653176665306
v -0.031842172145843506 0.07140684127807617 -0.03272246941924095
v 0.033223509788513184 0.07346248626708984 -0.03181552514433861
v -0.038438573479652405 0.09885883331298828 -0.020642219111323357
v -0.038522616028785706 0.08934593200683594 -0.024832244962453842
v -0.03628450632095337 0.07976222038269043 -0.02904653176665306
v 0.027306556701660156 0.06599092483520508 -0.035103198140859604
v 0.033223509788513184 0.07346248626708984 -0.03181552514433861
v -0.031842172145843506 0.07140684127807617 -0.03272246941924095
v -0.025633633136749268 0.06445199251174927 -0.03577839955687523
v 0.027306556701660156 0.06599092483520508 -0.035103198140859604
v -0.030387163162231445 0.11786043643951416 -0.012281356379389763
v 0.0371643602848053 0.08247196674346924 -0.027851339429616928
v 0.03888977691531181 0.09430694580078125 -0.02264445833861828
v 0.027306556701660156 0.06599092483520508 -0.035103198140859604
v -0.025633633136749268 0.06445199251174927 -0.03577839955687523
v -0.017587900161743164 0.05903026461601257 -0.038166966289281845
v 0.027306556701660156 0.06599092483520508 -0.035103198140859604
v -0.017587900161743164 0.05903026461601257 -0.038166966289281845
v -0.00907793641090393 0.05590059608221054 -0.03954390808939934
v 0.036997050046920776 0.10529744625091553 -0.017808375880122185
v -0.01972055435180664 0.12717074155807495 -0.00818407442420721
v 0.03888977691531181 0.09430694580078125 -0.02264445833861828
v 0.03888977691531181 0.09430694580078125 -0.02264445833861828
v -0.01972055435180664 0.12717074155807495 -0.00818407442420721
v -0.030387163162231445 0.11786043643951416 -0.012281356379389763
v 0.027306556701660156 0.06599092483520508 -0.035103198140859604
v -0.00907793641090393 0.05590059608221054 -0.03954390808939934
v 0.0007149754092097282 0.054776597768068314 -0.04003770276904106
v 0.027306556701660156 0.06599092483520508 -0.035103198140859604
v 0.0007149754092097282 0.054776597768068314 -0.04003770276904106
v 0.010808110237121582 0.05634570121765137 -0.03934716805815697
v 0.027306556701660156 0.06599092483520508 -0.035103198140859604
v 0.010808110237121582 0.05634570121765137 -0.03934716805815697
v 0.019625067710876465 0.06012198328971863 -0.037685271352529526
v -0.01972055435180664 0.12717074155807495 -0.00818407442420721
v 0.036997050046920776 0.10529744625091553 -0.017808375880122185
v 0.03294169902801514 0.11409008502960205 -0.013939080759882927
v 0.03294169902801514 0.11409008502960205 -0.013939080759882927
v 0.02720355987548828 0.1212652325630188 -0.010782121680676937
v -0.01972055435180664 0.12717074155807495 -0.00818407442420721
v 0.02720355987548828 0.1212652325630188 -0.010782121680676937
v 0.01863914728164673 0.12767666578292847 -0.007962762378156185
v -0.01972055435180664 0.12717074155807495 -0.00818407442420721
v -0.01972055435180664 0.12717074155807495 -0.00818407442420721
v 0.0003129728138446808 0.1325002759695053 -0.005840084981173277
v -0.009904026985168457 0.1310781091451645 -0.006465195678174496
v -0.01972055435180664 0.12717074155807495 -0.00818407442420721
v 0.01863914728164673 0.12767666578292847 -0.007962762378156185
v 0.010191679000854492 0.13098889589309692 -0.00650425162166357
v -0.01972055435180664 0.12717074155807495 -0.00818407442420721
v 0.010191679000854492 0.13098889589309692 -0.00650425162166357
v 0.0003129728138446808 0.1325002759695053 -0.005840084981173277
v -0.03515983000397682 0.0800214409828186 0.04749991372227669
v 0.03659982234239578 0.10106863081455231 0.04749992862343788
v 0.030470939353108406 0.11540734767913818 0.047499943524599075
v 0.03659982234239578 0.10106863081455231 0.04749992862343788
v -0.007019854616373777 0.0560392364859581 0.04749990254640579
v 0.008285939693450928 0.05630236864089966 0.047499943524599075
v -0.03515983000397682 0.0800214409828186 0.04749991372227669
v 0.030470939353108406 0.11540734767913818 0.047499943524599075
v 0.019085001200437546 0.12525582313537598 0.047499869018793106
v -0.03515983000397682 0.0800214409828186 0.04749991372227669
v -0.028772074729204178 0.06876068562269211 0.04749992489814758
v 0.03659982234239578 0.10106863081455231 0.04749992862343788
v -0.03515983000397682 0.0800214409828186 0.04749991372227669
v 0.019085001200437546 0.12525582313537598 0.047499869018793106
v 0.007019194308668375 0.12996090948581696 0.047499943524599075
v -0.005551109556108713 0.13006539642810822 0.04749991372227669
v -0.034758951514959335 0.10739413648843765 0.047499898821115494
v -0.0376158207654953 0.09235353022813797 0.047499880194664
v -0.028772074729204178 0.06876068562269211 0.04749992489814758
v -0.019083905965089798 0.06074368208646774 0.0474998839199543
v 0.03659982234239578 0.10106863081455231 0.04749992862343788
v 0.03659982234239578 0.10106863081455231 0.04749992862343788
v -0.019083905965089798 0.06074368208646774 0.0474998839199543
v -0.007019854616373777 0.0560392364859581 0.04749990254640579
v 0.03659982234239578 0.10106863081455231 0.04749992862343788
v 0.008285939693450928 0.05630236864089966 0.047499943524599075
v 0.024434775114059448 0.06412944197654724 0.047499943524599075
v -0.034758951514959335 0.10739413648843765 0.047499898821115494
v -0.005551109556108713 0.13006539642810822 0.04749991372227669
v -0.027699600905179977 0.11824619024991989 0.04749977961182594
v -0.027699600905179977 0.11824619024991989 0.04749977961182594
v -0.005551109556108713 0.13006539642810822 0.04749991372227669
v -0.017881155014038086 0.12610065937042236 0.04749990999698639
v -0.03515983000397682 0.0800214409828186 0.04749991372227669
v 0.007019194308668375 0.12996090948581696 0.047499943524599075
v -0.005551109556108713 0.13006539642810822 0.04749991372227669
v -0.03515983000397682 0.0800214409828186 0.04749991372227669
v -0.005551109556108713 0.13006539642810822 0.04749991372227669
v -0.0376158207654953 0.09235353022813797 0.047499880194664
v 0.024434775114059448 0.06412944197654724 0.047499943524599075
v 0.03348246216773987 0.07616020739078522 0.047499943524599075
v 0.03659982234239578 0.10106863081455231 0.04749992862343788
v 0.03659982234239578 0.10106863081455231 0.04749992862343788
v 0.03348246216773987 0.07616020739078522 0.047499943524599075
v 0.03735342621803284 0.08851803839206696 0.047499947249889374
v 0.03735342621803284 0.08851803839206696 0.047499947249889374
v 0.03747472167015076 0.09567022323608398 0.04223973676562309
v 0.03659982234239578 0.10106863081455231 0.04749992862343788
v 0.03659982234239578 0.10106863081455231 0.04749992862343788
v 0.03747472167015076 0.09567022323608398 0.04223973676562309
v 0.03562290593981743 0.10490024834871292 0.04224937781691551
v 0.03659982234239578 0.10106863081455231 0.04749992862343788
v 0.03562290593981743 0.10490024834871292 0.04224937781691551
v 0.030470939353108406 0.11540734767913818 0.047499943524599075
v 0.030470939353108406 0.11540734767913818 0.047499943524599075
v 0.03562290593981743 0.10490024834871292 0.04224937781691551
v 0.029629837721586227 0.11641031503677368 0.04225348308682442
v 0.030470939353108406 0.11540734767913818 0.047499943524599075
v 0.029629837721586227 0.11641031503677368 0.04225348308682442
v 0.019375596195459366 0.125148743391037 0.04225033149123192
v 0.030470939353108406 0.11540734767913818 0.047499943524599075
v 0.019375596195459366 0.125148743391037 0.04225033149123192
v 0.019085001200437546 0.12525582313537598 0.047499869018793106
v 0.019085001200437546 0.12525582313537598 0.047499869018793106
v 0.019375596195459366 0.125148743391037 0.04225033149123192
v 0.011303734965622425 0.12885825335979462 0.04220585152506828
v 0.019085001200437546 0.12525582313537598 0.047499869018793106
v 0.011303734965622425 0.12885825335979462 0.04220585152506828
v 0.007019194308668375 0.12996090948581696 0.047499943524599075
v 0.007019194308668375 0.12996090948581696 0.047499943524599075
v 0.011303734965622425 0.12885825335979462 0.04220585152506828
v 0.00597414281219244 0.13003599643707275 0.04216526448726654
v 0.007019194308668375 0.12996090948581696 0.047499943524599075
v 0.00597414281219244 0.13003599643707275 0.04216526448726654
v -0.007355456240475178 0.129843071103096 0.042233314365148544
v 0.007019194308668375 0.12996090948581696 0.047499943524599075
v -0.007355456240475178 0.129843071103096 0.042233314365148544
v -0.005551109556108713 0.13006539642810822 0.04749991372227669
v -0.005551109556108713 0.13006539642810822 0.04749991372227669
v -0.007355456240475178 0.129843071103096 0.042233314365148544
v -0.017881155014038086 0.12610065937042236 0.04749990999698639
v -0.017881155014038086 0.12610065937042236 0.04749990999698639
v -0.007355456240475178 0.129843071103096 0.042233314365148544
v -0.019271638244390488 0.12521420419216156 0.042250607162714005
v -0.017881155014038086 0.12610065937042236 0.04749990999698639
v -0.019271638244390488 0.12521420419216156 0.042250607162714005
v -0.029018091037869453 0.11706823110580444 0.042250413447618484
v -0.017881155014038086 0.12610065937042236 0.04749990999698639
v -0.029018091037869453 0.11706823110580444 0.042250413447618484
v -0.027699600905179977 0.11824619024991989 0.04749977961182594
v -0.027699600905179977 0.11824619024991989 0.04749977961182594
v -0.029018091037869453 0.11706823110580444 0.042250413447618484
v -0.034758951514959335 0.10739413648843765 0.047499898821115494
v -0.034758951514959335 0.10739413648843765 0.047499898821115494
v -0.029018091037869453 0.11706823110580444 0.042250413447618484
v -0.03484122455120087 0.10699592530727386 0.04213742911815643
v -0.034758951514959335 0.10739413648843765 0.047499898821115494
v -0.03484122455120087 0.10699592530727386 0.04213742911815643
v -0.037472695112228394 0.09602227061986923 0.04224351793527603
v -0.034758951514959335 0.10739413648843765 0.047499898821115494
v -0.037472695112228394 0.09602227061986923 0.04224351793527603
v -0.0376158207654953 0.09235353022813797 0.047499880194664
v -0.0376158207654953 0.09235353022813797 0.047499880194664
v -0.037472695112228394 0.09602227061986923 0.04224351793527603
v -0.03683096915483475 0.08543107658624649 0.04224621504545212
v -0.0376158207654953 0.09235353022813797 0.047499880194664
v -0.03683096915483475 0.08543107658624649 0.04224621504545212
v -0.03515983000397682 0.0800214409828186 0.04749991372227669
v -0.03515983000397682 0.0800214409828186 0.04749991372227669
v -0.03683096915483475 0.08543107658624649 0.04224621504545212
v -0.033371470868587494 0.07577110081911087 0.042248908430337906
v -0.03515983000397682 0.0800214409828186 0.04749991372227669
v -0.033371470868587494 0.07577110081911087 0.042248908430337906
v -0.028772074729204178 0.06876068562269211 0.04749992489814758
v -0.028772074729204178 0.06876068562269211 0.04749992489814758
v -0.033371470868587494 0.07577110081911087 0.042248908430337906
v -0.0263491440564394 0.06606176495552063 0.04224792495369911
v -0.028772074729204178 0.06876068562269211 0.04749992489814758
v -0.0263491440564394 0.06606176495552063 0.04224792495369911
v -0.019083905965089798 0.06074368208646774 0.0474998839199543
v -0.019083905965089798 0.06074368208646774 0.0474998839199543
v -0.0263491440564394 0.06606176495552063 0.04224792495369911
v -0.018060976639389992 0.06008104607462883 0.04223097488284111
v -0.019083905965089798 0.06074368208646774 0.0474998839199543
v -0.018060976639389992 0.06008104607462883 0.04223097488284111
v -0.010485008358955383 0.05689377710223198 0.04224574938416481
v -0.019083905965089798 0.06074368208646774 0.0474998839199543
v -0.010485008358955383 0.05689377710223198 0.04224574938416481
v -0.007019854616373777 0.0560392364859581 0.04749990254640579
v -0.007019854616373777 0.0560392364859581 0.04749990254640579
v -0.010485008358955383 0.05689377710223198 0.04224574938416481
v -0.00015258268103934824 0.055433258414268494 0.042251475155353546
v -0.007019854616373777 0.0560392364859581 0.04749990254640579
v -0.00015258268103934824 0.055433258414268494 0.042251475155353546
v 0.008285939693450928 0.05630236864089966 0.047499943524599075
v 0.008285939693450928 0.05630236864089966 0.047499943524599075
v -0.00015258268103934824 0.055433258414268494 0.042251475155353546
v 0.01294500008225441 0.057606544345617294 0.04224216565489769
v 0.008285939693450928 0.05630236864089966 0.047499943524599075
v 0.01294500008225441 0.057606544345617294 0.04224216565489769
v 0.024434775114059448 0.06412944197654724 0.047499943524599075
v 0.024434775114059448 0.06412944197654724 0.047499943524599075
v 0.01294500008225441 0.057606544345617294 0.04224216565489769
v 0.023743661120533943 0.06380446255207062 0.04225308448076248
v 0.024434775114059448 0.06412944197654724 0.047499943524599075
v 0.023743661120533943 0.06380446255207062 0.04225308448076248
v 0.030804945155978203 0.07153239846229553 0.0422469824552536
v 0.024434775114059448 0.06412944197654724 0.047499943524599075
v 0.030804945155978203 0.07153239846229553 0.0422469824552536
v 0.03348246216773987 0.07616020739078522 0.047499943524599075
v 0.03348246216773987 0.07616020739078522 0.047499943524599075
v 0.030804945155978203 0.07153239846229553 0.0422469824552536
v 0.034562740474939346 0.07843245565891266 0.042249180376529694
v 0.03348246216773987 0.07616020739078522 0.047499943524599075
v 0.034562740474939346 0.07843245565891266 0.042249180376529694
v 0.0367768332362175 0.08542189747095108 0.04225005954504013
v 0.03348246216773987 0.07616020739078522 0.047499943524599075
v 0.0367768332362175 0.08542189747095108 0.04225005954504013
v 0.03735342621803284 0.08851803839206696 0.047499947249889374
v 0.03735342621803284 0.08851803839206696 0.047499947249889374
v 0.0367768332362175 0.08542189747095108 0.04225005954504013
v 0.03747472167015076 0.09567022323608398 0.04223973676562309
v -0.03767610713839531 0.04750009626150131 -0.0004042391083203256
v 0.030740976333618164 0.04750361293554306 0.02160453610122204
v 0.02157449722290039 0.04749990627169609 0.031047429889440536
v 0.03751097247004509 0.047499991953372955 -0.0013265310553833842
v 0.03708580136299133 0.04749998077750206 0.0058630695566535
v -0.03767610713839531 0.04750009626150131 -0.0004042391083203256
v -0.03767610713839531 0.04750009626150131 -0.0004042391083203256
v 0.03708580136299133 0.04749998077750206 0.0058630695566535
v 0.03475761413574219 0.04750180244445801 0.014289615675807
v -0.03767610713839531 0.04750009626150131 -0.0004042391083203256
v 0.03475761413574219 0.04750180244445801 0.014289615675807
v 0.030740976333618164 0.04750361293554306 0.02160453610122204
v 0.02157449722290039 0.04749990627169609 0.031047429889440536
v 0.006161034107208252 0.0475006066262722 0.03721441701054573
v -0.03767610713839531 0.04750009626150131 -0.0004042391083203256
v -0.03523284196853638 0.04750064015388489 -0.013280985876917839
v 0.03751097247004509 0.047499991953372955 -0.0013265310553833842
v -0.03767610713839531 0.04750009626150131 -0.0004042391083203256
v 0.03751097247004509 0.047499991953372955 -0.0013265310553833842
v -0.03523284196853638 0.04750064015388489 -0.013280985876917839
v -0.02829611301422119 0.04749945551156998 -0.02487635239958763
v -0.0060453712940216064 0.04750002175569534 -0.03724953159689903
v 0.02909308671951294 0.0474993996322155 -0.02409714087843895
v 0.03587305545806885 0.047500621527433395 -0.011491595767438412
v -0.0060453712940216064 0.04750002175569534 -0.03724953159689903
v 0.03587305545806885 0.047500621527433395 -0.011491595767438412
v 0.03751097247004509 0.047499991953372955 -0.0013265310553833842
v -0.03767610713839531 0.04750009626150131 -0.0004042391083203256
v 0.006161034107208252 0.0475006066262722 0.03721441701054573
v -0.036050379276275635 0.04750024527311325 0.010596989654004574
v 0.02909308671951294 0.0474993996322155 -0.02409714087843895
v -0.0060453712940216064 0.04750002175569534 -0.03724953159689903
v 0.006774306297302246 0.04749992862343788 -0.036931004375219345
v 0.006161034107208252 0.0475006066262722 0.03721441701054573
v -0.021924614906311035 0.047499872744083405 0.030768807977437973
v -0.03192037343978882 0.04750216752290726 0.019991515204310417
v 0.03751097247004509 0.047499991953372955 -0.0013265310553833842
v -0.02829611301422119 0.04749945551156998 -0.02487635239958763
v -0.017961978912353516 0.04750001057982445 -0.03294670209288597
v 0.03751097247004509 0.047499991953372955 -0.0013265310553833842
v -0.017961978912353516 0.04750001057982445 -0.03294670209288597
v -0.0060453712940216064 0.04750002175569534 -0.03724953159689903
v 0.006774306297302246 0.04749992862343788 -0.036931004375219345
v 0.016508817672729492 0.04750005900859833 -0.03380947932600975
v 0.02909308671951294 0.0474993996322155 -0.02409714087843895
v -0.021924614906311035 0.047499872744083405 0.030768807977437973
v 0.006161034107208252 0.0475006066262722 0.03721441701054573
v -0.007816195487976074 0.047500938177108765 0.03677823767066002
v 0.006161034107208252 0.0475006066262722 0.03721441701054573
v -0.03192037343978882 0.04750216752290726 0.019991515204310417
v -0.036050379276275635 0.04750024527311325 0.010596989654004574
v 0.02909308671951294 0.0474993996322155 -0.02409714087843895
v 0.02241683006286621 0.060641467571258545 -0.02999722585082054
v 0.026865720748901367 0.06365728378295898 -0.02597784623503685
v 0.016508817672729492 0.04750005900859833 -0.03380947932600975
v 0.018063783645629883 0.05842059850692749 -0.03279447183012962
v 0.02909308671951294 0.0474993996322155 -0.02409714087843895
v 0.02909308671951294 0.0474993996322155 -0.02409714087843895
v 0.018063783645629883 0.05842059850692749 -0.03279447183012962
v 0.02241683006286621 0.060641467571258545 -0.02999722585082054
v 0.016508817672729492 0.04750005900859833 -0.03380947932600975
v 0.012643098831176758 0.05673208832740784 -0.035355862230062485
v 0.018063783645629883 0.05842059850692749 -0.03279447183012962
v 0.016508817672729492 0.04750005900859833 -0.03380947932600975
v 0.006774306297302246 0.04749992862343788 -0.036931004375219345
v 0.012643098831176758 0.05673208832740784 -0.035355862230062485
v 0.006774306297302246 0.04749992862343788 -0.036931004375219345
v 0.0018989145755767822 0.05448240414261818 -0.037535857409238815
v 0.006650686264038086 0.05530797317624092 -0.03702431544661522
v 0.0018989145755767822 0.05448240414261818 -0.037535857409238815
v 0.006774306297302246 0.04749992862343788 -0.036931004375219345
v -0.0060453712940216064 0.04750002175569534 -0.03724953159689903
v -0.0060453712940216064 0.04750002175569534 -0.03724953159689903
v -0.005244731903076172 0.054796524345874786 -0.03721829876303673
v 0.0018989145755767822 0.05448240414261818 -0.037535857409238815
v -0.005244731903076172 0.054796524345874786 -0.03721829876303673
v -0.0060453712940216064 0.04750002175569534 -0.03724953159689903
v -0.013603568077087402 0.05698955059051514 -0.03499620780348778
v -0.013603568077087402 0.05698955059051514 -0.03499620780348778
v -0.0060453712940216064 0.04750002175569534 -0.03724953159689903
v -0.017961978912353516 0.04750001057982445 -0.03294670209288597
v -0.013603568077087402 0.05698955059051514 -0.03499620780348778
v -0.017961978912353516 0.04750001057982445 -0.03294670209288597
v -0.021122336387634277 0.059913963079452515 -0.03098129853606224
v -0.021122336387634277 0.059913963079452515 -0.03098129853606224
v -0.017961978912353516 0.04750001057982445 -0.03294670209288597
v -0.02829611301422119 0.04749945551156998 -0.02487635239958763
v -0.021924614906311035 0.047499872744083405 0.030768807977437973
v -0.024588942527770996 0.0623784065246582 0.028258558362722397
v -0.03192037343978882 0.04750216752290726 0.019991515204310417
v -0.021924614906311035 0.047499872744083405 0.030768807977437973
v -0.020075559616088867 0.05930900573730469 0.031575676053762436
v -0.024588942527770996 0.0623784065246582 0.028258558362722397
v -0.021924614906311035 0.047499872744083405 0.030768807977437973
v -0.014305472373962402 0.057341933250427246 0.03469282016158104
v -0.020075559616088867 0.05930900573730469 0.031575676053762436
v -0.007816195487976074 0.047500938177108765 0.03677823767066002
v -0.014305472373962402 0.057341933250427246 0.03469282016158104
v -0.021924614906311035 0.047499872744083405 0.030768807977437973
v -0.007816195487976074 0.047500938177108765 0.03677823767066002
v -0.009421586990356445 0.05566215515136719 0.036288436502218246
v -0.014305472373962402 0.057341933250427246 0.03469282016158104
v -0.007816195487976074 0.047500938177108765 0.03677823767066002
v -0.00432741641998291 0.0547199584543705 0.03729630634188652
v -0.009421586990356445 0.05566215515136719 0.036288436502218246
v 0.006161034107208252 0.0475006066262722 0.03721441701054573
v 0.0030490458011627197 0.054584767669439316 0.037467390298843384
v -0.007816195487976074 0.047500938177108765 0.03677823767066002
v -0.007816195487976074 0.047500938177108765 0.03677823767066002
v 0.0030490458011627197 0.054584767669439316 0.037467390298843384
v -0.00432741641998291 0.0547199584543705 0.03729630634188652
v 0.006161034107208252 0.0475006066262722 0.03721441701054573
v 0.009272336959838867 0.055782437324523926 0.03635412082076073
v 0.0030490458011627197 0.054584767669439316 0.037467390298843384
v 0.015003740787506104 0.057706862688064575 0.03447052463889122
v 0.009272336959838867 0.055782437324523926 0.03635412082076073
v 0.006161034107208252 0.0475006066262722 0.03721441701054573
v 0.0191195011138916 0.05883514881134033 0.03219914063811302
v 0.015003740787506104 0.057706862688064575 0.03447052463889122
v 0.02157449722290039 0.04749990627169609 0.031047429889440536
v 0.02157449722290039 0.04749990627169609 0.031047429889440536
v 0.015003740787506104 0.057706862688064575 0.03447052463889122
v 0.006161034107208252 0.0475006066262722 0.03721441701054573
v 0.02157449722290039 0.04749990627169609 0.031047429889440536
v 0.0232391357421875 0.06095552444458008 0.029280658811330795
v 0.0191195011138916 0.05883514881134033 0.03219914063811302
v 0.02157449722290039 0.04749990627169609 0.031047429889440536
v 0.02833843231201172 0.06445848941802979 0.02443217858672142
v 0.0232391357421875 0.06095552444458008 0.029280658811330795
v 0.030740976333618164 0.04750361293554306 0.02160453610122204
v 0.02833843231201172 0.06445848941802979 0.02443217858672142
v 0.02157449722290039 0.04749990627169609 0.031047429889440536
v 0.037451352924108505 0.09115877747535706 0.0005167126073502004
v 0.03751078248023987 0.08288121223449707 0.001564442878589034
v 0.03718384727835655 0.08731511235237122 -0.01191156916320324
v 0.03748519718647003 0.0945279598236084 -0.02228228561580181
v 0.037451352924108505 0.09115877747535706 0.0005167126073502004
v 0.03718384727835655 0.08731511235237122 -0.01191156916320324
v 0.03748519718647003 0.0945279598236084 -0.02228228561580181
v 0.03718384727835655 0.08731511235237122 -0.01191156916320324
v 0.03677242994308472 0.08435213565826416 -0.026758965104818344
v 0.03677242994308472 0.08435213565826416 -0.026758965104818344
v 0.03718384727835655 0.08731511235237122 -0.01191156916320324
v 0.03496343642473221 0.07923391461372375 -0.019054768607020378
v 0.03677242994308472 0.08435213565826416 -0.026758965104818344
v 0.03496343642473221 0.07923391461372375 -0.019054768607020378
v 0.031126976013183594 0.0720287561416626 -0.03218108043074608
v 0.031126976013183594 0.0720287561416626 -0.03218108043074608
v 0.03496343642473221 0.07923391461372375 -0.019054768607020378
v 0.03103797137737274 0.07202610373497009 -0.02569650486111641
v 0.031126976013183594 0.0720287561416626 -0.03218108043074608
v 0.03103797137737274 0.07202610373497009 -0.02569650486111641
v 0.026641130447387695 0.06669563055038452 -0.02897464483976364
v 0.031126976013183594 0.0720287561416626 -0.03218108043074608
v 0.026641130447387695 0.06669563055038452 -0.02897464483976364
v 0.024706125259399414 0.06482696533203125 -0.03535019978880882
v 0.022150278091430664 0.06270755082368851 -0.03205069527029991
v 0.024706125259399414 0.06482696533203125 -0.03535019978880882
v 0.026641130447387695 0.06669563055038452 -0.02897464483976364
v 0.024706125259399414 0.06482696533203125 -0.03535019978880882
v 0.022150278091430664 0.06270755082368851 -0.03205069527029991
v 0.01545649766921997 0.05873143672943115 -0.03803088888525963
v 0.01545649766921997 0.05873143672943115 -0.03803088888525963
v 0.022150278091430664 0.06270755082368851 -0.03205069527029991
v 0.016621768474578857 0.05936719477176666 -0.03487556800246239
v 0.01545649766921997 0.05873143672943115 -0.03803088888525963
v 0.016621768474578857 0.05936719477176666 -0.03487556800246239
v 0.009246423840522766 0.05648139864206314 -0.03708212450146675
v 0.009246423840522766 0.05648139864206314 -0.03708212450146675
v 0.005076676607131958 0.055779553949832916 -0.03933112695813179
v 0.01545649766921997 0.05873143672943115 -0.03803088888525963
v 0.0008550230413675308 0.05531992390751839 -0.03818012401461601
v 0.005076676607131958 0.055779553949832916 -0.03933112695813179
v 0.009246423840522766 0.05648139864206314 -0.03708212450146675
v 0.0008550230413675308 0.05531992390751839 -0.03818012401461601
v -0.005987346172332764 0.05581488832831383 -0.03931567445397377
v 0.005076676607131958 0.055779553949832916 -0.03933112695813179
v -0.005987346172332764 0.05581488832831383 -0.03931567445397377
v 0.0008550230413675308 0.05531992390751839 -0.03818012401461601
v -0.005310177803039551 0.05575379729270935 -0.03778671845793724
v -0.011278390884399414 0.05708255618810654 -0.036581847816705704
v -0.005987346172332764 0.05581488832831383 -0.03931567445397377
v -0.005310177803039551 0.05575379729270935 -0.03778671845793724
v -0.005987346172332764 0.05581488832831383 -0.03931567445397377
v -0.011278390884399414 0.05708255618810654 -0.036581847816705704
v -0.016449928283691406 0.05930781364440918 -0.037777867168188095
v -0.016449928283691406 0.05930781364440918 -0.037777867168188095
v -0.011278390884399414 0.05708255618810654 -0.036581847816705704
v -0.020502179861068726 0.06147037446498871 -0.03309765085577965
v -0.020502179861068726 0.06147037446498871 -0.03309765085577965
v -0.026663005352020264 0.06642270088195801 -0.03464832529425621
v -0.016449928283691406 0.05930781364440918 -0.037777867168188095
v -0.037458017468452454 0.09200556576251984 0.0014270133106037974
v -0.037540875375270844 0.09357431530952454 -0.022700568661093712
v -0.03718782961368561 0.08726609498262405 -0.011647521518170834
v -0.03718782961368561 0.08726609498262405 -0.011647521518170834
v -0.037540875375270844 0.09357431530952454 -0.022700568661093712
v -0.035827457904815674 0.08093619346618652 -0.028261002153158188
v -0.037458017468452454 0.09200556576251984 0.0014270133106037974
v -0.0371846929192543 0.07905644178390503 -0.005360960494726896
v -0.03767610713839531 0.04750009626150131 -0.0004042391083203256
v -0.02829611301422119 0.04749945551156998 -0.02487635239958763
v -0.03523284196853638 0.04750064015388489 -0.013280985876917839
v -0.032045960426330566 0.0694655179977417 -0.019400356337428093
v 0.006650686264038086 0.05530797317624092 -0.03702431544661522
v 0.012643098831176758 0.05673208832740784 -0.035355862230062485
v 0.006774306297302246 0.04749992862343788 -0.036931004375219345
v 0.03499406576156616 0.07345688343048096 -0.013585684821009636
v 0.03587305545806885 0.047500621527433395 -0.011491595767438412
v 0.030971884727478027 0.06848561763763428 -0.021205542609095573
v 0.030971884727478027 0.06848561763763428 -0.021205542609095573
v 0.03587305545806885 0.047500621527433395 -0.011491595767438412
v 0.02909308671951294 0.0474993996322155 -0.02409714087843895
v 0.037193261086940765 0.0796593427658081 -0.005386292468756437
v 0.03751097247004509 0.047499991953372955 -0.0013265310553833842
v 0.03587305545806885 0.047500621527433395 -0.011491595767438412
v 0.037193261086940765 0.0796593427658081 -0.005386292468756437
v 0.03751078248023987 0.08288121223449707 0.001564442878589034
v 0.03751097247004509 0.047499991953372955 -0.0013265310553833842
v 0.03587305545806885 0.047500621527433395 -0.011491595767438412
v 0.03499406576156616 0.07345688343048096 -0.013585684821009636
v 0.037193261086940765 0.0796593427658081 -0.005386292468756437
v -0.02829611301422119 0.04749945551156998 -0.02487635239958763
v -0.028404951095581055 0.06574094295501709 -0.02453457936644554
v -0.021122336387634277 0.059913963079452515 -0.03098129853606224
v -0.026663005352020264 0.06642270088195801 -0.03464832529425621
v -0.020502179861068726 0.06147037446498871 -0.03309765085577965
v -0.02849111333489418 0.06868648529052734 -0.028095755726099014
v -0.03503889590501785 0.07959452271461487 -0.02060060016810894
v -0.035827457904815674 0.08093619346618652 -0.028261002153158188
v -0.03200651332736015 0.07357192039489746 -0.024071138352155685
v -0.03500187397003174 0.07263460755348206 -0.01349937729537487
v -0.032045960426330566 0.0694655179977417 -0.019400356337428093
v -0.03523284196853638 0.04750064015388489 -0.013280985876917839
v -0.02849111333489418 0.06868648529052734 -0.028095755726099014
v -0.028404951095581055 0.06574094295501709 -0.02453457936644554
v -0.03200651332736015 0.07357192039489746 -0.024071138352155685
v -0.03200651332736015 0.07357192039489746 -0.024071138352155685
v -0.028404951095581055 0.06574094295501709 -0.02453457936644554
v -0.032045960426330566 0.0694655179977417 -0.019400356337428093
v -0.03200651332736015 0.07357192039489746 -0.024071138352155685
v -0.032045960426330566 0.0694655179977417 -0.019400356337428093
v -0.03499332070350647 0.07727085053920746 -0.01601695828139782
v -0.0371846929192543 0.07905644178390503 -0.005360960494726896
v -0.03499332070350647 0.07727085053920746 -0.01601695828139782
v -0.03500187397003174 0.07263460755348206 -0.01349937729537487
v -0.0371846929192543 0.07905644178390503 -0.005360960494726896
v -0.03500187397003174 0.07263460755348206 -0.01349937729537487
v -0.03523284196853638 0.04750064015388489 -0.013280985876917839
v -0.0371846929192543 0.07905644178390503 -0.005360960494726896
v -0.03523284196853638 0.04750064015388489 -0.013280985876917839
v -0.03767610713839531 0.04750009626150131 -0.0004042391083203256
v -0.03718782961368561 0.08726609498262405 -0.011647521518170834
v -0.035827457904815674 0.08093619346618652 -0.028261002153158188
v -0.03503889590501785 0.07959452271461487 -0.02060060016810894
v -0.03718782961368561 0.08726609498262405 -0.011647521518170834
v -0.03503889590501785 0.07959452271461487 -0.02060060016810894
v -0.03499332070350647 0.07727085053920746 -0.01601695828139782
v -0.03718782961368561 0.08726609498262405 -0.011647521518170834
v -0.0371846929192543 0.07905644178390503 -0.005360960494726896
v -0.037458017468452454 0.09200556576251984 0.0014270133106037974
v -0.035827457904815674 0.08093619346618652 -0.028261002153158188
v -0.026663005352020264 0.06642270088195801 -0.03464832529425621
v -0.03200651332736015 0.07357192039489746 -0.024071138352155685
v -0.03200651332736015 0.07357192039489746 -0.024071138352155685
v -0.026663005352020264 0.06642270088195801 -0.03464832529425621
v -0.02849111333489418 0.06868648529052734 -0.028095755726099014
v -0.03503889590501785 0.07959452271461487 -0.02060060016810894
v -0.03200651332736015 0.07357192039489746 -0.024071138352155685
v -0.03499332070350647 0.07727085053920746 -0.01601695828139782
v 0.02909308671951294 0.0474993996322155 -0.02409714087843895
v 0.026865720748901367 0.06365728378295898 -0.02597784623503685
v 0.030971884727478027 0.06848561763763428 -0.021205542609095573
v 0.037193261086940765 0.0796593427658081 -0.005386292468756437
v 0.03499406576156616 0.07345688343048096 -0.013585684821009636
v 0.03718384727835655 0.08731511235237122 -0.01191156916320324
v 0.03103797137737274 0.07202610373497009 -0.02569650486111641
v 0.03496343642473221 0.07923391461372375 -0.019054768607020378
v 0.030971884727478027 0.06848561763763428 -0.021205542609095573
v 0.03103797137737274 0.07202610373497009 -0.02569650486111641
v 0.030971884727478027 0.06848561763763428 -0.021205542609095573
v 0.026641130447387695 0.06669563055038452 -0.02897464483976364
v 0.0008550230413675308 0.05531992390751839 -0.03818012401461601
v -0.005244731903076172 0.054796524345874786 -0.03721829876303673
v -0.005310177803039551 0.05575379729270935 -0.03778671845793724
v -0.011278390884399414 0.05708255618810654 -0.036581847816705704
v -0.013603568077087402 0.05698955059051514 -0.03499620780348778
v -0.020502179861068726 0.06147037446498871 -0.03309765085577965
v -0.020502179861068726 0.06147037446498871 -0.03309765085577965
v -0.013603568077087402 0.05698955059051514 -0.03499620780348778
v -0.021122336387634277 0.059913963079452515 -0.03098129853606224
v -0.02849111333489418 0.06868648529052734 -0.028095755726099014
v -0.020502179861068726 0.06147037446498871 -0.03309765085577965
v -0.028404951095581055 0.06574094295501709 -0.02453457936644554
v -0.03499332070350647 0.07727085053920746 -0.01601695828139782
v -0.032045960426330566 0.0694655179977417 -0.019400356337428093
v -0.03500187397003174 0.07263460755348206 -0.01349937729537487
v 0.016621768474578857 0.05936719477176666 -0.03487556800246239
v 0.012643098831176758 0.05673208832740784 -0.035355862230062485
v 0.009246423840522766 0.05648139864206314 -0.03708212450146675
v 0.0008550230413675308 0.05531992390751839 -0.03818012401461601
v 0.009246423840522766 0.05648139864206314 -0.03708212450146675
v 0.006650686264038086 0.05530797317624092 -0.03702431544661522
v -0.03718782961368561 0.08726609498262405 -0.011647521518170834
v -0.03499332070350647 0.07727085053920746 -0.01601695828139782
v -0.0371846929192543 0.07905644178390503 -0.005360960494726896
v -0.013603568077087402 0.05698955059051514 -0.03499620780348778
v -0.011278390884399414 0.05708255618810654 -0.036581847816705704
v -0.005244731903076172 0.054796524345874786 -0.03721829876303673
v 0.006650686264038086 0.05530797317624092 -0.03702431544661522
v 0.009246423840522766 0.05648139864206314 -0.03708212450146675
v 0.012643098831176758 0.05673208832740784 -0.035355862230062485
v -0.02829611301422119 0.04749945551156998 -0.02487635239958763
v -0.032045960426330566 0.0694655179977417 -0.019400356337428093
v -0.028404951095581055 0.06574094295501709 -0.02453457936644554
v -0.021122336387634277 0.059913963079452515 -0.03098129853606224
v -0.028404951095581055 0.06574094295501709 -0.02453457936644554
v -0.020502179861068726 0.06147037446498871 -0.03309765085577965
v -0.005244731903076172 0.054796524345874786 -0.03721829876303673
v -0.011278390884399414 0.05708255618810654 -0.036581847816705704
v -0.005310177803039551 0.05575379729270935 -0.03778671845793724
v 0.0018989145755767822 0.05448240414261818 -0.037535857409238815
v -0.005244731903076172 0.054796524345874786 -0.03721829876303673
v 0.0008550230413675308 0.05531992390751839 -0.03818012401461601
v 0.0018989145755767822 0.05448240414261818 -0.037535857409238815
v 0.0008550230413675308 0.05531992390751839 -0.03818012401461601
v 0.006650686264038086 0.05530797317624092 -0.03702431544661522
v 0.018063783645629883 0.05842059850692749 -0.03279447183012962
v 0.012643098831176758 0.05673208832740784 -0.035355862230062485
v 0.016621768474578857 0.05936719477176666 -0.03487556800246239
v 0.018063783645629883 0.05842059850692749 -0.03279447183012962
v 0.016621768474578857 0.05936719477176666 -0.03487556800246239
v 0.02241683006286621 0.060641467571258545 -0.02999722585082054
v 0.02241683006286621 0.060641467571258545 -0.02999722585082054
v 0.016621768474578857 0.05936719477176666 -0.03487556800246239
v 0.022150278091430664 0.06270755082368851 -0.03205069527029991
v 0.02241683006286621 0.060641467571258545 -0.02999722585082054
v 0.022150278091430664 0.06270755082368851 -0.03205069527029991
v 0.026865720748901367 0.06365728378295898 -0.02597784623503685
v 0.026865720748901367 0.06365728378295898 -0.02597784623503685
v 0.022150278091430664 0.06270755082368851 -0.03205069527029991
v 0.026641130447387695 0.06669563055038452 -0.02897464483976364
v 0.026865720748901367 0.06365728378295898 -0.02597784623503685
v 0.026641130447387695 0.06669563055038452 -0.02897464483976364
v 0.030971884727478027 0.06848561763763428 -0.021205542609095573
v 0.03499406576156616 0.07345688343048096 -0.013585684821009636
v 0.030971884727478027 0.06848561763763428 -0.021205542609095573
v 0.03496343642473221 0.07923391461372375 -0.019054768607020378
v 0.03499406576156616 0.07345688343048096 -0.013585684821009636
v 0.03496343642473221 0.07923391461372375 -0.019054768607020378
v 0.03718384727835655 0.08731511235237122 -0.01191156916320324
v 0.037193261086940765 0.0796593427658081 -0.005386292468756437
v 0.03718384727835655 0.08731511235237122 -0.01191156916320324
v 0.03751078248023987 0.08288121223449707 0.001564442878589034
v -0.037458017468452454 0.09200556576251984 0.0014270133106037974
v -0.037373337894678116 0.08978666365146637 0.011777279898524284
v -0.037472695112228394 0.09602227061986923 0.04224351793527603
v 0.03719893470406532 0.08777347207069397 0.013819573447108269
v 0.037451352924108505 0.09115877747535706 0.0005167126073502004
v 0.03747472167015076 0.09567022323608398 0.04223973676562309
v 0.03751078248023987 0.08288121223449707 0.001564442878589034
v 0.03708580136299133 0.04749998077750206 0.0058630695566535
v 0.03751097247004509 0.047499991953372955 -0.0013265310553833842
v 0.033111572265625 0.07094061374664307 0.01763427071273327
v 0.03475761413574219 0.04750180244445801 0.014289615675807
v 0.03630954027175903 0.07731175422668457 0.009668230079114437
v 0.033111572265625 0.07094061374664307 0.01763427071273327
v 0.030740976333618164 0.04750361293554306 0.02160453610122204
v 0.03475761413574219 0.04750180244445801 0.014289615675807
v 0.02833843231201172 0.06445848941802979 0.02443217858672142
v 0.030740976333618164 0.04750361293554306 0.02160453610122204
v 0.033111572265625 0.07094061374664307 0.01763427071273327
v -0.036050379276275635 0.04750024527311325 0.010596989654004574
v -0.03192037343978882 0.04750216752290726 0.019991515204310417
v -0.03496628999710083 0.07355105876922607 0.013666270300745964
v -0.03767610713839531 0.04750009626150131 -0.0004042391083203256
v -0.036050379276275635 0.04750024527311325 0.010596989654004574
v -0.037171490490436554 0.08112859725952148 0.00562936021015048
v -0.03767610713839531 0.04750009626150131 -0.0004042391083203256
v -0.037171490490436554 0.08112859725952148 0.00562936021015048
v -0.037458017468452454 0.09200556576251984 0.0014270133106037974
v 0.033111572265625 0.07094061374664307 0.01763427071273327
v 0.03630954027175903 0.07731175422668457 0.009668230079114437
v 0.03498302400112152 0.07931521534919739 0.018883196637034416
v 0.030875317752361298 0.07166973501443863 0.0246841199696064
v 0.02635255455970764 0.06634829938411713 0.028678428381681442
v 0.02833843231201172 0.06445848941802979 0.02443217858672142
v 0.030875317752361298 0.07166973501443863 0.0246841199696064
v 0.02833843231201172 0.06445848941802979 0.02443217858672142
v 0.033111572265625 0.07094061374664307 0.01763427071273327
v 0.03751078248023987 0.08288121223449707 0.001564442878589034
v 0.03630954027175903 0.07731175422668457 0.009668230079114437
v 0.03708580136299133 0.04749998077750206 0.0058630695566535
v -0.003076314926147461 0.05548212677240372 0.038142044097185135
v -0.00432741641998291 0.0547199584543705 0.03729630634188652
v 0.0030490458011627197 0.054584767669439316 0.037467390298843384
v -0.003076314926147461 0.05548212677240372 0.038142044097185135
v 0.0030490458011627197 0.054584767669439316 0.037467390298843384
v 0.003404967486858368 0.05557733029127121 0.038065891712903976
v -0.003076314926147461 0.05548212677240372 0.038142044097185135
v -0.010459095239639282 0.05692368745803833 0.03697466477751732
v -0.009421586990356445 0.05566215515136719 0.036288436502218246
v -0.009421586990356445 0.05566215515136719 0.036288436502218246
v -0.010459095239639282 0.05692368745803833 0.03697466477751732
v -0.014305472373962402 0.057341933250427246 0.03469282016158104
v -0.020075559616088867 0.05930900573730469 0.031575676053762436
v -0.01646244525909424 0.05928954482078552 0.03487413749098778
v -0.024588942527770996 0.0623784065246582 0.028258558362722397
v -0.03097379207611084 0.0669710636138916 0.02102207951247692
v -0.03496628999710083 0.07355105876922607 0.013666270300745964
v -0.03192037343978882 0.04750216752290726 0.019991515204310417
v -0.00432741641998291 0.0547199584543705 0.03729630634188652
v -0.003076314926147461 0.05548212677240372 0.038142044097185135
v -0.009421586990356445 0.05566215515136719 0.036288436502218246
v -0.014305472373962402 0.057341933250427246 0.03469282016158104
v -0.01646244525909424 0.05928954482078552 0.03487413749098778
v -0.020075559616088867 0.05930900573730469 0.031575676053762436
v -0.024588942527770996 0.0623784065246582 0.028258558362722397
v -0.03097379207611084 0.0669710636138916 0.02102207951247692
v -0.03192037343978882 0.04750216752290726 0.019991515204310417
v -0.010459095239639282 0.05692368745803833 0.03697466477751732
v -0.003076314926147461 0.05548212677240372 0.038142044097185135
v -0.010485008358955383 0.05689377710223198 0.04224574938416481
v -0.021618276834487915 0.06238196790218353 0.032882045954465866
v -0.018060976639389992 0.06008104607462883 0.04223097488284111
v -0.0263491440564394 0.06606176495552063 0.04224792495369911
v -0.010459095239639282 0.05692368745803833 0.03697466477751732
v -0.010485008358955383 0.05689377710223198 0.04224574938416481
v -0.01646244525909424 0.05928954482078552 0.03487413749098778
v -0.01646244525909424 0.05928954482078552 0.03487413749098778
v -0.010485008358955383 0.05689377710223198 0.04224574938416481
v -0.018060976639389992 0.06008104607462883 0.04223097488284111
v -0.01646244525909424 0.05928954482078552 0.03487413749098778
v -0.018060976639389992 0.06008104607462883 0.04223097488284111
v -0.021618276834487915 0.06238196790218353 0.032882045954465866
v -0.014305472373962402 0.057341933250427246 0.03469282016158104
v -0.010459095239639282 0.05692368745803833 0.03697466477751732
v -0.01646244525909424 0.05928954482078552 0.03487413749098778
v -0.021618276834487915 0.06238196790218353 0.032882045954465866
v -0.02832314744591713 0.06856071949005127 0.028650935739278793
v -0.028323233127593994 0.06717798858880997 0.02587207779288292
v -0.021618276834487915 0.06238196790218353 0.032882045954465866
v -0.028323233127593994 0.06717798858880997 0.02587207779288292
v -0.024588942527770996 0.0623784065246582 0.028258558362722397
v -0.03097379207611084 0.0669710636138916 0.02102207951247692
v -0.028323233127593994 0.06717798858880997 0.02587207779288292
v -0.03316827118396759 0.07356321066617966 0.019474444910883904
v -0.03097379207611084 0.0669710636138916 0.02102207951247692
v -0.03316827118396759 0.07356321066617966 0.019474444910883904
v -0.03496628999710083 0.07355105876922607 0.013666270300745964
v -0.01646244525909424 0.05928954482078552 0.03487413749098778
v -0.021618276834487915 0.06238196790218353 0.032882045954465866
v -0.024588942527770996 0.0623784065246582 0.028258558362722397
v -0.024588942527770996 0.0623784065246582 0.028258558362722397
v -0.028323233127593994 0.06717798858880997 0.02587207779288292
v -0.03097379207611084 0.0669710636138916 0.02102207951247692
v -0.036050379276275635 0.04750024527311325 0.010596989654004574
v -0.03496628999710083 0.07355105876922607 0.013666270300745964
v -0.037171490490436554 0.08112859725952148 0.00562936021015048
v -0.033210352063179016 0.07564584910869598 0.023410052061080933
v -0.033371470868587494 0.07577110081911087 0.042248908430337906
v -0.03683096915483475 0.08543107658624649 0.04224621504545212
v -0.037373337894678116 0.08978666365146637 0.011777279898524284
v -0.03633439540863037 0.08354772627353668 0.016911713406443596
v -0.03683096915483475 0.08543107658624649 0.04224621504545212
v -0.03633439540863037 0.08354772627353668 0.016911713406443596
v -0.033210352063179016 0.07564584910869598 0.023410052061080933
v -0.03683096915483475 0.08543107658624649 0.04224621504545212
v -0.021618276834487915 0.06238196790218353 0.032882045954465866
v -0.0263491440564394 0.06606176495552063 0.04224792495369911
v -0.02832314744591713 0.06856071949005127 0.028650935739278793
v -0.02832314744591713 0.06856071949005127 0.028650935739278793
v -0.033210352063179016 0.07564584910869598 0.023410052061080933
v -0.028323233127593994 0.06717798858880997 0.02587207779288292
v -0.028323233127593994 0.06717798858880997 0.02587207779288292
v -0.033210352063179016 0.07564584910869598 0.023410052061080933
v -0.03316827118396759 0.07356321066617966 0.019474444910883904
v -0.0263491440564394 0.06606176495552063 0.04224792495369911
v -0.033371470868587494 0.07577110081911087 0.042248908430337906
v -0.02832314744591713 0.06856071949005127 0.028650935739278793
v -0.02832314744591713 0.06856071949005127 0.028650935739278793
v -0.033371470868587494 0.07577110081911087 0.042248908430337906
v -0.033210352063179016 0.07564584910869598 0.023410052061080933
v -0.033210352063179016 0.07564584910869598 0.023410052061080933
v -0.03633439540863037 0.08354772627353668 0.016911713406443596
v -0.03316827118396759 0.07356321066617966 0.019474444910883904
v -0.03316827118396759 0.07356321066617966 0.019474444910883904
v -0.03633439540863037 0.08354772627353668 0.016911713406443596
v -0.03496628999710083 0.07355105876922607 0.013666270300745964
v -0.03683096915483475 0.08543107658624649 0.04224621504545212
v -0.037472695112228394 0.09602227061986923 0.04224351793527603
v -0.037373337894678116 0.08978666365146637 0.011777279898524284
v -0.037373337894678116 0.08978666365146637 0.011777279898524284
v -0.037171490490436554 0.08112859725952148 0.00562936021015048
v -0.03633439540863037 0.08354772627353668 0.016911713406443596
v -0.037373337894678116 0.08978666365146637 0.011777279898524284
v -0.037458017468452454 0.09200556576251984 0.0014270133106037974
v -0.037171490490436554 0.08112859725952148 0.00562936021015048
v -0.037171490490436554 0.08112859725952148 0.00562936021015048
v -0.03496628999710083 0.07355105876922607 0.013666270300745964
v -0.03633439540863037 0.08354772627353668 0.016911713406443596
v 0.0367768332362175 0.08542189747095108 0.04225005954504013
v 0.03498302400112152 0.07931521534919739 0.018883196637034416
v 0.03719893470406532 0.08777347207069397 0.013819573447108269
v 0.030804945155978203 0.07153239846229553 0.0422469824552536
v 0.030875317752361298 0.07166973501443863 0.0246841199696064
v 0.034562740474939346 0.07843245565891266 0.042249180376529694
v 0.034562740474939346 0.07843245565891266 0.042249180376529694
v 0.030875317752361298 0.07166973501443863 0.0246841199696064
v 0.03498302400112152 0.07931521534919739 0.018883196637034416
v 0.03498302400112152 0.07931521534919739 0.018883196637034416
v 0.0367768332362175 0.08542189747095108 0.04225005954504013
v 0.034562740474939346 0.07843245565891266 0.042249180376529694
v 0.03747472167015076 0.09567022323608398 0.04223973676562309
v 0.0367768332362175 0.08542189747095108 0.04225005954504013
v 0.03719893470406532 0.08777347207069397 0.013819573447108269
v 0.023743661120533943 0.06380446255207062 0.04225308448076248
v 0.02635255455970764 0.06634829938411713 0.028678428381681442
v 0.030804945155978203 0.07153239846229553 0.0422469824552536
v 0.030804945155978203 0.07153239846229553 0.0422469824552536
v 0.02635255455970764 0.06634829938411713 0.028678428381681442
v 0.030875317752361298 0.07166973501443863 0.0246841199696064
v 0.01674727350473404 0.05941612645983696 0.03550006076693535
v 0.022613421082496643 0.06311778724193573 0.03182993456721306
v 0.023743661120533943 0.06380446255207062 0.04225308448076248
v 0.02635255455970764 0.06634829938411713 0.028678428381681442
v 0.023743661120533943 0.06380446255207062 0.04225308448076248
v 0.022613421082496643 0.06311778724193573 0.03182993456721306
v 0.01674727350473404 0.05941612645983696 0.03550006076693535
v 0.01294500008225441 0.057606544345617294 0.04224216565489769
v 0.008476793766021729 0.056438546627759933 0.03757747635245323
v 0.03498302400112152 0.07931521534919739 0.018883196637034416
v 0.030875317752361298 0.07166973501443863 0.0246841199696064
v 0.033111572265625 0.07094061374664307 0.01763427071273327
v 0.03719893470406532 0.08777347207069397 0.013819573447108269
v 0.03498302400112152 0.07931521534919739 0.018883196637034416
v 0.03630954027175903 0.07731175422668457 0.009668230079114437
v 0.008476793766021729 0.056438546627759933 0.03757747635245323
v 0.009272336959838867 0.055782437324523926 0.03635412082076073
v 0.015003740787506104 0.057706862688064575 0.03447052463889122
v 0.01674727350473404 0.05941612645983696 0.03550006076693535
v 0.008476793766021729 0.056438546627759933 0.03757747635245323
v 0.015003740787506104 0.057706862688064575 0.03447052463889122
v 0.02635255455970764 0.06634829938411713 0.028678428381681442
v 0.0232391357421875 0.06095552444458008 0.029280658811330795
v 0.02833843231201172 0.06445848941802979 0.02443217858672142
v 0.022613421082496643 0.06311778724193573 0.03182993456721306
v 0.015003740787506104 0.057706862688064575 0.03447052463889122
v 0.0191195011138916 0.05883514881134033 0.03219914063811302
v 0.022613421082496643 0.06311778724193573 0.03182993456721306
v 0.0191195011138916 0.05883514881134033 0.03219914063811302
v 0.0232391357421875 0.06095552444458008 0.029280658811330795
v 0.022613421082496643 0.06311778724193573 0.03182993456721306
v 0.0232391357421875 0.06095552444458008 0.029280658811330795
v 0.02635255455970764 0.06634829938411713 0.028678428381681442
v 0.03630954027175903 0.07731175422668457 0.009668230079114437
v 0.03475761413574219 0.04750180244445801 0.014289615675807
v 0.03708580136299133 0.04749998077750206 0.0058630695566535
v 0.03751078248023987 0.08288121223449707 0.001564442878589034
v 0.037451352924108505 0.09115877747535706 0.0005167126073502004
v 0.03719893470406532 0.08777347207069397 0.013819573447108269
v 0.03751078248023987 0.08288121223449707 0.001564442878589034
v 0.03719893470406532 0.08777347207069397 0.013819573447108269
v 0.03630954027175903 0.07731175422668457 0.009668230079114437
v 0.022613421082496643 0.06311778724193573 0.03182993456721306
v 0.01674727350473404 0.05941612645983696 0.03550006076693535
v 0.015003740787506104 0.057706862688064575 0.03447052463889122
v 0.01674727350473404 0.05941612645983696 0.03550006076693535
v 0.023743661120533943 0.06380446255207062 0.04225308448076248
v 0.01294500008225441 0.057606544345617294 0.04224216565489769
v 0.008476793766021729 0.056438546627759933 0.03757747635245323
v 0.003404967486858368 0.05557733029127121 0.038065891712903976
v 0.0030490458011627197 0.054584767669439316 0.037467390298843384
v 0.008476793766021729 0.056438546627759933 0.03757747635245323
v 0.0030490458011627197 0.054584767669439316 0.037467390298843384
v 0.009272336959838867 0.055782437324523926 0.03635412082076073
v -0.037458017468452454 0.09200556576251984 0.0014270133106037974
v -0.03680978715419769 0.1005784273147583 -0.019619343802332878
v -0.037540875375270844 0.09357431530952454 -0.022700568661093712
v -0.03680978715419769 0.1005784273147583 -0.019619343802332878
v -0.037458017468452454 0.09200556576251984 0.0014270133106037974
v -0.037472695112228394 0.09602227061986923 0.04224351793527603
v -0.037472695112228394 0.09602227061986923 0.04224351793527603
v -0.03484122455120087 0.10699592530727386 0.04213742911815643
v -0.03680978715419769 0.1005784273147583 -0.019619343802332878
v -0.03274178504943848 0.11136448383331299 -0.014872429892420769
v -0.03680978715419769 0.1005784273147583 -0.019619343802332878
v -0.03484122455120087 0.10699592530727386 0.04213742911815643
v -0.03484122455120087 0.10699592530727386 0.04213742911815643
v -0.029018091037869453 0.11706823110580444 0.042250413447618484
v -0.03274178504943848 0.11136448383331299 -0.014872429892420769
v -0.029018091037869453 0.11706823110580444 0.042250413447618484
v -0.027033209800720215 0.11907649040222168 -0.011479674838483334
v -0.03274178504943848 0.11136448383331299 -0.014872429892420769
v -0.019271638244390488 0.12521420419216156 0.042250607162714005
v -0.019206106662750244 0.12527310848236084 -0.00875356700271368
v -0.029018091037869453 0.11706823110580444 0.042250413447618484
v -0.029018091037869453 0.11706823110580444 0.042250413447618484
v -0.019206106662750244 0.12527310848236084 -0.00875356700271368
v -0.027033209800720215 0.11907649040222168 -0.011479674838483334
v -0.009983479976654053 0.12920020520687103 -0.007025345228612423
v -0.019206106662750244 0.12527310848236084 -0.00875356700271368
v -0.014912846498191357 0.1274266391992569 0.04002675786614418
v -0.014912846498191357 0.1274266391992569 0.04002675786614418
v -0.019206106662750244 0.12527310848236084 -0.00875356700271368
v -0.019271638244390488 0.12521420419216156 0.042250607162714005
v -0.014912846498191357 0.1274266391992569 0.04002675786614418
v -0.019271638244390488 0.12521420419216156 0.042250607162714005
v -0.007355456240475178 0.129843071103096 0.042233314365148544
v -0.014912846498191357 0.1274266391992569 0.04002675786614418
v -0.007355456240475178 0.129843071103096 0.042233314365148544
v -0.009983479976654053 0.12920020520687103 -0.007025345228612423
v -0.009983479976654053 0.12920020520687103 -0.007025345228612423
v -0.007355456240475178 0.129843071103096 0.042233314365148544
v -0.0006977953016757965 0.13058806955814362 -0.0064155226573348045
v -0.007355456240475178 0.129843071103096 0.042233314365148544
v 0.00597414281219244 0.13003599643707275 0.04216526448726654
v -0.0006977953016757965 0.13058806955814362 -0.0064155226573348045
v 0.012449830770492554 0.12858349084854126 -0.00729674007743597
v -0.0006977953016757965 0.13058806955814362 -0.0064155226573348045
v 0.00597414281219244 0.13003599643707275 0.04216526448726654
v 0.00597414281219244 0.13003599643707275 0.04216526448726654
v 0.011303734965622425 0.12885825335979462 0.04220585152506828
v 0.012449830770492554 0.12858349084854126 -0.00729674007743597
v 0.012449830770492554 0.12858349084854126 -0.00729674007743597
v 0.011303734965622425 0.12885825335979462 0.04220585152506828
v 0.019375596195459366 0.125148743391037 0.04225033149123192
v 0.029629837721586227 0.11641031503677368 0.04225348308682442
v 0.023955345153808594 0.12198734283447266 -0.010199307464063168
v 0.019375596195459366 0.125148743391037 0.04225033149123192
v 0.019375596195459366 0.125148743391037 0.04225033149123192
v 0.023955345153808594 0.12198734283447266 -0.010199307464063168
v 0.012449830770492554 0.12858349084854126 -0.00729674007743597
v 0.029629837721586227 0.11641031503677368 0.04225348308682442
v 0.031020641326904297 0.11424827575683594 -0.013603685423731804
v 0.023955345153808594 0.12198734283447266 -0.010199307464063168
v 0.03554034233093262 0.10513830184936523 -0.017612455412745476
v 0.031020641326904297 0.11424827575683594 -0.013603685423731804
v 0.03478831425309181 0.10707121342420578 0.03998569771647453
v 0.03478831425309181 0.10707121342420578 0.03998569771647453
v 0.031020641326904297 0.11424827575683594 -0.013603685423731804
v 0.029629837721586227 0.11641031503677368 0.04225348308682442
v 0.03478831425309181 0.10707121342420578 0.03998569771647453
v 0.029629837721586227 0.11641031503677368 0.04225348308682442
v 0.03562290593981743 0.10490024834871292 0.04224937781691551
v 0.03478831425309181 0.10707121342420578 0.03998569771647453
v 0.03562290593981743 0.10490024834871292 0.04224937781691551
v 0.03554034233093262 0.10513830184936523 -0.017612455412745476
v 0.03554034233093262 0.10513830184936523 -0.017612455412745476
v 0.03562290593981743 0.10490024834871292 0.04224937781691551
v 0.03747472167015076 0.09567022323608398 0.04223973676562309
v 0.03554034233093262 0.10513830184936523 -0.017612455412745476
v 0.03747472167015076 0.09567022323608398 0.04223973676562309
v 0.03748519718647003 0.0945279598236084 -0.02228228561580181
v 0.03748519718647003 0.0945279598236084 -0.02228228561580181
v 0.03747472167015076 0.09567022323608398 0.04223973676562309
v 0.037451352924108505 0.09115877747535706 0.0005167126073502004
v -0.003076314926147461 0.05548212677240372 0.038142044097185135
v 0.003404967486858368 0.05557733029127121 0.038065891712903976
v -0.00015258268103934824 0.055433258414268494 0.042251475155353546
v -0.00015258268103934824 0.055433258414268494 0.042251475155353546
v 0.003404967486858368 0.05557733029127121 0.038065891712903976
v 0.01294500008225441 0.057606544345617294 0.04224216565489769
v 0.01294500008225441 0.057606544345617294 0.04224216565489769
v 0.003404967486858368 0.05557733029127121 0.038065891712903976
v 0.008476793766021729 0.056438546627759933 0.03757747635245323
v -0.010485008358955383 0.05689377710223198 0.04224574938416481
v -0.003076314926147461 0.05548212677240372 0.038142044097185135
v -0.00015258268103934824 0.055433258414268494 0.042251475155353546
v 0.023955345153808594 0.12198734283447266 -0.010199307464063168
v 0.031020641326904297 0.11424827575683594 -0.013603685423731804
v -0.016449928283691406 0.05930781364440918 -0.037777867168188095
v -0.035827457904815674 0.08093619346618652 -0.028261002153158188
v 0.023955345153808594 0.12198734283447266 -0.010199307464063168
v -0.026663005352020264 0.06642270088195801 -0.03464832529425621
v -0.035827457904815674 0.08093619346618652 -0.028261002153158188
v 0.012449830770492554 0.12858349084854126 -0.00729674007743597
v 0.023955345153808594 0.12198734283447266 -0.010199307464063168
v -0.016449928283691406 0.05930781364440918 -0.037777867168188095
v -0.026663005352020264 0.06642270088195801 -0.03464832529425621
v 0.023955345153808594 0.12198734283447266 -0.010199307464063168
v -0.035827457904815674 0.08093619346618652 -0.028261002153158188
v -0.019206106662750244 0.12527310848236084 -0.00875356700271368
v -0.009983479976654053 0.12920020520687103 -0.007025345228612423
v 0.03554034233093262 0.10513830184936523 -0.017612455412745476
v 0.024706125259399414 0.06482696533203125 -0.03535019978880882
v 0.031020641326904297 0.11424827575683594 -0.013603685423731804
v 0.031020641326904297 0.11424827575683594 -0.013603685423731804
v -0.005987346172332764 0.05581488832831383 -0.03931567445397377
v -0.016449928283691406 0.05930781364440918 -0.037777867168188095
v -0.035827457904815674 0.08093619346618652 -0.028261002153158188
v -0.009983479976654053 0.12920020520687103 -0.007025345228612423
v -0.0006977953016757965 0.13058806955814362 -0.0064155226573348045
v 0.024706125259399414 0.06482696533203125 -0.03535019978880882
v 0.03554034233093262 0.10513830184936523 -0.017612455412745476
v 0.031126976013183594 0.0720287561416626 -0.03218108043074608
v 0.031020641326904297 0.11424827575683594 -0.013603685423731804
v 0.01545649766921997 0.05873143672943115 -0.03803088888525963
v 0.005076676607131958 0.055779553949832916 -0.03933112695813179
v -0.035827457904815674 0.08093619346618652 -0.028261002153158188
v -0.0006977953016757965 0.13058806955814362 -0.0064155226573348045
v 0.012449830770492554 0.12858349084854126 -0.00729674007743597
v 0.005076676607131958 0.055779553949832916 -0.03933112695813179
v -0.005987346172332764 0.05581488832831383 -0.03931567445397377
v 0.031020641326904297 0.11424827575683594 -0.013603685423731804
v -0.035827457904815674 0.08093619346618652 -0.028261002153158188
v -0.027033209800720215 0.11907649040222168 -0.011479674838483334
v -0.019206106662750244 0.12527310848236084 -0.00875356700271368
v -0.03680978715419769 0.1005784273147583 -0.019619343802332878
v -0.03274178504943848 0.11136448383331299 -0.014872429892420769
v -0.035827457904815674 0.08093619346618652 -0.028261002153158188
v -0.035827457904815674 0.08093619346618652 -0.028261002153158188
v -0.03274178504943848 0.11136448383331299 -0.014872429892420769
v -0.027033209800720215 0.11907649040222168 -0.011479674838483334
v 0.024706125259399414 0.06482696533203125 -0.03535019978880882
v 0.01545649766921997 0.05873143672943115 -0.03803088888525963
v 0.031020641326904297 0.11424827575683594 -0.013603685423731804
v 0.03554034233093262 0.10513830184936523 -0.017612455412745476
v 0.03748519718647003 0.0945279598236084 -0.02228228561580181
v 0.03677242994308472 0.08435213565826416 -0.026758965104818344
v 0.03677242994308472 0.08435213565826416 -0.026758965104818344
v 0.031126976013183594 0.0720287561416626 -0.03218108043074608
v 0.03554034233093262 0.10513830184936523 -0.017612455412745476
v -0.03680978715419769 0.1005784273147583 -0.019619343802332878
v -0.035827457904815674 0.08093619346618652 -0.028261002153158188
v -0.037540875375270844 0.09357431530952454 -0.022700568661093712
vn 0.06569311974774977 0.787493730558574 -0.6128115847050769
vn 0.06569311974774977 0.787493730558574 -0.6128115847050769
vn 0.06569311974774977 0.787493730558574 -0.6128115847050769
vn -0.03128859711502018 0.6832821830310329 -0.7294837092375127
vn -0.03128859711502018 0.6832821830310329 -0.7294837092375127
vn -0.03128859711502018 0.6832821830310329 -0.7294837092375127
vn -0.018696818566963116 0.6702384376417331 -0.7419102814242724
vn -0.018696818566963116 0.6702384376417331 -0.7419102814242724
vn -0.018696818566963116 0.6702384376417331 -0.7419102814242724
vn -0.01720888525353431 0.6645166816800198 -0.747075253262552
vn -0.01720888525353431 0.6645166816800198 -0.747075253262552
vn -0.01720888525353431 0.6645166816800198 -0.747075253262552
vn -0.02142800722745475 0.6034715061558498 -0.7970965950022935
vn -0.02142800722745475 0.6034715061558498 -0.7970965950022935
vn -0.02142800722745475 0.6034715061558498 -0.7970965950022935
vn -0.3630624620832117 -0.11478613775371752 -0.9246673949078452
vn -0.3630624620832117 -0.11478613775371752 -0.9246673949078452
vn -0.3630624620832117 -0.11478613775371752 -0.9246673949078452
vn -0.8330376216765598 -0.43610760928398573 -0.3403798965803753
vn -0.8330376216765598 -0.43610760928398573 -0.3403798965803753
vn -0.8330376216765598 -0.43610760928398573 -0.3403798965803753
vn -0.6357447399092739 -0.3914619320985081 -0.6652715095323057
vn -0.6357447399092739 -0.3914619320985081 -0.6652715095323057
vn -0.6357447399092739 -0.3914619320985081 -0.6652715095323057
vn -0.8209077794246159 -0.3501276407290066 -0.4511330766832393
vn -0.8209077794246159 -0.3501276407290066 -0.4511330766832393
vn -0.8209077794246159 -0.3501276407290066 -0.4511330766832393
vn -0.7124379380297972 -0.31446350075754614 -0.6273315639653081
vn -0.7124379380297972 -0.31446350075754614 -0.6273315639653081
vn -0.7124379380297972 -0.31446350075754614 -0.6273315639653081
vn -0.3119962004389588 -0.13015751903559575 -0.9411255979677482
vn -0.3119962004389588 -0.13015751903559575 -0.9411255979677482
vn -0.3119962004389588 -0.13015751903559575 -0.9411255979677482
vn 0.7906326278319447 -0.503071441521348 -0.3490260341768031
vn 0.7906326278319447 -0.503071441521348 -0.3490260341768031
vn 0.7906326278319447 -0.503071441521348 -0.3490260341768031
vn 0.5529367341705567 -0.3646971592610475 -0.7491708416854739
vn 0.5529367341705567 -0.3646971592610475 -0.7491708416854739
vn 0.5529367341705567 -0.3646971592610475 -0.7491708416854739
vn 0.8098962460453388 -0.44698754800031 -0.3798291755175462
vn 0.8098962460453388 -0.44698754800031 -0.3798291755175462
vn 0.8098962460453388 -0.44698754800031 -0.3798291755175462
vn 0.5612562779296362 -0.3040924605719949 -0.7697526654113259
vn 0.5612562779296362 -0.3040924605719949 -0.7697526654113259
vn 0.5612562779296362 -0.3040924605719949 -0.7697526654113259
vn 0.5352108022863656 -0.2740711343640527 -0.7990209073762627
vn 0.5352108022863656 -0.2740711343640527 -0.7990209073762627
vn 0.5352108022863656 -0.2740711343640527 -0.7990209073762627
vn 0.20690443205698203 -0.11143125908178352 -0.9719946658776613
vn 0.20690443205698203 -0.11143125908178352 -0.9719946658776613
vn 0.20690443205698203 -0.11143125908178352 -0.9719946658776613
vn 0.7205559581615872 -0.31175023188819284 -0.6193633053995812
vn 0.7205559581615872 -0.31175023188819284 -0.6193633053995812
vn 0.7205559581615872 -0.31175023188819284 -0.6193633053995812
vn 0.19182960466972926 -0.09596311189889578 -0.9767253881859197
vn 0.19182960466972926 -0.09596311189889578 -0.9767253881859197
vn 0.19182960466972926 -0.09596311189889578 -0.9767253881859197
vn 0.00021175691888900334 0.00004138394701008603 -0.9999999767231879
vn 0.00021175691888900334 0.00004138394701008603 -0.9999999767231879
vn 0.00021175691888900334 0.00004138394701008603 -0.9999999767231879
vn -0.007503657677126604 0.0027513990920665205 -0.9999680619522309
vn -0.007503657677126604 0.0027513990920665205 -0.9999680619522309
vn -0.007503657677126604 0.0027513990920665205 -0.9999680619522309
vn -0.00001903524620904318 0.00025850051987918456 -0.9999999664075698
vn -0.00001903524620904318 0.00025850051987918456 -0.9999999664075698
vn -0.00001903524620904318 0.00025850051987918456 -0.9999999664075698
vn -0.0024509660485140515 -0.00043297113824677984 -0.9999969026459146
vn -0.0024509660485140515 -0.00043297113824677984 -0.9999969026459146
vn -0.0024509660485140515 -0.00043297113824677984 -0.9999969026459146
vn 0.004804081888627074 -0.0074284395496725586 -0.9999608687759057
vn 0.004804081888627074 -0.0074284395496725586 -0.9999608687759057
vn 0.004804081888627074 -0.0074284395496725586 -0.9999608687759057
vn -0.001062914235078868 0.0014636455644306487 -0.999998363976157
vn -0.001062914235078868 0.0014636455644306487 -0.999998363976157
vn -0.001062914235078868 0.0014636455644306487 -0.999998363976157
vn -0.002387594948530209 0.0023875795817073983 -0.9999942994108031
vn -0.002387594948530209 0.0023875795817073983 -0.9999942994108031
vn -0.002387594948530209 0.0023875795817073983 -0.9999942994108031
vn -0.00023917902604177153 0.0003477343313870681 -0.9999999109371103
vn -0.00023917902604177153 0.0003477343313870681 -0.9999999109371103
vn -0.00023917902604177153 0.0003477343313870681 -0.9999999109371103
vn 0.8705975324402707 -0.390748794856229 -0.298957046793208
vn 0.8705975324402707 -0.390748794856229 -0.298957046793208
vn 0.8705975324402707 -0.390748794856229 -0.298957046793208
vn -0.017055454228701798 -0.10615346144454336 -0.9942034772139928
vn -0.017055454228701798 -0.10615346144454336 -0.9942034772139928
vn -0.017055454228701798 -0.10615346144454336 -0.9942034772139928
vn -0.025867482773839837 -0.13323310082761505 -0.9907470990009527
vn -0.025867482773839837 -0.13323310082761505 -0.9907470990009527
vn -0.025867482773839837 -0.13323310082761505 -0.9907470990009527
vn -0.43134430793124434 0.23405208096342983 -0.8712988645763311
vn -0.43134430793124434 0.23405208096342983 -0.8712988645763311
vn -0.43134430793124434 0.23405208096342983 -0.8712988645763311
vn -0.09801067372366119 0.4707685093964334 -0.8767958248058064
vn -0.09801067372366119 0.4707685093964334 -0.8767958248058064
vn -0.09801067372366119 0.4707685093964334 -0.8767958248058064
vn -0.4124081129887698 0.4862567776614654 -0.7703725686441141
vn -0.4124081129887698 0.4862567776614654 -0.7703725686441141
vn -0.4124081129887698 0.4862567776614654 -0.7703725686441141
vn -0.1909851854560572 0.5003451045216378 -0.8444995176538271
vn -0.1909851854560572 0.5003451045216378 -0.8444995176538271
vn -0.1909851854560572 0.5003451045216378 -0.8444995176538271
vn -0.259424621741882 0.5823495869922671 -0.7704335300102256
vn -0.259424621741882 0.5823495869922671 -0.7704335300102256
vn -0.259424621741882 0.5823495869922671 -0.7704335300102256
vn 0.4407378461646929 0.13818609797632198 -0.8869355970329446
vn 0.4407378461646929 0.13818609797632198 -0.8869355970329446
vn 0.4407378461646929 0.13818609797632198 -0.8869355970329446
vn 0.07820058372203977 0.4291429684977089 -0.8998449762567476
vn 0.07820058372203977 0.4291429684977089 -0.8998449762567476
vn 0.07820058372203977 0.4291429684977089 -0.8998449762567476
vn 0.1929612560680128 0.5487947332924096 -0.8133820101079
vn 0.1929612560680128 0.5487947332924096 -0.8133820101079
vn 0.1929612560680128 0.5487947332924096 -0.8133820101079
vn 0.18703182370651827 0.6140558231606825 -0.7667819396435144
vn 0.18703182370651827 0.6140558231606825 -0.7667819396435144
vn 0.18703182370651827 0.6140558231606825 -0.7667819396435144
vn 0.45675673947713974 0.372217981922496 -0.8079771375947198
vn 0.45675673947713974 0.372217981922496 -0.8079771375947198
vn 0.45675673947713974 0.372217981922496 -0.8079771375947198
vn -0.16760048470141223 0.7323039261429911 -0.6600310881188949
vn -0.16760048470141223 0.7323039261429911 -0.6600310881188949
vn -0.16760048470141223 0.7323039261429911 -0.6600310881188949
vn -0.25036492853366654 0.6919460271647369 -0.6771470283854676
vn -0.25036492853366654 0.6919460271647369 -0.6771470283854676
vn -0.25036492853366654 0.6919460271647369 -0.6771470283854676
vn -0.31574937619758947 0.7711278180253708 -0.5528690800707378
vn -0.31574937619758947 0.7711278180253708 -0.5528690800707378
vn -0.31574937619758947 0.7711278180253708 -0.5528690800707378
vn 0.16823193762543528 0.792259649159267 -0.586534452080035
vn 0.16823193762543528 0.792259649159267 -0.586534452080035
vn 0.16823193762543528 0.792259649159267 -0.586534452080035
vn 0.22353277521917064 0.7400787281169138 -0.6342843010761554
vn 0.22353277521917064 0.7400787281169138 -0.6342843010761554
vn 0.22353277521917064 0.7400787281169138 -0.6342843010761554
vn 0.279891991743917 0.5096498621607574 -0.8135831186530017
vn 0.279891991743917 0.5096498621607574 -0.8135831186530017
vn 0.279891991743917 0.5096498621607574 -0.8135831186530017
vn -0.13147814913607536 0.8716631162239631 -0.4721407715019767
vn -0.13147814913607536 0.8716631162239631 -0.4721407715019767
vn -0.13147814913607536 0.8716631162239631 -0.4721407715019767
vn -0.08111274368888242 0.8603425160101654 -0.503221102455531
vn -0.08111274368888242 0.8603425160101654 -0.503221102455531
vn -0.08111274368888242 0.8603425160101654 -0.503221102455531
vn -0.2617466096542657 0.8860744647177025 -0.38257124213633015
vn -0.2617466096542657 0.8860744647177025 -0.38257124213633015
vn -0.2617466096542657 0.8860744647177025 -0.38257124213633015
vn -0.16285349436638355 0.8953875903704929 -0.4144391419535335
vn -0.16285349436638355 0.8953875903704929 -0.4144391419535335
vn -0.16285349436638355 0.8953875903704929 -0.4144391419535335
vn 0.07989623542601622 0.8867463034404676 -0.45529944530980576
vn 0.07989623542601622 0.8867463034404676 -0.45529944530980576
vn 0.07989623542601622 0.8867463034404676 -0.45529944530980576
vn 0.011350637141932034 0.9287752378301689 -0.37046959474427216
vn 0.011350637141932034 0.9287752378301689 -0.37046959474427216
vn 0.011350637141932034 0.9287752378301689 -0.37046959474427216
vn 0.1617226441873773 0.8798059171977264 -0.4469757649145091
vn 0.1617226441873773 0.8798059171977264 -0.4469757649145091
vn 0.1617226441873773 0.8798059171977264 -0.4469757649145091
vn -0.35018474196736726 0.905508228809981 -0.23963617016356126
vn -0.35018474196736726 0.905508228809981 -0.23963617016356126
vn -0.35018474196736726 0.905508228809981 -0.23963617016356126
vn -0.07497955934390198 0.9731721976281686 -0.2175176761648459
vn -0.07497955934390198 0.9731721976281686 -0.2175176761648459
vn -0.07497955934390198 0.9731721976281686 -0.2175176761648459
vn 0.05500890625130424 0.9662281165932224 -0.2517483802087896
vn 0.05500890625130424 0.9662281165932224 -0.2517483802087896
vn 0.05500890625130424 0.9662281165932224 -0.2517483802087896
vn 0.7504953293921642 0.18894863501125636 -0.6332891708279323
vn 0.7504953293921642 0.18894863501125636 -0.6332891708279323
vn 0.7504953293921642 0.18894863501125636 -0.6332891708279323
vn 0.7236500318199542 0.24389798722768868 -0.6456348838726588
vn 0.7236500318199542 0.24389798722768868 -0.6456348838726588
vn 0.7236500318199542 0.24389798722768868 -0.6456348838726588
vn 0.7947921579298695 -0.20596161034772778 -0.570863592074457
vn 0.7947921579298695 -0.20596161034772778 -0.570863592074457
vn 0.7947921579298695 -0.20596161034772778 -0.570863592074457
vn 0.7815090388183594 -0.1717426472340717 -0.5997900344005702
vn 0.7815090388183594 -0.1717426472340717 -0.5997900344005702
vn 0.7815090388183594 -0.1717426472340717 -0.5997900344005702
vn 0.8276600963010781 -0.053417389158481876 -0.5586817945184733
vn 0.8276600963010781 -0.053417389158481876 -0.5586817945184733
vn 0.8276600963010781 -0.053417389158481876 -0.5586817945184733
vn 0.44399753588736907 0.6944487153658638 -0.5662218380216765
vn 0.44399753588736907 0.6944487153658638 -0.5662218380216765
vn 0.44399753588736907 0.6944487153658638 -0.5662218380216765
vn 0.7007593585923181 0.5123409086477333 -0.4964303724303113
vn 0.7007593585923181 0.5123409086477333 -0.4964303724303113
vn 0.7007593585923181 0.5123409086477333 -0.4964303724303113
vn 0.6621322226247244 0.5665870471850882 -0.49046920160609997
vn 0.6621322226247244 0.5665870471850882 -0.49046920160609997
vn 0.6621322226247244 0.5665870471850882 -0.49046920160609997
vn 0.3838152888335054 0.7732058173295763 -0.5048154000279258
vn 0.3838152888335054 0.7732058173295763 -0.5048154000279258
vn 0.3838152888335054 0.7732058173295763 -0.5048154000279258
vn 0.3357701572312145 0.7882476981003607 -0.5156781631525695
vn 0.3357701572312145 0.7882476981003607 -0.5156781631525695
vn 0.3357701572312145 0.7882476981003607 -0.5156781631525695
vn 0.8853492895380473 -0.26639569282803277 -0.381038016944697
vn 0.8853492895380473 -0.26639569282803277 -0.381038016944697
vn 0.8853492895380473 -0.26639569282803277 -0.381038016944697
vn 0.9164772851653906 -0.014921914216097438 -0.39980835690615935
vn 0.9164772851653906 -0.014921914216097438 -0.39980835690615935
vn 0.9164772851653906 -0.014921914216097438 -0.39980835690615935
vn 0.9198673985403344 0.09703933470656528 -0.3800359675377382
vn 0.9198673985403344 0.09703933470656528 -0.3800359675377382
vn 0.9198673985403344 0.09703933470656528 -0.3800359675377382
vn 0.6513757820616061 0.645701240964934 -0.398471451875759
vn 0.6513757820616061 0.645701240964934 -0.398471451875759
vn 0.6513757820616061 0.645701240964934 -0.398471451875759
vn 0.6195889087519995 0.6807190149267115 -0.3908084017376213
vn 0.6195889087519995 0.6807190149267115 -0.3908084017376213
vn 0.6195889087519995 0.6807190149267115 -0.3908084017376213
vn 0.28279786428899406 0.8888857686263983 -0.3604267724337925
vn 0.28279786428899406 0.8888857686263983 -0.3604267724337925
vn 0.28279786428899406 0.8888857686263983 -0.3604267724337925
vn -0.4557480830538669 -0.5390688798811801 -0.7083067326634525
vn -0.4557480830538669 -0.5390688798811801 -0.7083067326634525
vn -0.4557480830538669 -0.5390688798811801 -0.7083067326634525
vn -0.531789772220374 0.5431675834930196 -0.6497450379988723
vn -0.531789772220374 0.5431675834930196 -0.6497450379988723
vn -0.531789772220374 0.5431675834930196 -0.6497450379988723
vn -0.6616282575047779 0.09977400471744614 -0.7431643134959013
vn -0.6616282575047779 0.09977400471744614 -0.7431643134959013
vn -0.6616282575047779 0.09977400471744614 -0.7431643134959013
vn -0.7948607207546334 -0.08088207991153942 -0.601377189250314
vn -0.7948607207546334 -0.08088207991153942 -0.601377189250314
vn -0.7948607207546334 -0.08088207991153942 -0.601377189250314
vn -0.38076243055611075 -0.7080071019130297 -0.594765428650418
vn -0.38076243055611075 -0.7080071019130297 -0.594765428650418
vn -0.38076243055611075 -0.7080071019130297 -0.594765428650418
vn 0.13089233632979136 -0.6929715869758378 -0.7089834807203322
vn 0.13089233632979136 -0.6929715869758378 -0.7089834807203322
vn 0.13089233632979136 -0.6929715869758378 -0.7089834807203322
vn 0.5383271578438307 -0.6513297562022253 -0.5347648266418923
vn 0.5383271578438307 -0.6513297562022253 -0.5347648266418923
vn 0.5383271578438307 -0.6513297562022253 -0.5347648266418923
vn -0.6886936397077776 -0.5535583472715847 -0.4682672600043755
vn -0.6886936397077776 -0.5535583472715847 -0.4682672600043755
vn -0.6886936397077776 -0.5535583472715847 -0.4682672600043755
vn -0.6130293580569369 -0.636680779022317 -0.4677954593450383
vn -0.6130293580569369 -0.636680779022317 -0.4677954593450383
vn -0.6130293580569369 -0.636680779022317 -0.4677954593450383
vn -0.39186593403373177 -0.7747907542297174 -0.49612536410066393
vn -0.39186593403373177 -0.7747907542297174 -0.49612536410066393
vn -0.39186593403373177 -0.7747907542297174 -0.49612536410066393
vn -0.2483794646909203 -0.8656259031802918 -0.43474065517634347
vn -0.2483794646909203 -0.8656259031802918 -0.43474065517634347
vn -0.2483794646909203 -0.8656259031802918 -0.43474065517634347
vn -0.1432602233195792 -0.8285802467771392 -0.5412312657867794
vn -0.1432602233195792 -0.8285802467771392 -0.5412312657867794
vn -0.1432602233195792 -0.8285802467771392 -0.5412312657867794
vn -0.09738195632753344 -0.8707213352814811 -0.4820384952132525
vn -0.09738195632753344 -0.8707213352814811 -0.4820384952132525
vn -0.09738195632753344 -0.8707213352814811 -0.4820384952132525
vn -0.00022974459465757238 -0.8890555089525604 -0.45779935475983924
vn -0.00022974459465757238 -0.8890555089525604 -0.45779935475983924
vn -0.00022974459465757238 -0.8890555089525604 -0.45779935475983924
vn 0.391498419606468 -0.7118257933743515 -0.5831235095008713
vn 0.391498419606468 -0.7118257933743515 -0.5831235095008713
vn 0.391498419606468 -0.7118257933743515 -0.5831235095008713
vn -0.7013911045426737 0.48939919727062553 -0.5182074335430508
vn -0.7013911045426737 0.48939919727062553 -0.5182074335430508
vn -0.7013911045426737 0.48939919727062553 -0.5182074335430508
vn -0.831705322154014 -0.08627875794218794 -0.5484726365358995
vn -0.831705322154014 -0.08627875794218794 -0.5484726365358995
vn -0.831705322154014 -0.08627875794218794 -0.5484726365358995
vn -0.5226630494673657 0.66453068509764 -0.5340620799917694
vn -0.5226630494673657 0.66453068509764 -0.5340620799917694
vn -0.5226630494673657 0.66453068509764 -0.5340620799917694
vn -0.6903724800162838 0.39765826615035327 -0.6043622607331309
vn -0.6903724800162838 0.39765826615035327 -0.6043622607331309
vn -0.6903724800162838 0.39765826615035327 -0.6043622607331309
vn -0.7501155734053068 0.33011341094930535 -0.5730198621742906
vn -0.7501155734053068 0.33011341094930535 -0.5730198621742906
vn -0.7501155734053068 0.33011341094930535 -0.5730198621742906
vn -0.7516621654770058 0.2840245778811419 -0.5952596308753496
vn -0.7516621654770058 0.2840245778811419 -0.5952596308753496
vn -0.7516621654770058 0.2840245778811419 -0.5952596308753496
vn -0.8138512949109967 0.17988951460228952 -0.5525267706707493
vn -0.8138512949109967 0.17988951460228952 -0.5525267706707493
vn -0.8138512949109967 0.17988951460228952 -0.5525267706707493
vn -0.6096232439184986 -0.6994011890023734 -0.37309178133048343
vn -0.6096232439184986 -0.6994011890023734 -0.37309178133048343
vn -0.6096232439184986 -0.6994011890023734 -0.37309178133048343
vn -0.46251939873488007 -0.8114514797155009 -0.3572426372389628
vn -0.46251939873488007 -0.8114514797155009 -0.3572426372389628
vn -0.46251939873488007 -0.8114514797155009 -0.3572426372389628
vn 0.04376127882760369 -0.9403449762702313 -0.3373963190058702
vn 0.04376127882760369 -0.9403449762702313 -0.3373963190058702
vn 0.04376127882760369 -0.9403449762702313 -0.3373963190058702
vn 0.3821031956175734 -0.8419695295827894 -0.38089953944967514
vn 0.3821031956175734 -0.8419695295827894 -0.38089953944967514
vn 0.3821031956175734 -0.8419695295827894 -0.38089953944967514
vn 0.588079679286932 -0.6818580492406638 -0.43500792118706955
vn 0.588079679286932 -0.6818580492406638 -0.43500792118706955
vn 0.588079679286932 -0.6818580492406638 -0.43500792118706955
vn 0.7269809093468372 -0.5511703375519096 -0.4095241341461571
vn 0.7269809093468372 -0.5511703375519096 -0.4095241341461571
vn 0.7269809093468372 -0.5511703375519096 -0.4095241341461571
vn 0.9508404301924163 -0.06892932326890325 -0.30191261104033373
vn 0.9508404301924163 -0.06892932326890325 -0.30191261104033373
vn 0.9508404301924163 -0.06892932326890325 -0.30191261104033373
vn 0.9406957252862721 0.12746374610639183 -0.3143955245493487
vn 0.9406957252862721 0.12746374610639183 -0.3143955245493487
vn 0.9406957252862721 0.12746374610639183 -0.3143955245493487
vn 0.9240061722730494 0.27136200907218827 -0.269397946602444
vn 0.9240061722730494 0.27136200907218827 -0.269397946602444
vn 0.9240061722730494 0.27136200907218827 -0.269397946602444
vn 0.8601002083661266 0.35599872414155176 -0.3653663093090727
vn 0.8601002083661266 0.35599872414155176 -0.3653663093090727
vn 0.8601002083661266 0.35599872414155176 -0.3653663093090727
vn 0.8383838569685175 0.432646544610751 -0.33155614277369333
vn 0.8383838569685175 0.432646544610751 -0.33155614277369333
vn 0.8383838569685175 0.432646544610751 -0.33155614277369333
vn 0.9445098023929108 -0.22185753242291326 -0.24224051785554118
vn 0.9445098023929108 -0.22185753242291326 -0.24224051785554118
vn 0.9445098023929108 -0.22185753242291326 -0.24224051785554118
vn 0.7762770144532642 0.6086850831218285 -0.16400142199535836
vn 0.7762770144532642 0.6086850831218285 -0.16400142199535836
vn 0.7762770144532642 0.6086850831218285 -0.16400142199535836
vn 0.5921292838179875 0.7692940749517682 -0.23993652804293966
vn 0.5921292838179875 0.7692940749517682 -0.23993652804293966
vn 0.5921292838179875 0.7692940749517682 -0.23993652804293966
vn 0.49511269647785516 0.836569443867981 -0.23455273047407543
vn 0.49511269647785516 0.836569443867981 -0.23455273047407543
vn 0.49511269647785516 0.836569443867981 -0.23455273047407543
vn 0.4795579467915554 0.8410941109224631 -0.25016968689395397
vn 0.4795579467915554 0.8410941109224631 -0.25016968689395397
vn 0.4795579467915554 0.8410941109224631 -0.25016968689395397
vn 0.3442625778563839 0.9143540468048539 -0.2131664949734463
vn 0.3442625778563839 0.9143540468048539 -0.2131664949734463
vn 0.3442625778563839 0.9143540468048539 -0.2131664949734463
vn 0.30841932373814845 0.9168948731258125 -0.2533403094268718
vn 0.30841932373814845 0.9168948731258125 -0.2533403094268718
vn 0.30841932373814845 0.9168948731258125 -0.2533403094268718
vn -0.7686689426077141 -0.5473059366002218 -0.3310653537181029
vn -0.7686689426077141 -0.5473059366002218 -0.3310653537181029
vn -0.7686689426077141 -0.5473059366002218 -0.3310653537181029
vn 0.22400021723281718 -0.9208527277360203 -0.3191459799226388
vn 0.22400021723281718 -0.9208527277360203 -0.3191459799226388
vn 0.22400021723281718 -0.9208527277360203 -0.3191459799226388
vn 0.24385331445771177 -0.8886860563379615 -0.3882945458005689
vn 0.24385331445771177 -0.8886860563379615 -0.3882945458005689
vn 0.24385331445771177 -0.8886860563379615 -0.3882945458005689
vn 0.6765173751950219 -0.6474847272492 -0.35083866525550905
vn 0.6765173751950219 -0.6474847272492 -0.35083866525550905
vn 0.6765173751950219 -0.6474847272492 -0.35083866525550905
vn -0.7515735012179889 0.5875413403749097 -0.29988738822662775
vn -0.7515735012179889 0.5875413403749097 -0.29988738822662775
vn -0.7515735012179889 0.5875413403749097 -0.29988738822662775
vn -0.7662998272661076 0.5421218159138049 -0.3448021337553644
vn -0.7662998272661076 0.5421218159138049 -0.3448021337553644
vn -0.7662998272661076 0.5421218159138049 -0.3448021337553644
vn -0.9490643308581519 0.04811145076316859 -0.3113875145188574
vn -0.9490643308581519 0.04811145076316859 -0.3113875145188574
vn -0.9490643308581519 0.04811145076316859 -0.3113875145188574
vn -0.9630584317242764 -0.08693050770501627 -0.2548755459335506
vn -0.9630584317242764 -0.08693050770501627 -0.2548755459335506
vn -0.9630584317242764 -0.08693050770501627 -0.2548755459335506
vn -0.898333435265724 -0.25892925405861505 -0.3548981268988785
vn -0.898333435265724 -0.25892925405861505 -0.3548981268988785
vn -0.898333435265724 -0.25892925405861505 -0.3548981268988785
vn 0.4132498908923954 -0.86241623036438 -0.29234016706829086
vn 0.4132498908923954 -0.86241623036438 -0.29234016706829086
vn 0.4132498908923954 -0.86241623036438 -0.29234016706829086
vn 0.5566109517122471 -0.7937265774646053 -0.24532095030859155
vn 0.5566109517122471 -0.7937265774646053 -0.24532095030859155
vn 0.5566109517122471 -0.7937265774646053 -0.24532095030859155
vn 0.8495779644188366 0.4492827957548794 -0.27633720671061546
vn 0.8495779644188366 0.4492827957548794 -0.27633720671061546
vn 0.8495779644188366 0.4492827957548794 -0.27633720671061546
vn -0.8812031196684157 0.4177517317079654 -0.22127935407906443
vn -0.8812031196684157 0.4177517317079654 -0.22127935407906443
vn -0.8812031196684157 0.4177517317079654 -0.22127935407906443
vn -0.8896172177282065 0.3675830716221994 -0.27104223172471414
vn -0.8896172177282065 0.3675830716221994 -0.27104223172471414
vn -0.8896172177282065 0.3675830716221994 -0.27104223172471414
vn -0.9382959213762836 0.25624621475800036 -0.23224694045525685
vn -0.9382959213762836 0.25624621475800036 -0.23224694045525685
vn -0.9382959213762836 0.25624621475800036 -0.23224694045525685
vn -0.5009714876452395 0.7599112859191346 -0.4142009247928392
vn -0.5009714876452395 0.7599112859191346 -0.4142009247928392
vn -0.5009714876452395 0.7599112859191346 -0.4142009247928392
vn -0.5385427941281558 0.719959360897934 -0.4377558423917116
vn -0.5385427941281558 0.719959360897934 -0.4377558423917116
vn -0.5385427941281558 0.719959360897934 -0.4377558423917116
vn -0.622742465770821 0.6998652126399907 -0.3498292518673337
vn -0.622742465770821 0.6998652126399907 -0.3498292518673337
vn -0.622742465770821 0.6998652126399907 -0.3498292518673337
vn -0.8959214756768811 0.13905668366416496 -0.42188617913992393
vn -0.8959214756768811 0.13905668366416496 -0.42188617913992393
vn -0.8959214756768811 0.13905668366416496 -0.42188617913992393
vn -0.9140039122451536 0.09473673291679251 -0.3944892898885924
vn -0.9140039122451536 0.09473673291679251 -0.3944892898885924
vn -0.9140039122451536 0.09473673291679251 -0.3944892898885924
vn -0.9008655931974113 -0.14848480768973937 -0.4079135262263527
vn -0.9008655931974113 -0.14848480768973937 -0.4079135262263527
vn -0.9008655931974113 -0.14848480768973937 -0.4079135262263527
vn 0.5316367262703224 -0.08236818191192502 -0.8429578126389828
vn 0.5316367262703224 -0.08236818191192502 -0.8429578126389828
vn 0.5316367262703224 -0.08236818191192502 -0.8429578126389828
vn 0.6346549300810682 0.04890133370426795 -0.7712468990444878
vn 0.6346549300810682 0.04890133370426795 -0.7712468990444878
vn 0.6346549300810682 0.04890133370426795 -0.7712468990444878
vn 0.1077333690567303 -0.21191777324937267 -0.9713312403977924
vn 0.1077333690567303 -0.21191777324937267 -0.9713312403977924
vn 0.1077333690567303 -0.21191777324937267 -0.9713312403977924
vn 0.4963847062654722 -0.08933644673239445 -0.863493614725072
vn 0.4963847062654722 -0.08933644673239445 -0.863493614725072
vn 0.4963847062654722 -0.08933644673239445 -0.863493614725072
vn 0.3610765105363335 -0.061294631280789706 -0.9305195977060648
vn 0.3610765105363335 -0.061294631280789706 -0.9305195977060648
vn 0.3610765105363335 -0.061294631280789706 -0.9305195977060648
vn 0.19473757848376053 0.04586939397911749 -0.9797822585770115
vn 0.19473757848376053 0.04586939397911749 -0.9797822585770115
vn 0.19473757848376053 0.04586939397911749 -0.9797822585770115
vn 0.08882598690647177 0.15048894475427055 -0.9846131329394493
vn 0.08882598690647177 0.15048894475427055 -0.9846131329394493
vn 0.08882598690647177 0.15048894475427055 -0.9846131329394493
vn -0.046075251194319766 0.19099190931035975 -0.9805096439124726
vn -0.046075251194319766 0.19099190931035975 -0.9805096439124726
vn -0.046075251194319766 0.19099190931035975 -0.9805096439124726
vn -0.10894829312722576 0.07904603533920426 -0.9908995881126489
vn -0.10894829312722576 0.07904603533920426 -0.9908995881126489
vn -0.10894829312722576 0.07904603533920426 -0.9908995881126489
vn -0.20042233071093152 -0.2156203676649416 -0.9556875778205101
vn -0.20042233071093152 -0.2156203676649416 -0.9556875778205101
vn -0.20042233071093152 -0.2156203676649416 -0.9556875778205101
vn 0.079307056537586 -0.27162843796784986 -0.9591289707179582
vn 0.079307056537586 -0.27162843796784986 -0.9591289707179582
vn 0.079307056537586 -0.27162843796784986 -0.9591289707179582
vn 0.14639147908010341 -0.2540971302627996 -0.9560356600278828
vn 0.14639147908010341 -0.2540971302627996 -0.9560356600278828
vn 0.14639147908010341 -0.2540971302627996 -0.9560356600278828
vn 0.26712667749293945 -0.25959399155219187 -0.9280378751546638
vn 0.26712667749293945 -0.25959399155219187 -0.9280378751546638
vn 0.26712667749293945 -0.25959399155219187 -0.9280378751546638
vn -0.3541457952828941 -0.25672438753489185 -0.8992626671491935
vn -0.3541457952828941 -0.25672438753489185 -0.8992626671491935
vn -0.3541457952828941 -0.25672438753489185 -0.8992626671491935
vn -0.2175543904674827 -0.33390685921630747 -0.9171566368710544
vn -0.2175543904674827 -0.33390685921630747 -0.9171566368710544
vn -0.2175543904674827 -0.33390685921630747 -0.9171566368710544
vn -0.1903450775435946 -0.35513180277297135 -0.9152322951656274
vn -0.1903450775435946 -0.35513180277297135 -0.9152322951656274
vn -0.1903450775435946 -0.35513180277297135 -0.9152322951656274
vn -0.05203526547768289 -0.5065095503189058 -0.8606627716953994
vn -0.05203526547768289 -0.5065095503189058 -0.8606627716953994
vn -0.05203526547768289 -0.5065095503189058 -0.8606627716953994
vn 0.25465637047254047 -0.4625208901562077 -0.8492494092708347
vn 0.25465637047254047 -0.4625208901562077 -0.8492494092708347
vn 0.25465637047254047 -0.4625208901562077 -0.8492494092708347
vn -0.44577458441750045 -0.34350797488437973 -0.8266119349962454
vn -0.44577458441750045 -0.34350797488437973 -0.8266119349962454
vn -0.44577458441750045 -0.34350797488437973 -0.8266119349962454
vn -0.2033090271526796 -0.5219516101930158 -0.8283911854282063
vn -0.2033090271526796 -0.5219516101930158 -0.8283911854282063
vn -0.2033090271526796 -0.5219516101930158 -0.8283911854282063
vn -0.11958907026004222 -0.5990526193565897 -0.7917287499619726
vn -0.11958907026004222 -0.5990526193565897 -0.7917287499619726
vn -0.11958907026004222 -0.5990526193565897 -0.7917287499619726
vn 0.08417373169993382 -0.5733720077382332 -0.8149597067548402
vn 0.08417373169993382 -0.5733720077382332 -0.8149597067548402
vn 0.08417373169993382 -0.5733720077382332 -0.8149597067548402
vn 0.26930921447511985 -0.5603017039877778 -0.7832844614232983
vn 0.26930921447511985 -0.5603017039877778 -0.7832844614232983
vn 0.26930921447511985 -0.5603017039877778 -0.7832844614232983
vn 0.41794504941287375 -0.4071969612521081 -0.812103792885072
vn 0.41794504941287375 -0.4071969612521081 -0.812103792885072
vn 0.41794504941287375 -0.4071969612521081 -0.812103792885072
vn 0.4447136840400009 -0.4211941679375299 -0.7904588617524521
vn 0.4447136840400009 -0.4211941679375299 -0.7904588617524521
vn 0.4447136840400009 -0.4211941679375299 -0.7904588617524521
vn -0.6353870010824753 -0.15110126082102415 -0.7572659822240236
vn -0.6353870010824753 -0.15110126082102415 -0.7572659822240236
vn -0.6353870010824753 -0.15110126082102415 -0.7572659822240236
vn -0.5547352934185542 0.1921597984285107 -0.8095328073053896
vn -0.5547352934185542 0.1921597984285107 -0.8095328073053896
vn -0.5547352934185542 0.1921597984285107 -0.8095328073053896
vn -0.5975467680149179 0.10517094491055089 -0.7949068702568547
vn -0.5975467680149179 0.10517094491055089 -0.7949068702568547
vn -0.5975467680149179 0.10517094491055089 -0.7949068702568547
vn -0.46743927009848374 0.03500539109635075 -0.8833318466827674
vn -0.46743927009848374 0.03500539109635075 -0.8833318466827674
vn -0.46743927009848374 0.03500539109635075 -0.8833318466827674
vn -0.41113127079356354 0.22700590337759075 -0.882858651204933
vn -0.41113127079356354 0.22700590337759075 -0.882858651204933
vn -0.41113127079356354 0.22700590337759075 -0.882858651204933
vn -0.2407743361116254 0.25816646500791224 -0.9356162650442352
vn -0.2407743361116254 0.25816646500791224 -0.9356162650442352
vn -0.2407743361116254 0.25816646500791224 -0.9356162650442352
vn 0.2999402571103966 0.11414168731160869 -0.9471048080240161
vn 0.2999402571103966 0.11414168731160869 -0.9471048080240161
vn 0.2999402571103966 0.11414168731160869 -0.9471048080240161
vn 0.2722979138185291 0.23813578051094997 -0.9322795697485372
vn 0.2722979138185291 0.23813578051094997 -0.9322795697485372
vn 0.2722979138185291 0.23813578051094997 -0.9322795697485372
vn 0.20491386558191393 0.23391906469808466 -0.9504168447913003
vn 0.20491386558191393 0.23391906469808466 -0.9504168447913003
vn 0.20491386558191393 0.23391906469808466 -0.9504168447913003
vn 0.05397985857722194 0.352175622011671 -0.9343759982623033
vn 0.05397985857722194 0.352175622011671 -0.9343759982623033
vn 0.05397985857722194 0.352175622011671 -0.9343759982623033
vn -0.029704806825698347 0.2919242630886172 -0.9559800463773374
vn -0.029704806825698347 0.2919242630886172 -0.9559800463773374
vn -0.029704806825698347 0.2919242630886172 -0.9559800463773374
vn -0.17086456470776226 0.27387022578952874 -0.9464673264055233
vn -0.17086456470776226 0.27387022578952874 -0.9464673264055233
vn -0.17086456470776226 0.27387022578952874 -0.9464673264055233
vn -0.21595209963514062 0.24687335039808947 -0.9446789081621312
vn -0.21595209963514062 0.24687335039808947 -0.9446789081621312
vn -0.21595209963514062 0.24687335039808947 -0.9446789081621312
vn -0.2791190409392477 0.11558347046183613 -0.9532748933760673
vn -0.2791190409392477 0.11558347046183613 -0.9532748933760673
vn -0.2791190409392477 0.11558347046183613 -0.9532748933760673
vn -0.31781110574910176 0.029286394271171953 -0.9477016451252613
vn -0.31781110574910176 0.029286394271171953 -0.9477016451252613
vn -0.31781110574910176 0.029286394271171953 -0.9477016451252613
vn -0.2906437226784753 0.016462367076683866 -0.9566897182147566
vn -0.2906437226784753 0.016462367076683866 -0.9566897182147566
vn -0.2906437226784753 0.016462367076683866 -0.9566897182147566
vn -0.4546700789507769 -0.5367573586436564 -0.7107507701359034
vn -0.4546700789507769 -0.5367573586436564 -0.7107507701359034
vn -0.4546700789507769 -0.5367573586436564 -0.7107507701359034
vn 0.12948851202678532 -0.6613678888936002 -0.7387998651823859
vn 0.12948851202678532 -0.6613678888936002 -0.7387998651823859
vn 0.12948851202678532 -0.6613678888936002 -0.7387998651823859
vn 0.6504064702402278 0.05133588536345085 -0.757849622513331
vn 0.6504064702402278 0.05133588536345085 -0.757849622513331
vn 0.6504064702402278 0.05133588536345085 -0.757849622513331
vn 0.6159495875554276 0.27586779733907985 -0.737904508714768
vn 0.6159495875554276 0.27586779733907985 -0.737904508714768
vn 0.6159495875554276 0.27586779733907985 -0.737904508714768
vn 0.5833819656528624 0.3396674182741681 -0.737761158583158
vn 0.5833819656528624 0.3396674182741681 -0.737761158583158
vn 0.5833819656528624 0.3396674182741681 -0.737761158583158
vn 0.45442170456535136 0.4988685012839081 -0.7379912823649531
vn 0.45442170456535136 0.4988685012839081 -0.7379912823649531
vn 0.45442170456535136 0.4988685012839081 -0.7379912823649531
vn 0.38890602952618236 0.5500970449998894 -0.7390164688831837
vn 0.38890602952618236 0.5500970449998894 -0.7390164688831837
vn 0.38890602952618236 0.5500970449998894 -0.7390164688831837
vn 0.13642773256228768 0.9842701119887874 -0.11224892174757337
vn 0.13642773256228768 0.9842701119887874 -0.11224892174757337
vn 0.13642773256228768 0.9842701119887874 -0.11224892174757337
vn -0.6193360212327795 -0.1445298521395528 -0.7717085036748457
vn -0.6193360212327795 -0.1445298521395528 -0.7717085036748457
vn -0.6193360212327795 -0.1445298521395528 -0.7717085036748457
vn -0.548969092792967 0.3759804685274388 -0.746506277565001
vn -0.548969092792967 0.3759804685274388 -0.746506277565001
vn -0.548969092792967 0.3759804685274388 -0.746506277565001
vn -0.4947264805593475 0.5013002768516347 -0.709889950528838
vn -0.4947264805593475 0.5013002768516347 -0.709889950528838
vn -0.4947264805593475 0.5013002768516347 -0.709889950528838
vn -0.3122752936602892 0.573466008764563 -0.7573776322027355
vn -0.3122752936602892 0.573466008764563 -0.7573776322027355
vn -0.3122752936602892 0.573466008764563 -0.7573776322027355
vn -0.4646275600374833 0.8498368191619736 -0.24879431514862602
vn -0.4646275600374833 0.8498368191619736 -0.24879431514862602
vn -0.4646275600374833 0.8498368191619736 -0.24879431514862602
vn -0.9983585346550093 0.05595056267060803 -0.012238088835462893
vn -0.9983585346550093 0.05595056267060803 -0.012238088835462893
vn -0.9983585346550093 0.05595056267060803 -0.012238088835462893
vn -0.9769635828835047 0.21340078185991046 -0.001504666409771467
vn -0.9769635828835047 0.21340078185991046 -0.001504666409771467
vn -0.9769635828835047 0.21340078185991046 -0.001504666409771467
vn -0.9792899334805257 0.20234805026094585 -0.006818558447453886
vn -0.9792899334805257 0.20234805026094585 -0.006818558447453886
vn -0.9792899334805257 0.20234805026094585 -0.006818558447453886
vn -0.9090948755547199 0.4165220583678952 -0.007475435313065974
vn -0.9090948755547199 0.4165220583678952 -0.007475435313065974
vn -0.9090948755547199 0.4165220583678952 -0.007475435313065974
vn -0.9081558254402584 0.41858108074298195 -0.006547943414540275
vn -0.9081558254402584 0.41858108074298195 -0.006547943414540275
vn -0.9081558254402584 0.41858108074298195 -0.006547943414540275
vn -0.8269469201269602 0.5622799436842171 0.00023711391429045268
vn -0.8269469201269602 0.5622799436842171 0.00023711391429045268
vn -0.8269469201269602 0.5622799436842171 0.00023711391429045268
vn -0.7381642047655068 0.6746159363034485 -0.0026353914943578662
vn -0.7381642047655068 0.6746159363034485 -0.0026353914943578662
vn -0.7381642047655068 0.6746159363034485 -0.0026353914943578662
vn -0.7827501292485941 0.6222234960784743 -0.011838753700884042
vn -0.7827501292485941 0.6222234960784743 -0.011838753700884042
vn -0.7827501292485941 0.6222234960784743 -0.011838753700884042
vn -0.6815472166423315 0.7316993390369232 -0.010462731002011899
vn -0.6815472166423315 0.7316993390369232 -0.010462731002011899
vn -0.6815472166423315 0.7316993390369232 -0.010462731002011899
vn -0.5456346278253167 0.8379586346415983 -0.01040093974199875
vn -0.5456346278253167 0.8379586346415983 -0.01040093974199875
vn -0.5456346278253167 0.8379586346415983 -0.01040093974199875
vn -0.6078274290349934 0.7940690570099043 0.00038627983559974164
vn -0.6078274290349934 0.7940690570099043 0.00038627983559974164
vn -0.6078274290349934 0.7940690570099043 0.00038627983559974164
vn -0.4565280472053188 0.889700013873531 0.004003427073999604
vn -0.4565280472053188 0.889700013873531 0.004003427073999604
vn -0.4565280472053188 0.889700013873531 0.004003427073999604
vn -0.30558120486849427 0.9521264806341035 -0.008677102421625378
vn -0.30558120486849427 0.9521264806341035 -0.008677102421625378
vn -0.30558120486849427 0.9521264806341035 -0.008677102421625378
vn -0.3127151383121609 0.9498262264062743 -0.006275500077507986
vn -0.3127151383121609 0.9498262264062743 -0.006275500077507986
vn -0.3127151383121609 0.9498262264062743 -0.006275500077507986
vn -0.13973363125261334 0.9901473196403281 -0.009099324482198554
vn -0.13973363125261334 0.9901473196403281 -0.009099324482198554
vn -0.13973363125261334 0.9901473196403281 -0.009099324482198554
vn -0.1124922538901493 0.9936513726182062 -0.0015628527342504146
vn -0.1124922538901493 0.9936513726182062 -0.0015628527342504146
vn -0.1124922538901493 0.9936513726182062 -0.0015628527342504146
vn 0.0435615899390708 0.9990433080070459 0.0038544271064940017
vn 0.0435615899390708 0.9990433080070459 0.0038544271064940017
vn 0.0435615899390708 0.9990433080070459 0.0038544271064940017
vn 0.14230328412342982 0.9897426098370739 -0.012623058289657037
vn 0.14230328412342982 0.9897426098370739 -0.012623058289657037
vn 0.14230328412342982 0.9897426098370739 -0.012623058289657037
vn 0.1798052462054629 0.9836897698477818 -0.0049507710319922965
vn 0.1798052462054629 0.9836897698477818 -0.0049507710319922965
vn 0.1798052462054629 0.9836897698477818 -0.0049507710319922965
vn 0.37396169114833716 0.9274325471485442 -0.004639401150948661
vn 0.37396169114833716 0.9274325471485442 -0.004639401150948661
vn 0.37396169114833716 0.9274325471485442 -0.004639401150948661
vn 0.35222643246761026 0.9359140894633239 0.0011650816183196315
vn 0.35222643246761026 0.9359140894633239 0.0011650816183196315
vn 0.35222643246761026 0.9359140894633239 0.0011650816183196315
vn 0.5089057676615518 0.8608210074425096 -0.0014535427305402801
vn 0.5089057676615518 0.8608210074425096 -0.0014535427305402801
vn 0.5089057676615518 0.8608210074425096 -0.0014535427305402801
vn 0.5166822659728836 0.8561694601887683 -0.0036457467272747505
vn 0.5166822659728836 0.8561694601887683 -0.0036457467272747505
vn 0.5166822659728836 0.8561694601887683 -0.0036457467272747505
vn 0.6764549764760301 0.7364831732039154 -0.0010956223368576263
vn 0.6764549764760301 0.7364831732039154 -0.0010956223368576263
vn 0.6764549764760301 0.7364831732039154 -0.0010956223368576263
vn 0.6592276602784365 0.7519176500158544 -0.006224107843972373
vn 0.6592276602784365 0.7519176500158544 -0.006224107843972373
vn 0.6592276602784365 0.7519176500158544 -0.006224107843972373
vn 0.7834709511824626 0.621427911495698 0.0007870624766540596
vn 0.7834709511824626 0.621427911495698 0.0007870624766540596
vn 0.7834709511824626 0.621427911495698 0.0007870624766540596
vn 0.8048147547680186 0.5933992258186378 -0.012270668504011612
vn 0.8048147547680186 0.5933992258186378 -0.012270668504011612
vn 0.8048147547680186 0.5933992258186378 -0.012270668504011612
vn 0.9110384575008159 0.4123041327937052 -0.0037724045070226648
vn 0.9110384575008159 0.4123041327937052 -0.0037724045070226648
vn 0.9110384575008159 0.4123041327937052 -0.0037724045070226648
vn 0.9644599178215228 0.26405972837407704 -0.00946185852302614
vn 0.9644599178215228 0.26405972837407704 -0.00946185852302614
vn 0.9644599178215228 0.26405972837407704 -0.00946185852302614
vn 0.9096997549278402 0.4152594881918794 -0.0024317382355344887
vn 0.9096997549278402 0.4152594881918794 -0.0024317382355344887
vn 0.9096997549278402 0.4152594881918794 -0.0024317382355344887
vn 0.97595911604012 0.2179368422623744 0.0027086164166223088
vn 0.97595911604012 0.2179368422623744 0.0027086164166223088
vn 0.97595911604012 0.2179368422623744 0.0027086164166223088
vn 0.9971495482569604 0.07360777415249836 -0.0165732916240181
vn 0.9971495482569604 0.07360777415249836 -0.0165732916240181
vn 0.9971495482569604 0.07360777415249836 -0.0165732916240181
vn 0.9999778976715237 -0.006631811222334975 0.000472491641368835
vn 0.9999778976715237 -0.006631811222334975 0.000472491641368835
vn 0.9999778976715237 -0.006631811222334975 0.000472491641368835
vn 0.9978668685878409 -0.06399450448666981 -0.012900231401116246
vn 0.9978668685878409 -0.06399450448666981 -0.012900231401116246
vn 0.9978668685878409 -0.06399450448666981 -0.012900231401116246
vn 0.9799913723456659 -0.19893285549832856 0.006529098815281451
vn 0.9799913723456659 -0.19893285549832856 0.006529098815281451
vn 0.9799913723456659 -0.19893285549832856 0.006529098815281451
vn 0.9614251457662191 -0.27420127966992847 -0.021802461232118125
vn 0.9614251457662191 -0.27420127966992847 -0.021802461232118125
vn 0.9614251457662191 -0.27420127966992847 -0.021802461232118125
vn 0.9260851675878622 -0.3773092005013249 -0.0020073840719473292
vn 0.9260851675878622 -0.3773092005013249 -0.0020073840719473292
vn 0.9260851675878622 -0.3773092005013249 -0.0020073840719473292
vn 0.9025828304542796 -0.4299758106318319 -0.021564703583412927
vn 0.9025828304542796 -0.4299758106318319 -0.021564703583412927
vn 0.9025828304542796 -0.4299758106318319 -0.021564703583412927
vn 0.826383771863234 -0.5627709047115844 -0.01946202484839819
vn 0.826383771863234 -0.5627709047115844 -0.01946202484839819
vn 0.826383771863234 -0.5627709047115844 -0.01946202484839819
vn 0.8447877683746464 -0.5350941964370212 -0.0027977390878018166
vn 0.8447877683746464 -0.5350941964370212 -0.0027977390878018166
vn 0.8447877683746464 -0.5350941964370212 -0.0027977390878018166
vn 0.734752773147305 -0.6783348907886245 -0.00037187515353499757
vn 0.734752773147305 -0.6783348907886245 -0.00037187515353499757
vn 0.734752773147305 -0.6783348907886245 -0.00037187515353499757
vn 0.6998835795520387 -0.7135449045171129 -0.031884860217497694
vn 0.6998835795520387 -0.7135449045171129 -0.031884860217497694
vn 0.6998835795520387 -0.7135449045171129 -0.031884860217497694
vn 0.6098832977356187 -0.7924697260430328 -0.005839216420666359
vn 0.6098832977356187 -0.7924697260430328 -0.005839216420666359
vn 0.6098832977356187 -0.7924697260430328 -0.005839216420666359
vn 0.5802506288365057 -0.8139147274576262 -0.029189452931117413
vn 0.5802506288365057 -0.8139147274576262 -0.029189452931117413
vn 0.5802506288365057 -0.8139147274576262 -0.029189452931117413
vn 0.47521313416624766 -0.8798653370762924 0.003076642246649627
vn 0.47521313416624766 -0.8798653370762924 0.003076642246649627
vn 0.47521313416624766 -0.8798653370762924 0.003076642246649627
vn 0.3997223587174434 -0.9151163495601997 -0.05276459711755321
vn 0.3997223587174434 -0.9151163495601997 -0.05276459711755321
vn 0.3997223587174434 -0.9151163495601997 -0.05276459711755321
vn 0.30284872131548124 -0.9530386165198693 -0.0002177601235348111
vn 0.30284872131548124 -0.9530386165198693 -0.0002177601235348111
vn 0.30284872131548124 -0.9530386165198693 -0.0002177601235348111
vn 0.02642738433535878 -0.9983310650136729 -0.05134859283229794
vn 0.02642738433535878 -0.9983310650136729 -0.05134859283229794
vn 0.02642738433535878 -0.9983310650136729 -0.05134859283229794
vn 0.11005945038860925 -0.9939247026769334 -0.0007763946975808176
vn 0.11005945038860925 -0.9939247026769334 -0.0007763946975808176
vn 0.11005945038860925 -0.9939247026769334 -0.0007763946975808176
vn 0.23020087769252903 -0.9711694368890372 -0.061947403191899245
vn 0.23020087769252903 -0.9711694368890372 -0.061947403191899245
vn 0.23020087769252903 -0.9711694368890372 -0.061947403191899245
vn -0.39959516528176797 -0.9165367944093222 -0.016852548095772996
vn -0.39959516528176797 -0.9165367944093222 -0.016852548095772996
vn -0.39959516528176797 -0.9165367944093222 -0.016852548095772996
vn -0.3008703057818462 -0.953473707588719 -0.01910361315983534
vn -0.3008703057818462 -0.953473707588719 -0.01910361315983534
vn -0.3008703057818462 -0.953473707588719 -0.01910361315983534
vn -0.2562759836605682 -0.9650868252576154 -0.05412984309034198
vn -0.2562759836605682 -0.9650868252576154 -0.05412984309034198
vn -0.2562759836605682 -0.9650868252576154 -0.05412984309034198
vn -0.1553766541171005 -0.9877268435097128 -0.01593041009247045
vn -0.1553766541171005 -0.9877268435097128 -0.01593041009247045
vn -0.1553766541171005 -0.9877268435097128 -0.01593041009247045
vn -0.11319531270214145 -0.9928893841114959 -0.03684415965874214
vn -0.11319531270214145 -0.9928893841114959 -0.03684415965874214
vn -0.11319531270214145 -0.9928893841114959 -0.03684415965874214
vn -0.04766563209424948 -0.9987503641707879 -0.01502323486383777
vn -0.04766563209424948 -0.9987503641707879 -0.01502323486383777
vn -0.04766563209424948 -0.9987503641707879 -0.01502323486383777
vn -0.463332983943253 -0.8845565377710333 -0.05368684640360157
vn -0.463332983943253 -0.8845565377710333 -0.05368684640360157
vn -0.463332983943253 -0.8845565377710333 -0.05368684640360157
vn -0.5136194193678808 -0.857968264857434 -0.009249245684090678
vn -0.5136194193678808 -0.857968264857434 -0.009249245684090678
vn -0.5136194193678808 -0.857968264857434 -0.009249245684090678
vn -0.6142586024854341 -0.7890893415201043 -0.004937648429113095
vn -0.6142586024854341 -0.7890893415201043 -0.004937648429113095
vn -0.6142586024854341 -0.7890893415201043 -0.004937648429113095
vn -0.6576232126440887 -0.7524395966379472 -0.036964355844392914
vn -0.6576232126440887 -0.7524395966379472 -0.036964355844392914
vn -0.6576232126440887 -0.7524395966379472 -0.036964355844392914
vn -0.7235435784057239 -0.6902313771793128 -0.008083075218587409
vn -0.7235435784057239 -0.6902313771793128 -0.008083075218587409
vn -0.7235435784057239 -0.6902313771793128 -0.008083075218587409
vn -0.7806535956549767 -0.6242439148655998 -0.029991637905022843
vn -0.7806535956549767 -0.6242439148655998 -0.029991637905022843
vn -0.7806535956549767 -0.6242439148655998 -0.029991637905022843
vn -0.8162451833732783 -0.5776831998443158 -0.005091290362519838
vn -0.8162451833732783 -0.5776831998443158 -0.005091290362519838
vn -0.8162451833732783 -0.5776831998443158 -0.005091290362519838
vn -0.8839765323007706 -0.4671694706067851 -0.018389564281976647
vn -0.8839765323007706 -0.4671694706067851 -0.018389564281976647
vn -0.8839765323007706 -0.4671694706067851 -0.018389564281976647
vn -0.8997013200383699 -0.43648655326447844 -0.004125959344253654
vn -0.8997013200383699 -0.43648655326447844 -0.004125959344253654
vn -0.8997013200383699 -0.43648655326447844 -0.004125959344253654
vn -0.9405472327237466 -0.3385330754145108 -0.027681399279942218
vn -0.9405472327237466 -0.3385330754145108 -0.027681399279942218
vn -0.9405472327237466 -0.3385330754145108 -0.027681399279942218
vn -0.9755776082436657 -0.21954504001860414 0.00695022998168788
vn -0.9755776082436657 -0.21954504001860414 0.00695022998168788
vn -0.9755776082436657 -0.21954504001860414 0.00695022998168788
vn -0.9916919106543358 -0.12743282617208224 -0.017550759429395043
vn -0.9916919106543358 -0.12743282617208224 -0.017550759429395043
vn -0.9916919106543358 -0.12743282617208224 -0.017550759429395043
vn -0.9997286787672673 -0.02226040696606815 0.006858799600457627
vn -0.9997286787672673 -0.02226040696606815 0.006858799600457627
vn -0.9997286787672673 -0.02226040696606815 0.006858799600457627
vn -0.03521225895336539 -0.6646549553276575 0.7463202309851922
vn -0.03521225895336539 -0.6646549553276575 0.7463202309851922
vn -0.03521225895336539 -0.6646549553276575 0.7463202309851922
vn -0.14282858280152275 0.36607861284128573 -0.9195577443288205
vn -0.14282858280152275 0.36607861284128573 -0.9195577443288205
vn -0.14282858280152275 0.36607861284128573 -0.9195577443288205
vn -0.2971092217384476 0.3857944378360254 -0.8734350359888016
vn -0.2971092217384476 0.3857944378360254 -0.8734350359888016
vn -0.2971092217384476 0.3857944378360254 -0.8734350359888016
vn -0.18267945666182786 0.24537616593292777 -0.9520602676857152
vn -0.18267945666182786 0.24537616593292777 -0.9520602676857152
vn -0.18267945666182786 0.24537616593292777 -0.9520602676857152
vn -0.07750634160878288 0.4456861051833615 -0.8918277090654384
vn -0.07750634160878288 0.4456861051833615 -0.8918277090654384
vn -0.07750634160878288 0.4456861051833615 -0.8918277090654384
vn -0.11254575857196175 0.48376929797017765 -0.8679289824455128
vn -0.11254575857196175 0.48376929797017765 -0.8679289824455128
vn -0.11254575857196175 0.48376929797017765 -0.8679289824455128
vn -0.027006646791826044 0.4652590781551406 -0.8847624716404342
vn -0.027006646791826044 0.4652590781551406 -0.8847624716404342
vn -0.027006646791826044 0.4652590781551406 -0.8847624716404342
vn 0.11149709160059906 0.4215410141965649 -0.8999286482353692
vn 0.11149709160059906 0.4215410141965649 -0.8999286482353692
vn 0.11149709160059906 0.4215410141965649 -0.8999286482353692
vn 0.001493952702240174 0.4372900424951416 -0.8993192908194068
vn 0.001493952702240174 0.4372900424951416 -0.8993192908194068
vn 0.001493952702240174 0.4372900424951416 -0.8993192908194068
vn 0.011657658170396863 0.281500342824051 -0.9594903105273779
vn 0.011657658170396863 0.281500342824051 -0.9594903105273779
vn 0.011657658170396863 0.281500342824051 -0.9594903105273779
vn 0.11810509549947554 0.0789726653790155 -0.9898557998718772
vn 0.11810509549947554 0.0789726653790155 -0.9898557998718772
vn 0.11810509549947554 0.0789726653790155 -0.9898557998718772
vn 0.10165643851566898 0.12313484593771554 -0.9871695792639709
vn 0.10165643851566898 0.12313484593771554 -0.9871695792639709
vn 0.10165643851566898 0.12313484593771554 -0.9871695792639709
vn 0.016589511078128238 0.46356981691612387 -0.8859050812398245
vn 0.016589511078128238 0.46356981691612387 -0.8859050812398245
vn 0.016589511078128238 0.46356981691612387 -0.8859050812398245
vn -0.00045167479348264986 0.45626725957129705 -0.8898426736413464
vn -0.00045167479348264986 0.45626725957129705 -0.8898426736413464
vn -0.00045167479348264986 0.45626725957129705 -0.8898426736413464
vn -0.005813869997547084 0.462222090098037 -0.8867451371961698
vn -0.005813869997547084 0.462222090098037 -0.8867451371961698
vn -0.005813869997547084 0.462222090098037 -0.8867451371961698
vn -0.05618935305584781 0.5187867149643405 -0.8530551570559044
vn -0.05618935305584781 0.5187867149643405 -0.8530551570559044
vn -0.05618935305584781 0.5187867149643405 -0.8530551570559044
vn 0.16708689624957615 -0.6303658371063644 0.7581034761237254
vn 0.16708689624957615 -0.6303658371063644 0.7581034761237254
vn 0.16708689624957615 -0.6303658371063644 0.7581034761237254
vn 0.13803456886532287 0.2502684324702148 -0.9582860582869116
vn 0.13803456886532287 0.2502684324702148 -0.9582860582869116
vn 0.13803456886532287 0.2502684324702148 -0.9582860582869116
vn 0.1081430259237748 0.31945109892355195 -0.9414117490984404
vn 0.1081430259237748 0.31945109892355195 -0.9414117490984404
vn 0.1081430259237748 0.31945109892355195 -0.9414117490984404
vn 0.02481153988658166 0.4389158204794331 -0.8981855543379235
vn 0.02481153988658166 0.4389158204794331 -0.8981855543379235
vn 0.02481153988658166 0.4389158204794331 -0.8981855543379235
vn 0.018473426194787236 0.4428779260266819 -0.896391585838985
vn 0.018473426194787236 0.4428779260266819 -0.896391585838985
vn 0.018473426194787236 0.4428779260266819 -0.896391585838985
vn -0.011765064524211269 0.30202203610574524 -0.9532283425094331
vn -0.011765064524211269 0.30202203610574524 -0.9532283425094331
vn -0.011765064524211269 0.30202203610574524 -0.9532283425094331
vn -0.02566370490519696 0.4494475610670116 -0.8929379956645667
vn -0.02566370490519696 0.4494475610670116 -0.8929379956645667
vn -0.02566370490519696 0.4494475610670116 -0.8929379956645667
vn -0.07993993186919787 0.4567343308224833 -0.8860041525528457
vn -0.07993993186919787 0.4567343308224833 -0.8860041525528457
vn -0.07993993186919787 0.4567343308224833 -0.8860041525528457
vn -0.12423311530409094 0.14916463624313114 -0.9809770865602799
vn -0.12423311530409094 0.14916463624313114 -0.9809770865602799
vn -0.12423311530409094 0.14916463624313114 -0.9809770865602799
vn -0.15096820458122667 0.049153859249312704 -0.9873158052651743
vn -0.15096820458122667 0.049153859249312704 -0.9873158052651743
vn -0.15096820458122667 0.049153859249312704 -0.9873158052651743
vn -0.046086604877579894 0.2732751324370698 -0.9608312686639418
vn -0.046086604877579894 0.2732751324370698 -0.9608312686639418
vn -0.046086604877579894 0.2732751324370698 -0.9608312686639418
vn -0.028913825357937677 0.42068486834830987 -0.9067459579429819
vn -0.028913825357937677 0.42068486834830987 -0.9067459579429819
vn -0.028913825357937677 0.42068486834830987 -0.9067459579429819
vn -0.07222582512225938 0.48296279466606595 -0.8726570742014026
vn -0.07222582512225938 0.48296279466606595 -0.8726570742014026
vn -0.07222582512225938 0.48296279466606595 -0.8726570742014026
vn 0.14021619865368673 0.2860049546418533 -0.9479138059736346
vn 0.14021619865368673 0.2860049546418533 -0.9479138059736346
vn 0.14021619865368673 0.2860049546418533 -0.9479138059736346
vn 0.04749143779677484 0.4487554644880187 -0.8923917841554447
vn 0.04749143779677484 0.4487554644880187 -0.8923917841554447
vn 0.04749143779677484 0.4487554644880187 -0.8923917841554447
vn -0.18692771985868792 0.09507404959662144 -0.9777622168204964
vn -0.18692771985868792 0.09507404959662144 -0.9777622168204964
vn -0.18692771985868792 0.09507404959662144 -0.9777622168204964
vn -0.12554619038821624 0.272581673711778 -0.9539063817982828
vn -0.12554619038821624 0.272581673711778 -0.9539063817982828
vn -0.12554619038821624 0.272581673711778 -0.9539063817982828
vn 0.11668883436216476 0.3395084788819259 -0.9333368677505889
vn 0.11668883436216476 0.3395084788819259 -0.9333368677505889
vn 0.11668883436216476 0.3395084788819259 -0.9333368677505889
vn -0.10283379511730446 0.441984575026176 -0.8911087733945295
vn -0.10283379511730446 0.441984575026176 -0.8911087733945295
vn -0.10283379511730446 0.441984575026176 -0.8911087733945295
vn 0.205767008616303 0.3053005083228874 -0.9297588600184914
vn 0.205767008616303 0.3053005083228874 -0.9297588600184914
vn 0.205767008616303 0.3053005083228874 -0.9297588600184914
vn 0.07107202775197789 0.46589994866317624 -0.8819784604551699
vn 0.07107202775197789 0.46589994866317624 -0.8819784604551699
vn 0.07107202775197789 0.46589994866317624 -0.8819784604551699
vn -0.12642140812844083 0.32262900794088384 -0.9380448554317129
vn -0.12642140812844083 0.32262900794088384 -0.9380448554317129
vn -0.12642140812844083 0.32262900794088384 -0.9380448554317129
vn -0.18227714817269708 0.24581401747456796 -0.9520244272428315
vn -0.18227714817269708 0.24581401747456796 -0.9520244272428315
vn -0.18227714817269708 0.24581401747456796 -0.9520244272428315
vn 0.07386269455518504 0.44319933863687694 -0.8933748645360929
vn 0.07386269455518504 0.44319933863687694 -0.8933748645360929
vn 0.07386269455518504 0.44319933863687694 -0.8933748645360929
vn -0.20515713434461846 0.30980909382316324 -0.9284012470973823
vn -0.20515713434461846 0.30980909382316324 -0.9284012470973823
vn -0.20515713434461846 0.30980909382316324 -0.9284012470973823
vn 0.4007299059393719 0.22499910631524692 -0.8881390345228402
vn 0.4007299059393719 0.22499910631524692 -0.8881390345228402
vn 0.4007299059393719 0.22499910631524692 -0.8881390345228402
vn -0.0747658595731323 0.4271581089457217 -0.9010804715474671
vn -0.0747658595731323 0.4271581089457217 -0.9010804715474671
vn -0.0747658595731323 0.4271581089457217 -0.9010804715474671
vn 0.12405593755290842 0.3802817482890895 -0.9165129111344055
vn 0.12405593755290842 0.3802817482890895 -0.9165129111344055
vn 0.12405593755290842 0.3802817482890895 -0.9165129111344055
vn 0.15996247884466905 0.38680181764418076 -0.908182998755772
vn 0.15996247884466905 0.38680181764418076 -0.908182998755772
vn 0.15996247884466905 0.38680181764418076 -0.908182998755772
vn 0.12246072361118444 0.4488732243957183 -0.8851645042551222
vn 0.12246072361118444 0.4488732243957183 -0.8851645042551222
vn 0.12246072361118444 0.4488732243957183 -0.8851645042551222
vn 0.08477060582845114 0.4316053434308759 -0.8980705829217395
vn 0.08477060582845114 0.4316053434308759 -0.8980705829217395
vn 0.08477060582845114 0.4316053434308759 -0.8980705829217395
vn -0.14838471597989464 0.42705782065889686 -0.8919661394232629
vn -0.14838471597989464 0.42705782065889686 -0.8919661394232629
vn -0.14838471597989464 0.42705782065889686 -0.8919661394232629
vn -0.16112081728089803 0.4087980395066764 -0.8982896220786665
vn -0.16112081728089803 0.4087980395066764 -0.8982896220786665
vn -0.16112081728089803 0.4087980395066764 -0.8982896220786665
vn -0.15328182036422625 0.3312789149079764 -0.9309989065961478
vn -0.15328182036422625 0.3312789149079764 -0.9309989065961478
vn -0.15328182036422625 0.3312789149079764 -0.9309989065961478
vn 0.10735515012751345 0.39905310616569106 -0.910621485690192
vn 0.10735515012751345 0.39905310616569106 -0.910621485690192
vn 0.10735515012751345 0.39905310616569106 -0.910621485690192
vn 0.14514896108757455 0.4210658323625214 -0.8953409093256348
vn 0.14514896108757455 0.4210658323625214 -0.8953409093256348
vn 0.14514896108757455 0.4210658323625214 -0.8953409093256348
vn -0.04205010067076342 0.3933395427366771 -0.9184311586358993
vn -0.04205010067076342 0.3933395427366771 -0.9184311586358993
vn -0.04205010067076342 0.3933395427366771 -0.9184311586358993
vn -0.2027933757695096 0.3374172765635129 -0.9192521026467486
vn -0.2027933757695096 0.3374172765635129 -0.9192521026467486
vn -0.2027933757695096 0.3374172765635129 -0.9192521026467486
vn -0.029371210321614098 -0.17670232586392298 -0.9838260110601486
vn -0.029371210321614098 -0.17670232586392298 -0.9838260110601486
vn -0.029371210321614098 -0.17670232586392298 -0.9838260110601486
vn -0.013733955330293415 0.13014686325698724 -0.9913996028117786
vn -0.013733955330293415 0.13014686325698724 -0.9913996028117786
vn -0.013733955330293415 0.13014686325698724 -0.9913996028117786
vn -0.35722643189214065 0.07162483792049594 -0.9312675012854644
vn -0.35722643189214065 0.07162483792049594 -0.9312675012854644
vn -0.35722643189214065 0.07162483792049594 -0.9312675012854644
vn -0.09154499992968211 0.411852624651478 -0.9066404626728081
vn -0.09154499992968211 0.411852624651478 -0.9066404626728081
vn -0.09154499992968211 0.411852624651478 -0.9066404626728081
vn -0.04509950425081387 0.49676749064843256 -0.8667110792825891
vn -0.04509950425081387 0.49676749064843256 -0.8667110792825891
vn -0.04509950425081387 0.49676749064843256 -0.8667110792825891
vn -0.2583017954407698 -0.96488893372681 -0.04763956384786339
vn -0.2583017954407698 -0.96488893372681 -0.04763956384786339
vn -0.2583017954407698 -0.96488893372681 -0.04763956384786339
vn -0.2726047410374595 -0.8524459829721284 -0.4461193800750887
vn -0.2726047410374595 -0.8524459829721284 -0.4461193800750887
vn -0.2726047410374595 -0.8524459829721284 -0.4461193800750887
vn -0.02223780959809761 -0.3869995513652987 -0.9218117091181561
vn -0.02223780959809761 -0.3869995513652987 -0.9218117091181561
vn -0.02223780959809761 -0.3869995513652987 -0.9218117091181561
vn -0.18333673235902165 -0.04602933987005268 -0.9819719662185086
vn -0.18333673235902165 -0.04602933987005268 -0.9819719662185086
vn -0.18333673235902165 -0.04602933987005268 -0.9819719662185086
vn -0.12900340837579186 0.21263087258111543 -0.9685794921702721
vn -0.12900340837579186 0.21263087258111543 -0.9685794921702721
vn -0.12900340837579186 0.21263087258111543 -0.9685794921702721
vn 0.009507981882251207 0.47761412560551136 -0.8785182669145871
vn 0.009507981882251207 0.47761412560551136 -0.8785182669145871
vn 0.009507981882251207 0.47761412560551136 -0.8785182669145871
vn 0.018953275313919694 0.46632976270999615 -0.8844078955808305
vn 0.018953275313919694 0.46632976270999615 -0.8844078955808305
vn 0.018953275313919694 0.46632976270999615 -0.8844078955808305
vn 0.02903488347523575 0.45256895904495326 -0.8912565920376393
vn 0.02903488347523575 0.45256895904495326 -0.8912565920376393
vn 0.02903488347523575 0.45256895904495326 -0.8912565920376393
vn 0.10837834083704007 0.47094573507300724 -0.875479439994998
vn 0.10837834083704007 0.47094573507300724 -0.875479439994998
vn 0.10837834083704007 0.47094573507300724 -0.875479439994998
vn 0.16398351219216256 0.3475230405015311 -0.9232210699771176
vn 0.16398351219216256 0.3475230405015311 -0.9232210699771176
vn 0.16398351219216256 0.3475230405015311 -0.9232210699771176
vn 0.08709605629257207 0.29649900865929874 -0.9510534237582736
vn 0.08709605629257207 0.29649900865929874 -0.9510534237582736
vn 0.08709605629257207 0.29649900865929874 -0.9510534237582736
vn 0.15042106884616716 -0.03677951563444631 -0.9879376343053605
vn 0.15042106884616716 -0.03677951563444631 -0.9879376343053605
vn 0.15042106884616716 -0.03677951563444631 -0.9879376343053605
vn 0.18429108155832383 -0.9513933161565841 -0.24675403792165404
vn 0.18429108155832383 -0.9513933161565841 -0.24675403792165404
vn 0.18429108155832383 -0.9513933161565841 -0.24675403792165404
vn 0.6850852377572961 -0.7274757035389218 -0.03791197393409979
vn 0.6850852377572961 -0.7274757035389218 -0.03791197393409979
vn 0.6850852377572961 -0.7274757035389218 -0.03791197393409979
vn 0.33266127649344746 -0.04232045704255402 -0.9420963082601796
vn 0.33266127649344746 -0.04232045704255402 -0.9420963082601796
vn 0.33266127649344746 -0.04232045704255402 -0.9420963082601796
vn 0.15326812969228715 -0.9881709882335266 0.00519407683846263
vn 0.15326812969228715 -0.9881709882335266 0.00519407683846263
vn 0.15326812969228715 -0.9881709882335266 0.00519407683846263
vn 0.1674491896578941 -0.9851238040054723 0.03862459921736831
vn 0.1674491896578941 -0.9851238040054723 0.03862459921736831
vn 0.1674491896578941 -0.9851238040054723 0.03862459921736831
vn 0.3917171605100564 -0.9200854775394375 0.000616589785752644
vn 0.3917171605100564 -0.9200854775394375 0.000616589785752644
vn 0.3917171605100564 -0.9200854775394375 0.000616589785752644
vn 0.3942443070235264 -0.9189994190264852 -0.0033903109772118836
vn 0.3942443070235264 -0.9189994190264852 -0.0033903109772118836
vn 0.3942443070235264 -0.9189994190264852 -0.0033903109772118836
vn 0.5226395822419239 -0.850821868347224 -0.05431404437276375
vn 0.5226395822419239 -0.850821868347224 -0.05431404437276375
vn 0.5226395822419239 -0.850821868347224 -0.05431404437276375
vn 0.594995744508021 -0.8019912939114249 0.05282072043833233
vn 0.594995744508021 -0.8019912939114249 0.05282072043833233
vn 0.594995744508021 -0.8019912939114249 0.05282072043833233
vn 0.7743911926926964 -0.6324971468336402 -0.01629846395485367
vn 0.7743911926926964 -0.6324971468336402 -0.01629846395485367
vn 0.7743911926926964 -0.6324971468336402 -0.01629846395485367
vn 0.7818685265171639 -0.623370773909602 0.009512385464381623
vn 0.7818685265171639 -0.623370773909602 0.009512385464381623
vn 0.7818685265171639 -0.623370773909602 0.009512385464381623
vn 0.8772855281108562 -0.47541212385664616 -0.06598041116398826
vn 0.8772855281108562 -0.47541212385664616 -0.06598041116398826
vn 0.8772855281108562 -0.47541212385664616 -0.06598041116398826
vn 0.906997869664246 -0.41827834122253493 0.04897033478182615
vn 0.906997869664246 -0.41827834122253493 0.04897033478182615
vn 0.906997869664246 -0.41827834122253493 0.04897033478182615
vn 0.9648489372686743 -0.2570753399992524 -0.054578363989576065
vn 0.9648489372686743 -0.2570753399992524 -0.054578363989576065
vn 0.9648489372686743 -0.2570753399992524 -0.054578363989576065
vn 0.9838255987164843 -0.16924637121314098 0.058675865066776876
vn 0.9838255987164843 -0.16924637121314098 0.058675865066776876
vn 0.9838255987164843 -0.16924637121314098 0.058675865066776876
vn 0.9977441565543526 -0.040317643981153214 -0.05367574541124116
vn 0.9977441565543526 -0.040317643981153214 -0.05367574541124116
vn 0.9977441565543526 -0.040317643981153214 -0.05367574541124116
vn 0.9853407844534033 0.16999659121547647 0.014307252282326034
vn 0.9853407844534033 0.16999659121547647 0.014307252282326034
vn 0.9853407844534033 0.16999659121547647 0.014307252282326034
vn 0.9855899840724296 0.16914670220724903 0.001332827265696992
vn 0.9855899840724296 0.16914670220724903 0.001332827265696992
vn 0.9855899840724296 0.16914670220724903 0.001332827265696992
vn 0.9132063224714012 0.4072753713850082 -0.013453046549493511
vn 0.9132063224714012 0.4072753713850082 -0.013453046549493511
vn 0.9132063224714012 0.4072753713850082 -0.013453046549493511
vn 0.9106236969214685 0.4129237060348512 0.01607779834186025
vn 0.9106236969214685 0.4129237060348512 0.01607779834186025
vn 0.9106236969214685 0.4129237060348512 0.01607779834186025
vn 0.7883378970303083 0.6150066339972492 -0.017035264752986275
vn 0.7883378970303083 0.6150066339972492 -0.017035264752986275
vn 0.7883378970303083 0.6150066339972492 -0.017035264752986275
vn 0.7833887947289979 0.6214251528248639 0.011522835139099715
vn 0.7833887947289979 0.6214251528248639 0.011522835139099715
vn 0.7833887947289979 0.6214251528248639 0.011522835139099715
vn 0.6264612749864601 0.7793628666911491 -0.011823407516158221
vn 0.6264612749864601 0.7793628666911491 -0.011823407516158221
vn 0.6264612749864601 0.7793628666911491 -0.011823407516158221
vn 0.6076844367426001 0.7930381936947031 0.042544666907515405
vn 0.6076844367426001 0.7930381936947031 0.042544666907515405
vn 0.6076844367426001 0.7930381936947031 0.042544666907515405
vn 0.44436104664701626 0.8945603084584299 -0.04801161061167176
vn 0.44436104664701626 0.8945603084584299 -0.04801161061167176
vn 0.44436104664701626 0.8945603084584299 -0.04801161061167176
vn 0.3718937330451209 0.9269927126733514 0.048780754117437784
vn 0.3718937330451209 0.9269927126733514 0.048780754117437784
vn 0.3718937330451209 0.9269927126733514 0.048780754117437784
vn 0.2575330448507522 0.9659429238594089 -0.02511968661899542
vn 0.2575330448507522 0.9659429238594089 -0.02511968661899542
vn 0.2575330448507522 0.9659429238594089 -0.02511968661899542
vn 0.15413424282157517 0.9869472326494226 0.04666685285581209
vn 0.15413424282157517 0.9869472326494226 0.04666685285581209
vn 0.15413424282157517 0.9869472326494226 0.04666685285581209
vn 0.09547850542546249 0.9952232892848607 -0.02035827759763357
vn 0.09547850542546249 0.9952232892848607 -0.02035827759763357
vn 0.09547850542546249 0.9952232892848607 -0.02035827759763357
vn -0.06675651556439059 0.9973687956689451 -0.028267526520358632
vn -0.06675651556439059 0.9973687956689451 -0.028267526520358632
vn -0.06675651556439059 0.9973687956689451 -0.028267526520358632
vn -0.1408877075614677 0.9885708695978042 0.05364969376162043
vn -0.1408877075614677 0.9885708695978042 0.05364969376162043
vn -0.1408877075614677 0.9885708695978042 0.05364969376162043
vn -0.25088977194333756 0.9673923611233433 -0.03473243404115401
vn -0.25088977194333756 0.9673923611233433 -0.03473243404115401
vn -0.25088977194333756 0.9673923611233433 -0.03473243404115401
vn -0.37978291829773025 0.9222281652480635 0.07252686531520554
vn -0.37978291829773025 0.9222281652480635 0.07252686531520554
vn -0.37978291829773025 0.9222281652480635 0.07252686531520554
vn -0.46640931763045357 0.8824530689141327 -0.0611467872543104
vn -0.46640931763045357 0.8824530689141327 -0.0611467872543104
vn -0.46640931763045357 0.8824530689141327 -0.0611467872543104
vn -0.6299185019061373 0.7764501401848518 0.018106925836584645
vn -0.6299185019061373 0.7764501401848518 0.018106925836584645
vn -0.6299185019061373 0.7764501401848518 0.018106925836584645
vn -0.6743458522921648 0.732885064159183 0.0902061762228292
vn -0.6743458522921648 0.732885064159183 0.0902061762228292
vn -0.6743458522921648 0.732885064159183 0.0902061762228292
vn -0.7596261461175898 0.647105809607316 -0.06497837568759576
vn -0.7596261461175898 0.647105809607316 -0.06497837568759576
vn -0.7596261461175898 0.647105809607316 -0.06497837568759576
vn -0.8808159173437211 0.46852847621516297 0.06814973755955733
vn -0.8808159173437211 0.46852847621516297 0.06814973755955733
vn -0.8808159173437211 0.46852847621516297 0.06814973755955733
vn -0.897645999968321 0.4397391032095074 -0.02934586596730824
vn -0.897645999968321 0.4397391032095074 -0.02934586596730824
vn -0.897645999968321 0.4397391032095074 -0.02934586596730824
vn -0.9693123095359606 0.24546319228999994 0.013470998955713862
vn -0.9693123095359606 0.24546319228999994 0.013470998955713862
vn -0.9693123095359606 0.24546319228999994 0.013470998955713862
vn -0.9714908493617259 0.2359072391223435 -0.023522417735126765
vn -0.9714908493617259 0.2359072391223435 -0.023522417735126765
vn -0.9714908493617259 0.2359072391223435 -0.023522417735126765
vn -0.9998426890331594 0.001060750203858661 0.017705140381983564
vn -0.9998426890331594 0.001060750203858661 0.017705140381983564
vn -0.9998426890331594 0.001060750203858661 0.017705140381983564
vn -0.9998434232815707 0.0010529253681150598 0.01766409546960366
vn -0.9998434232815707 0.0010529253681150598 0.01766409546960366
vn -0.9998434232815707 0.0010529253681150598 0.01766409546960366
vn -0.9936747221374681 -0.10702878523771438 -0.03399096520495756
vn -0.9936747221374681 -0.10702878523771438 -0.03399096520495756
vn -0.9936747221374681 -0.10702878523771438 -0.03399096520495756
vn -0.970426860067922 -0.23958875302999336 0.029477765862537725
vn -0.970426860067922 -0.23958875302999336 0.029477765862537725
vn -0.970426860067922 -0.23958875302999336 0.029477765862537725
vn -0.9644617427596878 -0.2624085840646551 -0.030907632748703152
vn -0.9644617427596878 -0.2624085840646551 -0.030907632748703152
vn -0.9644617427596878 -0.2624085840646551 -0.030907632748703152
vn -0.8834838201107665 -0.4684527479231001 -0.0028918101223058454
vn -0.8834838201107665 -0.4684527479231001 -0.0028918101223058454
vn -0.8834838201107665 -0.4684527479231001 -0.0028918101223058454
vn -0.8812801672487149 -0.4720857948851783 -0.021915042361499763
vn -0.8812801672487149 -0.4720857948851783 -0.021915042361499763
vn -0.8812801672487149 -0.4720857948851783 -0.021915042361499763
vn -0.7509180959107121 -0.6599739242846172 -0.023588821466808844
vn -0.7509180959107121 -0.6599739242846172 -0.023588821466808844
vn -0.7509180959107121 -0.6599739242846172 -0.023588821466808844
vn -0.7655088649553308 -0.6380846290371819 0.08272958274573324
vn -0.7655088649553308 -0.6380846290371819 0.08272958274573324
vn -0.7655088649553308 -0.6380846290371819 0.08272958274573324
vn -0.6855438399335959 -0.7264647534378034 -0.047734741453701275
vn -0.6855438399335959 -0.7264647534378034 -0.047734741453701275
vn -0.6855438399335959 -0.7264647534378034 -0.047734741453701275
vn -0.5580605852894224 -0.8297918421617632 0.003725832553265925
vn -0.5580605852894224 -0.8297918421617632 0.003725832553265925
vn -0.5580605852894224 -0.8297918421617632 0.003725832553265925
vn -0.4464979289292709 -0.8939327832944306 -0.0390356044316504
vn -0.4464979289292709 -0.8939327832944306 -0.0390356044316504
vn -0.4464979289292709 -0.8939327832944306 -0.0390356044316504
vn -0.5544501565993386 -0.8321943913571503 -0.006125262498130634
vn -0.5544501565993386 -0.8321943913571503 -0.006125262498130634
vn -0.5544501565993386 -0.8321943913571503 -0.006125262498130634
vn -0.33827880050168574 -0.939934969650195 0.04571330178217055
vn -0.33827880050168574 -0.939934969650195 0.04571330178217055
vn -0.33827880050168574 -0.939934969650195 0.04571330178217055
vn -0.023957939622205944 -0.9985402740680714 -0.04840803851758016
vn -0.023957939622205944 -0.9985402740680714 -0.04840803851758016
vn -0.023957939622205944 -0.9985402740680714 -0.04840803851758016
vn -0.11082319922400304 -0.9920135742825952 0.060226962008945034
vn -0.11082319922400304 -0.9920135742825952 0.060226962008945034
vn -0.11082319922400304 -0.9920135742825952 0.060226962008945034
vn -0.000011021663210308843 -0.4027357948041515 0.9153162729144452
vn -0.000011021663210308843 -0.4027357948041515 0.9153162729144452
vn -0.000011021663210308843 -0.4027357948041515 0.9153162729144452
vn -0.000006905972555580338 -0.4027308590463415 0.915318444654156
vn -0.000006905972555580338 -0.4027308590463415 0.915318444654156
vn -0.000006905972555580338 -0.4027308590463415 0.915318444654156
vn -0.000020022834802810845 -0.40275313877158664 0.915308641283759
vn -0.000020022834802810845 -0.40275313877158664 0.915308641283759
vn -0.000020022834802810845 -0.40275313877158664 0.915308641283759
vn -0.00001635865397269872 -0.40253803710800024 0.9154032599972717
vn -0.00001635865397269872 -0.40253803710800024 0.9154032599972717
vn -0.00001635865397269872 -0.40253803710800024 0.9154032599972717
vn -0.000032474232299994346 -0.40271368641888994 0.9153259996942796
vn -0.000032474232299994346 -0.40271368641888994 0.9153259996942796
vn -0.000032474232299994346 -0.40271368641888994 0.9153259996942796
vn -0.00016165147747832173 -0.4030879120273623 0.9151612475658163
vn -0.00016165147747832173 -0.4030879120273623 0.9151612475658163
vn -0.00016165147747832173 -0.4030879120273623 0.9151612475658163
vn -0.000037430433390321026 -0.40273288621722575 0.9153175519775121
vn -0.000037430433390321026 -0.40273288621722575 0.9153175519775121
vn -0.000037430433390321026 -0.40273288621722575 0.9153175519775121
vn 0.00001683453411014506 -0.40226238970978345 0.9155244232359796
vn 0.00001683453411014506 -0.40226238970978345 0.9155244232359796
vn 0.00001683453411014506 -0.40226238970978345 0.9155244232359796
vn 0.000007307078804897073 -0.4027064796325373 0.9153291709590465
vn 0.000007307078804897073 -0.4027064796325373 0.9153291709590465
vn 0.000007307078804897073 -0.4027064796325373 0.9153291709590465
vn 0.00004610531051261876 -0.4031064292703444 0.915153104434014
vn 0.00004610531051261876 -0.4031064292703444 0.915153104434014
vn 0.00004610531051261876 -0.4031064292703444 0.915153104434014
vn -0.000019039187525311714 -0.4027544571032552 0.9153080612127109
vn -0.000019039187525311714 -0.4027544571032552 0.9153080612127109
vn -0.000019039187525311714 -0.4027544571032552 0.9153080612127109
vn -0.000008131858619446153 -0.40275809653110295 0.9153064599425242
vn -0.000008131858619446153 -0.40275809653110295 0.9153064599425242
vn -0.000008131858619446153 -0.40275809653110295 0.9153064599425242
vn -0.000022111698833446076 -0.4027789827393322 0.9152972689648656
vn -0.000022111698833446076 -0.4027789827393322 0.9152972689648656
vn -0.000022111698833446076 -0.4027789827393322 0.9152972689648656
vn -0.000057655346620101365 -0.4026378095928505 0.9153593780380102
vn -0.000057655346620101365 -0.4026378095928505 0.9153593780380102
vn -0.000057655346620101365 -0.4026378095928505 0.9153593780380102
vn -0.000014522962998858894 -0.4027234832980305 0.9153216897841896
vn -0.000014522962998858894 -0.4027234832980305 0.9153216897841896
vn -0.000014522962998858894 -0.4027234832980305 0.9153216897841896
vn -0.00011826788850675624 -0.4025748030889096 0.9153870842057104
vn -0.00011826788850675624 -0.4025748030889096 0.9153870842057104
vn -0.00011826788850675624 -0.4025748030889096 0.9153870842057104
vn -0.00002506728702073699 -0.40279486126669495 0.9152902813363503
vn -0.00002506728702073699 -0.40279486126669495 0.9152902813363503
vn -0.00002506728702073699 -0.40279486126669495 0.9152902813363503
vn -0.000006281082892126475 -0.4027315182169507 0.9153181546299722
vn -0.000006281082892126475 -0.4027315182169507 0.9153181546299722
vn -0.000006281082892126475 -0.4027315182169507 0.9153181546299722
vn 0.000027267016117678107 -0.4025081596943148 0.9154163974039387
vn 0.000027267016117678107 -0.4025081596943148 0.9154163974039387
vn 0.000027267016117678107 -0.4025081596943148 0.9154163974039387
vn 0.00007033801312441492 -0.40281542773625945 0.9152812279459347
vn 0.00007033801312441492 -0.40281542773625945 0.9152812279459347
vn 0.00007033801312441492 -0.40281542773625945 0.9152812279459347
vn 0.00003386562016545145 -0.40292771734999705 0.9152318031210676
vn 0.00003386562016545145 -0.40292771734999705 0.9152318031210676
vn 0.00003386562016545145 -0.40292771734999705 0.9152318031210676
vn -0.000032674871175137196 -0.402490982358378 0.915423949901105
vn -0.000032674871175137196 -0.402490982358378 0.915423949901105
vn -0.000032674871175137196 -0.402490982358378 0.915423949901105
vn 8.632942183335396e-8 -0.0000010023252343666558 0.999999999999494
vn 8.632942183335396e-8 -0.0000010023252343666558 0.999999999999494
vn 8.632942183335396e-8 -0.0000010023252343666558 0.999999999999494
vn -0.0000027125163341977627 0.0000020484851574901663 0.9999999999942231
vn -0.0000027125163341977627 0.0000020484851574901663 0.9999999999942231
vn -0.0000027125163341977627 0.0000020484851574901663 0.9999999999942231
vn -0.000002792396116964625 0.000004336890015053146 0.9999999999866971
vn -0.000002792396116964625 0.000004336890015053146 0.9999999999866971
vn -0.000002792396116964625 0.000004336890015053146 0.9999999999866971
vn -4.2760083829291475e-7 7.499018579434894e-7 0.9999999999996274
vn -4.2760083829291475e-7 7.499018579434894e-7 0.9999999999996274
vn -4.2760083829291475e-7 7.499018579434894e-7 0.9999999999996274
vn 0.000004470020939974277 -0.000004372161583802177 0.9999999999804516
vn 0.000004470020939974277 -0.000004372161583802177 0.9999999999804516
vn 0.000004470020939974277 -0.000004372161583802177 0.9999999999804516
vn 5.290899593996048e-7 -0.0000013389083051137954 0.9999999999989637
vn 5.290899593996048e-7 -0.0000013389083051137954 0.9999999999989637
vn 5.290899593996048e-7 -0.0000013389083051137954 0.9999999999989637
vn 0.0000015458948610003333 -0.0000032432694751851015 0.9999999999935458
vn 0.0000015458948610003333 -0.0000032432694751851015 0.9999999999935458
vn 0.0000015458948610003333 -0.0000032432694751851015 0.9999999999935458
vn -0.000001284553945878108 6.652275601475e-7 0.9999999999989537
vn -0.000001284553945878108 6.652275601475e-7 0.9999999999989537
vn -0.000001284553945878108 6.652275601475e-7 0.9999999999989537
vn -2.3265626225562632e-7 4.800169222107116e-7 0.9999999999998579
vn -2.3265626225562632e-7 4.800169222107116e-7 0.9999999999998579
vn -2.3265626225562632e-7 4.800169222107116e-7 0.9999999999998579
vn -0.00001825337857682186 0.000022858925139413587 0.9999999995721418
vn -0.00001825337857682186 0.000022858925139413587 0.9999999995721418
vn -0.00001825337857682186 0.000022858925139413587 0.9999999995721418
vn 0.000008420168338730709 -0.000027125719487203253 0.9999999995966482
vn 0.000008420168338730709 -0.000027125719487203253 0.9999999995966482
vn 0.000008420168338730709 -0.000027125719487203253 0.9999999995966482
vn -0.0000023592488105261998 0.000001395859612779744 0.9999999999962428
vn -0.0000023592488105261998 0.000001395859612779744 0.9999999999962428
vn -0.0000023592488105261998 0.000001395859612779744 0.9999999999962428
vn -0.000003437909981557679 0.000002034054205052741 0.9999999999920217
vn -0.000003437909981557679 0.000002034054205052741 0.9999999999920217
vn -0.000003437909981557679 0.000002034054205052741 0.9999999999920217
vn -9.542901580055078e-7 7.176699909900322e-7 0.9999999999992872
vn -9.542901580055078e-7 7.176699909900322e-7 0.9999999999992872
vn -9.542901580055078e-7 7.176699909900322e-7 0.9999999999992872
vn -0.000004783371878089442 0.0000011968904800451148 0.9999999999878435
vn -0.000004783371878089442 0.0000011968904800451148 0.9999999999878435
vn -0.000004783371878089442 0.0000011968904800451148 0.9999999999878435
vn 0.9927947075841707 0.05961279289002864 0.10394702264476723
vn 0.9927947075841707 0.05961279289002864 0.10394702264476723
vn 0.9927947075841707 0.05961279289002864 0.10394702264476723
vn 0.9797150971126608 0.19660033049652922 -0.038815442006823124
vn 0.9797150971126608 0.19660033049652922 -0.038815442006823124
vn 0.9797150971126608 0.19660033049652922 -0.038815442006823124
vn 0.9134256044705688 0.3904307995613468 0.11496719467510441
vn 0.9134256044705688 0.3904307995613468 0.11496719467510441
vn 0.9134256044705688 0.3904307995613468 0.11496719467510441
vn 0.8856758572725966 0.461173420256823 -0.05382705911597868
vn 0.8856758572725966 0.461173420256823 -0.05382705911597868
vn 0.8856758572725966 0.461173420256823 -0.05382705911597868
vn 0.648044055943818 0.7604720665301757 0.04148659522315052
vn 0.648044055943818 0.7604720665301757 0.04148659522315052
vn 0.648044055943818 0.7604720665301757 0.04148659522315052
vn 0.6540552968535864 0.7561612123186476 0.020781954733859995
vn 0.6540552968535864 0.7561612123186476 0.020781954733859995
vn 0.6540552968535864 0.7561612123186476 0.020781954733859995
vn 0.417550892981652 0.9086419969238635 0.0045796502528955094
vn 0.417550892981652 0.9086419969238635 0.0045796502528955094
vn 0.417550892981652 0.9086419969238635 0.0045796502528955094
vn 0.36150481927167183 0.9270477796142348 0.09948205846117648
vn 0.36150481927167183 0.9270477796142348 0.09948205846117648
vn 0.36150481927167183 0.9270477796142348 0.09948205846117648
vn 0.21589547444355509 0.9759988210736499 -0.028556004230950456
vn 0.21589547444355509 0.9759988210736499 -0.028556004230950456
vn 0.21589547444355509 0.9759988210736499 -0.028556004230950456
vn -0.014383668144127322 0.9997538968808956 0.016889516339532028
vn -0.014383668144127322 0.9997538968808956 0.016889516339532028
vn -0.014383668144127322 0.9997538968808956 0.016889516339532028
vn 0.008303598646055187 0.9989518101931028 -0.045014788252843364
vn 0.008303598646055187 0.9989518101931028 -0.045014788252843364
vn 0.008303598646055187 0.9989518101931028 -0.045014788252843364
vn -0.3054762751261441 0.9500090388403634 0.0645528578504896
vn -0.3054762751261441 0.9500090388403634 0.0645528578504896
vn -0.3054762751261441 0.9500090388403634 0.0645528578504896
vn -0.3614878076798482 0.9303558516084266 -0.06135596366105388
vn -0.3614878076798482 0.9303558516084266 -0.06135596366105388
vn -0.3614878076798482 0.9303558516084266 -0.06135596366105388
vn -0.6407758513445161 0.7666713499535913 0.0402659843298081
vn -0.6407758513445161 0.7666713499535913 0.0402659843298081
vn -0.6407758513445161 0.7666713499535913 0.0402659843298081
vn -0.6245760452797618 0.780748979754187 -0.018324690324493884
vn -0.6245760452797618 0.780748979754187 -0.018324690324493884
vn -0.6245760452797618 0.780748979754187 -0.018324690324493884
vn -0.8350082715848781 0.543180709318897 0.08784021521293245
vn -0.8350082715848781 0.543180709318897 0.08784021521293245
vn -0.8350082715848781 0.543180709318897 0.08784021521293245
vn -0.8653684371672352 0.5005661910693513 -0.02389469215241519
vn -0.8653684371672352 0.5005661910693513 -0.02389469215241519
vn -0.8653684371672352 0.5005661910693513 -0.02389469215241519
vn -0.9724341161193945 0.23316550557669077 -0.0023951651839573987
vn -0.9724341161193945 0.23316550557669077 -0.0023951651839573987
vn -0.9724341161193945 0.23316550557669077 -0.0023951651839573987
vn -0.9772150689132726 0.18561578124821895 0.10294411513263506
vn -0.9772150689132726 0.18561578124821895 0.10294411513263506
vn -0.9772150689132726 0.18561578124821895 0.10294411513263506
vn -0.9957729765057897 -0.06035203600042438 -0.06923735271805222
vn -0.9957729765057897 -0.06035203600042438 -0.06923735271805222
vn -0.9957729765057897 -0.06035203600042438 -0.06923735271805222
vn -0.9747697505128844 -0.19412944800950832 0.11017118906761877
vn -0.9747697505128844 -0.19412944800950832 0.11017118906761877
vn -0.9747697505128844 -0.19412944800950832 0.11017118906761877
vn -0.9403739698553281 -0.3367866025148931 -0.04766110767707546
vn -0.9403739698553281 -0.3367866025148931 -0.04766110767707546
vn -0.9403739698553281 -0.3367866025148931 -0.04766110767707546
vn -0.865211315199743 -0.49079806020835065 0.10259943540805155
vn -0.865211315199743 -0.49079806020835065 0.10259943540805155
vn -0.865211315199743 -0.49079806020835065 0.10259943540805155
vn -0.808154871722375 -0.5844948224674755 -0.07246727413188428
vn -0.808154871722375 -0.5844948224674755 -0.07246727413188428
vn -0.808154871722375 -0.5844948224674755 -0.07246727413188428
vn -0.6342524916739822 -0.76646453512056 0.10127138395306427
vn -0.6342524916739822 -0.76646453512056 0.10127138395306427
vn -0.6342524916739822 -0.76646453512056 0.10127138395306427
vn -0.5851335332919053 -0.8108536334178358 -0.011624688831311009
vn -0.5851335332919053 -0.8108536334178358 -0.011624688831311009
vn -0.5851335332919053 -0.8108536334178358 -0.011624688831311009
vn -0.3875347372789932 -0.9209612600636863 0.04058552530162722
vn -0.3875347372789932 -0.9209612600636863 0.04058552530162722
vn -0.3875347372789932 -0.9209612600636863 0.04058552530162722
vn -0.3619084967033052 -0.9280755552617503 0.08773826838699025
vn -0.3619084967033052 -0.9280755552617503 0.08773826838699025
vn -0.3619084967033052 -0.9280755552617503 0.08773826838699025
vn -0.1395946256634896 -0.9878297779303329 -0.06859788859709397
vn -0.1395946256634896 -0.9878297779303329 -0.06859788859709397
vn -0.1395946256634896 -0.9878297779303329 -0.06859788859709397
vn 0.017027545811394082 -0.9904745870150344 0.13663877619855216
vn 0.017027545811394082 -0.9904745870150344 0.13663877619855216
vn 0.017027545811394082 -0.9904745870150344 0.13663877619855216
vn 0.16281576715418503 -0.9816548385493733 -0.09922098527326752
vn 0.16281576715418503 -0.9816548385493733 -0.09922098527326752
vn 0.16281576715418503 -0.9816548385493733 -0.09922098527326752
vn 0.43045320406088755 -0.8881120537168947 0.1611428532590738
vn 0.43045320406088755 -0.8881120537168947 0.1611428532590738
vn 0.43045320406088755 -0.8881120537168947 0.1611428532590738
vn 0.49776225812639563 -0.8672325529318725 -0.011850464977311315
vn 0.49776225812639563 -0.8672325529318725 -0.011850464977311315
vn 0.49776225812639563 -0.8672325529318725 -0.011850464977311315
vn 0.7370770088233781 -0.6735366683994785 -0.05537002244277355
vn 0.7370770088233781 -0.6735366683994785 -0.05537002244277355
vn 0.7370770088233781 -0.6735366683994785 -0.05537002244277355
vn 0.7933186132425928 -0.5966119645740772 0.12124249094236617
vn 0.7933186132425928 -0.5966119645740772 0.12124249094236617
vn 0.7933186132425928 -0.5966119645740772 0.12124249094236617
vn 0.8779097931227073 -0.47810439014572487 -0.026279027048762713
vn 0.8779097931227073 -0.47810439014572487 -0.026279027048762713
vn 0.8779097931227073 -0.47810439014572487 -0.026279027048762713
vn 0.951274678261163 -0.3013499332428769 0.06530470299783005
vn 0.951274678261163 -0.3013499332428769 0.06530470299783005
vn 0.951274678261163 -0.3013499332428769 0.06530470299783005
vn 0.9518501890098369 -0.298157338447519 0.07129810103943329
vn 0.9518501890098369 -0.298157338447519 0.07129810103943329
vn 0.9518501890098369 -0.298157338447519 0.07129810103943329
vn 0.9952861279886057 -0.06784659766743259 -0.06929908093475991
vn 0.9952861279886057 -0.06784659766743259 -0.06929908093475991
vn 0.9952861279886057 -0.06784659766743259 -0.06929908093475991
vn 0.00013539390277779456 -0.9999999567465646 -0.00026110411699321054
vn 0.00013539390277779456 -0.9999999567465646 -0.00026110411699321054
vn 0.00013539390277779456 -0.9999999567465646 -0.00026110411699321054
vn -0.0000014074033742839602 -0.9999999999976685 -0.0000016376790199463374
vn -0.0000014074033742839602 -0.9999999999976685 -0.0000016376790199463374
vn -0.0000014074033742839602 -0.9999999999976685 -0.0000016376790199463374
vn -0.000019222057313707037 -0.999999977581964 0.00021087101304352766
vn -0.000019222057313707037 -0.999999977581964 0.00021087101304352766
vn -0.000019222057313707037 -0.999999977581964 0.00021087101304352766
vn -0.000023982503324441135 -0.9999999722553289 0.00023433774990861715
vn -0.000023982503324441135 -0.9999999722553289 0.00023433774990861715
vn -0.000023982503324441135 -0.9999999722553289 0.00023433774990861715
vn -0.000027287245718942384 -0.9999999985987245 0.00004536471526999388
vn -0.000027287245718942384 -0.9999999985987245 0.00004536471526999388
vn -0.000027287245718942384 -0.9999999985987245 0.00004536471526999388
vn -0.0000019098818011940824 -0.9999999990907653 -0.00004260072451635229
vn -0.0000019098818011940824 -0.9999999990907653 -0.00004260072451635229
vn -0.0000019098818011940824 -0.9999999990907653 -0.00004260072451635229
vn -0.000023399719696461715 -0.9999999958395462 0.00008816666340561322
vn -0.000023399719696461715 -0.9999999958395462 0.00008816666340561322
vn -0.000023399719696461715 -0.9999999958395462 0.00008816666340561322
vn -0.00006759554450581677 -0.9999999888323327 0.0001332898231006192
vn -0.00006759554450581677 -0.9999999888323327 0.0001332898231006192
vn -0.00006759554450581677 -0.9999999888323327 0.0001332898231006192
vn 0.00005812040374588088 -0.9999999957691548 -0.00007130013515809106
vn 0.00005812040374588088 -0.9999999957691548 -0.00007130013515809106
vn 0.00005812040374588088 -0.9999999957691548 -0.00007130013515809106
vn 2.142699706356765e-8 -0.9999999999083093 0.000013541830411336179
vn 2.142699706356765e-8 -0.9999999999083093 0.000013541830411336179
vn 2.142699706356765e-8 -0.9999999999083093 0.000013541830411336179
vn -0.000006522481723229247 -0.9999999995324576 -0.000029875443928760415
vn -0.000006522481723229247 -0.9999999995324576 -0.000029875443928760415
vn -0.000006522481723229247 -0.9999999995324576 -0.000029875443928760415
vn 0.00009527680323453035 -0.9999999500718718 -0.00030129484658174017
vn 0.00009527680323453035 -0.9999999500718718 -0.00030129484658174017
vn 0.00009527680323453035 -0.9999999500718718 -0.00030129484658174017
vn 0.00002246879555422584 -0.9999999989472856 -0.00004000727490501296
vn 0.00002246879555422584 -0.9999999989472856 -0.00004000727490501296
vn 0.00002246879555422584 -0.9999999989472856 -0.00004000727490501296
vn 4.439290819386727e-7 -0.9999999999989659 -0.0000013678770756072888
vn 4.439290819386727e-7 -0.9999999999989659 -0.0000013678770756072888
vn 4.439290819386727e-7 -0.9999999999989659 -0.0000013678770756072888
vn 0.00006015994874983956 -0.9999999875557682 -0.00014583978736894623
vn 0.00006015994874983956 -0.9999999875557682 -0.00014583978736894623
vn 0.00006015994874983956 -0.9999999875557682 -0.00014583978736894623
vn -0.00003156613179692192 -0.9999999679003627 0.0002514017756792889
vn -0.00003156613179692192 -0.9999999679003627 0.0002514017756792889
vn -0.00003156613179692192 -0.9999999679003627 0.0002514017756792889
vn -0.0001666652254264371 -0.9999999475018941 0.00027788290951439193
vn -0.0001666652254264371 -0.9999999475018941 0.00027788290951439193
vn -0.0001666652254264371 -0.9999999475018941 0.00027788290951439193
vn 0.6682992695758642 0.005541770351350874 -0.7438718808139876
vn 0.6682992695758642 0.005541770351350874 -0.7438718808139876
vn 0.6682992695758642 0.005541770351350874 -0.7438718808139876
vn 0.6109244437989193 -0.013416182712227494 -0.7915752206899944
vn 0.6109244437989193 -0.013416182712227494 -0.7915752206899944
vn 0.6109244437989193 -0.013416182712227494 -0.7915752206899944
vn 0.567354783855343 -0.07973827963474042 -0.819603779882297
vn 0.567354783855343 -0.07973827963474042 -0.819603779882297
vn 0.567354783855343 -0.07973827963474042 -0.819603779882297
vn 0.42089020241705893 0.024350748770893427 -0.9067846924952053
vn 0.42089020241705893 0.024350748770893427 -0.9067846924952053
vn 0.42089020241705893 0.024350748770893427 -0.9067846924952053
vn 0.3051984305875964 -0.03162678699236528 -0.951763449766489
vn 0.3051984305875964 -0.03162678699236528 -0.951763449766489
vn 0.3051984305875964 -0.03162678699236528 -0.951763449766489
vn 0.10877321870508476 -0.010156964147968817 -0.9940146995753295
vn 0.10877321870508476 -0.010156964147968817 -0.9940146995753295
vn 0.10877321870508476 -0.010156964147968817 -0.9940146995753295
vn 0.024779220857051164 -0.06908912904871194 -0.9973027035263707
vn 0.024779220857051164 -0.06908912904871194 -0.9973027035263707
vn 0.024779220857051164 -0.06908912904871194 -0.9973027035263707
vn -0.04400801214818495 0.009105160684922453 -0.9989896850897244
vn -0.04400801214818495 0.009105160684922453 -0.9989896850897244
vn -0.04400801214818495 0.009105160684922453 -0.9989896850897244
vn -0.24906653161839265 0.0314733087966242 -0.9679748414400947
vn -0.24906653161839265 0.0314733087966242 -0.9679748414400947
vn -0.24906653161839265 0.0314733087966242 -0.9679748414400947
vn -0.3392402125365742 -0.04710478187979197 -0.9395196739409969
vn -0.3392402125365742 -0.04710478187979197 -0.9395196739409969
vn -0.3392402125365742 -0.04710478187979197 -0.9395196739409969
vn -0.46425202393690573 0.021993393033342405 -0.8854300361594741
vn -0.46425202393690573 0.021993393033342405 -0.8854300361594741
vn -0.46425202393690573 0.021993393033342405 -0.8854300361594741
vn -0.6151785880480805 -0.03189578667913437 -0.787742320558753
vn -0.6151785880480805 -0.03189578667913437 -0.787742320558753
vn -0.6151785880480805 -0.03189578667913437 -0.787742320558753
vn -0.733092373548017 -0.016561500861394962 0.6799274141663597
vn -0.733092373548017 -0.016561500861394962 0.6799274141663597
vn -0.733092373548017 -0.016561500861394962 0.6799274141663597
vn -0.576522337002065 0.034493005969559655 0.8163530042064286
vn -0.576522337002065 0.034493005969559655 0.8163530042064286
vn -0.576522337002065 0.034493005969559655 0.8163530042064286
vn -0.4716621613088418 0.013611041870751845 0.8816742851692254
vn -0.4716621613088418 0.013611041870751845 0.8816742851692254
vn -0.4716621613088418 0.013611041870751845 0.8816742851692254
vn -0.39108758988761655 -0.06331696332801126 0.91817289177519
vn -0.39108758988761655 -0.06331696332801126 0.91817289177519
vn -0.39108758988761655 -0.06331696332801126 0.91817289177519
vn -0.31189942260696646 -0.0043324436854574495 0.9501052468590799
vn -0.31189942260696646 -0.0043324436854574495 0.9501052468590799
vn -0.31189942260696646 -0.0043324436854574495 0.9501052468590799
vn -0.19021446882563067 0.021488798646296946 0.9815073547264543
vn -0.19021446882563067 0.021488798646296946 0.9815073547264543
vn -0.19021446882563067 0.021488798646296946 0.9815073547264543
vn -0.031154426925735935 -0.04933463663043313 0.9982962963526771
vn -0.031154426925735935 -0.04933463663043313 0.9982962963526771
vn -0.031154426925735935 -0.04933463663043313 0.9982962963526771
vn -0.024242533929050968 -0.05989858273501 0.9979100457130571
vn -0.024242533929050968 -0.05989858273501 0.9979100457130571
vn -0.024242533929050968 -0.05989858273501 0.9979100457130571
vn 0.16869331501495013 0.03893452046586258 0.9848993190094916
vn 0.16869331501495013 0.03893452046586258 0.9848993190094916
vn 0.16869331501495013 0.03893452046586258 0.9848993190094916
vn 0.3185755369137064 -0.02124134116423343 0.9476594497527516
vn 0.3185755369137064 -0.02124134116423343 0.9476594497527516
vn 0.3185755369137064 -0.02124134116423343 0.9476594497527516
vn 0.4800040727037694 0.014838293210673566 0.8771407613618175
vn 0.4800040727037694 0.014838293210673566 0.8771407613618175
vn 0.4800040727037694 0.014838293210673566 0.8771407613618175
vn 0.37050563704330897 -0.07204810648048135 0.9260316642921608
vn 0.37050563704330897 -0.07204810648048135 0.9260316642921608
vn 0.37050563704330897 -0.07204810648048135 0.9260316642921608
vn 0.5643904655821717 0.038451927627771026 0.8246119400188481
vn 0.5643904655821717 0.038451927627771026 0.8246119400188481
vn 0.5643904655821717 0.038451927627771026 0.8246119400188481
vn 0.6850808122577039 0.01088607940888881 0.7283857315677099
vn 0.6850808122577039 0.01088607940888881 0.7283857315677099
vn 0.6850808122577039 0.01088607940888881 0.7283857315677099
vn 0.7174582218115977 -0.01448487437263931 0.696450923159234
vn 0.7174582218115977 -0.01448487437263931 0.696450923159234
vn 0.7174582218115977 -0.01448487437263931 0.696450923159234
vn 0.9997298599501999 0.004286217452659993 -0.022843718259126202
vn 0.9997298599501999 0.004286217452659993 -0.022843718259126202
vn 0.9997298599501999 0.004286217452659993 -0.022843718259126202
vn 0.9987176003269097 -0.050277080097878415 -0.005947269465116297
vn 0.9987176003269097 -0.050277080097878415 -0.005947269465116297
vn 0.9987176003269097 -0.050277080097878415 -0.005947269465116297
vn 0.9978822201157305 -0.06328856774713151 -0.015021050875948034
vn 0.9978822201157305 -0.06328856774713151 -0.015021050875948034
vn 0.9978822201157305 -0.06328856774713151 -0.015021050875948034
vn 0.956326069914857 -0.2906004495965277 0.03149328016418955
vn 0.956326069914857 -0.2906004495965277 0.03149328016418955
vn 0.956326069914857 -0.2906004495965277 0.03149328016418955
vn 0.9160717630450919 -0.3979735035024573 -0.04929112964252822
vn 0.9160717630450919 -0.3979735035024573 -0.04929112964252822
vn 0.9160717630450919 -0.3979735035024573 -0.04929112964252822
vn 0.8735416028837171 -0.48660666270347464 0.011790837287204968
vn 0.8735416028837171 -0.48660666270347464 0.011790837287204968
vn 0.8735416028837171 -0.48660666270347464 0.011790837287204968
vn 0.7682758095669364 -0.6400363546916594 0.010283244005715798
vn 0.7682758095669364 -0.6400363546916594 0.010283244005715798
vn 0.7682758095669364 -0.6400363546916594 0.010283244005715798
vn 0.7538468875735506 -0.6560348305390884 -0.036512617205840044
vn 0.7538468875735506 -0.6560348305390884 -0.036512617205840044
vn 0.7538468875735506 -0.6560348305390884 -0.036512617205840044
vn 0.6551936988428896 -0.7551266097395636 0.022472655824490255
vn 0.6551936988428896 -0.7551266097395636 0.022472655824490255
vn 0.6551936988428896 -0.7551266097395636 0.022472655824490255
vn 0.5658263595498013 -0.819784288185608 -0.08828505922654681
vn 0.5658263595498013 -0.819784288185608 -0.08828505922654681
vn 0.5658263595498013 -0.819784288185608 -0.08828505922654681
vn 0.5254759167785064 -0.8505057652579404 -0.02269370284448103
vn 0.5254759167785064 -0.8505057652579404 -0.02269370284448103
vn 0.5254759167785064 -0.8505057652579404 -0.02269370284448103
vn 0.3481195826363411 -0.9355321417155568 0.05993636627459926
vn 0.3481195826363411 -0.9355321417155568 0.05993636627459926
vn 0.3481195826363411 -0.9355321417155568 0.05993636627459926
vn 0.29404152148983864 -0.9203237517160692 -0.25796080257899623
vn 0.29404152148983864 -0.9203237517160692 -0.25796080257899623
vn 0.29404152148983864 -0.9203237517160692 -0.25796080257899623
vn 0.1274420318348861 -0.9891989210627065 0.0724156273892126
vn 0.1274420318348861 -0.9891989210627065 0.0724156273892126
vn 0.1274420318348861 -0.9891989210627065 0.0724156273892126
vn -0.003484916690962235 -0.92421777396017 -0.3818499203244188
vn -0.003484916690962235 -0.92421777396017 -0.3818499203244188
vn -0.003484916690962235 -0.92421777396017 -0.3818499203244188
vn -0.07073964124740559 -0.9974583907530621 -0.008524193363601242
vn -0.07073964124740559 -0.9974583907530621 -0.008524193363601242
vn -0.07073964124740559 -0.9974583907530621 -0.008524193363601242
vn -0.20688936607837424 -0.9769495958679084 0.052595411750638726
vn -0.20688936607837424 -0.9769495958679084 0.052595411750638726
vn -0.20688936607837424 -0.9769495958679084 0.052595411750638726
vn -0.3385638850910034 -0.9117745048646455 -0.23246881079171933
vn -0.3385638850910034 -0.9117745048646455 -0.23246881079171933
vn -0.3385638850910034 -0.9117745048646455 -0.23246881079171933
vn -0.4075507450669613 -0.9106537541143107 0.06791266680728572
vn -0.4075507450669613 -0.9106537541143107 0.06791266680728572
vn -0.4075507450669613 -0.9106537541143107 0.06791266680728572
vn -0.5958480979690322 -0.788681943499913 -0.15147883067903123
vn -0.5958480979690322 -0.788681943499913 -0.15147883067903123
vn -0.5958480979690322 -0.788681943499913 -0.15147883067903123
vn -0.9984149192715902 -0.05628139816951286 -0.00023064255614365937
vn -0.9984149192715902 -0.05628139816951286 -0.00023064255614365937
vn -0.9984149192715902 -0.05628139816951286 -0.00023064255614365937
vn -0.9922791655858818 -0.11867394222277662 -0.03603544063129065
vn -0.9922791655858818 -0.11867394222277662 -0.03603544063129065
vn -0.9922791655858818 -0.11867394222277662 -0.03603544063129065
vn -0.9985285550570161 0.007105163870392219 -0.05376096522685289
vn -0.9985285550570161 0.007105163870392219 -0.05376096522685289
vn -0.9985285550570161 0.007105163870392219 -0.05376096522685289
vn -0.8580150077592381 -0.01851249687444204 -0.513290886261765
vn -0.8580150077592381 -0.01851249687444204 -0.513290886261765
vn -0.8580150077592381 -0.01851249687444204 -0.513290886261765
vn 0.26981339079799493 -0.007235298458197675 -0.9628854472897124
vn 0.26981339079799493 -0.007235298458197675 -0.9628854472897124
vn 0.26981339079799493 -0.007235298458197675 -0.9628854472897124
vn 0.8863026136989167 -0.0073436444695564405 -0.4630483212758401
vn 0.8863026136989167 -0.0073436444695564405 -0.4630483212758401
vn 0.8863026136989167 -0.0073436444695564405 -0.4630483212758401
vn 0.8806129834624596 -0.013576165989794676 -0.473641701156437
vn 0.8806129834624596 -0.013576165989794676 -0.473641701156437
vn 0.8806129834624596 -0.013576165989794676 -0.473641701156437
vn 0.9872129236993838 -0.010328145983870963 -0.1590722247328244
vn 0.9872129236993838 -0.010328145983870963 -0.1590722247328244
vn 0.9872129236993838 -0.010328145983870963 -0.1590722247328244
vn 0.998867083669599 0.0038807349789418684 -0.04742877878897673
vn 0.998867083669599 0.0038807349789418684 -0.04742877878897673
vn 0.998867083669599 0.0038807349789418684 -0.04742877878897673
vn 0.9636687856812386 0.011103566058651771 -0.26686922326193435
vn 0.9636687856812386 0.011103566058651771 -0.26686922326193435
vn 0.9636687856812386 0.011103566058651771 -0.26686922326193435
vn -0.6582162205391858 0.010176479546142637 -0.7527601518964437
vn -0.6582162205391858 0.010176479546142637 -0.7527601518964437
vn -0.6582162205391858 0.010176479546142637 -0.7527601518964437
vn -0.6373276707886851 -0.7656972405142873 0.08672471340901168
vn -0.6373276707886851 -0.7656972405142873 0.08672471340901168
vn -0.6373276707886851 -0.7656972405142873 0.08672471340901168
vn -0.8903307075817097 -0.4551580424125395 0.011932626041109173
vn -0.8903307075817097 -0.4551580424125395 0.011932626041109173
vn -0.8903307075817097 -0.4551580424125395 0.011932626041109173
vn -0.8931632770520078 0.0043001133655364565 -0.4497119851090936
vn -0.8931632770520078 0.0043001133655364565 -0.4497119851090936
vn -0.8931632770520078 0.0043001133655364565 -0.4497119851090936
vn -0.8741187381998609 -0.38445076032935127 -0.2968400990601956
vn -0.8741187381998609 -0.38445076032935127 -0.2968400990601956
vn -0.8741187381998609 -0.38445076032935127 -0.2968400990601956
vn -0.8623720524685995 -0.3765905848661801 -0.33836958272167933
vn -0.8623720524685995 -0.3765905848661801 -0.33836958272167933
vn -0.8623720524685995 -0.3765905848661801 -0.33836958272167933
vn -0.9390315289690254 -0.25425374172742315 -0.2314623563772284
vn -0.9390315289690254 -0.25425374172742315 -0.2314623563772284
vn -0.9390315289690254 -0.25425374172742315 -0.2314623563772284
vn -0.9778713127211027 -0.09843839845229453 -0.18460113073124643
vn -0.9778713127211027 -0.09843839845229453 -0.18460113073124643
vn -0.9778713127211027 -0.09843839845229453 -0.18460113073124643
vn -0.9645321533908938 0.0065706359413444096 -0.26388359520525645
vn -0.9645321533908938 0.0065706359413444096 -0.26388359520525645
vn -0.9645321533908938 0.0065706359413444096 -0.26388359520525645
vn -0.9823747020453977 -0.01398050841650041 -0.1863987397104182
vn -0.9823747020453977 -0.01398050841650041 -0.1863987397104182
vn -0.9823747020453977 -0.01398050841650041 -0.1863987397104182
vn -0.948116050739139 -0.3150824860134574 0.042414400130120634
vn -0.948116050739139 -0.3150824860134574 0.042414400130120634
vn -0.948116050739139 -0.3150824860134574 0.042414400130120634
vn -0.9803557063371884 -0.17968327289944125 -0.08134255031812898
vn -0.9803557063371884 -0.17968327289944125 -0.08134255031812898
vn -0.9803557063371884 -0.17968327289944125 -0.08134255031812898
vn -0.9997905361102328 -0.012682628650816133 -0.01606346273127025
vn -0.9997905361102328 -0.012682628650816133 -0.01606346273127025
vn -0.9997905361102328 -0.012682628650816133 -0.01606346273127025
vn -0.8601643322666925 -0.500903897424335 -0.09598232671333934
vn -0.8601643322666925 -0.500903897424335 -0.09598232671333934
vn -0.8601643322666925 -0.500903897424335 -0.09598232671333934
vn -0.824663473565171 -0.5645374746842887 -0.03503705245183655
vn -0.824663473565171 -0.5645374746842887 -0.03503705245183655
vn -0.824663473565171 -0.5645374746842887 -0.03503705245183655
vn -0.9161761767720336 -0.3610660640593542 -0.1739324883397744
vn -0.9161761767720336 -0.3610660640593542 -0.1739324883397744
vn -0.9161761767720336 -0.3610660640593542 -0.1739324883397744
vn 0.7450784273579764 0.025131144914648056 -0.666503235281753
vn 0.7450784273579764 0.025131144914648056 -0.666503235281753
vn 0.7450784273579764 0.025131144914648056 -0.666503235281753
vn 0.9778160285823643 -0.1351782358445015 -0.16000830853859316
vn 0.9778160285823643 -0.1351782358445015 -0.16000830853859316
vn 0.9778160285823643 -0.1351782358445015 -0.16000830853859316
vn 0.9275943210476975 -0.29989839148582953 -0.22277731110746807
vn 0.9275943210476975 -0.29989839148582953 -0.22277731110746807
vn 0.9275943210476975 -0.29989839148582953 -0.22277731110746807
vn 0.8168703399745465 -0.4587664352274186 -0.3496515488005098
vn 0.8168703399745465 -0.4587664352274186 -0.3496515488005098
vn 0.8168703399745465 -0.4587664352274186 -0.3496515488005098
vn -0.09057192321051874 -0.5130368367286283 -0.8535747951324656
vn -0.09057192321051874 -0.5130368367286283 -0.8535747951324656
vn -0.09057192321051874 -0.5130368367286283 -0.8535747951324656
vn -0.49326241430322365 -0.44196075571917803 -0.749241537182695
vn -0.49326241430322365 -0.44196075571917803 -0.749241537182695
vn -0.49326241430322365 -0.44196075571917803 -0.749241537182695
vn -0.5467318919872092 -0.5900096326825612 -0.5941152006352605
vn -0.5467318919872092 -0.5900096326825612 -0.5941152006352605
vn -0.5467318919872092 -0.5900096326825612 -0.5941152006352605
vn -0.7389500271471398 -0.5278505776041531 -0.41872022294391664
vn -0.7389500271471398 -0.5278505776041531 -0.41872022294391664
vn -0.7389500271471398 -0.5278505776041531 -0.41872022294391664
vn -0.9148741001698812 -0.19136105965724762 -0.35550854516481795
vn -0.9148741001698812 -0.19136105965724762 -0.35550854516481795
vn -0.9148741001698812 -0.19136105965724762 -0.35550854516481795
vn 0.42168548283570356 -0.49865701298405907 -0.7573127075174663
vn 0.42168548283570356 -0.49865701298405907 -0.7573127075174663
vn 0.42168548283570356 -0.49865701298405907 -0.7573127075174663
vn 0.17553776212969455 -0.431891404416623 -0.8846786472259495
vn 0.17553776212969455 -0.431891404416623 -0.8846786472259495
vn 0.17553776212969455 -0.431891404416623 -0.8846786472259495
vn -0.9746146876766832 -0.13635325541835033 -0.1775781526587637
vn -0.9746146876766832 -0.13635325541835033 -0.1775781526587637
vn -0.9746146876766832 -0.13635325541835033 -0.1775781526587637
vn -0.34578139459461554 -0.7590776276753332 -0.5515762706235565
vn -0.34578139459461554 -0.7590776276753332 -0.5515762706235565
vn -0.34578139459461554 -0.7590776276753332 -0.5515762706235565
vn 0.33466621383063655 -0.7672681017476094 -0.5470815161937813
vn 0.33466621383063655 -0.7672681017476094 -0.5470815161937813
vn 0.33466621383063655 -0.7672681017476094 -0.5470815161937813
vn -0.8136175870984181 0.006038087420231437 -0.5813690424028903
vn -0.8136175870984181 0.006038087420231437 -0.5813690424028903
vn -0.8136175870984181 0.006038087420231437 -0.5813690424028903
vn -0.76535094868098 -0.39060623006802686 -0.5115317178681763
vn -0.76535094868098 -0.39060623006802686 -0.5115317178681763
vn -0.76535094868098 -0.39060623006802686 -0.5115317178681763
vn -0.27738591538820656 -0.5044792205423291 -0.8176538203819823
vn -0.27738591538820656 -0.5044792205423291 -0.8176538203819823
vn -0.27738591538820656 -0.5044792205423291 -0.8176538203819823
vn -0.062283578609078835 -0.656152241524001 -0.7520538489886716
vn -0.062283578609078835 -0.656152241524001 -0.7520538489886716
vn -0.062283578609078835 -0.656152241524001 -0.7520538489886716
vn 0.17317641775658082 -0.45577682739800085 -0.8730849969733823
vn 0.17317641775658082 -0.45577682739800085 -0.8730849969733823
vn 0.17317641775658082 -0.45577682739800085 -0.8730849969733823
vn 0.48475117757523684 -0.6193429989467097 -0.6176006359251237
vn 0.48475117757523684 -0.6193429989467097 -0.6176006359251237
vn 0.48475117757523684 -0.6193429989467097 -0.6176006359251237
vn 0.6333911459279065 -0.43785372655474053 -0.6380437057147886
vn 0.6333911459279065 -0.43785372655474053 -0.6380437057147886
vn 0.6333911459279065 -0.43785372655474053 -0.6380437057147886
vn 0.6157339743411683 -0.5140750947518298 -0.5971586638389554
vn 0.6157339743411683 -0.5140750947518298 -0.5971586638389554
vn 0.6157339743411683 -0.5140750947518298 -0.5971586638389554
vn 0.7485192011321069 -0.41637347201324537 -0.516093147929894
vn 0.7485192011321069 -0.41637347201324537 -0.516093147929894
vn 0.7485192011321069 -0.41637347201324537 -0.516093147929894
vn 0.7401347852135018 -0.44369099118111704 -0.5053106015726182
vn 0.7401347852135018 -0.44369099118111704 -0.5053106015726182
vn 0.7401347852135018 -0.44369099118111704 -0.5053106015726182
vn 0.8545210423585712 -0.3313590014221563 -0.3999937503798432
vn 0.8545210423585712 -0.3313590014221563 -0.3999937503798432
vn 0.8545210423585712 -0.3313590014221563 -0.3999937503798432
vn 0.9123778845326779 -0.27886059593197027 -0.2996720938828669
vn 0.9123778845326779 -0.27886059593197027 -0.2996720938828669
vn 0.9123778845326779 -0.27886059593197027 -0.2996720938828669
vn 0.9792283019388117 -0.136633289636126 -0.14981080349975426
vn 0.9792283019388117 -0.136633289636126 -0.14981080349975426
vn 0.9792283019388117 -0.136633289636126 -0.14981080349975426
vn 0.9990864206817444 -0.02700343304378211 -0.033123082785127426
vn 0.9990864206817444 -0.02700343304378211 -0.033123082785127426
vn 0.9990864206817444 -0.02700343304378211 -0.033123082785127426
vn -0.9996246983770029 -0.027295586508826054 0.002326661089471537
vn -0.9996246983770029 -0.027295586508826054 0.002326661089471537
vn -0.9996246983770029 -0.027295586508826054 0.002326661089471537
vn 0.998538193815803 -0.05379437642975473 0.005257428611778381
vn 0.998538193815803 -0.05379437642975473 0.005257428611778381
vn 0.998538193815803 -0.05379437642975473 0.005257428611778381
vn 0.9982443962793416 -0.004818194039052601 0.059033128860792976
vn 0.9982443962793416 -0.004818194039052601 0.059033128860792976
vn 0.9982443962793416 -0.004818194039052601 0.059033128860792976
vn 0.9249579991669835 0.010744011128573861 0.3799174462983763
vn 0.9249579991669835 0.010744011128573861 0.3799174462983763
vn 0.9249579991669835 0.010744011128573861 0.3799174462983763
vn 0.8765250622039932 -0.007124812486610746 0.48130349300136654
vn 0.8765250622039932 -0.007124812486610746 0.48130349300136654
vn 0.8765250622039932 -0.007124812486610746 0.48130349300136654
vn 0.8104952620757725 0.01720372969943808 0.5854924951159952
vn 0.8104952620757725 0.01720372969943808 0.5854924951159952
vn 0.8104952620757725 0.01720372969943808 0.5854924951159952
vn -0.9154033166459549 -0.009319927646860609 0.4024300023882952
vn -0.9154033166459549 -0.009319927646860609 0.4024300023882952
vn -0.9154033166459549 -0.009319927646860609 0.4024300023882952
vn -0.9891925057315922 -0.01138404872844089 0.14617999192434783
vn -0.9891925057315922 -0.01138404872844089 0.14617999192434783
vn -0.9891925057315922 -0.01138404872844089 0.14617999192434783
vn -0.9973383297467611 0.0018881379622072438 0.0728882086004071
vn -0.9973383297467611 0.0018881379622072438 0.0728882086004071
vn -0.9973383297467611 0.0018881379622072438 0.0728882086004071
vn 0.9518724475824739 -0.24096016069105242 0.18941236626232366
vn 0.9518724475824739 -0.24096016069105242 0.18941236626232366
vn 0.9518724475824739 -0.24096016069105242 0.18941236626232366
vn 0.8053188789097009 -0.30114873754146204 0.510657361788515
vn 0.8053188789097009 -0.30114873754146204 0.510657361788515
vn 0.8053188789097009 -0.30114873754146204 0.510657361788515
vn 0.8913761994849994 -0.32463386733042454 0.31632471160782083
vn 0.8913761994849994 -0.32463386733042454 0.31632471160782083
vn 0.8913761994849994 -0.32463386733042454 0.31632471160782083
vn 0.9885162578995701 0.006469214248601582 0.15097601509920805
vn 0.9885162578995701 0.006469214248601582 0.15097601509920805
vn 0.9885162578995701 0.006469214248601582 0.15097601509920805
vn -0.029273277126755343 -0.7206169957504439 0.6927151078775927
vn -0.029273277126755343 -0.7206169957504439 0.6927151078775927
vn -0.029273277126755343 -0.7206169957504439 0.6927151078775927
vn 0.017679268196570418 -0.5209356458688468 0.8534128522229093
vn 0.017679268196570418 -0.5209356458688468 0.8534128522229093
vn 0.017679268196570418 -0.5209356458688468 0.8534128522229093
vn -0.23846273792709927 -0.6080340317470996 0.7572517011256421
vn -0.23846273792709927 -0.6080340317470996 0.7572517011256421
vn -0.23846273792709927 -0.6080340317470996 0.7572517011256421
vn -0.42836453471523955 -0.6775230600983136 0.5978848789133347
vn -0.42836453471523955 -0.6775230600983136 0.5978848789133347
vn -0.42836453471523955 -0.6775230600983136 0.5978848789133347
vn -0.6623554044329977 -0.19108013273856256 0.724412659394501
vn -0.6623554044329977 -0.19108013273856256 0.724412659394501
vn -0.6623554044329977 -0.19108013273856256 0.724412659394501
vn -0.8724772493126689 0.01656848781208168 0.4883737653103609
vn -0.8724772493126689 0.01656848781208168 0.4883737653103609
vn -0.8724772493126689 0.01656848781208168 0.4883737653103609
vn -0.2560666819712905 -0.49861014282014293 0.8281411593811109
vn -0.2560666819712905 -0.49861014282014293 0.8281411593811109
vn -0.2560666819712905 -0.49861014282014293 0.8281411593811109
vn -0.5237442213899225 -0.6331075976255428 0.5699708417011151
vn -0.5237442213899225 -0.6331075976255428 0.5699708417011151
vn -0.5237442213899225 -0.6331075976255428 0.5699708417011151
vn -0.7494139218968299 0.0013891037354227672 0.6621003277887911
vn -0.7494139218968299 0.0013891037354227672 0.6621003277887911
vn -0.7494139218968299 0.0013891037354227672 0.6621003277887911
vn -0.19064540771443908 -0.9816373982086757 -0.006507453841345461
vn -0.19064540771443908 -0.9816373982086757 -0.006507453841345461
vn -0.19064540771443908 -0.9816373982086757 -0.006507453841345461
vn -0.5849709409995912 -0.810726628637492 0.02305063565585661
vn -0.5849709409995912 -0.810726628637492 0.02305063565585661
vn -0.5849709409995912 -0.810726628637492 0.02305063565585661
vn -0.3644923218659501 -0.9311795104161092 -0.007075781369124089
vn -0.3644923218659501 -0.9311795104161092 -0.007075781369124089
vn -0.3644923218659501 -0.9311795104161092 -0.007075781369124089
vn -0.3877686607299479 -0.9216362946030723 0.014899873355881946
vn -0.3877686607299479 -0.9216362946030723 0.014899873355881946
vn -0.3877686607299479 -0.9216362946030723 0.014899873355881946
vn -0.5091419336565959 -0.860493262446223 -0.018050946708634275
vn -0.5091419336565959 -0.860493262446223 -0.018050946708634275
vn -0.5091419336565959 -0.860493262446223 -0.018050946708634275
vn -0.46271146746862457 -0.5752480204492515 0.6745278443787547
vn -0.46271146746862457 -0.5752480204492515 0.6745278443787547
vn -0.46271146746862457 -0.5752480204492515 0.6745278443787547
vn -0.7418082511396624 -0.6003822809691647 0.29876685766560257
vn -0.7418082511396624 -0.6003822809691647 0.29876685766560257
vn -0.7418082511396624 -0.6003822809691647 0.29876685766560257
vn -0.7848497595368534 -0.3597697600131108 0.5045558192460494
vn -0.7848497595368534 -0.3597697600131108 0.5045558192460494
vn -0.7848497595368534 -0.3597697600131108 0.5045558192460494
vn -0.8609111410850839 -0.17438686100217993 0.47793433635321186
vn -0.8609111410850839 -0.17438686100217993 0.47793433635321186
vn -0.8609111410850839 -0.17438686100217993 0.47793433635321186
vn -0.9269537352749273 -0.24108983636314454 0.2874586291316584
vn -0.9269537352749273 -0.24108983636314454 0.2874586291316584
vn -0.9269537352749273 -0.24108983636314454 0.2874586291316584
vn -0.5789552309821069 -0.7252721760004254 0.3725467906693914
vn -0.5789552309821069 -0.7252721760004254 0.3725467906693914
vn -0.5789552309821069 -0.7252721760004254 0.3725467906693914
vn -0.7985842804425026 -0.39592948458983795 0.45332437642658885
vn -0.7985842804425026 -0.39592948458983795 0.45332437642658885
vn -0.7985842804425026 -0.39592948458983795 0.45332437642658885
vn -0.9623648718417009 0.00804370937331285 0.2716415877302735
vn -0.9623648718417009 0.00804370937331285 0.2716415877302735
vn -0.9623648718417009 0.00804370937331285 0.2716415877302735
vn -0.9414316807941899 -0.33715372547470907 -0.005809973799522141
vn -0.9414316807941899 -0.33715372547470907 -0.005809973799522141
vn -0.9414316807941899 -0.33715372547470907 -0.005809973799522141
vn -0.9854854373395137 -0.1696274732415102 -0.006706199627847113
vn -0.9854854373395137 -0.1696274732415102 -0.006706199627847113
vn -0.9854854373395137 -0.1696274732415102 -0.006706199627847113
vn -0.9323229043870764 -0.36152457609977506 0.008601327288515283
vn -0.9323229043870764 -0.36152457609977506 0.008601327288515283
vn -0.9323229043870764 -0.36152457609977506 0.008601327288515283
vn -0.6629272149547003 -0.7475522808716278 -0.04114723606794515
vn -0.6629272149547003 -0.7475522808716278 -0.04114723606794515
vn -0.6629272149547003 -0.7475522808716278 -0.04114723606794515
vn -0.8713266253786326 -0.43931058050789906 0.21862325073078753
vn -0.8713266253786326 -0.43931058050789906 0.21862325073078753
vn -0.8713266253786326 -0.43931058050789906 0.21862325073078753
vn -0.8710082918470001 -0.4380080774887251 0.2224713005949352
vn -0.8710082918470001 -0.4380080774887251 0.2224713005949352
vn -0.8710082918470001 -0.4380080774887251 0.2224713005949352
vn -0.8102413773011679 -0.5860122269428019 0.00992876541391451
vn -0.8102413773011679 -0.5860122269428019 0.00992876541391451
vn -0.8102413773011679 -0.5860122269428019 0.00992876541391451
vn -0.8220357834152628 -0.569426591956891 -0.003244558092445245
vn -0.8220357834152628 -0.569426591956891 -0.003244558092445245
vn -0.8220357834152628 -0.569426591956891 -0.003244558092445245
vn -0.9541428900354187 -0.26868636021937414 0.131981003280486
vn -0.9541428900354187 -0.26868636021937414 0.131981003280486
vn -0.9541428900354187 -0.26868636021937414 0.131981003280486
vn -0.9314706512977248 -0.2212421342549114 0.28881541475711475
vn -0.9314706512977248 -0.2212421342549114 0.28881541475711475
vn -0.9314706512977248 -0.2212421342549114 0.28881541475711475
vn -0.9981280394556611 -0.06047477469729142 0.009122416221051094
vn -0.9981280394556611 -0.06047477469729142 0.009122416221051094
vn -0.9981280394556611 -0.06047477469729142 0.009122416221051094
vn -0.991722310615672 -0.08890459164394257 0.09264357620329934
vn -0.991722310615672 -0.08890459164394257 0.09264357620329934
vn -0.991722310615672 -0.08890459164394257 0.09264357620329934
vn -0.9996769247691772 -0.025266924416623853 0.002761994671480875
vn -0.9996769247691772 -0.025266924416623853 0.002761994671480875
vn -0.9996769247691772 -0.025266924416623853 0.002761994671480875
vn -0.979494149781579 -0.16943824210415656 0.10900409467682877
vn -0.979494149781579 -0.16943824210415656 0.10900409467682877
vn -0.979494149781579 -0.16943824210415656 0.10900409467682877
vn 0.9663048565043306 -0.2573068487483193 -0.006936128845021127
vn 0.9663048565043306 -0.2573068487483193 -0.006936128845021127
vn 0.9663048565043306 -0.2573068487483193 -0.006936128845021127
vn 0.8782095806743199 -0.47827594914795585 -0.00022108472800599387
vn 0.8782095806743199 -0.47827594914795585 -0.00022108472800599387
vn 0.8782095806743199 -0.47827594914795585 -0.00022108472800599387
vn 0.8802426606703485 -0.47451920122079855 -0.0020942800102202075
vn 0.8802426606703485 -0.47451920122079855 -0.0020942800102202075
vn 0.8802426606703485 -0.47451920122079855 -0.0020942800102202075
vn 0.9532961090904435 -0.3019827852124577 0.005738103201234888
vn 0.9532961090904435 -0.3019827852124577 0.005738103201234888
vn 0.9532961090904435 -0.3019827852124577 0.005738103201234888
vn 0.9976478437143774 -0.06792836784813744 0.009193300470533326
vn 0.9976478437143774 -0.06792836784813744 0.009193300470533326
vn 0.9976478437143774 -0.06792836784813744 0.009193300470533326
vn 0.7381490387963247 -0.6744602248552969 0.015472608448618447
vn 0.7381490387963247 -0.6744602248552969 0.015472608448618447
vn 0.7381490387963247 -0.6744602248552969 0.015472608448618447
vn 0.7612210445124442 -0.6484893503300433 -0.002020866126651793
vn 0.7612210445124442 -0.6484893503300433 -0.002020866126651793
vn 0.7612210445124442 -0.6484893503300433 -0.002020866126651793
vn 0.5327515074164001 -0.8462693203381068 -0.0020171266772645914
vn 0.5327515074164001 -0.8462693203381068 -0.0020171266772645914
vn 0.5327515074164001 -0.8462693203381068 -0.0020171266772645914
vn 0.6441901775760606 -0.7646172468861755 -0.019480268959355295
vn 0.6441901775760606 -0.7646172468861755 -0.019480268959355295
vn 0.6441901775760606 -0.7646172468861755 -0.019480268959355295
vn 0.32182964483581095 -0.944064492110229 -0.07188820794477359
vn 0.32182964483581095 -0.944064492110229 -0.07188820794477359
vn 0.32182964483581095 -0.944064492110229 -0.07188820794477359
vn 0.9147379154174453 -0.25156673117515893 0.3161783133986138
vn 0.9147379154174453 -0.25156673117515893 0.3161783133986138
vn 0.9147379154174453 -0.25156673117515893 0.3161783133986138
vn 0.9732154184706682 -0.15139007837441645 0.1730109632964051
vn 0.9732154184706682 -0.15139007837441645 0.1730109632964051
vn 0.9732154184706682 -0.15139007837441645 0.1730109632964051
vn 0.42522451225396735 -0.6529869428595033 0.6267313352891933
vn 0.42522451225396735 -0.6529869428595033 0.6267313352891933
vn 0.42522451225396735 -0.6529869428595033 0.6267313352891933
vn 0.40184957626814527 -0.7371356640956214 0.5432751888052862
vn 0.40184957626814527 -0.7371356640956214 0.5432751888052862
vn 0.40184957626814527 -0.7371356640956214 0.5432751888052862
vn 0.7609959266322923 -0.38068199265741237 0.5253250613814656
vn 0.7609959266322923 -0.38068199265741237 0.5253250613814656
vn 0.7609959266322923 -0.38068199265741237 0.5253250613814656
vn 0.5245113506618778 -0.3614575061031755 0.7708672481747588
vn 0.5245113506618778 -0.3614575061031755 0.7708672481747588
vn 0.5245113506618778 -0.3614575061031755 0.7708672481747588
vn 0.6577425703671491 -0.4870746213150771 0.5745720358645992
vn 0.6577425703671491 -0.4870746213150771 0.5745720358645992
vn 0.6577425703671491 -0.4870746213150771 0.5745720358645992
vn 0.7662233190329589 -0.3849044480398363 0.5145390084816359
vn 0.7662233190329589 -0.3849044480398363 0.5145390084816359
vn 0.7662233190329589 -0.3849044480398363 0.5145390084816359
vn 0.9638476929553315 -0.008893702143891482 0.2663053263584133
vn 0.9638476929553315 -0.008893702143891482 0.2663053263584133
vn 0.9638476929553315 -0.008893702143891482 0.2663053263584133
vn 0.9997201116557426 0.009897436164480342 0.0214881155153248
vn 0.9997201116557426 0.009897436164480342 0.0214881155153248
vn 0.9997201116557426 0.009897436164480342 0.0214881155153248
vn 0.9912409019426961 -0.11202401479172126 0.06994350881800898
vn 0.9912409019426961 -0.11202401479172126 0.06994350881800898
vn 0.9912409019426961 -0.11202401479172126 0.06994350881800898
vn 0.614650737041928 -0.7581428421683639 0.21777029715434046
vn 0.614650737041928 -0.7581428421683639 0.21777029715434046
vn 0.614650737041928 -0.7581428421683639 0.21777029715434046
vn 0.4971811452656683 -0.8663253152041519 0.04786812121595471
vn 0.4971811452656683 -0.8663253152041519 0.04786812121595471
vn 0.4971811452656683 -0.8663253152041519 0.04786812121595471
vn 0.17242575612257244 -0.553248804411749 0.8149755327876596
vn 0.17242575612257244 -0.553248804411749 0.8149755327876596
vn 0.17242575612257244 -0.553248804411749 0.8149755327876596
vn 0.2527813262202529 -0.7745586470703405 0.579793500621466
vn 0.2527813262202529 -0.7745586470703405 0.579793500621466
vn 0.2527813262202529 -0.7745586470703405 0.579793500621466
vn -0.9949877118685586 0.09950730806198076 0.009886802962952856
vn -0.9949877118685586 0.09950730806198076 0.009886802962952856
vn -0.9949877118685586 0.09950730806198076 0.009886802962952856
vn -0.998173864438063 0.06008000130441902 -0.006271347227230655
vn -0.998173864438063 0.06008000130441902 -0.006271347227230655
vn -0.998173864438063 0.06008000130441902 -0.006271347227230655
vn -0.9723946311437615 0.23324452003103593 0.0067583428649204335
vn -0.9723946311437615 0.23324452003103593 0.0067583428649204335
vn -0.9723946311437615 0.23324452003103593 0.0067583428649204335
vn -0.9345956560729896 0.3556397303372662 -0.007165323100503603
vn -0.9345956560729896 0.3556397303372662 -0.007165323100503603
vn -0.9345956560729896 0.3556397303372662 -0.007165323100503603
vn -0.8657451131435298 0.5004433908265263 0.006466192553995713
vn -0.8657451131435298 0.5004433908265263 0.006466192553995713
vn -0.8657451131435298 0.5004433908265263 0.006466192553995713
vn -0.8021935156847226 0.5970192501238777 -0.007319725056816591
vn -0.8021935156847226 0.5970192501238777 -0.007319725056816591
vn -0.8021935156847226 0.5970192501238777 -0.007319725056816591
vn -0.6412954992784408 0.7672939975902217 0.00006218707195041826
vn -0.6412954992784408 0.7672939975902217 0.00006218707195041826
vn -0.6412954992784408 0.7672939975902217 0.00006218707195041826
vn -0.6220453356256198 0.7829560009605422 0.006284981009151645
vn -0.6220453356256198 0.7829560009605422 0.006284981009151645
vn -0.6220453356256198 0.7829560009605422 0.006284981009151645
vn -0.3907744064938349 0.9204653080988366 -0.00624338176831125
vn -0.3907744064938349 0.9204653080988366 -0.00624338176831125
vn -0.3907744064938349 0.9204653080988366 -0.00624338176831125
vn -0.45243060145259884 0.8917995007818242 0.0004486362987915746
vn -0.45243060145259884 0.8917995007818242 0.0004486362987915746
vn -0.45243060145259884 0.8917995007818242 0.0004486362987915746
vn -0.3534929676868629 0.9108006163663743 0.21327203056792782
vn -0.3534929676868629 0.9108006163663743 0.21327203056792782
vn -0.3534929676868629 0.9108006163663743 0.21327203056792782
vn -0.30557914867850394 0.9521587868811613 0.0038766555065096885
vn -0.30557914867850394 0.9521587868811613 0.0038766555065096885
vn -0.30557914867850394 0.9521587868811613 0.0038766555065096885
vn -0.14749524270571704 0.9890499298231812 -0.0050388189034894755
vn -0.14749524270571704 0.9890499298231812 -0.0050388189034894755
vn -0.14749524270571704 0.9890499298231812 -0.0050388189034894755
vn -0.014402562618831067 0.999807288913614 0.013339836026725982
vn -0.014402562618831067 0.999807288913614 0.013339836026725982
vn -0.014402562618831067 0.999807288913614 0.013339836026725982
vn 0.1501040607752914 0.9886257052830595 -0.009380074218303619
vn 0.1501040607752914 0.9886257052830595 -0.009380074218303619
vn 0.1501040607752914 0.9886257052830595 -0.009380074218303619
vn 0.21577919858723066 0.9764420913363607 -0.0004239383529458514
vn 0.21577919858723066 0.9764420913363607 -0.0004239383529458514
vn 0.21577919858723066 0.9764420913363607 -0.0004239383529458514
vn 0.4175505846153864 0.9086419148114776 0.004623844188634888
vn 0.4175505846153864 0.9086419148114776 0.004623844188634888
vn 0.4175505846153864 0.9086419148114776 0.004623844188634888
vn 0.6485704097043565 0.7610786455651334 0.010757272919535672
vn 0.6485704097043565 0.7610786455651334 0.010757272919535672
vn 0.6485704097043565 0.7610786455651334 0.010757272919535672
vn 0.4956204367125321 0.8684918410526203 -0.009072195870287496
vn 0.4956204367125321 0.8684918410526203 -0.009072195870287496
vn 0.4956204367125321 0.8684918410526203 -0.009072195870287496
vn 0.7367853153937843 0.6760814994882035 -0.007823366913560604
vn 0.7367853153937843 0.6760814994882035 -0.007823366913560604
vn 0.7367853153937843 0.6760814994882035 -0.007823366913560604
vn 0.8952333363592143 0.445585699506161 -0.0032646388399596026
vn 0.8952333363592143 0.445585699506161 -0.0032646388399596026
vn 0.8952333363592143 0.445585699506161 -0.0032646388399596026
vn 0.8756602365534192 0.4829176641759217 0.003111229030760758
vn 0.8756602365534192 0.4829176641759217 0.003111229030760758
vn 0.8756602365534192 0.4829176641759217 0.003111229030760758
vn 0.8810925358179096 0.4587267273877253 0.11509010776827487
vn 0.8810925358179096 0.4587267273877253 0.11509010776827487
vn 0.8810925358179096 0.4587267273877253 0.11509010776827487
vn 0.9333535128584038 0.3589584939652222 0.00014016096685576316
vn 0.9333535128584038 0.3589584939652222 0.00014016096685576316
vn 0.9333535128584038 0.3589584939652222 0.00014016096685576316
vn 0.9804615225925858 0.19671013645432966 -0.0005700276726697705
vn 0.9804615225925858 0.19671013645432966 -0.0005700276726697705
vn 0.9804615225925858 0.19671013645432966 -0.0005700276726697705
vn 0.9833688040224553 0.18159422094309582 -0.003055191567860012
vn 0.9833688040224553 0.18159422094309582 -0.003055191567860012
vn 0.9833688040224553 0.18159422094309582 -0.003055191567860012
vn 0.9999680395408966 -0.007989218359707461 0.00030378732105258206
vn 0.9999680395408966 -0.007989218359707461 0.00030378732105258206
vn 0.9999680395408966 -0.007989218359707461 0.00030378732105258206
vn 0.014423613720268399 -0.9996506172379367 -0.02214955582084953
vn 0.014423613720268399 -0.9996506172379367 -0.02214955582084953
vn 0.014423613720268399 -0.9996506172379367 -0.02214955582084953
vn 0.16286559115114718 -0.9810817664331231 0.10465833359771308
vn 0.16286559115114718 -0.9810817664331231 0.10465833359771308
vn 0.16286559115114718 -0.9810817664331231 0.10465833359771308
vn 0.1742619090582793 -0.9815375599581734 0.07884672119193616
vn 0.1742619090582793 -0.9815375599581734 0.07884672119193616
vn 0.1742619090582793 -0.9815375599581734 0.07884672119193616
vn -0.1394722879497823 -0.9863524230182499 0.08750073428309284
vn -0.1394722879497823 -0.9863524230182499 0.08750073428309284
vn -0.1394722879497823 -0.9863524230182499 0.08750073428309284
vn 0.00005756433065109879 0.4027022053095942 -0.9153310496892025
vn 0.00005756433065109879 0.4027022053095942 -0.9153310496892025
vn 0.00005756433065109879 0.4027022053095942 -0.9153310496892025
vn -0.00005054107796494548 0.4027851144417908 -0.9152945695401634
vn -0.00005054107796494548 0.4027851144417908 -0.9152945695401634
vn -0.00005054107796494548 0.4027851144417908 -0.9152945695401634
vn -0.0000170206744879798 0.40274422310890373 -0.9153125643531298
vn -0.0000170206744879798 0.40274422310890373 -0.9153125643531298
vn -0.0000170206744879798 0.40274422310890373 -0.9153125643531298
vn 0.00005933401825584068 0.40270125245555555 -0.9153314687861448
vn 0.00005933401825584068 0.40270125245555555 -0.9153314687861448
vn 0.00005933401825584068 0.40270125245555555 -0.9153314687861448
vn 0.00004378399458562525 0.4027108777607493 -0.9153272349362979
vn 0.00004378399458562525 0.4027108777607493 -0.9153272349362979
vn 0.00004378399458562525 0.4027108777607493 -0.9153272349362979
vn -0.000027657186144057636 0.4027592209574035 -0.9153059647838343
vn -0.000027657186144057636 0.4027592209574035 -0.9153059647838343
vn -0.000027657186144057636 0.4027592209574035 -0.9153059647838343
vn -0.00006084179385465462 0.4027879225962651 -0.9152933331500134
vn -0.00006084179385465462 0.4027879225962651 -0.9152933331500134
vn -0.00006084179385465462 0.4027879225962651 -0.9152933331500134
vn -0.00008819530426572254 0.4027701126378942 -0.9153011682431343
vn -0.00008819530426572254 0.4027701126378942 -0.9153011682431343
vn -0.00008819530426572254 0.4027701126378942 -0.9153011682431343
vn 0.0000400558425545432 0.40274400112527087 -0.9153126613093131
vn 0.0000400558425545432 0.40274400112527087 -0.9153126613093131
vn 0.0000400558425545432 0.40274400112527087 -0.9153126613093131
vn 0.00013612556998581963 0.40270378926585493 -0.915330344509976
vn 0.00013612556998581963 0.40270378926585493 -0.915330344509976
vn 0.00013612556998581963 0.40270378926585493 -0.915330344509976
vn 0.00004668278359756962 0.4026901375484167 -0.915336359455886
vn 0.00004668278359756962 0.4026901375484167 -0.915336359455886
vn 0.00004668278359756962 0.4026901375484167 -0.915336359455886
vn 0.000007876990848367058 0.40275147695207175 -0.9153093726991317
vn 0.000007876990848367058 0.40275147695207175 -0.9153093726991317
vn 0.000007876990848367058 0.40275147695207175 -0.9153093726991317
vn -0.000048437169921899424 0.4027398492312913 -0.9153144877554367
vn -0.000048437169921899424 0.4027398492312913 -0.9153144877554367
vn -0.000048437169921899424 0.4027398492312913 -0.9153144877554367
vn 0.0003092651632133126 0.40271544814036253 -0.9153251729217139
vn 0.0003092651632133126 0.40271544814036253 -0.9153251729217139
vn 0.0003092651632133126 0.40271544814036253 -0.9153251729217139
vn -0.00010393056917160505 0.40275057193596103 -0.9153097650542645
vn -0.00010393056917160505 0.40275057193596103 -0.9153097650542645
vn -0.00010393056917160505 0.40275057193596103 -0.9153097650542645
vn -0.00016033182044955933 0.40277343277122407 -0.9152996974474491
vn -0.00016033182044955933 0.40277343277122407 -0.9152996974474491
vn -0.00016033182044955933 0.40277343277122407 -0.9152996974474491
vn -0.0006783117845572363 0.40272684933877667 -0.9153199575639029
vn -0.0006783117845572363 0.40272684933877667 -0.9153199575639029
vn -0.0006783117845572363 0.40272684933877667 -0.9153199575639029
vn -0.00007541698219645191 0.4027568739543481 -0.9153069948355033
vn -0.00007541698219645191 0.4027568739543481 -0.9153069948355033
vn -0.00007541698219645191 0.4027568739543481 -0.9153069948355033
vn -0.00021563180470807314 0.4026934744696204 -0.9153348672057183
vn -0.00021563180470807314 0.4026934744696204 -0.9153348672057183
vn -0.00021563180470807314 0.4026934744696204 -0.9153348672057183
f 1//1 2//2 3//3
f 4//4 5//5 6//6
f 7//7 8//8 9//9
f 10//10 11//11 12//12
f 13//13 14//14 15//15
f 16//16 17//17 18//18
f 19//19 20//20 21//21
f 22//22 23//23 24//24
f 25//25 26//26 27//27
f 28//28 29//29 30//30
f 31//31 32//32 33//33
f 34//34 35//35 36//36
f 37//37 38//38 39//39
f 40//40 41//41 42//42
f 43//43 44//44 45//45
f 46//46 47//47 48//48
f 49//49 50//50 51//51
f 52//52 53//53 54//54
f 55//55 56//56 57//57
f 58//58 59//59 60//60
f 61//61 62//62 63//63
f 64//64 65//65 66//66
f 67//67 68//68 69//69
f 70//70 71//71 72//72
f 73//73 74//74 75//75
f 76//76 77//77 78//78
f 79//79 80//80 81//81
f 82//82 83//83 84//84
f 85//85 86//86 87//87
f 88//88 89//89 90//90
f 91//91 92//92 93//93
f 94//94 95//95 96//96
f 97//97 98//98 99//99
f 100//100 101//101 102//102
f 103//103 104//104 105//105
f 106//106 107//107 108//108
f 109//109 110//110 111//111
f 112//112 113//113 114//114
f 115//115 116//116 117//117
f 118//118 119//119 120//120
f 121//121 122//122 123//123
f 124//124 125//125 126//126
f 127//127 128//128 129//129
f 130//130 131//131 132//132
f 133//133 134//134 135//135
f 136//136 137//137 138//138
f 139//139 140//140 141//141
f 142//142 143//143 144//144
f 145//145 146//146 147//147
f 148//148 149//149 150//150
f 151//151 152//152 153//153
f 154//154 155//155 156//156
f 157//157 158//158 159//159
f 160//160 161//161 162//162
f 163//163 164//164 165//165
f 166//166 167//167 168//168
f 169//169 170//170 171//171
f 172//172 173//173 174//174
f 175//175 176//176 177//177
f 178//178 179//179 180//180
f 181//181 182//182 183//183
f 184//184 185//185 186//186
f 187//187 188//188 189//189
f 190//190 191//191 192//192
f 193//193 194//194 195//195
f 196//196 197//197 198//198
f 199//199 200//200 201//201
f 202//202 203//203 204//204
f 205//205 206//206 207//207
f 208//208 209//209 210//210
f 211//211 212//212 213//213
f 214//214 215//215 216//216
f 217//217 218//218 219//219
f 220//220 221//221 222//222
f 223//223 224//224 225//225
f 226//226 227//227 228//228
f 229//229 230//230 231//231
f 232//232 233//233 234//234
f 235//235 236//236 237//237
f 238//238 239//239 240//240
f 241//241 242//242 243//243
f 244//244 245//245 246//246
f 247//247 248//248 249//249
f 250//250 251//251 252//252
f 253//253 254//254 255//255
f 256//256 257//257 258//258
f 259//259 260//260 261//261
f 262//262 263//263 264//264
f 265//265 266//266 267//267
f 268//268 269//269 270//270
f 271//271 272//272 273//273
f 274//274 275//275 276//276
f 277//277 278//278 279//279
f 280//280 281//281 282//282
f 283//283 284//284 285//285
f 286//286 287//287 288//288
f 289//289 290//290 291//291
f 292//292 293//293 294//294
f 295//295 296//296 297//297
f 298//298 299//299 300//300
f 301//301 302//302 303//303
f 304//304 305//305 306//306
f 307//307 308//308 309//309
f 310//310 311//311 312//312
f 313//313 314//314 315//315
f 316//316 317//317 318//318
f 319//319 320//320 321//321
f 322//322 323//323 324//324
f 325//325 326//326 327//327
f 328//328 329//329 330//330
f 331//331 332//332 333//333
f 334//334 335//335 336//336
f 337//337 338//338 339//339
f 340//340 341//341 342//342
f 343//343 344//344 345//345
f 346//346 347//347 348//348
f 349//349 350//350 351//351
f 352//352 353//353 354//354
f 355//355 356//356 357//357
f 358//358 359//359 360//360
f 361//361 362//362 363//363
f 364//364 365//365 366//366
f 367//367 368//368 369//369
f 370//370 371//371 372//372
f 373//373 374//374 375//375
f 376//376 377//377 378//378
f 379//379 380//380 381//381
f 382//382 383//383 384//384
f 385//385 386//386 387//387
f 388//388 389//389 390//390
f 391//391 392//392 393//393
f 394//394 395//395 396//396
f 397//397 398//398 399//399
f 400//400 401//401 402//402
f 403//403 404//404 405//405
f 406//406 407//407 408//408
f 409//409 410//410 411//411
f 412//412 413//413 414//414
f 415//415 416//416 417//417
f 418//418 419//419 420//420
f 421//421 422//422 423//423
f 424//424 425//425 426//426
f 427//427 428//428 429//429
f 430//430 431//431 432//432
f 433//433 434//434 435//435
f 436//436 437//437 438//438
f 439//439 440//440 441//441
f 442//442 443//443 444//444
f 445//445 446//446 447//447
f 448//448 449//449 450//450
f 451//451 452//452 453//453
f 454//454 455//455 456//456
f 457//457 458//458 459//459
f 460//460 461//461 462//462
f 463//463 464//464 465//465
f 466//466 467//467 468//468
f 469//469 470//470 471//471
f 472//472 473//473 474//474
f 475//475 476//476 477//477
f 478//478 479//479 480//480
f 481//481 482//482 483//483
f 484//484 485//485 486//486
f 487//487 488//488 489//489
f 490//490 491//491 492//492
f 493//493 494//494 495//495
f 496//496 497//497 498//498
f 499//499 500//500 501//501
f 502//502 503//503 504//504
f 505//505 506//506 507//507
f 508//508 509//509 510//510
f 511//511 512//512 513//513
f 514//514 515//515 516//516
f 517//517 518//518 519//519
f 520//520 521//521 522//522
f 523//523 524//524 525//525
f 526//526 527//527 528//528
f 529//529 530//530 531//531
f 532//532 533//533 534//534
f 535//535 536//536 537//537
f 538//538 539//539 540//540
f 541//541 542//542 543//543
f 544//544 545//545 546//546
f 547//547 548//548 549//549
f 550//550 551//551 552//552
f 553//553 554//554 555//555
f 556//556 557//557 558//558
f 559//559 560//560 561//561
f 562//562 563//563 564//564
f 565//565 566//566 567//567
f 568//568 569//569 570//570
f 571//571 572//572 573//573
f 574//574 575//575 576//576
f 577//577 578//578 579//579
f 580//580 581//581 582//582
f 583//583 584//584 585//585
f 586//586 587//587 588//588
f 589//589 590//590 591//591
f 592//592 593//593 594//594
f 595//595 596//596 597//597
f 598//598 599//599 600//600
f 601//601 602//602 603//603
f 604//604 605//605 606//606
f 607//607 608//608 609//609
f 610//610 611//611 612//612
f 613//613 614//614 615//615
f 616//616 617//617 618//618
f 619//619 620//620 621//621
f 622//622 623//623 624//624
f 625//625 626//626 627//627
f 628//628 629//629 630//630
f 631//631 632//632 633//633
f 634//634 635//635 636//636
f 637//637 638//638 639//639
f 640//640 641//641 642//642
f 643//643 644//644 645//645
f 646//646 647//647 648//648
f 649//649 650//650 651//651
f 652//652 653//653 654//654
f 655//655 656//656 657//657
f 658//658 659//659 660//660
f 661//661 662//662 663//663
f 664//664 665//665 666//666
f 667//667 668//668 669//669
f 670//670 671//671 672//672
f 673//673 674//674 675//675
f 676//676 677//677 678//678
f 679//679 680//680 681//681
f 682//682 683//683 684//684
f 685//685 686//686 687//687
f 688//688 689//689 690//690
f 691//691 692//692 693//693
f 694//694 695//695 696//696
f 697//697 698//698 699//699
f 700//700 701//701 702//702
f 703//703 704//704 705//705
f 706//706 707//707 708//708
f 709//709 710//710 711//711
f 712//712 713//713 714//714
f 715//715 716//716 717//717
f 718//718 719//719 720//720
f 721//721 722//722 723//723
f 724//724 725//725 726//726
f 727//727 728//728 729//729
f 730//730 731//731 732//732
f 733//733 734//734 735//735
f 736//736 737//737 738//738
f 739//739 740//740 741//741
f 742//742 743//743 744//744
f 745//745 746//746 747//747
f 748//748 749//749 750//750
f 751//751 752//752 753//753
f 754//754 755//755 756//756
f 757//757 758//758 759//759
f 760//760 761//761 762//762
f 763//763 764//764 765//765
f 766//766 767//767 768//768
f 769//769 770//770 771//771
f 772//772 773//773 774//774
f 775//775 776//776 777//777
f 778//778 779//779 780//780
f 781//781 782//782 783//783
f 784//784 785//785 786//786
f 787//787 788//788 789//789
f 790//790 791//791 792//792
f 793//793 794//794 795//795
f 796//796 797//797 798//798
f 799//799 800//800 801//801
f 802//802 803//803 804//804
f 805//805 806//806 807//807
f 808//808 809//809 810//810
f 811//811 812//812 813//813
f 814//814 815//815 816//816
f 817//817 818//818 819//819
f 820//820 821//821 822//822
f 823//823 824//824 825//825
f 826//826 827//827 828//828
f 829//829 830//830 831//831
f 832//832 833//833 834//834
f 835//835 836//836 837//837
f 838//838 839//839 840//840
f 841//841 842//842 843//843
f 844//844 845//845 846//846
f 847//847 848//848 849//849
f 850//850 851//851 852//852
f 853//853 854//854 855//855
f 856//856 857//857 858//858
f 859//859 860//860 861//861
f 862//862 863//863 864//864
f 865//865 866//866 867//867
f 868//868 869//869 870//870
f 871//871 872//872 873//873
f 874//874 875//875 876//876
f 877//877 878//878 879//879
f 880//880 881//881 882//882
f 883//883 884//884 885//885
f 886//886 887//887 888//888
f 889//889 890//890 891//891
f 892//892 893//893 894//894
f 895//895 896//896 897//897
f 898//898 899//899 900//900
f 901//901 902//902 903//903
f 904//904 905//905 906//906
f 907//907 908//908 909//909
f 910//910 911//911 912//912
f 913//913 914//914 915//915
f 916//916 917//917 918//918
f 919//919 920//920 921//921
f 922//922 923//923 924//924
f 925//925 926//926 927//927
f 928//928 929//929 930//930
f 931//931 932//932 933//933
f 934//934 935//935 936//936
f 937//937 938//938 939//939
f 940//940 941//941 942//942
f 943//943 944//944 945//945
f 946//946 947//947 948//948
f 949//949 950//950 951//951
f 952//952 953//953 954//954
f 955//955 956//956 957//957
f 958//958 959//959 960//960
f 961//961 962//962 963//963
f 964//964 965//965 966//966
f 967//967 968//968 969//969
f 970//970 971//971 972//972
f 973//973 974//974 975//975
f 976//976 977//977 978//978
f 979//979 980//980 981//981
f 982//982 983//983 984//984
f 985//985 986//986 987//987
f 988//988 989//989 990//990
f 991//991 992//992 993//993
f 994//994 995//995 996//996
f 997//997 998//998 999//999
f 1000//1000 1001//1001 1002//1002
f 1003//1003 1004//1004 1005//1005
f 1006//1006 1007//1007 1008//1008
f 1009//1009 1010//1010 1011//1011
f 1012//1012 1013//1013 1014//1014
f 1015//1015 1016//1016 1017//1017
f 1018//1018 1019//1019 1020//1020
f 1021//1021 1022//1022 1023//1023
f 1024//1024 1025//1025 1026//1026
f 1027//1027 1028//1028 1029//1029
f 1030//1030 1031//1031 1032//1032
f 1033//1033 1034//1034 1035//1035
f 1036//1036 1037//1037 1038//1038
f 1039//1039 1040//1040 1041//1041
f 1042//1042 1043//1043 1044//1044
f 1045//1045 1046//1046 1047//1047
f 1048//1048 1049//1049 1050//1050
f 1051//1051 1052//1052 1053//1053
f 1054//1054 1055//1055 1056//1056
f 1057//1057 1058//1058 1059//1059
f 1060//1060 1061//1061 1062//1062
f 1063//1063 1064//1064 1065//1065
f 1066//1066 1067//1067 1068//1068
f 1069//1069 1070//1070 1071//1071
f 1072//1072 1073//1073 1074//1074
f 1075//1075 1076//1076 1077//1077
f 1078//1078 1079//1079 1080//1080
f 1081//1081 1082//1082 1083//1083
f 1084//1084 1085//1085 1086//1086
f 1087//1087 1088//1088 1089//1089
f 1090//1090 1091//1091 1092//1092
f 1093//1093 1094//1094 1095//1095
f 1096//1096 1097//1097 1098//1098
f 1099//1099 1100//1100 1101//1101
f 1102//1102 1103//1103 1104//1104
f 1105//1105 1106//1106 1107//1107
f 1108//1108 1109//1109 1110//1110
f 1111//1111 1112//1112 1113//1113
f 1114//1114 1115//1115 1116//1116
f 1117//1117 1118//1118 1119//1119
f 1120//1120 1121//1121 1122//1122
f 1123//1123 1124//1124 1125//1125
f 1126//1126 1127//1127 1128//1128
f 1129//1129 1130//1130 1131//1131
f 1132//1132 1133//1133 1134//1134
f 1135//1135 1136//1136 1137//1137
f 1138//1138 1139//1139 1140//1140
f 1141//1141 1142//1142 1143//1143
f 1144//1144 1145//1145 1146//1146
f 1147//1147 1148//1148 1149//1149
f 1150//1150 1151//1151 1152//1152
f 1153//1153 1154//1154 1155//1155
f 1156//1156 1157//1157 1158//1158
f 1159//1159 1160//1160 1161//1161
f 1162//1162 1163//1163 1164//1164
f 1165//1165 1166//1166 1167//1167
f 1168//1168 1169//1169 1170//1170
f 1171//1171 1172//1172 1173//1173
f 1174//1174 1175//1175 1176//1176
f 1177//1177 1178//1178 1179//1179
f 1180//1180 1181//1181 1182//1182
f 1183//1183 1184//1184 1185//1185
f 1186//1186 1187//1187 1188//1188
f 1189//1189 1190//1190 1191//1191
f 1192//1192 1193//1193 1194//1194
f 1195//1195 1196//1196 1197//1197
f 1198//1198 1199//1199 1200//1200
f 1201//1201 1202//1202 1203//1203
f 1204//1204 1205//1205 1206//1206
f 1207//1207 1208//1208 1209//1209
f 1210//1210 1211//1211 1212//1212
f 1213//1213 1214//1214 1215//1215
f 1216//1216 1217//1217 1218//1218
f 1219//1219 1220//1220 1221//1221
f 1222//1222 1223//1223 1224//1224
f 1225//1225 1226//1226 1227//1227
f 1228//1228 1229//1229 1230//1230
f 1231//1231 1232//1232 1233//1233
f 1234//1234 1235//1235 1236//1236
f 1237//1237 1238//1238 1239//1239
f 1240//1240 1241//1241 1242//1242
f 1243//1243 1244//1244 1245//1245
f 1246//1246 1247//1247 1248//1248
f 1249//1249 1250//1250 1251//1251
f 1252//1252 1253//1253 1254//1254
f 1255//1255 1256//1256 1257//1257
f 1258//1258 1259//1259 1260//1260
f 1261//1261 1262//1262 1263//1263
f 1264//1264 1265//1265 1266//1266
f 1267//1267 1268//1268 1269//1269
f 1270//1270 1271//1271 1272//1272
f 1273//1273 1274//1274 1275//1275
f 1276//1276 1277//1277 1278//1278
f 1279//1279 1280//1280 1281//1281
f 1282//1282 1283//1283 1284//1284
f 1285//1285 1286//1286 1287//1287
f 1288//1288 1289//1289 1290//1290
f 1291//1291 1292//1292 1293//1293
f 1294//1294 1295//1295 1296//1296
f 1297//1297 1298//1298 1299//1299
f 1300//1300 1301//1301 1302//1302
f 1303//1303 1304//1304 1305//1305
f 1306//1306 1307//1307 1308//1308
f 1309//1309 1310//1310 1311//1311
f 1312//1312 1313//1313 1314//1314
f 1315//1315 1316//1316 1317//1317
f 1318//1318 1319//1319 1320//1320
f 1321//1321 1322//1322 1323//1323
f 1324//1324 1325//1325 1326//1326
f 1327//1327 1328//1328 1329//1329
f 1330//1330 1331//1331 1332//1332
f 1333//1333 1334//1334 1335//1335
f 1336//1336 1337//1337 1338//1338
f 1339//1339 1340//1340 1341//1341
f 1342//1342 1343//1343 1344//1344
f 1345//1345 1346//1346 1347//1347
f 1348//1348 1349//1349 1350//1350
f 1351//1351 1352//1352 1353//1353
f 1354//1354 1355//1355 1356//1356
f 1357//1357 1358//1358 1359//1359
f 1360//1360 1361//1361 1362//1362
f 1363//1363 1364//1364 1365//1365
f 1366//1366 1367//1367 1368//1368
f 1369//1369 1370//1370 1371//1371
f 1372//1372 1373//1373 1374//1374
f 1375//1375 1376//1376 1377//1377
f 1378//1378 1379//1379 1380//1380
f 1381//1381 1382//1382 1383//1383
f 1384//1384 1385//1385 1386//1386
f 1387//1387 1388//1388 1389//1389
f 1390//1390 1391//1391 1392//1392
f 1393//1393 1394//1394 1395//1395
f 1396//1396 1397//1397 1398//1398
f 1399//1399 1400//1400 1401//1401
f 1402//1402 1403//1403 1404//1404
f 1405//1405 1406//1406 1407//1407
f 1408//1408 1409//1409 1410//1410
f 1411//1411 1412//1412 1413//1413
f 1414//1414 1415//1415 1416//1416
f 1417//1417 1418//1418 1419//1419
f 1420//1420 1421//1421 1422//1422
f 1423//1423 1424//1424 1425//1425
f 1426//1426 1427//1427 1428//1428
f 1429//1429 1430//1430 1431//1431
f 1432//1432 1433//1433 1434//1434
f 1435//1435 1436//1436 1437//1437
f 1438//1438 1439//1439 1440//1440
f 1441//1441 1442//1442 1443//1443
f 1444//1444 1445//1445 1446//1446
f 1447//1447 1448//1448 1449//1449
f 1450//1450 1451//1451 1452//1452
f 1453//1453 1454//1454 1455//1455
f 1456//1456 1457//1457 1458//1458
f 1459//1459 1460//1460 1461//1461
f 1462//1462 1463//1463 1464//1464
f 1465//1465 1466//1466 1467//1467
f 1468//1468 1469//1469 1470//1470
f 1471//1471 1472//1472 1473//1473
f 1474//1474 1475//1475 1476//1476
f 1477//1477 1478//1478 1479//1479
f 1480//1480 1481//1481 1482//1482
f 1483//1483 1484//1484 1485//1485
f 1486//1486 1487//1487 1488//1488
f 1489//1489 1490//1490 1491//1491
f 1492//1492 1493//1493 1494//1494
f 1495//1495 1496//1496 1497//1497
f 1498//1498 1499//1499 1500//1500
f 1501//1501 1502//1502 1503//1503
f 1504//1504 1505//1505 1506//1506
f 1507//1507 1508//1508 1509//1509
f 1510//1510 1511//1511 1512//1512
f 1513//1513 1514//1514 1515//1515
f 1516//1516 1517//1517 1518//1518
f 1519//1519 1520//1520 1521//1521
f 1522//1522 1523//1523 1524//1524
f 1525//1525 1526//1526 1527//1527
f 1528//1528 1529//1529 1530//1530
f 1531//1531 1532//1532 1533//1533
f 1534//1534 1535//1535 1536//1536
f 1537//1537 1538//1538 1539//1539
f 1540//1540 1541//1541 1542//1542
f 1543//1543 1544//1544 1545//1545
f 1546//1546 1547//1547 1548//1548
f 1549//1549 1550//1550 1551//1551
f 1552//1552 1553//1553 1554//1554
f 1555//1555 1556//1556 1557//1557
f 1558//1558 1559//1559 1560//1560
f 1561//1561 1562//1562 1563//1563
f 1564//1564 1565//1565 1566//1566
f 1567//1567 1568//1568 1569//1569
f 1570//1570 1571//1571 1572//1572
f 1573//1573 1574//1574 1575//1575
f 1576//1576 1577//1577 1578//1578
f 1579//1579 1580//1580 1581//1581
f 1582//1582 1583//1583 1584//1584
f 1585//1585 1586//1586 1587//1587
f 1588//1588 1589//1589 1590//1590
f 1591//1591 1592//1592 1593//1593
f 1594//1594 1595//1595 1596//1596
f 1597//1597 1598//1598 1599//1599
f 1600//1600 1601//1601 1602//1602
f 1603//1603 1604//1604 1605//1605
f 1606//1606 1607//1607 1608//1608
f 1609//1609 1610//1610 1611//1611
f 1612//1612 1613//1613 1614//1614
f 1615//1615 1616//1616 1617//1617
f 1618//1618 1619//1619 1620//1620
f 1621//1621 1622//1622 1623//1623
f 1624//1624 1625//1625 1626//1626
f 1627//1627 1628//1628 1629//1629
f 1630//1630 1631//1631 1632//1632
f 1633//1633 1634//1634 1635//1635
f 1636//1636 1637//1637 1638//1638
f 1639//1639 1640//1640 1641//1641
f 1642//1642 1643//1643 1644//1644
f 1645//1645 1646//1646 1647//1647
f 1648//1648 1649//1649 1650//1650
f 1651//1651 1652//1652 1653//1653
f 1654//1654 1655//1655 1656//1656
f 1657//1657 1658//1658 1659//1659
f 1660//1660 1661//1661 1662//1662
f 1663//1663 1664//1664 1665//1665
f 1666//1666 1667//1667 1668//1668
f 1669//1669 1670//1670 1671//1671
f 1672//1672 1673//1673 1674//1674
f 1675//1675 1676//1676 1677//1677
f 1678//1678 1679//1679 1680//1680
f 1681//1681 1682//1682 1683//1683
f 1684//1684 1685//1685 1686//1686
f 1687//1687 1688//1688 1689//1689
f 1690//1690 1691//1691 1692//1692
f 1693//1693 1694//1694 1695//1695
f 1696//1696 1697//1697 1698//1698
f 1699//1699 1700//1700 1701//1701
f 1702//1702 1703//1703 1704//1704
f 1705//1705 1706//1706 1707//1707
f 1708//1708 1709//1709 1710//1710
f 1711//1711 1712//1712 1713//1713
f 1714//1714 1715//1715 1716//1716
f 1717//1717 1718//1718 1719//1719
f 1720//1720 1721//1721 1722//1722
f 1723//1723 1724//1724 1725//1725
f 1726//1726 1727//1727 1728//1728
f 1729//1729 1730//1730 1731//1731
f 1732//1732 1733//1733 1734//1734
f 1735//1735 1736//1736 1737//1737
f 1738//1738 1739//1739 1740//1740
f 1741//1741 1742//1742 1743//1743
f 1744//1744 1745//1745 1746//1746
f 1747//1747 1748//1748 1749//1749
f 1750//1750 1751//1751 1752//1752
f 1753//1753 1754//1754 1755//1755
f 1756//1756 1757//1757 1758//1758
f 1759//1759 1760//1760 1761//1761
f 1762//1762 1763//1763 1764//1764
f 1765//1765 1766//1766 1767//1767
f 1768//1768 1769//1769 1770//1770
f 1771//1771 1772//1772 1773//1773
f 1774//1774 1775//1775 1776//1776
f 1777//1777 1778//1778 1779//1779
f 1780//1780 1781//1781 1782//1782
f 1783//1783 1784//1784 1785//1785
f 1786//1786 1787//1787 1788//1788
f 1789//1789 1790//1790 1791//1791
f 1792//1792 1793//1793 1794//1794
f 1795//1795 1796//1796 1797//1797
f 1798//1798 1799//1799 1800//1800
f 1801//1801 1802//1802 1803//1803
f 1804//1804 1805//1805 1806//1806
f 1807//1807 1808//1808 1809//1809
f 1810//1810 1811//1811 1812//1812
f 1813//1813 1814//1814 1815//1815
f 1816//1816 1817//1817 1818//1818
f 1819//1819 1820//1820 1821//1821
f 1822//1822 1823//1823 1824//1824
f 1825//1825 1826//1826 1827//1827
f 1828//1828 1829//1829 1830//1830
f 1831//1831 1832//1832 1833//1833
f 1834//1834 1835//1835 1836//1836
f 1837//1837 1838//1838 1839//1839
f 1840//1840 1841//1841 1842//1842
f 1843//1843 1844//1844 1845//1845
f 1846//1846 1847//1847 1848//1848
f 1849//1849 1850//1850 1851//1851
f 1852//1852 1853//1853 1854//1854
f 1855//1855 1856//1856 1857//1857
f 1858//1858 1859//1859 1860//1860
f 1861//1861 1862//1862 1863//1863
f 1864//1864 1865//1865 1866//1866
f 1867//1867 1868//1868 1869//1869
f 1870//1870 1871//1871 1872//1872
f 1873//1873 1874//1874 1875//1875
f 1876//1876 1877//1877 1878//1878
f 1879//1879 1880//1880 1881//1881
f 1882//1882 1883//1883 1884//1884
f 1885//1885 1886//1886 1887//1887
f 1888//1888 1889//1889 1890//1890
f 1891//1891 1892//1892 1893//1893
f 1894//1894 1895//1895 1896//1896
f 1897//1897 1898//1898 1899//1899
f 1900//1900 1901//1901 1902//1902
f 1903//1903 1904//1904 1905//1905
f 1906//1906 1907//1907 1908//1908
f 1909//1909 1910//1910 1911//1911
f 1912//1912 1913//1913 1914//1914
f 1915//1915 1916//1916 1917//1917
f 1918//1918 1919//1919 1920//1920
f 1921//1921 1922//1922 1923//1923
f 1924//1924 1925//1925 1926//1926
f 1927//1927 1928//1928 1929//1929
f 1930//1930 1931//1931 1932//1932
f 1933//1933 1934//1934 1935//1935
f 1936//1936 1937//1937 1938//1938
f 1939//1939 1940//1940 1941//1941
f 1942//1942 1943//1943 1944//1944
f 1945//1945 1946//1946 1947//1947
f 1948//1948 1949//1949 1950//1950
f 1951//1951 1952//1952 1953//1953
f 1954//1954 1955//1955 1956//1956
f 1957//1957 1958//1958 1959//1959
f 1960//1960 1961//1961 1962//1962
f 1963//1963 1964//1964 1965//1965
f 1966//1966 1967//1967 1968//1968
f 1969//1969 1970//1970 1971//1971
f 1972//1972 1973//1973 1974//1974
f 1975//1975 1976//1976 1977//1977
f 1978//1978 1979//1979 1980//1980
f 1981//1981 1982//1982 1983//1983
f 1984//1984 1985//1985 1986//1986
f 1987//1987 1988//1988 1989//1989
f 1990//1990 1991//1991 1992//1992
f 1993//1993 1994//1994 1995//1995
f 1996//1996 1997//1997 1998//1998
f 1999//1999 2000//2000 2001//2001
f 2002//2002 2003//2003 2004//2004
f 2005//2005 2006//2006 2007//2007
f 2008//2008 2009//2009 2010//2010
f 2011//2011 2012//2012 2013//2013
f 2014//2014 2015//2015 2016//2016
f 2017//2017 2018//2018 2019//2019
f 2020//2020 2021//2021 2022//2022
f 2023//2023 2024//2024 2025//2025
f 2026//2026 2027//2027 2028//2028
f 2029//2029 2030//2030 2031//2031
f 2032//2032 2033//2033 2034//2034
f 2035//2035 2036//2036 2037//2037
f 2038//2038 2039//2039 2040//2040
f 2041//2041 2042//2042 2043//2043
f 2044//2044 2045//2045 2046//2046
f 2047//2047 2048//2048 2049//2049
f 2050//2050 2051//2051 2052//2052
f 2053//2053 2054//2054 2055//2055
f 2056//2056 2057//2057 2058//2058
f 2059//2059 2060//2060 2061//2061
f 2062//2062 2063//2063 2064//2064
f 2065//2065 2066//2066 2067//2067
f 2068//2068 2069//2069 2070//2070
f 2071//2071 2072//2072 2073//2073
f 2074//2074 2075//2075 2076//2076
f 2077//2077 2078//2078 2079//2079
f 2080//2080 2081//2081 2082//2082
f 2083//2083 2084//2084 2085//2085
f 2086//2086 2087//2087 2088//2088
f 2089//2089 2090//2090 2091//2091
f 2092//2092 2093//2093 2094//2094
f 2095//2095 2096//2096 2097//2097
f 2098//2098 2099//2099 2100//2100
f 2101//2101 2102//2102 2103//2103
f 2104//2104 2105//2105 2106//2106
