o 
v -0.015583202242851257 0.03604705631732941 0.07400056719779968
v 0.012270992621779442 -0.03695635870099068 0.07400157302618027
v 0.024695729836821556 -0.029819007962942123 0.07400006055831909
v -0.015583202242851257 0.03604705631732941 0.07400056719779968
v 0.024695729836821556 -0.029819007962942123 0.07400006055831909
v 0.033951807767152786 -0.01927691139280796 0.07393830269575119
v -0.015583202242851257 0.03604705631732941 0.07400056719779968
v 0.033951807767152786 -0.01927691139280796 0.07393830269575119
v 0.03916093707084656 0.0023750816471874714 0.07400083541870117
v -0.015583202242851257 0.03604705631732941 0.07400056719779968
v -0.029790904372930527 -0.024736806750297546 0.07400015741586685
v -0.01832987181842327 -0.03435074910521507 0.07400204241275787
v -0.015583202242851257 0.03604705631732941 0.07400056719779968
v -0.01832987181842327 -0.03435074910521507 0.07400204241275787
v -0.005485378671437502 -0.038608063012361526 0.07389818131923676
v -0.015583202242851257 0.03604705631732941 0.07400056719779968
v -0.033452339470386505 0.02037796378135681 0.07400336116552353
v -0.029790904372930527 -0.024736806750297546 0.07400015741586685
v 0.012270992621779442 -0.03695635870099068 0.07400157302618027
v -0.015583202242851257 0.03604705631732941 0.07400056719779968
v -0.005485378671437502 -0.038608063012361526 0.07389818131923676
v 0.009206777438521385 0.03805670887231827 0.07400169968605042
v -0.015583202242851257 0.03604705631732941 0.07400056719779968
v 0.03916093707084656 0.0023750816471874714 0.07400083541870117
v -0.0368635393679142 -0.012665609829127789 0.07397404313087463
v -0.029790904372930527 -0.024736806750297546 0.07400015741586685
v -0.03865876793861389 0.0027200456243008375 0.07394358515739441
v -0.03865876793861389 0.0027200456243008375 0.07394358515739441
v -0.029790904372930527 -0.024736806750297546 0.07400015741586685
v -0.033452339470386505 0.02037796378135681 0.07400336116552353
v 0.03916093707084656 0.0023750816471874714 0.07400083541870117
v 0.032957468181848526 0.020409200340509415 0.07399939000606537
v 0.009206777438521385 0.03805670887231827 0.07400169968605042
v 0.009206777438521385 0.03805670887231827 0.07400169968605042
v 0.032957468181848526 0.020409200340509415 0.07399939000606537
v 0.02482684701681137 0.029739320278167725 0.07399997115135193
v -0.005485378671437502 -0.038608063012361526 0.07389818131923676
v 0.005843564867973328 -0.039655305445194244 0.055553317070007324
v 0.012270992621779442 -0.03695635870099068 0.07400157302618027
v 0.01641964167356491 -0.03617116063833237 0.062333106994628906
v 0.012270992621779442 -0.03695635870099068 0.07400157302618027
v 0.005843564867973328 -0.039655305445194244 0.055553317070007324
v 0.012270992621779442 -0.03695635870099068 0.07400157302618027
v 0.01641964167356491 -0.03617116063833237 0.062333106994628906
v 0.024695729836821556 -0.029819007962942123 0.07400006055831909
v 0.024695729836821556 -0.029819007962942123 0.07400006055831909
v 0.01641964167356491 -0.03617116063833237 0.062333106994628906
v 0.026798058301210403 -0.02945566177368164 0.06030416488647461
v 0.024695729836821556 -0.029819007962942123 0.07400006055831909
v 0.026798058301210403 -0.02945566177368164 0.06030416488647461
v 0.033951807767152786 -0.01927691139280796 0.07393830269575119
v 0.033951807767152786 -0.01927691139280796 0.07393830269575119
v 0.03848230838775635 -0.011668562889099121 0.04916524887084961
v 0.03916093707084656 0.0023750816471874714 0.07400083541870117
v 0.03916093707084656 0.0023750816471874714 0.07400083541870117
v 0.03848230838775635 -0.011668562889099121 0.04916524887084961
v 0.039676085114479065 -0.0034940429031848907 0.05802774429321289
v 0.03916093707084656 0.0023750816471874714 0.07400083541870117
v 0.039676085114479065 -0.0034940429031848907 0.05802774429321289
v 0.03966909646987915 0.006172001361846924 0.05584883689880371
v 0.03916093707084656 0.0023750816471874714 0.07400083541870117
v 0.03966909646987915 0.006172001361846924 0.05584883689880371
v 0.038155317306518555 0.012857675552368164 0.05608105659484863
v 0.03916093707084656 0.0023750816471874714 0.07400083541870117
v 0.038155317306518555 0.012857675552368164 0.05608105659484863
v 0.032957468181848526 0.020409200340509415 0.07399939000606537
v 0.038155317306518555 0.012857675552368164 0.05608105659484863
v 0.03422582149505615 0.020729631185531616 0.059461116790771484
v 0.032957468181848526 0.020409200340509415 0.07399939000606537
v 0.026816844940185547 0.02969542145729065 0.0606456995010376
v 0.02482684701681137 0.029739320278167725 0.07399997115135193
v 0.032957468181848526 0.020409200340509415 0.07399939000606537
v 0.026816844940185547 0.02969542145729065 0.0606456995010376
v 0.032957468181848526 0.020409200340509415 0.07399939000606537
v 0.03422582149505615 0.020729631185531616 0.059461116790771484
v 0.02482684701681137 0.029739320278167725 0.07399997115135193
v 0.026816844940185547 0.02969542145729065 0.0606456995010376
v 0.01764124631881714 0.03592930734157562 0.06019812822341919
v 0.02482684701681137 0.029739320278167725 0.07399997115135193
v 0.01764124631881714 0.03592930734157562 0.06019812822341919
v 0.009206777438521385 0.03805670887231827 0.07400169968605042
v 0.010434776544570923 0.03864889219403267 0.06024083495140076
v 0.009206777438521385 0.03805670887231827 0.07400169968605042
v 0.01764124631881714 0.03592930734157562 0.06019812822341919
v 0.010434776544570923 0.03864889219403267 0.06024083495140076
v 0.0019774138927459717 0.04002745449542999 0.059949785470962524
v 0.009206777438521385 0.03805670887231827 0.07400169968605042
v 0.0019774138927459717 0.04002745449542999 0.059949785470962524
v -0.004177838563919067 0.03959403932094574 0.0618019700050354
v 0.009206777438521385 0.03805670887231827 0.07400169968605042
v -0.004177838563919067 0.03959403932094574 0.0618019700050354
v -0.015583202242851257 0.03604705631732941 0.07400056719779968
v 0.009206777438521385 0.03805670887231827 0.07400169968605042
v -0.013664722442626953 0.03723582997918129 0.062422096729278564
v -0.015583202242851257 0.03604705631732941 0.07400056719779968
v -0.004177838563919067 0.03959403932094574 0.0618019700050354
v -0.015583202242851257 0.03604705631732941 0.07400056719779968
v -0.013664722442626953 0.03723582997918129 0.062422096729278564
v -0.020815283060073853 0.03421914577484131 0.060013264417648315
v -0.033452339470386505 0.02037796378135681 0.07400336116552353
v -0.015583202242851257 0.03604705631732941 0.07400056719779968
v -0.02636873722076416 0.030420303344726562 0.058732569217681885
v -0.02636873722076416 0.030420303344726562 0.058732569217681885
v -0.015583202242851257 0.03604705631732941 0.07400056719779968
v -0.020815283060073853 0.03421914577484131 0.060013264417648315
v -0.033452339470386505 0.02037796378135681 0.07400336116552353
v -0.02636873722076416 0.030420303344726562 0.058732569217681885
v -0.03313884139060974 0.0222979336977005 0.060082197189331055
v -0.033452339470386505 0.02037796378135681 0.07400336116552353
v -0.03313884139060974 0.0222979336977005 0.060082197189331055
v -0.03801852464675903 0.012934386730194092 0.05748105049133301
v -0.033452339470386505 0.02037796378135681 0.07400336116552353
v -0.03801852464675903 0.012934386730194092 0.05748105049133301
v -0.03865876793861389 0.0027200456243008375 0.07394358515739441
v -0.03865876793861389 0.0027200456243008375 0.07394358515739441
v -0.039501041173934937 -0.006981313228607178 0.05259990692138672
v -0.0368635393679142 -0.012665609829127789 0.07397404313087463
v -0.0368635393679142 -0.012665609829127789 0.07397404313087463
v -0.03347409516572952 -0.02120017819106579 0.06356501579284668
v -0.029790904372930527 -0.024736806750297546 0.07400015741586685
v -0.02912682294845581 -0.0269879549741745 0.06097376346588135
v -0.029790904372930527 -0.024736806750297546 0.07400015741586685
v -0.03347409516572952 -0.02120017819106579 0.06356501579284668
v -0.029790904372930527 -0.024736806750297546 0.07400015741586685
v -0.02912682294845581 -0.0269879549741745 0.06097376346588135
v -0.01832987181842327 -0.03435074910521507 0.07400204241275787
v -0.01832987181842327 -0.03435074910521507 0.07400204241275787
v -0.02912682294845581 -0.0269879549741745 0.06097376346588135
v -0.022627202793955803 -0.03264906257390976 0.06146669387817383
v -0.01832987181842327 -0.03435074910521507 0.07400204241275787
v -0.022627202793955803 -0.03264906257390976 0.06146669387817383
v -0.01422320306301117 -0.03714112937450409 0.0597836971282959
v -0.01832987181842327 -0.03435074910521507 0.07400204241275787
v -0.01422320306301117 -0.03714112937450409 0.0597836971282959
v -0.005485378671437502 -0.038608063012361526 0.07389818131923676
v -0.042134761810302734 0.025149941444396973 0.03981208801269531
v -0.04167652130126953 0.032515883445739746 0.04012870788574219
v -0.049295663833618164 0.03977406024932861 0.03070354461669922
v -0.0408906489610672 -0.010182768106460571 0.018586695194244385
v -0.03354823589324951 -0.019796252250671387 0.01742267608642578
v -0.0306159108877182 -0.025327950716018677 0.0355381965637207
v -0.047525882720947266 0.010717391967773438 0.025175094604492188
v -0.0542302131652832 0.028490304946899414 0.016899824142456055
v -0.05036330223083496 0.010653972625732422 0.012767791748046875
v -0.04263913631439209 -0.00026106834411621094 0.03794717788696289
v -0.04500627517700195 0.013350442051887512 0.033946990966796875
v -0.047525882720947266 0.010717391967773438 0.025175094604492188
v -0.04178571701049805 -0.00643157958984375 0.032752037048339844
v -0.05036330223083496 0.010653972625732422 0.012767791748046875
v -0.04903620854020119 0.0058615803718566895 0.006031975150108337
v -0.04365396499633789 0.01901894062757492 0.03773689270019531
v -0.0542302131652832 0.028490304946899414 0.016899824142456055
v -0.04500627517700195 0.013350442051887512 0.033946990966796875
v -0.047525882720947266 0.010717391967773438 0.025175094604492188
v -0.04178571701049805 -0.00643157958984375 0.032752037048339844
v -0.04263913631439209 -0.00026106834411621094 0.03794717788696289
v -0.05036330223083496 0.010653972625732422 0.012767791748046875
v -0.04178571701049805 -0.00643157958984375 0.032752037048339844
v -0.047525882720947266 0.010717391967773438 0.025175094604492188
v -0.04178571701049805 -0.00643157958984375 0.032752037048339844
v -0.04903620854020119 0.0058615803718566895 0.006031975150108337
v -0.0408906489610672 -0.010182768106460571 0.018586695194244385
v -0.05258536338806152 0.03612351417541504 0.02404928207397461
v -0.055968642234802246 0.038767337799072266 0.015385627746582031
v -0.0542302131652832 0.028490304946899414 0.016899824142456055
v -0.0542302131652832 0.028490304946899414 0.016899824142456055
v -0.04365396499633789 0.01901894062757492 0.03773689270019531
v -0.05258536338806152 0.03612351417541504 0.02404928207397461
v -0.042134761810302734 0.025149941444396973 0.03981208801269531
v -0.049295663833618164 0.03977406024932861 0.03070354461669922
v -0.05258536338806152 0.03612351417541504 0.02404928207397461
v -0.04500627517700195 0.013350442051887512 0.033946990966796875
v -0.0542302131652832 0.028490304946899414 0.016899824142456055
v -0.047525882720947266 0.010717391967773438 0.025175094604492188
v -0.04365396499633789 0.01901894062757492 0.03773689270019531
v -0.042134761810302734 0.025149941444396973 0.03981208801269531
v -0.05258536338806152 0.03612351417541504 0.02404928207397461
v 0.03283558785915375 -0.022769540548324585 0.03900909423828125
v 0.03705781698226929 -0.014445781707763672 0.010216236114501953
v 0.04042738676071167 -0.01107025146484375 0.01931595802307129
v 0.05181598663330078 0.05449976027011871 0.026119709014892578
v 0.04951357841491699 0.038955092430114746 0.030292987823486328
v 0.05427718162536621 0.03621804714202881 0.02001333236694336
v 0.032219767570495605 -0.020761609077453613 0.014037847518920898
v 0.03705781698226929 -0.014445781707763672 0.010216236114501953
v 0.03283558785915375 -0.022769540548324585 0.03900909423828125
v 0.048941850662231445 0.006851911544799805 0.013941764831542969
v 0.05377984046936035 0.022510528564453125 0.012865543365478516
v 0.04238694906234741 -0.003108978271484375 0.03585386276245117
v 0.05377984046936035 0.022510528564453125 0.012865543365478516
v 0.04470682144165039 0.008482307195663452 0.033516883850097656
v 0.04238694906234741 -0.003108978271484375 0.03585386276245117
v 0.048941850662231445 0.006851911544799805 0.013941764831542969
v 0.04238694906234741 -0.003108978271484375 0.03585386276245117
v 0.04779866337776184 0.0031430721282958984 0.004948794841766357
v 0.04779866337776184 0.0031430721282958984 0.004948794841766357
v 0.04238694906234741 -0.003108978271484375 0.03585386276245117
v 0.03848230838775635 -0.011668562889099121 0.04916524887084961
v 0.04779866337776184 0.0031430721282958984 0.004948794841766357
v 0.03848230838775635 -0.011668562889099121 0.04916524887084961
v 0.04042738676071167 -0.01107025146484375 0.01931595802307129
v 0.04781007766723633 0.017403602600097656 0.02805614471435547
v 0.043074846267700195 0.015694797039031982 0.039463043212890625
v 0.04470682144165039 0.008482307195663452 0.033516883850097656
v 0.04481840133666992 0.022905349731445312 0.035550594329833984
v 0.05427718162536621 0.03621804714202881 0.02001333236694336
v 0.04951357841491699 0.038955092430114746 0.030292987823486328
v 0.05427718162536621 0.03621804714202881 0.02001333236694336
v 0.04481840133666992 0.022905349731445312 0.035550594329833984
v 0.04781007766723633 0.017403602600097656 0.02805614471435547
v 0.05427718162536621 0.03621804714202881 0.02001333236694336
v 0.04781007766723633 0.017403602600097656 0.02805614471435547
v 0.05377984046936035 0.022510528564453125 0.012865543365478516
v 0.05377984046936035 0.022510528564453125 0.012865543365478516
v 0.04781007766723633 0.017403602600097656 0.02805614471435547
v 0.04470682144165039 0.008482307195663452 0.033516883850097656
v 0.04781007766723633 0.017403602600097656 0.02805614471435547
v 0.04481840133666992 0.022905349731445312 0.035550594329833984
v 0.043074846267700195 0.015694797039031982 0.039463043212890625
v 0.04951357841491699 0.038955092430114746 0.030292987823486328
v 0.04279899597167969 0.03764915466308594 0.03906059265136719
v 0.04113292694091797 0.028583288192749023 0.040900230407714844
v 0.04951357841491699 0.038955092430114746 0.030292987823486328
v 0.04113292694091797 0.028583288192749023 0.040900230407714844
v 0.04481840133666992 0.022905349731445312 0.035550594329833984
v 0.05335583910346031 0.017296552658081055 -0.004804551601409912
v 0.05444934219121933 0.02010916918516159 0.0033603310585021973
v 0.04779866337776184 0.0031430721282958984 0.004948794841766357
v 0.044588759541511536 -0.0009267330169677734 -0.002399921417236328
v 0.03567257523536682 -0.011854887008666992 -0.004347324371337891
v 0.042034149169921875 0.0020806193351745605 -0.016677379608154297
v 0.044588759541511536 -0.0009267330169677734 -0.002399921417236328
v 0.042034149169921875 0.0020806193351745605 -0.016677379608154297
v 0.04754757881164551 0.011327266693115234 -0.017403841018676758
v 0.05335583910346031 0.017296552658081055 -0.004804551601409912
v 0.05257546901702881 0.026781558990478516 -0.020305633544921875
v 0.05705168843269348 0.0346301794052124 -0.009481668472290039
v 0.05705168843269348 0.0346301794052124 -0.009481668472290039
v 0.05257546901702881 0.026781558990478516 -0.020305633544921875
v 0.05485737323760986 0.03801172971725464 -0.018709659576416016
v 0.05444934219121933 0.02010916918516159 0.0033603310585021973
v 0.05335583910346031 0.017296552658081055 -0.004804551601409912
v 0.05705168843269348 0.0346301794052124 -0.009481668472290039
v 0.05444934219121933 0.02010916918516159 0.0033603310585021973
v 0.05705168843269348 0.0346301794052124 -0.009481668472290039
v 0.05784030258655548 0.03586907684803009 0.0005368590354919434
v 0.04779866337776184 0.0031430721282958984 0.004948794841766357
v 0.044588759541511536 -0.0009267330169677734 -0.002399921417236328
v 0.05335583910346031 0.017296552658081055 -0.004804551601409912
v 0.05335583910346031 0.017296552658081055 -0.004804551601409912
v 0.044588759541511536 -0.0009267330169677734 -0.002399921417236328
v 0.04754757881164551 0.011327266693115234 -0.017403841018676758
v 0.05335583910346031 0.017296552658081055 -0.004804551601409912
v 0.04754757881164551 0.011327266693115234 -0.017403841018676758
v 0.05014920234680176 0.020637989044189453 -0.021172046661376953
v 0.05335583910346031 0.017296552658081055 -0.004804551601409912
v 0.05014920234680176 0.020637989044189453 -0.021172046661376953
v 0.05257546901702881 0.026781558990478516 -0.020305633544921875
v 0.039179205894470215 0.009679794311523438 -0.030368804931640625
v 0.02700984477996826 0.0011699199676513672 -0.03453350067138672
v 0.032613277435302734 0.01496267318725586 -0.0407099723815918
v 0.04119217395782471 0.027503013610839844 -0.03875160217285156
v 0.02817845344543457 0.03459978103637695 -0.05045008659362793
v 0.03663158416748047 0.03847527503967285 -0.0449824333190918
v 0.04119217395782471 0.027503013610839844 -0.03875160217285156
v 0.03663158416748047 0.03847527503967285 -0.0449824333190918
v 0.045063018798828125 0.042221248149871826 -0.03664588928222656
v 0.04119217395782471 0.027503013610839844 -0.03875160217285156
v 0.04480862617492676 0.02036762237548828 -0.0308225154876709
v 0.032613277435302734 0.01496267318725586 -0.0407099723815918
v 0.032613277435302734 0.01496267318725586 -0.0407099723815918
v 0.04480862617492676 0.02036762237548828 -0.0308225154876709
v 0.039179205894470215 0.009679794311523438 -0.030368804931640625
v 0.02700984477996826 0.0011699199676513672 -0.03453350067138672
v 0.039179205894470215 0.009679794311523438 -0.030368804931640625
v 0.033679038286209106 -0.0017023086547851562 -0.024886608123779297
v 0.032613277435302734 0.01496267318725586 -0.0407099723815918
v 0.021610736846923828 0.007691860198974609 -0.04303455352783203
v 0.025762081146240234 0.020427942276000977 -0.047872066497802734
v 0.02700984477996826 0.0011699199676513672 -0.03453350067138672
v 0.021610736846923828 0.007691860198974609 -0.04303455352783203
v 0.032613277435302734 0.01496267318725586 -0.0407099723815918
v 0.032613277435302734 0.01496267318725586 -0.0407099723815918
v 0.025762081146240234 0.020427942276000977 -0.047872066497802734
v 0.04119217395782471 0.027503013610839844 -0.03875160217285156
v 0.04119217395782471 0.027503013610839844 -0.03875160217285156
v 0.025762081146240234 0.020427942276000977 -0.047872066497802734
v 0.02817845344543457 0.03459978103637695 -0.05045008659362793
v -0.010971426963806152 0.03231155872344971 -0.05635315179824829
v -0.010441303253173828 0.04232779145240784 -0.057065486907958984
v 0.0008256435394287109 0.03799009323120117 -0.05798553675413132
v -0.0021106377243995667 -0.006197690963745117 -0.03691458702087402
v -0.008475959300994873 0.0003781318664550781 -0.04197263717651367
v 0.001368880271911621 0.006665229797363281 -0.047632694244384766
v 0.001368880271911621 0.006665229797363281 -0.047632694244384766
v 0.011541128158569336 0.002650022506713867 -0.043201446533203125
v 0.005083337426185608 -0.0017619132995605469 -0.04071354866027832
v -0.0005883574485778809 0.01587390899658203 -0.05263972282409668
v -0.011600017547607422 0.009194374084472656 -0.04763197898864746
v -0.013077497482299805 0.020705461502075195 -0.052866339683532715
v -0.011600017547607422 0.009194374084472656 -0.04763197898864746
v -0.0005883574485778809 0.01587390899658203 -0.05263972282409668
v 0.001368880271911621 0.006665229797363281 -0.047632694244384766
v -0.011600017547607422 0.009194374084472656 -0.04763197898864746
v 0.001368880271911621 0.006665229797363281 -0.047632694244384766
v -0.008475959300994873 0.0003781318664550781 -0.04197263717651367
v 0.011437416076660156 0.030431032180786133 -0.05594742298126221
v 0.015270709991455078 0.01601576805114746 -0.05042767524719238
v -0.0005883574485778809 0.01587390899658203 -0.05263972282409668
v -0.0005883574485778809 0.01587390899658203 -0.05263972282409668
v 0.015270709991455078 0.01601576805114746 -0.05042767524719238
v 0.001368880271911621 0.006665229797363281 -0.047632694244384766
v 0.001368880271911621 0.006665229797363281 -0.047632694244384766
v 0.015270709991455078 0.01601576805114746 -0.05042767524719238
v 0.011541128158569336 0.002650022506713867 -0.043201446533203125
v 0.0023235678672790527 0.026740312576293945 -0.056249797344207764
v 0.011437416076660156 0.030431032180786133 -0.05594742298126221
v -0.0005883574485778809 0.01587390899658203 -0.05263972282409668
v 0.001368880271911621 0.006665229797363281 -0.047632694244384766
v 0.005083337426185608 -0.0017619132995605469 -0.04071354866027832
v -0.0021106377243995667 -0.006197690963745117 -0.03691458702087402
v -0.013077497482299805 0.020705461502075195 -0.052866339683532715
v -0.010971426963806152 0.03231155872344971 -0.05635315179824829
v 0.0023235678672790527 0.026740312576293945 -0.056249797344207764
v -0.010971426963806152 0.03231155872344971 -0.05635315179824829
v 0.0008256435394287109 0.03799009323120117 -0.05798553675413132
v 0.0023235678672790527 0.026740312576293945 -0.056249797344207764
v -0.0005883574485778809 0.01587390899658203 -0.05263972282409668
v -0.013077497482299805 0.020705461502075195 -0.052866339683532715
v 0.0023235678672790527 0.026740312576293945 -0.056249797344207764
v 0.0023235678672790527 0.026740312576293945 -0.056249797344207764
v 0.0008256435394287109 0.03799009323120117 -0.05798553675413132
v 0.011437416076660156 0.030431032180786133 -0.05594742298126221
v 0.011437416076660156 0.030431032180786133 -0.05594742298126221
v 0.0008256435394287109 0.03799009323120117 -0.05798553675413132
v 0.009338140487670898 0.042337652295827866 -0.05729568004608154
v -0.030357956886291504 0.006829380989074707 -0.037069082260131836
v -0.02561664581298828 -0.005957126617431641 -0.027971744537353516
v -0.03528308868408203 0.001142740249633789 -0.02627086639404297
v -0.030357956886291504 0.006829380989074707 -0.037069082260131836
v -0.02221059799194336 0.010485649108886719 -0.04451274871826172
v -0.020113810896873474 0.0006465911865234375 -0.03829693794250488
v -0.03694915771484375 0.022119522094726562 -0.04062461853027344
v -0.025269269943237305 0.02132546901702881 -0.04854297637939453
v -0.030357956886291504 0.006829380989074707 -0.037069082260131836
v -0.02561664581298828 -0.005957126617431641 -0.027971744537353516
v -0.030357956886291504 0.006829380989074707 -0.037069082260131836
v -0.020113810896873474 0.0006465911865234375 -0.03829693794250488
v -0.025269269943237305 0.02132546901702881 -0.04854297637939453
v -0.02221059799194336 0.010485649108886719 -0.04451274871826172
v -0.030357956886291504 0.006829380989074707 -0.037069082260131836
v -0.04231667518615723 0.033812522888183594 -0.03915524482727051
v -0.04246854782104492 0.042329125106334686 -0.03969240188598633
v -0.03352069854736328 0.03527987003326416 -0.04706764221191406
v -0.03528308868408203 0.001142740249633789 -0.02627086639404297
v -0.040465712547302246 0.012418746948242188 -0.030981063842773438
v -0.030357956886291504 0.006829380989074707 -0.037069082260131836
v -0.03694915771484375 0.022119522094726562 -0.04062461853027344
v -0.040465712547302246 0.012418746948242188 -0.030981063842773438
v -0.04335498809814453 0.02041935920715332 -0.032781124114990234
v -0.03694915771484375 0.022119522094726562 -0.04062461853027344
v -0.04335498809814453 0.02041935920715332 -0.032781124114990234
v -0.04231667518615723 0.033812522888183594 -0.03915524482727051
v -0.04231667518615723 0.033812522888183594 -0.03915524482727051
v -0.03352069854736328 0.03527987003326416 -0.04706764221191406
v -0.03694915771484375 0.022119522094726562 -0.04062461853027344
v -0.03694915771484375 0.022119522094726562 -0.04062461853027344
v -0.03352069854736328 0.03527987003326416 -0.04706764221191406
v -0.025269269943237305 0.02132546901702881 -0.04854297637939453
v -0.025269269943237305 0.02132546901702881 -0.04854297637939453
v -0.03352069854736328 0.03527987003326416 -0.04706764221191406
v -0.027494430541992188 0.03554803133010864 -0.050878047943115234
v -0.030357956886291504 0.006829380989074707 -0.037069082260131836
v -0.040465712547302246 0.012418746948242188 -0.030981063842773438
v -0.03694915771484375 0.022119522094726562 -0.04062461853027344
v -0.002441033720970154 -0.021001100540161133 -0.017788171768188477
v -0.011732757091522217 -0.022564053535461426 -0.011846303939819336
v -0.012552976608276367 -0.011597871780395508 -0.02869439125061035
v -0.029020309448242188 0.03954130411148071 0.050275325775146484
v -0.019951343536376953 0.037153780460357666 0.05632209777832031
v -0.01938772201538086 0.04089164733886719 0.05478644371032715
v -0.03915238380432129 0.01690874993801117 0.0489501953125
v -0.04500627517700195 0.013350442051887512 0.033946990966796875
v -0.04068368673324585 0.00834345817565918 0.04888510704040527
v -0.010971426963806152 0.03231155872344971 -0.05635315179824829
v -0.019590377807617188 0.03766632080078125 -0.05458176136016846
v -0.010441303253173828 0.04232779145240784 -0.057065486907958984
v -0.027494430541992188 0.03554803133010864 -0.050878047943115234
v -0.019590377807617188 0.03766632080078125 -0.05458176136016846
v -0.025269269943237305 0.02132546901702881 -0.04854297637939453
v -0.04970598220825195 0.03716731071472168 -0.029765605926513672
v -0.04231667518615723 0.033812522888183594 -0.03915524482727051
v -0.04975330829620361 0.024662822484970093 -0.025181055068969727
v -0.04975330829620361 0.024662822484970093 -0.025181055068969727
v -0.04231667518615723 0.033812522888183594 -0.03915524482727051
v -0.04335498809814453 0.02041935920715332 -0.032781124114990234
v -0.04970598220825195 0.03716731071472168 -0.029765605926513672
v -0.051920175552368164 0.054500509053468704 -0.026231050491333008
v -0.04246854782104492 0.042329125106334686 -0.03969240188598633
v -0.04970598220825195 0.03716731071472168 -0.029765605926513672
v -0.04246854782104492 0.042329125106334686 -0.03969240188598633
v -0.04231667518615723 0.033812522888183594 -0.03915524482727051
v -0.04975330829620361 0.024662822484970093 -0.025181055068969727
v -0.053971290588378906 0.035714417695999146 -0.020722389221191406
v -0.04970598220825195 0.03716731071472168 -0.029765605926513672
v -0.05036330223083496 0.010653972625732422 0.012767791748046875
v -0.05498534440994263 0.021819621324539185 0.001968562602996826
v -0.04903620854020119 0.0058615803718566895 0.006031975150108337
v -0.057912249118089676 0.036924123764038086 0.002973020076751709
v -0.057197507470846176 0.03121703304350376 -0.0021597817540168762
v -0.05498534440994263 0.021819621324539185 0.001968562602996826
v -0.04476290941238403 -0.00174713134765625 0.002002716064453125
v -0.0408906489610672 -0.010182768106460571 0.018586695194244385
v -0.04903620854020119 0.0058615803718566895 0.006031975150108337
v -0.037425875663757324 -0.011653423309326172 0.0007028579711914062
v -0.03354823589324951 -0.019796252250671387 0.01742267608642578
v -0.0408906489610672 -0.010182768106460571 0.018586695194244385
v -0.04263913631439209 -0.00026106834411621094 0.03794717788696289
v -0.04178571701049805 -0.00643157958984375 0.032752037048339844
v -0.039501041173934937 -0.006981313228607178 0.05259990692138672
v -0.04365396499633789 0.01901894062757492 0.03773689270019531
v -0.04500627517700195 0.013350442051887512 0.033946990966796875
v -0.03915238380432129 0.01690874993801117 0.0489501953125
v 0.057244300842285156 0.03706241399049759 0.009399771690368652
v 0.05427718162536621 0.03621804714202881 0.02001333236694336
v 0.05377984046936035 0.022510528564453125 0.012865543365478516
v 0.04480862617492676 0.02036762237548828 -0.0308225154876709
v 0.05014920234680176 0.020637989044189453 -0.021172046661376953
v 0.04754757881164551 0.011327266693115234 -0.017403841018676758
v 0.049835920333862305 0.036873698234558105 -0.029501914978027344
v 0.055283188819885254 0.05449866130948067 -0.018068671226501465
v 0.05485737323760986 0.03801172971725464 -0.018709659576416016
v 0.045063018798828125 0.042221248149871826 -0.03664588928222656
v 0.049835920333862305 0.036873698234558105 -0.029501914978027344
v 0.04119217395782471 0.027503013610839844 -0.03875160217285156
v 0.04480862617492676 0.02036762237548828 -0.0308225154876709
v 0.04119217395782471 0.027503013610839844 -0.03875160217285156
v 0.049835920333862305 0.036873698234558105 -0.029501914978027344
v 0.02700984477996826 0.0011699199676513672 -0.03453350067138672
v 0.019520163536071777 -0.008246541023254395 -0.02963399887084961
v 0.021610736846923828 0.007691860198974609 -0.04303455352783203
v 0.01956653594970703 0.035168737173080444 -0.05445516109466553
v 0.02817845344543457 0.03459978103637695 -0.05045008659362793
v 0.025762081146240234 0.020427942276000977 -0.047872066497802734
v 0.01956653594970703 0.035168737173080444 -0.05445516109466553
v 0.011437416076660156 0.030431032180786133 -0.05594742298126221
v 0.009338140487670898 0.042337652295827866 -0.05729568004608154
v 0.011437416076660156 0.030431032180786133 -0.05594742298126221
v 0.01956653594970703 0.035168737173080444 -0.05445516109466553
v 0.015270709991455078 0.01601576805114746 -0.05042767524719238
v -0.020113810896873474 0.0006465911865234375 -0.03829693794250488
v -0.011600017547607422 0.009194374084472656 -0.04763197898864746
v -0.008475959300994873 0.0003781318664550781 -0.04197263717651367
v -0.004177838563919067 0.03959403932094574 0.0618019700050354
v -0.008320331573486328 0.04080241918563843 0.05783480405807495
v -0.013065099716186523 0.03943529725074768 0.057764530181884766
v 0.0019774138927459717 0.04002745449542999 0.059949785470962524
v -0.008320331573486328 0.04080241918563843 0.05783480405807495
v -0.004177838563919067 0.03959403932094574 0.0618019700050354
v -0.013065099716186523 0.03943529725074768 0.057764530181884766
v -0.019951343536376953 0.037153780460357666 0.05632209777832031
v -0.004177838563919067 0.03959403932094574 0.0618019700050354
v -0.004177838563919067 0.03959403932094574 0.0618019700050354
v -0.019951343536376953 0.037153780460357666 0.05632209777832031
v -0.013664722442626953 0.03723582997918129 0.062422096729278564
v -0.03801852464675903 0.012934386730194092 0.05748105049133301
v -0.03313884139060974 0.0222979336977005 0.060082197189331055
v -0.03915238380432129 0.01690874993801117 0.0489501953125
v -0.03915238380432129 0.01690874993801117 0.0489501953125
v -0.03313884139060974 0.0222979336977005 0.060082197189331055
v -0.03428769111633301 0.025235772132873535 0.05192160606384277
v -0.03915238380432129 0.01690874993801117 0.0489501953125
v -0.04068368673324585 0.00834345817565918 0.04888510704040527
v -0.03801852464675903 0.012934386730194092 0.05748105049133301
v -0.03801852464675903 0.012934386730194092 0.05748105049133301
v -0.04068368673324585 0.00834345817565918 0.04888510704040527
v -0.03865876793861389 0.0027200456243008375 0.07394358515739441
v -0.03428769111633301 0.025235772132873535 0.05192160606384277
v -0.02636873722076416 0.030420303344726562 0.058732569217681885
v -0.035396575927734375 0.03357863426208496 0.046272993087768555
v -0.04476290941238403 -0.00174713134765625 0.002002716064453125
v -0.037425875663757324 -0.011653423309326172 0.0007028579711914062
v -0.0408906489610672 -0.010182768106460571 0.018586695194244385
v -0.04068368673324585 0.00834345817565918 0.04888510704040527
v -0.04500627517700195 0.013350442051887512 0.033946990966796875
v -0.04263913631439209 -0.00026106834411621094 0.03794717788696289
v -0.04068368673324585 0.00834345817565918 0.04888510704040527
v -0.04263913631439209 -0.00026106834411621094 0.03794717788696289
v -0.039501041173934937 -0.006981313228607178 0.05259990692138672
v -0.0368635393679142 -0.012665609829127789 0.07397404313087463
v -0.039501041173934937 -0.006981313228607178 0.05259990692138672
v -0.0408906489610672 -0.010182768106460571 0.018586695194244385
v -0.0408906489610672 -0.010182768106460571 0.018586695194244385
v -0.039501041173934937 -0.006981313228607178 0.05259990692138672
v -0.04178571701049805 -0.00643157958984375 0.032752037048339844
v -0.0408906489610672 -0.010182768106460571 0.018586695194244385
v -0.03347409516572952 -0.02120017819106579 0.06356501579284668
v -0.0368635393679142 -0.012665609829127789 0.07397404313087463
v -0.0306159108877182 -0.025327950716018677 0.0355381965637207
v -0.02912682294845581 -0.0269879549741745 0.06097376346588135
v -0.03347409516572952 -0.02120017819106579 0.06356501579284668
v -0.0408906489610672 -0.010182768106460571 0.018586695194244385
v -0.0306159108877182 -0.025327950716018677 0.0355381965637207
v -0.03347409516572952 -0.02120017819106579 0.06356501579284668
v -0.03354823589324951 -0.019796252250671387 0.01742267608642578
v -0.021700691431760788 -0.030931591987609863 0.024237632751464844
v -0.0306159108877182 -0.025327950716018677 0.0355381965637207
v -0.021700691431760788 -0.030931591987609863 0.024237632751464844
v -0.019889870658516884 -0.03410232067108154 0.04108846187591553
v -0.0306159108877182 -0.025327950716018677 0.0355381965637207
v -0.0306159108877182 -0.025327950716018677 0.0355381965637207
v -0.022627202793955803 -0.03264906257390976 0.06146669387817383
v -0.02912682294845581 -0.0269879549741745 0.06097376346588135
v -0.01422320306301117 -0.03714112937450409 0.0597836971282959
v -0.019889870658516884 -0.03410232067108154 0.04108846187591553
v -0.00613866001367569 -0.03930722177028656 0.04767787456512451
v -0.01422320306301117 -0.03714112937450409 0.0597836971282959
v -0.00613866001367569 -0.03930722177028656 0.04767787456512451
v -0.005485378671437502 -0.038608063012361526 0.07389818131923676
v -0.019889870658516884 -0.03410232067108154 0.04108846187591553
v -0.01422320306301117 -0.03714112937450409 0.0597836971282959
v -0.022627202793955803 -0.03264906257390976 0.06146669387817383
v 0.006782472133636475 -0.029679298400878906 0.00186920166015625
v -0.002441033720970154 -0.021001100540161133 -0.017788171768188477
v 0.009163975715637207 -0.02086663246154785 -0.016307830810546875
v -0.010941535234451294 -0.030805468559265137 0.007503509521484375
v -0.011732757091522217 -0.022564053535461426 -0.011846303939819336
v -0.002224162220954895 -0.03187072277069092 0.006713151931762695
v -0.002224162220954895 -0.03187072277069092 0.006713151931762695
v -0.011732757091522217 -0.022564053535461426 -0.011846303939819336
v -0.002441033720970154 -0.021001100540161133 -0.017788171768188477
v -0.002224162220954895 -0.03187072277069092 0.006713151931762695
v -0.002441033720970154 -0.021001100540161133 -0.017788171768188477
v 0.006782472133636475 -0.029679298400878906 0.00186920166015625
v 0.03705781698226929 -0.014445781707763672 0.010216236114501953
v 0.044588759541511536 -0.0009267330169677734 -0.002399921417236328
v 0.04042738676071167 -0.01107025146484375 0.01931595802307129
v 0.014509126543998718 -0.03342092037200928 0.021068096160888672
v 0.015510380268096924 -0.027034997940063477 0.0008137226104736328
v 0.023505523800849915 -0.024132132530212402 0.0033469200134277344
v 0.006364315748214722 -0.03584402799606323 0.022733211517333984
v -0.002224162220954895 -0.03187072277069092 0.006713151931762695
v 0.006782472133636475 -0.029679298400878906 0.00186920166015625
v 0.006364315748214722 -0.03584402799606323 0.022733211517333984
v 0.006782472133636475 -0.029679298400878906 0.00186920166015625
v 0.014509126543998718 -0.03342092037200928 0.021068096160888672
v 0.014509126543998718 -0.03342092037200928 0.021068096160888672
v 0.006782472133636475 -0.029679298400878906 0.00186920166015625
v 0.015510380268096924 -0.027034997940063477 0.0008137226104736328
v 0.021939687430858612 -0.03025728464126587 0.022773027420043945
v 0.014509126543998718 -0.03342092037200928 0.021068096160888672
v 0.023505523800849915 -0.024132132530212402 0.0033469200134277344
v -0.01028570905327797 -0.03617745637893677 0.028540849685668945
v -0.010941535234451294 -0.030805468559265137 0.007503509521484375
v -0.002101615071296692 -0.03732222318649292 0.028032541275024414
v -0.002101615071296692 -0.03732222318649292 0.028032541275024414
v -0.010941535234451294 -0.030805468559265137 0.007503509521484375
v -0.002224162220954895 -0.03187072277069092 0.006713151931762695
v -0.002101615071296692 -0.03732222318649292 0.028032541275024414
v -0.002224162220954895 -0.03187072277069092 0.006713151931762695
v 0.006364315748214722 -0.03584402799606323 0.022733211517333984
v 0.04113292694091797 0.028583288192749023 0.040900230407714844
v 0.0359879732131958 0.023469626903533936 0.05050969123840332
v 0.04481840133666992 0.022905349731445312 0.035550594329833984
v 0.04481840133666992 0.022905349731445312 0.035550594329833984
v 0.0359879732131958 0.023469626903533936 0.05050969123840332
v 0.043074846267700195 0.015694797039031982 0.039463043212890625
v 0.014509126543998718 -0.03342092037200928 0.021068096160888672
v 0.018141865730285645 -0.03504180908203125 0.04097390174865723
v 0.006364315748214722 -0.03584402799606323 0.022733211517333984
v 0.006364315748214722 -0.03584402799606323 0.022733211517333984
v 0.018141865730285645 -0.03504180908203125 0.04097390174865723
v 0.0060713887214660645 -0.03901129215955734 0.04466700553894043
v 0.006364315748214722 -0.03584402799606323 0.022733211517333984
v 0.0060713887214660645 -0.03901129215955734 0.04466700553894043
v -0.002101615071296692 -0.03732222318649292 0.028032541275024414
v 0.021939687430858612 -0.03025728464126587 0.022773027420043945
v 0.026579827070236206 -0.029183506965637207 0.038190603256225586
v 0.018141865730285645 -0.03504180908203125 0.04097390174865723
v 0.014509126543998718 -0.03342092037200928 0.021068096160888672
v 0.021939687430858612 -0.03025728464126587 0.022773027420043945
v 0.018141865730285645 -0.03504180908203125 0.04097390174865723
v 0.03848230838775635 -0.011668562889099121 0.04916524887084961
v 0.033951807767152786 -0.01927691139280796 0.07393830269575119
v 0.04042738676071167 -0.01107025146484375 0.01931595802307129
v 0.005843564867973328 -0.039655305445194244 0.055553317070007324
v 0.0060713887214660645 -0.03901129215955734 0.04466700553894043
v 0.018141865730285645 -0.03504180908203125 0.04097390174865723
v 0.01641964167356491 -0.03617116063833237 0.062333106994628906
v 0.005843564867973328 -0.039655305445194244 0.055553317070007324
v 0.018141865730285645 -0.03504180908203125 0.04097390174865723
v -0.00613866001367569 -0.03930722177028656 0.04767787456512451
v 0.0060713887214660645 -0.03901129215955734 0.04466700553894043
v 0.005843564867973328 -0.039655305445194244 0.055553317070007324
v 0.018141865730285645 -0.03504180908203125 0.04097390174865723
v 0.026579827070236206 -0.029183506965637207 0.038190603256225586
v 0.026798058301210403 -0.02945566177368164 0.06030416488647461
v 0.018141865730285645 -0.03504180908203125 0.04097390174865723
v 0.026798058301210403 -0.02945566177368164 0.06030416488647461
v 0.01641964167356491 -0.03617116063833237 0.062333106994628906
v 0.026798058301210403 -0.02945566177368164 0.06030416488647461
v 0.026579827070236206 -0.029183506965637207 0.038190603256225586
v 0.03283558785915375 -0.022769540548324585 0.03900909423828125
v 0.03283558785915375 -0.022769540548324585 0.03900909423828125
v 0.033951807767152786 -0.01927691139280796 0.07393830269575119
v 0.026798058301210403 -0.02945566177368164 0.06030416488647461
v 0.03848230838775635 -0.011668562889099121 0.04916524887084961
v 0.04238694906234741 -0.003108978271484375 0.03585386276245117
v 0.039676085114479065 -0.0034940429031848907 0.05802774429321289
v 0.033951807767152786 -0.01927691139280796 0.07393830269575119
v 0.03283558785915375 -0.022769540548324585 0.03900909423828125
v 0.04042738676071167 -0.01107025146484375 0.01931595802307129
v 0.043074846267700195 0.015694797039031982 0.039463043212890625
v 0.0359879732131958 0.023469626903533936 0.05050969123840332
v 0.03422582149505615 0.020729631185531616 0.059461116790771484
v 0.043074846267700195 0.015694797039031982 0.039463043212890625
v 0.03422582149505615 0.020729631185531616 0.059461116790771484
v 0.038155317306518555 0.012857675552368164 0.05608105659484863
v 0.0359879732131958 0.023469626903533936 0.05050969123840332
v 0.026816844940185547 0.02969542145729065 0.0606456995010376
v 0.03422582149505615 0.020729631185531616 0.059461116790771484
v 0.038155317306518555 0.012857675552368164 0.05608105659484863
v 0.03966909646987915 0.006172001361846924 0.05584883689880371
v 0.04470682144165039 0.008482307195663452 0.033516883850097656
v 0.04238694906234741 -0.003108978271484375 0.03585386276245117
v 0.04470682144165039 0.008482307195663452 0.033516883850097656
v 0.03966909646987915 0.006172001361846924 0.05584883689880371
v 0.04238694906234741 -0.003108978271484375 0.03585386276245117
v 0.03966909646987915 0.006172001361846924 0.05584883689880371
v 0.039676085114479065 -0.0034940429031848907 0.05802774429321289
v 0.049835920333862305 0.036873698234558105 -0.029501914978027344
v 0.05485737323760986 0.03801172971725464 -0.018709659576416016
v 0.05257546901702881 0.026781558990478516 -0.020305633544921875
v 0.049835920333862305 0.036873698234558105 -0.029501914978027344
v 0.05257546901702881 0.026781558990478516 -0.020305633544921875
v 0.04480862617492676 0.02036762237548828 -0.0308225154876709
v 0.04480862617492676 0.02036762237548828 -0.0308225154876709
v 0.05257546901702881 0.026781558990478516 -0.020305633544921875
v 0.05014920234680176 0.020637989044189453 -0.021172046661376953
v 0.019520163536071777 -0.008246541023254395 -0.02963399887084961
v 0.011541128158569336 0.002650022506713867 -0.043201446533203125
v 0.021610736846923828 0.007691860198974609 -0.04303455352783203
v 0.021610736846923828 0.007691860198974609 -0.04303455352783203
v 0.011541128158569336 0.002650022506713867 -0.043201446533203125
v 0.015270709991455078 0.01601576805114746 -0.05042767524719238
v 0.021610736846923828 0.007691860198974609 -0.04303455352783203
v 0.015270709991455078 0.01601576805114746 -0.05042767524719238
v 0.025762081146240234 0.020427942276000977 -0.047872066497802734
v 0.025762081146240234 0.020427942276000977 -0.047872066497802734
v 0.015270709991455078 0.01601576805114746 -0.05042767524719238
v 0.01956653594970703 0.035168737173080444 -0.05445516109466553
v -0.0021106377243995667 -0.006197690963745117 -0.03691458702087402
v 0.005083337426185608 -0.0017619132995605469 -0.04071354866027832
v 0.010768234729766846 -0.013745665550231934 -0.026695728302001953
v 0.010768234729766846 -0.013745665550231934 -0.026695728302001953
v 0.019520163536071777 -0.008246541023254395 -0.02963399887084961
v 0.02298593521118164 -0.017372846603393555 -0.012934684753417969
v 0.023505523800849915 -0.024132132530212402 0.0033469200134277344
v 0.02298593521118164 -0.017372846603393555 -0.012934684753417969
v 0.03567257523536682 -0.011854887008666992 -0.004347324371337891
v 0.032051920890808105 -0.008036613464355469 -0.01817798614501953
v 0.019520163536071777 -0.008246541023254395 -0.02963399887084961
v 0.02700984477996826 0.0011699199676513672 -0.03453350067138672
v 0.032051920890808105 -0.008036613464355469 -0.01817798614501953
v 0.02700984477996826 0.0011699199676513672 -0.03453350067138672
v 0.033679038286209106 -0.0017023086547851562 -0.024886608123779297
v 0.005083337426185608 -0.0017619132995605469 -0.04071354866027832
v 0.011541128158569336 0.002650022506713867 -0.043201446533203125
v 0.010768234729766846 -0.013745665550231934 -0.026695728302001953
v 0.010768234729766846 -0.013745665550231934 -0.026695728302001953
v 0.011541128158569336 0.002650022506713867 -0.043201446533203125
v 0.019520163536071777 -0.008246541023254395 -0.02963399887084961
v 0.02298593521118164 -0.017372846603393555 -0.012934684753417969
v 0.019520163536071777 -0.008246541023254395 -0.02963399887084961
v 0.032051920890808105 -0.008036613464355469 -0.01817798614501953
v 0.02298593521118164 -0.017372846603393555 -0.012934684753417969
v 0.032051920890808105 -0.008036613464355469 -0.01817798614501953
v 0.03567257523536682 -0.011854887008666992 -0.004347324371337891
v 0.032219767570495605 -0.020761609077453613 0.014037847518920898
v 0.03567257523536682 -0.011854887008666992 -0.004347324371337891
v 0.03705781698226929 -0.014445781707763672 0.010216236114501953
v 0.042034149169921875 0.0020806193351745605 -0.016677379608154297
v 0.039179205894470215 0.009679794311523438 -0.030368804931640625
v 0.04754757881164551 0.011327266693115234 -0.017403841018676758
v 0.04754757881164551 0.011327266693115234 -0.017403841018676758
v 0.039179205894470215 0.009679794311523438 -0.030368804931640625
v 0.04480862617492676 0.02036762237548828 -0.0308225154876709
v 0.039179205894470215 0.009679794311523438 -0.030368804931640625
v 0.042034149169921875 0.0020806193351745605 -0.016677379608154297
v 0.033679038286209106 -0.0017023086547851562 -0.024886608123779297
v 0.033679038286209106 -0.0017023086547851562 -0.024886608123779297
v 0.042034149169921875 0.0020806193351745605 -0.016677379608154297
v 0.032051920890808105 -0.008036613464355469 -0.01817798614501953
v 0.032051920890808105 -0.008036613464355469 -0.01817798614501953
v 0.042034149169921875 0.0020806193351745605 -0.016677379608154297
v 0.03567257523536682 -0.011854887008666992 -0.004347324371337891
v 0.04779866337776184 0.0031430721282958984 0.004948794841766357
v 0.04042738676071167 -0.01107025146484375 0.01931595802307129
v 0.044588759541511536 -0.0009267330169677734 -0.002399921417236328
v 0.03567257523536682 -0.011854887008666992 -0.004347324371337891
v 0.044588759541511536 -0.0009267330169677734 -0.002399921417236328
v 0.03705781698226929 -0.014445781707763672 0.010216236114501953
v 0.03357839584350586 0.03718757629394531 0.047495365142822266
v 0.028310537338256836 0.042836666107177734 0.05065774917602539
v 0.025717735290527344 0.03693985939025879 0.052725791931152344
v 0.025717735290527344 0.03693985939025879 0.052725791931152344
v 0.028310537338256836 0.042836666107177734 0.05065774917602539
v 0.022074401378631592 0.04062908887863159 0.05368989706039429
v 0.022074401378631592 0.04062908887863159 0.05368989706039429
v 0.011272907257080078 0.04074897617101669 0.0572432279586792
v 0.01752185821533203 0.03886398673057556 0.05636322498321533
v 0.04779866337776184 0.0031430721282958984 0.004948794841766357
v 0.05444934219121933 0.02010916918516159 0.0033603310585021973
v 0.048941850662231445 0.006851911544799805 0.013941764831542969
v 0.048941850662231445 0.006851911544799805 0.013941764831542969
v 0.05444934219121933 0.02010916918516159 0.0033603310585021973
v 0.05377984046936035 0.022510528564453125 0.012865543365478516
v 0.05377984046936035 0.022510528564453125 0.012865543365478516
v 0.05444934219121933 0.02010916918516159 0.0033603310585021973
v 0.057244300842285156 0.03706241399049759 0.009399771690368652
v 0.057244300842285156 0.03706241399049759 0.009399771690368652
v 0.05444934219121933 0.02010916918516159 0.0033603310585021973
v 0.05784030258655548 0.03586907684803009 0.0005368590354919434
v 0.011272907257080078 0.04074897617101669 0.0572432279586792
v 0.0019774138927459717 0.04002745449542999 0.059949785470962524
v 0.010434776544570923 0.03864889219403267 0.06024083495140076
v 0.01752185821533203 0.03886398673057556 0.05636322498321533
v 0.025717735290527344 0.03693985939025879 0.052725791931152344
v 0.022074401378631592 0.04062908887863159 0.05368989706039429
v 0.02901172637939453 0.03178471326828003 0.05337834358215332
v 0.04279899597167969 0.03764915466308594 0.03906059265136719
v 0.03357839584350586 0.03718757629394531 0.047495365142822266
v 0.025717735290527344 0.03693985939025879 0.052725791931152344
v 0.02901172637939453 0.03178471326828003 0.05337834358215332
v 0.03357839584350586 0.03718757629394531 0.047495365142822266
v 0.01752185821533203 0.03886398673057556 0.05636322498321533
v 0.01764124631881714 0.03592930734157562 0.06019812822341919
v 0.025717735290527344 0.03693985939025879 0.052725791931152344
v 0.025717735290527344 0.03693985939025879 0.052725791931152344
v 0.01764124631881714 0.03592930734157562 0.06019812822341919
v 0.02901172637939453 0.03178471326828003 0.05337834358215332
v 0.010434776544570923 0.03864889219403267 0.06024083495140076
v 0.01752185821533203 0.03886398673057556 0.05636322498321533
v 0.011272907257080078 0.04074897617101669 0.0572432279586792
v 0.010434776544570923 0.03864889219403267 0.06024083495140076
v 0.01764124631881714 0.03592930734157562 0.06019812822341919
v 0.01752185821533203 0.03886398673057556 0.05636322498321533
v 0.02901172637939453 0.03178471326828003 0.05337834358215332
v 0.01764124631881714 0.03592930734157562 0.06019812822341919
v 0.026816844940185547 0.02969542145729065 0.0606456995010376
v 0.011272907257080078 0.04074897617101669 0.0572432279586792
v 0.002144068479537964 0.041574716567993164 0.05816639959812164
v 0.0019774138927459717 0.04002745449542999 0.059949785470962524
v 0.02901172637939453 0.03178471326828003 0.05337834358215332
v 0.0359879732131958 0.023469626903533936 0.05050969123840332
v 0.04113292694091797 0.028583288192749023 0.040900230407714844
v 0.02901172637939453 0.03178471326828003 0.05337834358215332
v 0.04113292694091797 0.028583288192749023 0.040900230407714844
v 0.04279899597167969 0.03764915466308594 0.03906059265136719
v -0.057912249118089676 0.036924123764038086 0.002973020076751709
v -0.0542302131652832 0.028490304946899414 0.016899824142456055
v -0.055968642234802246 0.038767337799072266 0.015385627746582031
v -0.057912249118089676 0.036924123764038086 0.002973020076751709
v -0.05498534440994263 0.021819621324539185 0.001968562602996826
v -0.0542302131652832 0.028490304946899414 0.016899824142456055
v -0.01938772201538086 0.04089164733886719 0.05478644371032715
v -0.019951343536376953 0.037153780460357666 0.05632209777832031
v -0.013065099716186523 0.03943529725074768 0.057764530181884766
v -0.01938772201538086 0.04089164733886719 0.05478644371032715
v -0.013065099716186523 0.03943529725074768 0.057764530181884766
v -0.008320331573486328 0.04080241918563843 0.05783480405807495
v -0.0542302131652832 0.028490304946899414 0.016899824142456055
v -0.05498534440994263 0.021819621324539185 0.001968562602996826
v -0.05036330223083496 0.010653972625732422 0.012767791748046875
v -0.020815283060073853 0.03421914577484131 0.060013264417648315
v -0.02812671661376953 0.03380885720252991 0.05277729034423828
v -0.02636873722076416 0.030420303344726562 0.058732569217681885
v 0.0019774138927459717 0.04002745449542999 0.059949785470962524
v 0.002144068479537964 0.041574716567993164 0.05816639959812164
v -0.008320331573486328 0.04080241918563843 0.05783480405807495
v -0.019951343536376953 0.037153780460357666 0.05632209777832031
v -0.02812671661376953 0.03380885720252991 0.05277729034423828
v -0.020815283060073853 0.03421914577484131 0.060013264417648315
v -0.04365396499633789 0.01901894062757492 0.03773689270019531
v -0.03915238380432129 0.01690874993801117 0.0489501953125
v -0.042134761810302734 0.025149941444396973 0.03981208801269531
v -0.042134761810302734 0.025149941444396973 0.03981208801269531
v -0.03915238380432129 0.01690874993801117 0.0489501953125
v -0.03428769111633301 0.025235772132873535 0.05192160606384277
v -0.042134761810302734 0.025149941444396973 0.03981208801269531
v -0.03428769111633301 0.025235772132873535 0.05192160606384277
v -0.035396575927734375 0.03357863426208496 0.046272993087768555
v -0.035396575927734375 0.03357863426208496 0.046272993087768555
v -0.04167652130126953 0.032515883445739746 0.04012870788574219
v -0.042134761810302734 0.025149941444396973 0.03981208801269531
v -0.03865876793861389 0.0027200456243008375 0.07394358515739441
v -0.04068368673324585 0.00834345817565918 0.04888510704040527
v -0.039501041173934937 -0.006981313228607178 0.05259990692138672
v -0.019951343536376953 0.037153780460357666 0.05632209777832031
v -0.029020309448242188 0.03954130411148071 0.050275325775146484
v -0.02812671661376953 0.03380885720252991 0.05277729034423828
v -0.02812671661376953 0.03380885720252991 0.05277729034423828
v -0.029020309448242188 0.03954130411148071 0.050275325775146484
v -0.035396575927734375 0.03357863426208496 0.046272993087768555
v -0.02812671661376953 0.03380885720252991 0.05277729034423828
v -0.035396575927734375 0.03357863426208496 0.046272993087768555
v -0.02636873722076416 0.030420303344726562 0.058732569217681885
v -0.02636873722076416 0.030420303344726562 0.058732569217681885
v -0.03428769111633301 0.025235772132873535 0.05192160606384277
v -0.03313884139060974 0.0222979336977005 0.060082197189331055
v -0.04975330829620361 0.024662822484970093 -0.025181055068969727
v -0.04335498809814453 0.02041935920715332 -0.032781124114990234
v -0.044419050216674805 0.008690714836120605 -0.021164417266845703
v -0.044419050216674805 0.008690714836120605 -0.021164417266845703
v -0.04335498809814453 0.02041935920715332 -0.032781124114990234
v -0.040465712547302246 0.012418746948242188 -0.030981063842773438
v -0.020113810896873474 0.0006465911865234375 -0.03829693794250488
v -0.02221059799194336 0.010485649108886719 -0.04451274871826172
v -0.011600017547607422 0.009194374084472656 -0.04763197898864746
v -0.011600017547607422 0.009194374084472656 -0.04763197898864746
v -0.02221059799194336 0.010485649108886719 -0.04451274871826172
v -0.025269269943237305 0.02132546901702881 -0.04854297637939453
v -0.011600017547607422 0.009194374084472656 -0.04763197898864746
v -0.025269269943237305 0.02132546901702881 -0.04854297637939453
v -0.013077497482299805 0.020705461502075195 -0.052866339683532715
v -0.013077497482299805 0.020705461502075195 -0.052866339683532715
v -0.025269269943237305 0.02132546901702881 -0.04854297637939453
v -0.010971426963806152 0.03231155872344971 -0.05635315179824829
v -0.010971426963806152 0.03231155872344971 -0.05635315179824829
v -0.025269269943237305 0.02132546901702881 -0.04854297637939453
v -0.019590377807617188 0.03766632080078125 -0.05458176136016846
v -0.020113810896873474 0.0006465911865234375 -0.03829693794250488
v -0.008475959300994873 0.0003781318664550781 -0.04197263717651367
v -0.012552976608276367 -0.011597871780395508 -0.02869439125061035
v -0.012552976608276367 -0.011597871780395508 -0.02869439125061035
v -0.008475959300994873 0.0003781318664550781 -0.04197263717651367
v -0.0021106377243995667 -0.006197690963745117 -0.03691458702087402
v -0.002441033720970154 -0.021001100540161133 -0.017788171768188477
v -0.0021106377243995667 -0.006197690963745117 -0.03691458702087402
v 0.010768234729766846 -0.013745665550231934 -0.026695728302001953
v -0.002441033720970154 -0.021001100540161133 -0.017788171768188477
v 0.010768234729766846 -0.013745665550231934 -0.026695728302001953
v 0.009163975715637207 -0.02086663246154785 -0.016307830810546875
v 0.009163975715637207 -0.02086663246154785 -0.016307830810546875
v 0.010768234729766846 -0.013745665550231934 -0.026695728302001953
v 0.02298593521118164 -0.017372846603393555 -0.012934684753417969
v 0.009163975715637207 -0.02086663246154785 -0.016307830810546875
v 0.02298593521118164 -0.017372846603393555 -0.012934684753417969
v 0.015510380268096924 -0.027034997940063477 0.0008137226104736328
v 0.015510380268096924 -0.027034997940063477 0.0008137226104736328
v 0.02298593521118164 -0.017372846603393555 -0.012934684753417969
v 0.023505523800849915 -0.024132132530212402 0.0033469200134277344
v -0.021700691431760788 -0.030931591987609863 0.024237632751464844
v -0.03354823589324951 -0.019796252250671387 0.01742267608642578
v -0.02344733476638794 -0.024640679359436035 0.004052162170410156
v -0.02344733476638794 -0.024640679359436035 0.004052162170410156
v -0.03354823589324951 -0.019796252250671387 0.01742267608642578
v -0.037425875663757324 -0.011653423309326172 0.0007028579711914062
v -0.02344733476638794 -0.024640679359436035 0.004052162170410156
v -0.037425875663757324 -0.011653423309326172 0.0007028579711914062
v -0.029471173882484436 -0.01254892349243164 -0.013920783996582031
v -0.029471173882484436 -0.01254892349243164 -0.013920783996582031
v -0.037425875663757324 -0.011653423309326172 0.0007028579711914062
v -0.03853636980056763 -0.004258394241333008 -0.01350259780883789
v -0.029471173882484436 -0.01254892349243164 -0.013920783996582031
v -0.03853636980056763 -0.004258394241333008 -0.01350259780883789
v -0.03528308868408203 0.001142740249633789 -0.02627086639404297
v -0.029471173882484436 -0.01254892349243164 -0.013920783996582031
v -0.02561664581298828 -0.005957126617431641 -0.027971744537353516
v -0.02087666094303131 -0.018031597137451172 -0.01380610466003418
v -0.029471173882484436 -0.01254892349243164 -0.013920783996582031
v -0.02087666094303131 -0.018031597137451172 -0.01380610466003418
v -0.02344733476638794 -0.024640679359436035 0.004052162170410156
v -0.029471173882484436 -0.01254892349243164 -0.013920783996582031
v -0.03528308868408203 0.001142740249633789 -0.02627086639404297
v -0.02561664581298828 -0.005957126617431641 -0.027971744537353516
v -0.02561664581298828 -0.005957126617431641 -0.027971744537353516
v -0.012552976608276367 -0.011597871780395508 -0.02869439125061035
v -0.02087666094303131 -0.018031597137451172 -0.01380610466003418
v -0.02087666094303131 -0.018031597137451172 -0.01380610466003418
v -0.012552976608276367 -0.011597871780395508 -0.02869439125061035
v -0.011732757091522217 -0.022564053535461426 -0.011846303939819336
v -0.02087666094303131 -0.018031597137451172 -0.01380610466003418
v -0.011732757091522217 -0.022564053535461426 -0.011846303939819336
v -0.02344733476638794 -0.024640679359436035 0.004052162170410156
v -0.02344733476638794 -0.024640679359436035 0.004052162170410156
v -0.011732757091522217 -0.022564053535461426 -0.011846303939819336
v -0.010941535234451294 -0.030805468559265137 0.007503509521484375
v -0.02344733476638794 -0.024640679359436035 0.004052162170410156
v -0.010941535234451294 -0.030805468559265137 0.007503509521484375
v -0.021700691431760788 -0.030931591987609863 0.024237632751464844
v -0.021700691431760788 -0.030931591987609863 0.024237632751464844
v -0.010941535234451294 -0.030805468559265137 0.007503509521484375
v -0.01028570905327797 -0.03617745637893677 0.028540849685668945
v -0.021700691431760788 -0.030931591987609863 0.024237632751464844
v -0.01028570905327797 -0.03617745637893677 0.028540849685668945
v -0.019889870658516884 -0.03410232067108154 0.04108846187591553
v -0.02561664581298828 -0.005957126617431641 -0.027971744537353516
v -0.020113810896873474 0.0006465911865234375 -0.03829693794250488
v -0.012552976608276367 -0.011597871780395508 -0.02869439125061035
v 0.021939687430858612 -0.03025728464126587 0.022773027420043945
v 0.023505523800849915 -0.024132132530212402 0.0033469200134277344
v 0.032219767570495605 -0.020761609077453613 0.014037847518920898
v -0.012552976608276367 -0.011597871780395508 -0.02869439125061035
v -0.0021106377243995667 -0.006197690963745117 -0.03691458702087402
v -0.002441033720970154 -0.021001100540161133 -0.017788171768188477
v -0.03853636980056763 -0.004258394241333008 -0.01350259780883789
v -0.044419050216674805 0.008690714836120605 -0.021164417266845703
v -0.03528308868408203 0.001142740249633789 -0.02627086639404297
v -0.03528308868408203 0.001142740249633789 -0.02627086639404297
v -0.044419050216674805 0.008690714836120605 -0.021164417266845703
v -0.040465712547302246 0.012418746948242188 -0.030981063842773438
v 0.023505523800849915 -0.024132132530212402 0.0033469200134277344
v 0.03567257523536682 -0.011854887008666992 -0.004347324371337891
v 0.032219767570495605 -0.020761609077453613 0.014037847518920898
v -0.00613866001367569 -0.03930722177028656 0.04767787456512451
v 0.005843564867973328 -0.039655305445194244 0.055553317070007324
v -0.005485378671437502 -0.038608063012361526 0.07389818131923676
v -0.020815283060073853 0.03421914577484131 0.060013264417648315
v -0.013664722442626953 0.03723582997918129 0.062422096729278564
v -0.019951343536376953 0.037153780460357666 0.05632209777832031
v 0.0359879732131958 0.023469626903533936 0.05050969123840332
v 0.02901172637939453 0.03178471326828003 0.05337834358215332
v 0.026816844940185547 0.02969542145729065 0.0606456995010376
v 0.043074846267700195 0.015694797039031982 0.039463043212890625
v 0.038155317306518555 0.012857675552368164 0.05608105659484863
v 0.04470682144165039 0.008482307195663452 0.033516883850097656
v 0.006782472133636475 -0.029679298400878906 0.00186920166015625
v 0.009163975715637207 -0.02086663246154785 -0.016307830810546875
v 0.015510380268096924 -0.027034997940063477 0.0008137226104736328
v 0.021939687430858612 -0.03025728464126587 0.022773027420043945
v 0.032219767570495605 -0.020761609077453613 0.014037847518920898
v 0.026579827070236206 -0.029183506965637207 0.038190603256225586
v 0.026579827070236206 -0.029183506965637207 0.038190603256225586
v 0.032219767570495605 -0.020761609077453613 0.014037847518920898
v 0.03283558785915375 -0.022769540548324585 0.03900909423828125
v -0.002101615071296692 -0.03732222318649292 0.028032541275024414
v 0.0060713887214660645 -0.03901129215955734 0.04466700553894043
v -0.00613866001367569 -0.03930722177028656 0.04767787456512451
v -0.002101615071296692 -0.03732222318649292 0.028032541275024414
v -0.00613866001367569 -0.03930722177028656 0.04767787456512451
v -0.01028570905327797 -0.03617745637893677 0.028540849685668945
v -0.01028570905327797 -0.03617745637893677 0.028540849685668945
v -0.00613866001367569 -0.03930722177028656 0.04767787456512451
v -0.019889870658516884 -0.03410232067108154 0.04108846187591553
v -0.0306159108877182 -0.025327950716018677 0.0355381965637207
v -0.019889870658516884 -0.03410232067108154 0.04108846187591553
v -0.022627202793955803 -0.03264906257390976 0.06146669387817383
v -0.04903620854020119 0.0058615803718566895 0.006031975150108337
v -0.04777664318680763 0.006626546382904053 -0.00914621353149414
v -0.04476290941238403 -0.00174713134765625 0.002002716064453125
v -0.04777664318680763 0.006626546382904053 -0.00914621353149414
v -0.037425875663757324 -0.011653423309326172 0.0007028579711914062
v -0.04476290941238403 -0.00174713134765625 0.002002716064453125
v -0.0530230849981308 0.02008417248725891 -0.012397408485412598
v -0.04975330829620361 0.024662822484970093 -0.025181055068969727
v -0.044419050216674805 0.008690714836120605 -0.021164417266845703
v -0.04903620854020119 0.0058615803718566895 0.006031975150108337
v -0.05498534440994263 0.021819621324539185 0.001968562602996826
v -0.0530230849981308 0.02008417248725891 -0.012397408485412598
v -0.044419050216674805 0.008690714836120605 -0.021164417266845703
v -0.04777664318680763 0.006626546382904053 -0.00914621353149414
v -0.0530230849981308 0.02008417248725891 -0.012397408485412598
v -0.04777664318680763 0.006626546382904053 -0.00914621353149414
v -0.044419050216674805 0.008690714836120605 -0.021164417266845703
v -0.03853636980056763 -0.004258394241333008 -0.01350259780883789
v -0.04777664318680763 0.006626546382904053 -0.00914621353149414
v -0.03853636980056763 -0.004258394241333008 -0.01350259780883789
v -0.037425875663757324 -0.011653423309326172 0.0007028579711914062
v -0.04975330829620361 0.024662822484970093 -0.025181055068969727
v -0.0530230849981308 0.02008417248725891 -0.012397408485412598
v -0.053971290588378906 0.035714417695999146 -0.020722389221191406
v -0.057912249118089676 0.036924123764038086 0.002973020076751709
v -0.05700543522834778 0.03509354591369629 -0.009623527526855469
v -0.057197507470846176 0.03121703304350376 -0.0021597817540168762
v -0.057197507470846176 0.03121703304350376 -0.0021597817540168762
v -0.05700543522834778 0.03509354591369629 -0.009623527526855469
v -0.0530230849981308 0.02008417248725891 -0.012397408485412598
v -0.057197507470846176 0.03121703304350376 -0.0021597817540168762
v -0.0530230849981308 0.02008417248725891 -0.012397408485412598
v -0.05498534440994263 0.021819621324539185 0.001968562602996826
v -0.04777664318680763 0.006626546382904053 -0.00914621353149414
v -0.04903620854020119 0.0058615803718566895 0.006031975150108337
v -0.0530230849981308 0.02008417248725891 -0.012397408485412598
v -0.0530230849981308 0.02008417248725891 -0.012397408485412598
v -0.05700543522834778 0.03509354591369629 -0.009623527526855469
v -0.053971290588378906 0.035714417695999146 -0.020722389221191406
v -0.053971290588378906 0.035714417695999146 -0.020722389221191406
v -0.05700543522834778 0.03509354591369629 -0.009623527526855469
v -0.055885910987854004 0.042191267013549805 -0.015688657760620117
v 0.05784030258655548 0.03586907684803009 0.0005368590354919434
v 0.05853401497006416 0.054500941187143326 0.003749459981918335
v 0.057244300842285156 0.03706241399049759 0.009399771690368652
v 0.05181598663330078 0.05449976027011871 0.026119709014892578
v 0.05427718162536621 0.03621804714202881 0.02001333236694336
v 0.05853401497006416 0.054500941187143326 0.003749459981918335
v 0.05853401497006416 0.054500941187143326 0.003749459981918335
v 0.05427718162536621 0.03621804714202881 0.02001333236694336
v 0.057244300842285156 0.03706241399049759 0.009399771690368652
v 0.04951357841491699 0.038955092430114746 0.030292987823486328
v 0.05181598663330078 0.05449976027011871 0.026119709014892578
v 0.04176676273345947 0.05449971184134483 0.04077708721160889
v 0.04176676273345947 0.05449971184134483 0.04077708721160889
v 0.04279899597167969 0.03764915466308594 0.03906059265136719
v 0.04951357841491699 0.038955092430114746 0.030292987823486328
v 0.04176676273345947 0.05449971184134483 0.04077708721160889
v 0.03357839584350586 0.03718757629394531 0.047495365142822266
v 0.04279899597167969 0.03764915466308594 0.03906059265136719
v 0.0229799747467041 0.05449594557285309 0.05334484577178955
v 0.028310537338256836 0.042836666107177734 0.05065774917602539
v 0.04176676273345947 0.05449971184134483 0.04077708721160889
v 0.04176676273345947 0.05449971184134483 0.04077708721160889
v 0.028310537338256836 0.042836666107177734 0.05065774917602539
v 0.03357839584350586 0.03718757629394531 0.047495365142822266
v 0.0229799747467041 0.05449594557285309 0.05334484577178955
v 0.022074401378631592 0.04062908887863159 0.05368989706039429
v 0.028310537338256836 0.042836666107177734 0.05065774917602539
v 0.0229799747467041 0.05449594557285309 0.05334484577178955
v 0.011272907257080078 0.04074897617101669 0.0572432279586792
v 0.022074401378631592 0.04062908887863159 0.05368989706039429
v 0.0027565062046051025 0.054499976336956024 0.05841892212629318
v 0.011272907257080078 0.04074897617101669 0.0572432279586792
v 0.0229799747467041 0.05449594557285309 0.05334484577178955
v 0.0027565062046051025 0.054499976336956024 0.05841892212629318
v 0.002144068479537964 0.041574716567993164 0.05816639959812164
v 0.011272907257080078 0.04074897617101669 0.0572432279586792
v 0.002144068479537964 0.041574716567993164 0.05816639959812164
v 0.0027565062046051025 0.054499976336956024 0.05841892212629318
v -0.008320331573486328 0.04080241918563843 0.05783480405807495
v -0.008320331573486328 0.04080241918563843 0.05783480405807495
v 0.0027565062046051025 0.054499976336956024 0.05841892212629318
v -0.020137429237365723 0.05449492856860161 0.05450904369354248
v -0.008320331573486328 0.04080241918563843 0.05783480405807495
v -0.020137429237365723 0.05449492856860161 0.05450904369354248
v -0.01938772201538086 0.04089164733886719 0.05478644371032715
v -0.020137429237365723 0.05449492856860161 0.05450904369354248
v -0.029020309448242188 0.03954130411148071 0.050275325775146484
v -0.01938772201538086 0.04089164733886719 0.05478644371032715
v -0.04045659303665161 0.05449939891695976 0.04247838258743286
v -0.029020309448242188 0.03954130411148071 0.050275325775146484
v -0.020137429237365723 0.05449492856860161 0.05450904369354248
v -0.04045659303665161 0.05449939891695976 0.04247838258743286
v -0.035396575927734375 0.03357863426208496 0.046272993087768555
v -0.029020309448242188 0.03954130411148071 0.050275325775146484
v -0.04045659303665161 0.05449939891695976 0.04247838258743286
v -0.04167652130126953 0.032515883445739746 0.04012870788574219
v -0.035396575927734375 0.03357863426208496 0.046272993087768555
v -0.049295663833618164 0.03977406024932861 0.03070354461669922
v -0.04045659303665161 0.05449939891695976 0.04247838258743286
v -0.05204308032989502 0.054499998688697815 0.025859594345092773
v -0.04045659303665161 0.05449939891695976 0.04247838258743286
v -0.049295663833618164 0.03977406024932861 0.03070354461669922
v -0.04167652130126953 0.032515883445739746 0.04012870788574219
v -0.05204308032989502 0.054499998688697815 0.025859594345092773
v -0.05258536338806152 0.03612351417541504 0.02404928207397461
v -0.049295663833618164 0.03977406024932861 0.03070354461669922
v -0.05703020095825195 0.05450000613927841 0.011112451553344727
v -0.055968642234802246 0.038767337799072266 0.015385627746582031
v -0.05204308032989502 0.054499998688697815 0.025859594345092773
v -0.05204308032989502 0.054499998688697815 0.025859594345092773
v -0.055968642234802246 0.038767337799072266 0.015385627746582031
v -0.05258536338806152 0.03612351417541504 0.02404928207397461
v -0.057616882026195526 0.054510679095983505 -0.009585022926330566
v -0.057912249118089676 0.036924123764038086 0.002973020076751709
v -0.05703020095825195 0.05450000613927841 0.011112451553344727
v -0.05703020095825195 0.05450000613927841 0.011112451553344727
v -0.057912249118089676 0.036924123764038086 0.002973020076751709
v -0.055968642234802246 0.038767337799072266 0.015385627746582031
v -0.057616882026195526 0.054510679095983505 -0.009585022926330566
v -0.05700543522834778 0.03509354591369629 -0.009623527526855469
v -0.057912249118089676 0.036924123764038086 0.002973020076751709
v -0.057616882026195526 0.054510679095983505 -0.009585022926330566
v -0.055885910987854004 0.042191267013549805 -0.015688657760620117
v -0.05700543522834778 0.03509354591369629 -0.009623527526855469
v -0.051920175552368164 0.054500509053468704 -0.026231050491333008
v -0.053971290588378906 0.035714417695999146 -0.020722389221191406
v -0.055885910987854004 0.042191267013549805 -0.015688657760620117
v -0.051920175552368164 0.054500509053468704 -0.026231050491333008
v -0.055885910987854004 0.042191267013549805 -0.015688657760620117
v -0.057616882026195526 0.054510679095983505 -0.009585022926330566
v -0.051920175552368164 0.054500509053468704 -0.026231050491333008
v -0.04970598220825195 0.03716731071472168 -0.029765605926513672
v -0.053971290588378906 0.035714417695999146 -0.020722389221191406
v -0.04111886024475098 0.05449771508574486 -0.0413823127746582
v -0.04246854782104492 0.042329125106334686 -0.03969240188598633
v -0.051920175552368164 0.054500509053468704 -0.026231050491333008
v -0.04246854782104492 0.042329125106334686 -0.03969240188598633
v -0.04111886024475098 0.05449771508574486 -0.0413823127746582
v -0.03352069854736328 0.03527987003326416 -0.04706764221191406
v -0.027494430541992188 0.03554803133010864 -0.050878047943115234
v -0.03352069854736328 0.03527987003326416 -0.04706764221191406
v -0.026333332061767578 0.054499492049217224 -0.05178260803222656
v -0.026333332061767578 0.054499492049217224 -0.05178260803222656
v -0.03352069854736328 0.03527987003326416 -0.04706764221191406
v -0.04111886024475098 0.05449771508574486 -0.0413823127746582
v -0.008938193321228027 0.054498784244060516 -0.05758661776781082
v -0.019590377807617188 0.03766632080078125 -0.05458176136016846
v -0.026333332061767578 0.054499492049217224 -0.05178260803222656
v -0.026333332061767578 0.054499492049217224 -0.05178260803222656
v -0.019590377807617188 0.03766632080078125 -0.05458176136016846
v -0.027494430541992188 0.03554803133010864 -0.050878047943115234
v -0.008938193321228027 0.054498784244060516 -0.05758661776781082
v -0.010441303253173828 0.04232779145240784 -0.057065486907958984
v -0.019590377807617188 0.03766632080078125 -0.05458176136016846
v -0.010441303253173828 0.04232779145240784 -0.057065486907958984
v -0.008938193321228027 0.054498784244060516 -0.05758661776781082
v 0.0008256435394287109 0.03799009323120117 -0.05798553675413132
v 0.011010289192199707 0.05449977517127991 -0.05712532997131348
v 0.009338140487670898 0.042337652295827866 -0.05729568004608154
v 0.0008256435394287109 0.03799009323120117 -0.05798553675413132
v 0.011010289192199707 0.05449977517127991 -0.05712532997131348
v 0.0008256435394287109 0.03799009323120117 -0.05798553675413132
v -0.008938193321228027 0.054498784244060516 -0.05758661776781082
v 0.01956653594970703 0.035168737173080444 -0.05445516109466553
v 0.009338140487670898 0.042337652295827866 -0.05729568004608154
v 0.011010289192199707 0.05449977517127991 -0.05712532997131348
v 0.026281356811523438 0.05449947714805603 -0.051811933517456055
v 0.01956653594970703 0.035168737173080444 -0.05445516109466553
v 0.011010289192199707 0.05449977517127991 -0.05712532997131348
v 0.026281356811523438 0.05449947714805603 -0.051811933517456055
v 0.02817845344543457 0.03459978103637695 -0.05045008659362793
v 0.01956653594970703 0.035168737173080444 -0.05445516109466553
v 0.043785035610198975 0.05449599027633667 -0.03904581069946289
v 0.03663158416748047 0.03847527503967285 -0.0449824333190918
v 0.026281356811523438 0.05449947714805603 -0.051811933517456055
v 0.026281356811523438 0.05449947714805603 -0.051811933517456055
v 0.03663158416748047 0.03847527503967285 -0.0449824333190918
v 0.02817845344543457 0.03459978103637695 -0.05045008659362793
v 0.043785035610198975 0.05449599027633667 -0.03904581069946289
v 0.045063018798828125 0.042221248149871826 -0.03664588928222656
v 0.03663158416748047 0.03847527503967285 -0.0449824333190918
v 0.045063018798828125 0.042221248149871826 -0.03664588928222656
v 0.043785035610198975 0.05449599027633667 -0.03904581069946289
v 0.049835920333862305 0.036873698234558105 -0.029501914978027344
v 0.049835920333862305 0.036873698234558105 -0.029501914978027344
v 0.043785035610198975 0.05449599027633667 -0.03904581069946289
v 0.055283188819885254 0.05449866130948067 -0.018068671226501465
v 0.05705168843269348 0.0346301794052124 -0.009481668472290039
v 0.05485737323760986 0.03801172971725464 -0.018709659576416016
v 0.055283188819885254 0.05449866130948067 -0.018068671226501465
v 0.05853401497006416 0.054500941187143326 0.003749459981918335
v 0.05705168843269348 0.0346301794052124 -0.009481668472290039
v 0.055283188819885254 0.05449866130948067 -0.018068671226501465
v 0.05853401497006416 0.054500941187143326 0.003749459981918335
v 0.05784030258655548 0.03586907684803009 0.0005368590354919434
v 0.05705168843269348 0.0346301794052124 -0.009481668472290039
v 0.055283188819885254 0.05449866130948067 -0.018068671226501465
v -0.05703020095825195 0.05450000613927841 0.011112451553344727
v -0.05204308032989502 0.054499998688697815 0.025859594345092773
v 0.055283188819885254 0.05449866130948067 -0.018068671226501465
v 0.0027565062046051025 0.054499976336956024 0.05841892212629318
v 0.0229799747467041 0.05449594557285309 0.05334484577178955
v 0.055283188819885254 0.05449866130948067 -0.018068671226501465
v 0.043785035610198975 0.05449599027633667 -0.03904581069946289
v -0.05703020095825195 0.05450000613927841 0.011112451553344727
v -0.05703020095825195 0.05450000613927841 0.011112451553344727
v 0.043785035610198975 0.05449599027633667 -0.03904581069946289
v 0.026281356811523438 0.05449947714805603 -0.051811933517456055
v -0.05204308032989502 0.054499998688697815 0.025859594345092773
v -0.04045659303665161 0.05449939891695976 0.04247838258743286
v 0.055283188819885254 0.05449866130948067 -0.018068671226501465
v 0.026281356811523438 0.05449947714805603 -0.051811933517456055
v 0.011010289192199707 0.05449977517127991 -0.05712532997131348
v -0.05703020095825195 0.05450000613927841 0.011112451553344727
v -0.05703020095825195 0.05450000613927841 0.011112451553344727
v 0.011010289192199707 0.05449977517127991 -0.05712532997131348
v -0.008938193321228027 0.054498784244060516 -0.05758661776781082
v -0.05703020095825195 0.05450000613927841 0.011112451553344727
v -0.008938193321228027 0.054498784244060516 -0.05758661776781082
v -0.026333332061767578 0.054499492049217224 -0.05178260803222656
v 0.055283188819885254 0.05449866130948067 -0.018068671226501465
v -0.04045659303665161 0.05449939891695976 0.04247838258743286
v -0.020137429237365723 0.05449492856860161 0.05450904369354248
v 0.0229799747467041 0.05449594557285309 0.05334484577178955
v 0.04176676273345947 0.05449971184134483 0.04077708721160889
v 0.055283188819885254 0.05449866130948067 -0.018068671226501465
v -0.020137429237365723 0.05449492856860161 0.05450904369354248
v 0.0027565062046051025 0.054499976336956024 0.05841892212629318
v 0.055283188819885254 0.05449866130948067 -0.018068671226501465
v 0.04176676273345947 0.05449971184134483 0.04077708721160889
v 0.05181598663330078 0.05449976027011871 0.026119709014892578
v 0.055283188819885254 0.05449866130948067 -0.018068671226501465
v 0.055283188819885254 0.05449866130948067 -0.018068671226501465
v 0.05181598663330078 0.05449976027011871 0.026119709014892578
v 0.05853401497006416 0.054500941187143326 0.003749459981918335
v -0.05703020095825195 0.05450000613927841 0.011112451553344727
v -0.026333332061767578 0.054499492049217224 -0.05178260803222656
v -0.04111886024475098 0.05449771508574486 -0.0413823127746582
v -0.057616882026195526 0.054510679095983505 -0.009585022926330566
v -0.05703020095825195 0.05450000613927841 0.011112451553344727
v -0.051920175552368164 0.054500509053468704 -0.026231050491333008
v -0.05703020095825195 0.05450000613927841 0.011112451553344727
v -0.04111886024475098 0.05449771508574486 -0.0413823127746582
v -0.051920175552368164 0.054500509053468704 -0.026231050491333008
v 0.039571523666381836 0.009071826934814453 0.04241788387298584
v 0.037833213806152344 0.014922857284545898 0.04610240459442139
v 0.038597941398620605 0.017151832580566406 0.04328584671020508
v 0.038597941398620605 0.017151832580566406 0.04328584671020508
v 0.03278303146362305 0.024170994758605957 0.050378620624542236
v 0.03329348564147949 0.027011990547180176 0.04760539531707764
v 0.025300979614257812 0.03293657302856445 0.05221414566040039
v 0.03329348564147949 0.027011990547180176 0.04760539531707764
v 0.025620698928833008 0.03150796890258789 0.05315202474594116
v 0.025300979614257812 0.03293657302856445 0.05221414566040039
v 0.025620698928833008 0.03150796890258789 0.05315202474594116
v 0.020636796951293945 0.03414106369018555 0.05427795648574829
v 0.03278303146362305 0.024170994758605957 0.050378620624542236
v 0.025620698928833008 0.03150796890258789 0.05315202474594116
v 0.03329348564147949 0.027011990547180176 0.04760539531707764
v 0.038597941398620605 0.017151832580566406 0.04328584671020508
v 0.037833213806152344 0.014922857284545898 0.04610240459442139
v 0.03278303146362305 0.024170994758605957 0.050378620624542236
v 0.037833213806152344 0.014922857284545898 0.04610240459442139
v 0.039571523666381836 0.009071826934814453 0.04241788387298584
v 0.035414934158325195 0.018208980560302734 0.04813551902770996
v 0.035414934158325195 0.018208980560302734 0.04813551902770996
v 0.039571523666381836 0.009071826934814453 0.04241788387298584
v 0.03537273406982422 0.01627945899963379 0.04615503549575806
v 0.03278303146362305 0.024170994758605957 0.050378620624542236
v 0.037833213806152344 0.014922857284545898 0.04610240459442139
v 0.035414934158325195 0.018208980560302734 0.04813551902770996
v 0.030019640922546387 0.025026530027389526 0.04992173612117767
v 0.035414934158325195 0.018208980560302734 0.04813551902770996
v 0.03537273406982422 0.01627945899963379 0.04615503549575806
v 0.025620698928833008 0.03150796890258789 0.05315202474594116
v 0.03278303146362305 0.024170994758605957 0.050378620624542236
v 0.020636796951293945 0.03414106369018555 0.05427795648574829
v 0.020636796951293945 0.03414106369018555 0.05427795648574829
v 0.03278303146362305 0.024170994758605957 0.050378620624542236
v 0.035414934158325195 0.018208980560302734 0.04813551902770996
v 0.020636796951293945 0.03414106369018555 0.05427795648574829
v 0.035414934158325195 0.018208980560302734 0.04813551902770996
v 0.030019640922546387 0.025026530027389526 0.04992173612117767
v 0.03537273406982422 0.01627945899963379 0.04615503549575806
v 0.038597941398620605 0.017151832580566406 0.04328584671020508
v 0.03329348564147949 0.027011990547180176 0.04760539531707764
v 0.038597941398620605 0.017151832580566406 0.04328584671020508
v 0.03537273406982422 0.01627945899963379 0.04615503549575806
v 0.039571523666381836 0.009071826934814453 0.04241788387298584
v 0.03537273406982422 0.01627945899963379 0.04615503549575806
v 0.03329348564147949 0.027011990547180176 0.04760539531707764
v 0.030019640922546387 0.025026530027389526 0.04992173612117767
v 0.025300979614257812 0.03293657302856445 0.05221414566040039
v 0.030019640922546387 0.025026530027389526 0.04992173612117767
v 0.03329348564147949 0.027011990547180176 0.04760539531707764
v 0.025300979614257812 0.03293657302856445 0.05221414566040039
v 0.020636796951293945 0.03414106369018555 0.05427795648574829
v 0.030019640922546387 0.025026530027389526 0.04992173612117767
v -0.03141295909881592 0.023361802101135254 0.048792898654937744
v -0.03740274906158447 0.011989593505859375 0.04434692859649658
v -0.03229529410600662 0.022276951000094414 0.0495046004652977
v -0.020860910415649414 0.035008907318115234 0.05416560173034668
v -0.022525310516357422 0.032274723052978516 0.05355668067932129
v -0.028559207916259766 0.028161048889160156 0.052275776863098145
v -0.03229529410600662 0.022276951000094414 0.0495046004652977
v -0.022525310516357422 0.032274723052978516 0.05355668067932129
v -0.03141295909881592 0.023361802101135254 0.048792898654937744
v -0.037302613258361816 0.014756441116333008 0.04634499549865723
v -0.03956186771392822 0.00910043716430664 0.04242885112762451
v -0.03772258758544922 0.015596508979797363 0.04619336128234863
v -0.03395688533782959 0.02258610725402832 0.04953348636627197
v -0.037302613258361816 0.014756441116333008 0.04634499549865723
v -0.03772258758544922 0.015596508979797363 0.04619336128234863
v -0.03395688533782959 0.02258610725402832 0.04953348636627197
v -0.02876126766204834 0.02916848659515381 0.05181455612182617
v -0.028559207916259766 0.028161048889160156 0.052275776863098145
v -0.02876126766204834 0.02916848659515381 0.05181455612182617
v -0.020860910415649414 0.035008907318115234 0.05416560173034668
v -0.028559207916259766 0.028161048889160156 0.052275776863098145
v -0.03229529410600662 0.022276951000094414 0.0495046004652977
v -0.028559207916259766 0.028161048889160156 0.052275776863098145
v -0.022525310516357422 0.032274723052978516 0.05355668067932129
v -0.03956186771392822 0.00910043716430664 0.04242885112762451
v -0.037302613258361816 0.014756441116333008 0.04634499549865723
v -0.03740274906158447 0.011989593505859375 0.04434692859649658
v -0.03740274906158447 0.011989593505859375 0.04434692859649658
v -0.037302613258361816 0.014756441116333008 0.04634499549865723
v -0.03229529410600662 0.022276951000094414 0.0495046004652977
v -0.03395688533782959 0.02258610725402832 0.04953348636627197
v -0.028559207916259766 0.028161048889160156 0.052275776863098145
v -0.037302613258361816 0.014756441116333008 0.04634499549865723
v -0.037302613258361816 0.014756441116333008 0.04634499549865723
v -0.028559207916259766 0.028161048889160156 0.052275776863098145
v -0.03229529410600662 0.022276951000094414 0.0495046004652977
v -0.02812933921813965 0.03143167495727539 0.05086183547973633
v -0.020860910415649414 0.035008907318115234 0.05416560173034668
v -0.02876126766204834 0.02916848659515381 0.05181455612182617
v -0.03719526529312134 0.021677792072296143 0.04456639289855957
v -0.03772258758544922 0.015596508979797363 0.04619336128234863
v -0.03956186771392822 0.00910043716430664 0.04242885112762451
v -0.03772258758544922 0.015596508979797363 0.04619336128234863
v -0.03719526529312134 0.021677792072296143 0.04456639289855957
v -0.03395688533782959 0.02258610725402832 0.04953348636627197
v -0.03719526529312134 0.021677792072296143 0.04456639289855957
v -0.02876126766204834 0.02916848659515381 0.05181455612182617
v -0.03395688533782959 0.02258610725402832 0.04953348636627197
v -0.03719526529312134 0.021677792072296143 0.04456639289855957
v -0.02812933921813965 0.03143167495727539 0.05086183547973633
v -0.02876126766204834 0.02916848659515381 0.05181455612182617
v -0.02812933921813965 0.03143167495727539 0.05086183547973633
v -0.03141295909881592 0.023361802101135254 0.048792898654937744
v -0.022525310516357422 0.032274723052978516 0.05355668067932129
v -0.03740274906158447 0.011989593505859375 0.04434692859649658
v -0.03141295909881592 0.023361802101135254 0.048792898654937744
v -0.03719526529312134 0.021677792072296143 0.04456639289855957
v -0.02812933921813965 0.03143167495727539 0.05086183547973633
v -0.03719526529312134 0.021677792072296143 0.04456639289855957
v -0.03141295909881592 0.023361802101135254 0.048792898654937744
v -0.03956186771392822 0.00910043716430664 0.04242885112762451
v -0.03740274906158447 0.011989593505859375 0.04434692859649658
v -0.03719526529312134 0.021677792072296143 0.04456639289855957
v -0.02812933921813965 0.03143167495727539 0.05086183547973633
v -0.022525310516357422 0.032274723052978516 0.05355668067932129
v -0.020860910415649414 0.035008907318115234 0.05416560173034668
v 0.03687502443790436 0.0474998913705349 0.3840157091617584
v -0.036599814891815186 0.04749980568885803 0.4004998207092285
v -0.030469655990600586 0.04749982804059982 0.414839506149292
v -0.036599814891815186 0.04749980568885803 0.4004998207092285
v 0.011989116668701172 0.0474998839199543 0.3567696809768677
v -0.008516192436218262 0.04749984294176102 0.35531261563301086
v 0.03687502443790436 0.0474998913705349 0.3840157091617584
v -0.030469655990600586 0.04749982804059982 0.414839506149292
v -0.019083023071289062 0.04749982804059982 0.42468738555908203
v 0.03687502443790436 0.0474998913705349 0.3840157091617584
v 0.02713465690612793 0.0474998876452446 0.36608076095581055
v -0.036599814891815186 0.04749980568885803 0.4004998207092285
v 0.03687502443790436 0.0474998913705349 0.3840157091617584
v -0.019083023071289062 0.04749982804059982 0.42468738555908203
v -0.0018140673637390137 0.047499880194664 0.4304686188697815
v -0.0018140673637390137 0.047499880194664 0.4304686188697815
v 0.03587871789932251 0.0474998913705349 0.4044002294540405
v 0.03687502443790436 0.0474998913705349 0.3840157091617584
v -0.036599814891815186 0.04749980568885803 0.4004998207092285
v 0.02713465690612793 0.0474998876452446 0.36608076095581055
v 0.011989116668701172 0.0474998839199543 0.3567696809768677
v 0.03587871789932251 0.0474998913705349 0.4044002294540405
v -0.0018140673637390137 0.047499880194664 0.4304686188697815
v 0.0225985050201416 0.04749986156821251 0.423081636428833
v -0.008516192436218262 0.04749984294176102 0.35531261563301086
v -0.028139829635620117 0.04749983176589012 0.3671567440032959
v -0.036599814891815186 0.04749980568885803 0.4004998207092285
v -0.036599814891815186 0.04749980568885803 0.4004998207092285
v -0.028139829635620117 0.04749983176589012 0.3671567440032959
v -0.03717464953660965 0.04749982804059982 0.3854571282863617
v -0.03717464953660965 0.04749982804059982 0.3854571282863617
v -0.037451036274433136 0.042242616415023804 0.3960915803909302
v -0.036599814891815186 0.04749980568885803 0.4004998207092285
v -0.036599814891815186 0.04749980568885803 0.4004998207092285
v -0.037451036274433136 0.042242616415023804 0.3960915803909302
v -0.03327512741088867 0.0422481894493103 0.4097747802734375
v -0.036599814891815186 0.04749980568885803 0.4004998207092285
v -0.03327512741088867 0.0422481894493103 0.4097747802734375
v -0.030469655990600586 0.04749982804059982 0.414839506149292
v -0.030469655990600586 0.04749982804059982 0.414839506149292
v -0.03327512741088867 0.0422481894493103 0.4097747802734375
v -0.023794174194335938 0.04225100576877594 0.42189884185791016
v -0.030469655990600586 0.04749982804059982 0.414839506149292
v -0.023794174194335938 0.04225100576877594 0.42189884185791016
v -0.019083023071289062 0.04749982804059982 0.42468738555908203
v -0.019083023071289062 0.04749982804059982 0.42468738555908203
v -0.023794174194335938 0.04225100576877594 0.42189884185791016
v -0.011333465576171875 0.04220391809940338 0.4282832145690918
v -0.019083023071289062 0.04749982804059982 0.42468738555908203
v -0.011333465576171875 0.04220391809940338 0.4282832145690918
v -0.0018140673637390137 0.047499880194664 0.4304686188697815
v -0.0018140673637390137 0.047499880194664 0.4304686188697815
v -0.011333465576171875 0.04220391809940338 0.4282832145690918
v -0.00323486328125 0.04220811277627945 0.4299977421760559
v -0.0018140673637390137 0.047499880194664 0.4304686188697815
v -0.00323486328125 0.04220811277627945 0.4299977421760559
v 0.01117706298828125 0.04198627173900604 0.42838191986083984
v -0.0018140673637390137 0.047499880194664 0.4304686188697815
v 0.01117706298828125 0.04198627173900604 0.42838191986083984
v 0.0225985050201416 0.04749986156821251 0.423081636428833
v 0.0225985050201416 0.04749986156821251 0.423081636428833
v 0.01117706298828125 0.04198627173900604 0.42838191986083984
v 0.021306991577148438 0.042251262813806534 0.4235048294067383
v 0.0225985050201416 0.04749986156821251 0.423081636428833
v 0.021306991577148438 0.042251262813806534 0.4235048294067383
v 0.030542373657226562 0.042250290513038635 0.414276123046875
v 0.0225985050201416 0.04749986156821251 0.423081636428833
v 0.030542373657226562 0.042250290513038635 0.414276123046875
v 0.03587871789932251 0.0474998913705349 0.4044002294540405
v 0.03587871789932251 0.0474998913705349 0.4044002294540405
v 0.030542373657226562 0.042250290513038635 0.414276123046875
v 0.03483724594116211 0.04213434457778931 0.40644264221191406
v 0.03587871789932251 0.0474998913705349 0.4044002294540405
v 0.03483724594116211 0.04213434457778931 0.40644264221191406
v 0.03743996471166611 0.04224247485399246 0.3957201838493347
v 0.03587871789932251 0.0474998913705349 0.4044002294540405
v 0.03743996471166611 0.04224247485399246 0.3957201838493347
v 0.03687502443790436 0.0474998913705349 0.3840157091617584
v 0.03687502443790436 0.0474998913705349 0.3840157091617584
v 0.03743996471166611 0.04224247485399246 0.3957201838493347
v 0.03681369125843048 0.04224666208028793 0.3848685026168823
v 0.03687502443790436 0.0474998913705349 0.3840157091617584
v 0.03681369125843048 0.04224666208028793 0.3848685026168823
v 0.03342008590698242 0.042249199002981186 0.37529706954956055
v 0.03687502443790436 0.0474998913705349 0.3840157091617584
v 0.03342008590698242 0.042249199002981186 0.37529706954956055
v 0.02713465690612793 0.0474998876452446 0.36608076095581055
v 0.02713465690612793 0.0474998876452446 0.36608076095581055
v 0.03342008590698242 0.042249199002981186 0.37529706954956055
v 0.027518272399902344 0.042243581265211105 0.36684513092041016
v 0.02713465690612793 0.0474998876452446 0.36608076095581055
v 0.027518272399902344 0.042243581265211105 0.36684513092041016
v 0.01912403106689453 0.04222867637872696 0.3601522445678711
v 0.02713465690612793 0.0474998876452446 0.36608076095581055
v 0.01912403106689453 0.04222867637872696 0.3601522445678711
v 0.011989116668701172 0.0474998839199543 0.3567696809768677
v 0.011989116668701172 0.0474998839199543 0.3567696809768677
v 0.01912403106689453 0.04222867637872696 0.3601522445678711
v 0.005088329315185547 0.042250681668519974 0.3548855781555176
v 0.011989116668701172 0.0474998839199543 0.3567696809768677
v 0.005088329315185547 0.042250681668519974 0.3548855781555176
v -0.008516192436218262 0.04749984294176102 0.35531261563301086
v -0.008516192436218262 0.04749984294176102 0.35531261563301086
v 0.005088329315185547 0.042250681668519974 0.3548855781555176
v -0.01264190673828125 0.04222534969449043 0.35695505142211914
v -0.008516192436218262 0.04749984294176102 0.35531261563301086
v -0.01264190673828125 0.04222534969449043 0.35695505142211914
v -0.024442672729492188 0.042251087725162506 0.3638744354248047
v -0.008516192436218262 0.04749984294176102 0.35531261563301086
v -0.024442672729492188 0.042251087725162506 0.3638744354248047
v -0.028139829635620117 0.04749983176589012 0.3671567440032959
v -0.028139829635620117 0.04749983176589012 0.3671567440032959
v -0.024442672729492188 0.042251087725162506 0.3638744354248047
v -0.030739784240722656 0.04224596545100212 0.37089061737060547
v -0.028139829635620117 0.04749983176589012 0.3671567440032959
v -0.030739784240722656 0.04224596545100212 0.37089061737060547
v -0.0361628532409668 0.042254913598299026 0.3817530870437622
v -0.028139829635620117 0.04749983176589012 0.3671567440032959
v -0.0361628532409668 0.042254913598299026 0.3817530870437622
v -0.03717464953660965 0.04749982804059982 0.3854571282863617
v -0.03717464953660965 0.04749982804059982 0.3854571282863617
v -0.0361628532409668 0.042254913598299026 0.3817530870437622
v -0.037451036274433136 0.042242616415023804 0.3960915803909302
v 0.01599450223147869 -0.034324079751968384 0.3469298183917999
v -0.004345521330833435 -0.037666305899620056 0.3469299077987671
v -0.037687212228775024 0.0016954599414020777 0.3469301164150238
v 0.03709268569946289 -0.005867455154657364 0.3469303846359253
v 0.034713517874479294 -0.014401345513761044 0.3469313085079193
v -0.037687212228775024 0.0016954599414020777 0.3469301164150238
v 0.03748547285795212 0.002686524298042059 0.34693020582199097
v -0.037687212228775024 0.0016954599414020777 0.3469301164150238
v -0.03476390987634659 0.014270186424255371 0.34693121910095215
v 0.03748547285795212 0.002686524298042059 0.34693020582199097
v -0.03476390987634659 0.014270186424255371 0.34693121910095215
v -0.02828563190996647 0.025184813886880875 0.3469354510307312
v -0.037687212228775024 0.0016954599414020777 0.3469301164150238
v 0.03748547285795212 0.002686524298042059 0.34693020582199097
v 0.03709268569946289 -0.005867455154657364 0.3469303846359253
v -0.037687212228775024 0.0016954599414020777 0.3469301164150238
v 0.034713517874479294 -0.014401345513761044 0.3469313085079193
v 0.03000149503350258 -0.022690026089549065 0.34693023562431335
v -0.004345521330833435 -0.037666305899620056 0.3469299077987671
v -0.02764892578125 -0.02552454173564911 0.3469308316707611
v -0.0348937064409256 -0.014399675652384758 0.34693118929862976
v -0.004345521330833435 -0.037666305899620056 0.3469299077987671
v -0.0348937064409256 -0.014399675652384758 0.34693118929862976
v -0.037687212228775024 0.0016954599414020777 0.3469301164150238
v -0.016331758350133896 0.03391017019748688 0.3469296991825104
v -0.002045190893113613 0.037771712988615036 0.3469294011592865
v 0.03748547285795212 0.002686524298042059 0.34693020582199097
v 0.03748547285795212 0.002686524298042059 0.34693020582199097
v -0.002045190893113613 0.037771712988615036 0.3469294011592865
v 0.034829456359148026 0.01461033895611763 0.34693408012390137
v 0.03748547285795212 0.002686524298042059 0.34693020582199097
v -0.02828563190996647 0.025184813886880875 0.3469354510307312
v -0.016331758350133896 0.03391017019748688 0.3469296991825104
v -0.002045190893113613 0.037771712988615036 0.3469294011592865
v 0.012109263800084591 0.03558700531721115 0.3469308614730835
v 0.025772422552108765 0.027628395706415176 0.3469342589378357
v -0.037687212228775024 0.0016954599414020777 0.3469301164150238
v 0.03000149503350258 -0.022690026089549065 0.34693023562431335
v 0.01599450223147869 -0.034324079751968384 0.3469298183917999
v -0.02764892578125 -0.02552454173564911 0.3469308316707611
v -0.004345521330833435 -0.037666305899620056 0.3469299077987671
v -0.018364474177360535 -0.03272555395960808 0.34693071246147156
v 0.025772422552108765 0.027628395706415176 0.3469342589378357
v 0.034829456359148026 0.01461033895611763 0.34693408012390137
v -0.002045190893113613 0.037771712988615036 0.3469294011592865
v -0.018364474177360535 -0.03272555395960808 0.34693071246147156
v -0.019602298736572266 -0.03197145462036133 0.35902953147888184
v -0.02764892578125 -0.02552454173564911 0.3469308316707611
v -0.02764892578125 -0.02552454173564911 0.3469308316707611
v -0.019602298736572266 -0.03197145462036133 0.35902953147888184
v -0.025071442127227783 -0.027821898460388184 0.3619091510772705
v -0.018364474177360535 -0.03272555395960808 0.34693071246147156
v -0.012131591327488422 -0.03553424030542374 0.3555060029029846
v -0.019602298736572266 -0.03197145462036133 0.35902953147888184
v -0.004345521330833435 -0.037666305899620056 0.3469299077987671
v -0.012131591327488422 -0.03553424030542374 0.3555060029029846
v -0.018364474177360535 -0.03272555395960808 0.34693071246147156
v -0.004345521330833435 -0.037666305899620056 0.3469299077987671
v -0.000792384147644043 -0.03765834867954254 0.3541511595249176
v -0.012131591327488422 -0.03553424030542374 0.3555060029029846
v 0.01599450223147869 -0.034324079751968384 0.3469298183917999
v 0.0065021514892578125 -0.037052229046821594 0.35460180044174194
v -0.004345521330833435 -0.037666305899620056 0.3469299077987671
v -0.004345521330833435 -0.037666305899620056 0.3469299077987671
v 0.0065021514892578125 -0.037052229046821594 0.35460180044174194
v -0.000792384147644043 -0.03765834867954254 0.3541511595249176
v 0.0065021514892578125 -0.037052229046821594 0.35460180044174194
v 0.01599450223147869 -0.034324079751968384 0.3469298183917999
v 0.016239404678344727 -0.03388825058937073 0.357147753238678
v 0.016239404678344727 -0.03388825058937073 0.357147753238678
v 0.01599450223147869 -0.034324079751968384 0.3469298183917999
v 0.024321138858795166 -0.028553366661071777 0.3612616956233978
v 0.024321138858795166 -0.028553366661071777 0.3612616956233978
v 0.01599450223147869 -0.034324079751968384 0.3469298183917999
v 0.03000149503350258 -0.022690026089549065 0.34693023562431335
v 0.012109263800084591 0.03558700531721115 0.3469308614730835
v 0.015155613422393799 0.03430140018463135 0.3565862774848938
v 0.025772422552108765 0.027628395706415176 0.3469342589378357
v 0.025772422552108765 0.027628395706415176 0.3469342589378357
v 0.015155613422393799 0.03430140018463135 0.3565862774848938
v 0.02205979824066162 0.03030097484588623 0.3602226972579956
v -0.002045190893113613 0.037771712988615036 0.3469294011592865
v 0.006466984748840332 0.03712306171655655 0.35479021072387695
v 0.012109263800084591 0.03558700531721115 0.3469308614730835
v -0.002045190893113613 0.037771712988615036 0.3469294011592865
v -0.0032601356506347656 0.03745062276721001 0.3540845513343811
v 0.006466984748840332 0.03712306171655655 0.35479021072387695
v -0.013482391834259033 0.035099096596241 0.3559521734714508
v -0.0032601356506347656 0.03745062276721001 0.3540845513343811
v -0.002045190893113613 0.037771712988615036 0.3469294011592865
v -0.016331758350133896 0.03391017019748688 0.3469296991825104
v -0.013482391834259033 0.035099096596241 0.3559521734714508
v -0.002045190893113613 0.037771712988615036 0.3469294011592865
v -0.016331758350133896 0.03391017019748688 0.3469296991825104
v -0.022048473358154297 0.030247777700424194 0.35972583293914795
v -0.013482391834259033 0.035099096596241 0.3559521734714508
v -0.016331758350133896 0.03391017019748688 0.3469296991825104
v -0.02828563190996647 0.025184813886880875 0.3469354510307312
v -0.022048473358154297 0.030247777700424194 0.35972583293914795
v -0.03587844967842102 -0.017403632402420044 0.3807438611984253
v -0.03752034902572632 -0.024126052856445312 0.3897671699523926
v -0.037468090653419495 -0.0015518367290496826 0.3888843357563019
v -0.03752034902572632 -0.024126052856445312 0.3897671699523926
v -0.03587844967842102 -0.017403632402420044 0.3807438611984253
v -0.03480172157287598 -0.029163360595703125 0.3783092498779297
v -0.02852630615234375 -0.028125286102294922 0.3681831359863281
v -0.025189876556396484 -0.03536844253540039 0.3642158508300781
v -0.031099557876586914 -0.02375030517578125 0.37119007110595703
v -0.031099557876586914 -0.02375030517578125 0.37119007110595703
v -0.025189876556396484 -0.03536844253540039 0.3642158508300781
v -0.03480172157287598 -0.029163360595703125 0.3783092498779297
v -0.02082347869873047 -0.03327655792236328 0.36118078231811523
v -0.025189876556396484 -0.03536844253540039 0.3642158508300781
v -0.02852630615234375 -0.028125286102294922 0.3681831359863281
v -0.025189876556396484 -0.03536844253540039 0.3642158508300781
v -0.02082347869873047 -0.03327655792236328 0.36118078231811523
v -0.011962890625 -0.038541316986083984 0.3569307327270508
v -0.01157379150390625 -0.03642153739929199 0.35648536682128906
v -0.0005682706832885742 -0.03952665627002716 0.3547176420688629
v -0.011962890625 -0.038541316986083984 0.3569307327270508
v -0.0005682706832885742 -0.03952665627002716 0.3547176420688629
v -0.003461301326751709 -0.03763297200202942 0.3546426296234131
v 0.006114959716796875 -0.03795623779296875 0.35532140731811523
v 0.012416839599609375 -0.0385282039642334 0.3570222854614258
v -0.0005682706832885742 -0.03952665627002716 0.3547176420688629
v 0.006114959716796875 -0.03795623779296875 0.35532140731811523
v 0.012416839599609375 -0.0385282039642334 0.3570222854614258
v 0.006114959716796875 -0.03795623779296875 0.35532140731811523
v 0.014212608337402344 -0.03565526008605957 0.3575611114501953
v 0.02247905731201172 -0.036255598068237305 0.3622002601623535
v 0.012416839599609375 -0.0385282039642334 0.3570222854614258
v 0.014212608337402344 -0.03565526008605957 0.3575611114501953
v 0.02247905731201172 -0.036255598068237305 0.3622002601623535
v 0.014212608337402344 -0.03565526008605957 0.3575611114501953
v 0.02137470245361328 -0.03265571594238281 0.36156558990478516
v 0.031490325927734375 -0.031902313232421875 0.37209033966064453
v 0.02247905731201172 -0.036255598068237305 0.3622002601623535
v 0.03012561798095703 -0.0245058536529541 0.36940670013427734
v 0.034482598304748535 -0.019301772117614746 0.3771548271179199
v 0.036498308181762695 -0.02701425552368164 0.38320446014404297
v 0.031490325927734375 -0.031902313232421875 0.37209033966064453
v 0.037191201001405716 -0.011424914002418518 0.38656342029571533
v 0.03748403862118721 0.005104482173919678 0.39145705103874207
v 0.03724414110183716 -0.020795822143554688 0.39733314514160156
v 0.037191201001405716 -0.011424914002418518 0.38656342029571533
v 0.03724414110183716 -0.020795822143554688 0.39733314514160156
v 0.036498308181762695 -0.02701425552368164 0.38320446014404297
v 0.03748547285795212 0.002686524298042059 0.34693020582199097
v 0.03751389682292938 -0.0016198158264160156 0.3823569416999817
v 0.03709268569946289 -0.005867455154657364 0.3469303846359253
v -0.003461301326751709 -0.03763297200202942 0.3546426296234131
v -0.012131591327488422 -0.03553424030542374 0.3555060029029846
v -0.000792384147644043 -0.03765834867954254 0.3541511595249176
v -0.03494703024625778 -0.013824120163917542 0.37369102239608765
v -0.0348937064409256 -0.014399675652384758 0.34693118929862976
v -0.031120549887418747 -0.020821288228034973 0.366428405046463
v -0.03714890405535698 -0.005615554749965668 0.37855225801467896
v -0.0348937064409256 -0.014399675652384758 0.34693118929862976
v -0.03494703024625778 -0.013824120163917542 0.37369102239608765
v -0.03714890405535698 -0.005615554749965668 0.37855225801467896
v -0.037687212228775024 0.0016954599414020777 0.3469301164150238
v -0.0348937064409256 -0.014399675652384758 0.34693118929862976
v -0.03714890405535698 -0.005615554749965668 0.37855225801467896
v -0.037468090653419495 -0.0015518367290496826 0.3888843357563019
v -0.037687212228775024 0.0016954599414020777 0.3469301164150238
v 0.03000149503350258 -0.022690026089549065 0.34693023562431335
v 0.03243573009967804 -0.01899898797273636 0.3684656620025635
v 0.024321138858795166 -0.028553366661071777 0.3612616956233978
v 0.02247905731201172 -0.036255598068237305 0.3622002601623535
v 0.02137470245361328 -0.03265571594238281 0.36156558990478516
v 0.03012561798095703 -0.0245058536529541 0.36940670013427734
v 0.03243573009967804 -0.01899898797273636 0.3684656620025635
v 0.03000149503350258 -0.022690026089549065 0.34693023562431335
v 0.034713517874479294 -0.014401345513761044 0.3469313085079193
v 0.036306045949459076 -0.00964039284735918 0.375468373298645
v 0.034713517874479294 -0.014401345513761044 0.3469313085079193
v 0.03709268569946289 -0.005867455154657364 0.3469303846359253
v 0.036498308181762695 -0.02701425552368164 0.38320446014404297
v 0.034482598304748535 -0.019301772117614746 0.3771548271179199
v 0.037191201001405716 -0.011424914002418518 0.38656342029571533
v 0.03748403862118721 0.005104482173919678 0.39145705103874207
v 0.037191201001405716 -0.011424914002418518 0.38656342029571533
v 0.03751389682292938 -0.0016198158264160156 0.3823569416999817
v 0.034482598304748535 -0.019301772117614746 0.3771548271179199
v 0.031490325927734375 -0.031902313232421875 0.37209033966064453
v 0.03012561798095703 -0.0245058536529541 0.36940670013427734
v -0.03480172157287598 -0.029163360595703125 0.3783092498779297
v -0.03587844967842102 -0.017403632402420044 0.3807438611984253
v -0.031099557876586914 -0.02375030517578125 0.37119007110595703
v -0.02764892578125 -0.02552454173564911 0.3469308316707611
v -0.025071442127227783 -0.027821898460388184 0.3619091510772705
v -0.031120549887418747 -0.020821288228034973 0.366428405046463
v -0.03714890405535698 -0.005615554749965668 0.37855225801467896
v -0.03494703024625778 -0.013824120163917542 0.37369102239608765
v -0.03587844967842102 -0.017403632402420044 0.3807438611984253
v -0.031120549887418747 -0.020821288228034973 0.366428405046463
v -0.031099557876586914 -0.02375030517578125 0.37119007110595703
v -0.03494703024625778 -0.013824120163917542 0.37369102239608765
v -0.012131591327488422 -0.03553424030542374 0.3555060029029846
v -0.01157379150390625 -0.03642153739929199 0.35648536682128906
v -0.019602298736572266 -0.03197145462036133 0.35902953147888184
v -0.03587844967842102 -0.017403632402420044 0.3807438611984253
v -0.03494703024625778 -0.013824120163917542 0.37369102239608765
v -0.031099557876586914 -0.02375030517578125 0.37119007110595703
v -0.0348937064409256 -0.014399675652384758 0.34693118929862976
v -0.02764892578125 -0.02552454173564911 0.3469308316707611
v -0.031120549887418747 -0.020821288228034973 0.366428405046463
v -0.03714890405535698 -0.005615554749965668 0.37855225801467896
v -0.03587844967842102 -0.017403632402420044 0.3807438611984253
v -0.037468090653419495 -0.0015518367290496826 0.3888843357563019
v -0.0005682706832885742 -0.03952665627002716 0.3547176420688629
v -0.01157379150390625 -0.03642153739929199 0.35648536682128906
v -0.003461301326751709 -0.03763297200202942 0.3546426296234131
v -0.003461301326751709 -0.03763297200202942 0.3546426296234131
v -0.000792384147644043 -0.03765834867954254 0.3541511595249176
v 0.006114959716796875 -0.03795623779296875 0.35532140731811523
v -0.02852630615234375 -0.028125286102294922 0.3681831359863281
v -0.031099557876586914 -0.02375030517578125 0.37119007110595703
v -0.025071442127227783 -0.027821898460388184 0.3619091510772705
v -0.02852630615234375 -0.028125286102294922 0.3681831359863281
v -0.025071442127227783 -0.027821898460388184 0.3619091510772705
v -0.02082347869873047 -0.03327655792236328 0.36118078231811523
v -0.02082347869873047 -0.03327655792236328 0.36118078231811523
v -0.025071442127227783 -0.027821898460388184 0.3619091510772705
v -0.019602298736572266 -0.03197145462036133 0.35902953147888184
v 0.006114959716796875 -0.03795623779296875 0.35532140731811523
v -0.000792384147644043 -0.03765834867954254 0.3541511595249176
v 0.0065021514892578125 -0.037052229046821594 0.35460180044174194
v 0.02137470245361328 -0.03265571594238281 0.36156558990478516
v 0.014212608337402344 -0.03565526008605957 0.3575611114501953
v 0.016239404678344727 -0.03388825058937073 0.357147753238678
v 0.03012561798095703 -0.0245058536529541 0.36940670013427734
v 0.02137470245361328 -0.03265571594238281 0.36156558990478516
v 0.024321138858795166 -0.028553366661071777 0.3612616956233978
v 0.034482598304748535 -0.019301772117614746 0.3771548271179199
v 0.03012561798095703 -0.0245058536529541 0.36940670013427734
v 0.03243573009967804 -0.01899898797273636 0.3684656620025635
v 0.034482598304748535 -0.019301772117614746 0.3771548271179199
v 0.03243573009967804 -0.01899898797273636 0.3684656620025635
v 0.036306045949459076 -0.00964039284735918 0.375468373298645
v 0.036306045949459076 -0.00964039284735918 0.375468373298645
v 0.03243573009967804 -0.01899898797273636 0.3684656620025635
v 0.034713517874479294 -0.014401345513761044 0.3469313085079193
v -0.02082347869873047 -0.03327655792236328 0.36118078231811523
v -0.019602298736572266 -0.03197145462036133 0.35902953147888184
v -0.011962890625 -0.038541316986083984 0.3569307327270508
v -0.011962890625 -0.038541316986083984 0.3569307327270508
v -0.019602298736572266 -0.03197145462036133 0.35902953147888184
v -0.01157379150390625 -0.03642153739929199 0.35648536682128906
v 0.006114959716796875 -0.03795623779296875 0.35532140731811523
v 0.0065021514892578125 -0.037052229046821594 0.35460180044174194
v 0.014212608337402344 -0.03565526008605957 0.3575611114501953
v 0.037191201001405716 -0.011424914002418518 0.38656342029571533
v 0.034482598304748535 -0.019301772117614746 0.3771548271179199
v 0.036306045949459076 -0.00964039284735918 0.375468373298645
v 0.037191201001405716 -0.011424914002418518 0.38656342029571533
v 0.036306045949459076 -0.00964039284735918 0.375468373298645
v 0.03751389682292938 -0.0016198158264160156 0.3823569416999817
v 0.03751389682292938 -0.0016198158264160156 0.3823569416999817
v 0.036306045949459076 -0.00964039284735918 0.375468373298645
v 0.03709268569946289 -0.005867455154657364 0.3469303846359253
v 0.03243573009967804 -0.01899898797273636 0.3684656620025635
v 0.03012561798095703 -0.0245058536529541 0.36940670013427734
v 0.024321138858795166 -0.028553366661071777 0.3612616956233978
v -0.031120549887418747 -0.020821288228034973 0.366428405046463
v -0.025071442127227783 -0.027821898460388184 0.3619091510772705
v -0.031099557876586914 -0.02375030517578125 0.37119007110595703
v 0.024321138858795166 -0.028553366661071777 0.3612616956233978
v 0.02137470245361328 -0.03265571594238281 0.36156558990478516
v 0.016239404678344727 -0.03388825058937073 0.357147753238678
v 0.016239404678344727 -0.03388825058937073 0.357147753238678
v 0.014212608337402344 -0.03565526008605957 0.3575611114501953
v 0.0065021514892578125 -0.037052229046821594 0.35460180044174194
v -0.012131591327488422 -0.03553424030542374 0.3555060029029846
v -0.003461301326751709 -0.03763297200202942 0.3546426296234131
v -0.01157379150390625 -0.03642153739929199 0.35648536682128906
v 0.03743996471166611 0.04224247485399246 0.3957201838493347
v 0.03748403862118721 0.005104482173919678 0.39145705103874207
v 0.03681369125843048 0.04224666208028793 0.3848685026168823
v -0.03697127103805542 0.014195054769515991 0.38512253761291504
v -0.037468090653419495 -0.0015518367290496826 0.3888843357563019
v -0.037451036274433136 0.042242616415023804 0.3960915803909302
v -0.037468090653419495 -0.0015518367290496826 0.3888843357563019
v -0.03715478256344795 0.005666777491569519 0.38037896156311035
v -0.037687212228775024 0.0016954599414020777 0.3469301164150238
v -0.034211236983537674 0.015588108450174332 0.37112677097320557
v -0.02828563190996647 0.025184813886880875 0.3469354510307312
v -0.03476390987634659 0.014270186424255371 0.34693121910095215
v -0.028202712535858154 0.02465343475341797 0.36480915546417236
v -0.02828563190996647 0.025184813886880875 0.3469354510307312
v -0.034211236983537674 0.015588108450174332 0.37112677097320557
v -0.028202712535858154 0.02465343475341797 0.36480915546417236
v -0.022048473358154297 0.030247777700424194 0.35972583293914795
v -0.02828563190996647 0.025184813886880875 0.3469354510307312
v 0.015155613422393799 0.03430140018463135 0.3565862774848938
v 0.012109263800084591 0.03558700531721115 0.3469308614730835
v 0.006466984748840332 0.03712306171655655 0.35479021072387695
v 0.0284588485956192 0.024287045001983643 0.3640038073062897
v 0.025772422552108765 0.027628395706415176 0.3469342589378357
v 0.02205979824066162 0.03030097484588623 0.3602226972579956
v 0.03426232188940048 0.015482209622859955 0.3708150386810303
v 0.034829456359148026 0.01461033895611763 0.34693408012390137
v 0.0284588485956192 0.024287045001983643 0.3640038073062897
v 0.0284588485956192 0.024287045001983643 0.3640038073062897
v 0.034829456359148026 0.01461033895611763 0.34693408012390137
v 0.025772422552108765 0.027628395706415176 0.3469342589378357
v 0.03716755285859108 0.005653727799654007 0.3800312578678131
v 0.03748547285795212 0.002686524298042059 0.34693020582199097
v 0.034829456359148026 0.01461033895611763 0.34693408012390137
v -0.028202712535858154 0.02465343475341797 0.36480915546417236
v -0.034211236983537674 0.015588108450174332 0.37112677097320557
v -0.03317523002624512 0.022205829620361328 0.37490272521972656
v -0.03317523002624512 0.022205829620361328 0.37490272521972656
v -0.034211236983537674 0.015588108450174332 0.37112677097320557
v -0.03697127103805542 0.014195054769515991 0.38512253761291504
v -0.03697127103805542 0.014195054769515991 0.38512253761291504
v -0.03715478256344795 0.005666777491569519 0.38037896156311035
v -0.037468090653419495 -0.0015518367290496826 0.3888843357563019
v -0.03697127103805542 0.014195054769515991 0.38512253761291504
v -0.034211236983537674 0.015588108450174332 0.37112677097320557
v -0.03715478256344795 0.005666777491569519 0.38037896156311035
v -0.0074710845947265625 0.037526488304138184 0.35560083389282227
v -0.0032601356506347656 0.03745062276721001 0.3540845513343811
v -0.013482391834259033 0.035099096596241 0.3559521734714508
v 0.00029383599758148193 0.03836911916732788 0.35473400354385376
v 0.006466984748840332 0.03712306171655655 0.35479021072387695
v -0.0032601356506347656 0.03745062276721001 0.3540845513343811
v 0.00029383599758148193 0.03836911916732788 0.35473400354385376
v -0.0032601356506347656 0.03745062276721001 0.3540845513343811
v -0.0074710845947265625 0.037526488304138184 0.35560083389282227
v 0.015155613422393799 0.03430140018463135 0.3565862774848938
v 0.015703201293945312 0.034998416900634766 0.3582439422607422
v 0.02205979824066162 0.03030097484588623 0.3602226972579956
v 0.015703201293945312 0.034998416900634766 0.3582439422607422
v 0.00962066650390625 0.037259578704833984 0.35614728927612305
v 0.005088329315185547 0.042250681668519974 0.3548855781555176
v 0.023169517517089844 0.032082557678222656 0.3629169464111328
v 0.02844381332397461 0.026436805725097656 0.3674917221069336
v 0.02205979824066162 0.03030097484588623 0.3602226972579956
v 0.0284588485956192 0.024287045001983643 0.3640038073062897
v 0.02844381332397461 0.026436805725097656 0.3674917221069336
v 0.03426232188940048 0.015482209622859955 0.3708150386810303
v 0.015703201293945312 0.034998416900634766 0.3582439422607422
v 0.023169517517089844 0.032082557678222656 0.3629169464111328
v 0.02205979824066162 0.03030097484588623 0.3602226972579956
v 0.006466984748840332 0.03712306171655655 0.35479021072387695
v 0.00962066650390625 0.037259578704833984 0.35614728927612305
v 0.015703201293945312 0.034998416900634766 0.3582439422607422
v 0.006466984748840332 0.03712306171655655 0.35479021072387695
v 0.015703201293945312 0.034998416900634766 0.3582439422607422
v 0.015155613422393799 0.03430140018463135 0.3565862774848938
v 0.02205979824066162 0.03030097484588623 0.3602226972579956
v 0.02844381332397461 0.026436805725097656 0.3674917221069336
v 0.0284588485956192 0.024287045001983643 0.3640038073062897
v 0.03426232188940048 0.015482209622859955 0.3708150386810303
v 0.03716755285859108 0.005653727799654007 0.3800312578678131
v 0.034829456359148026 0.01461033895611763 0.34693408012390137
v 0.0363001823425293 0.01668572425842285 0.3828045129776001
v 0.033013105392456055 0.02155327796936035 0.3744478225708008
v 0.03342008590698242 0.042249199002981186 0.37529706954956055
v 0.0363001823425293 0.01668572425842285 0.3828045129776001
v 0.03342008590698242 0.042249199002981186 0.37529706954956055
v 0.03681369125843048 0.04224666208028793 0.3848685026168823
v 0.02844381332397461 0.026436805725097656 0.3674917221069336
v 0.027518272399902344 0.042243581265211105 0.36684513092041016
v 0.033013105392456055 0.02155327796936035 0.3744478225708008
v 0.027518272399902344 0.042243581265211105 0.36684513092041016
v 0.03342008590698242 0.042249199002981186 0.37529706954956055
v 0.033013105392456055 0.02155327796936035 0.3744478225708008
v 0.033013105392456055 0.02155327796936035 0.3744478225708008
v 0.0363001823425293 0.01668572425842285 0.3828045129776001
v 0.03426232188940048 0.015482209622859955 0.3708150386810303
v 0.03716755285859108 0.005653727799654007 0.3800312578678131
v 0.03751389682292938 -0.0016198158264160156 0.3823569416999817
v 0.03748547285795212 0.002686524298042059 0.34693020582199097
v 0.03748403862118721 0.005104482173919678 0.39145705103874207
v 0.03716755285859108 0.005653727799654007 0.3800312578678131
v 0.0363001823425293 0.01668572425842285 0.3828045129776001
v 0.03748403862118721 0.005104482173919678 0.39145705103874207
v 0.0363001823425293 0.01668572425842285 0.3828045129776001
v 0.03681369125843048 0.04224666208028793 0.3848685026168823
v 0.03716755285859108 0.005653727799654007 0.3800312578678131
v 0.03748403862118721 0.005104482173919678 0.39145705103874207
v 0.03751389682292938 -0.0016198158264160156 0.3823569416999817
v 0.03716755285859108 0.005653727799654007 0.3800312578678131
v 0.03426232188940048 0.015482209622859955 0.3708150386810303
v 0.0363001823425293 0.01668572425842285 0.3828045129776001
v -0.030739784240722656 0.04224596545100212 0.37089061737060547
v -0.03317523002624512 0.022205829620361328 0.37490272521972656
v -0.0361628532409668 0.042254913598299026 0.3817530870437622
v -0.03697127103805542 0.014195054769515991 0.38512253761291504
v -0.0361628532409668 0.042254913598299026 0.3817530870437622
v -0.03317523002624512 0.022205829620361328 0.37490272521972656
v -0.037451036274433136 0.042242616415023804 0.3960915803909302
v -0.0361628532409668 0.042254913598299026 0.3817530870437622
v -0.03697127103805542 0.014195054769515991 0.38512253761291504
v -0.01264190673828125 0.04222534969449043 0.35695505142211914
v 0.00029383599758148193 0.03836911916732788 0.35473400354385376
v -0.0074710845947265625 0.037526488304138184 0.35560083389282227
v -0.024442672729492188 0.042251087725162506 0.3638744354248047
v -0.020664215087890625 0.032924652099609375 0.3610372543334961
v -0.028275489807128906 0.02792501449584961 0.3677549362182617
v -0.024442672729492188 0.042251087725162506 0.3638744354248047
v -0.028275489807128906 0.02792501449584961 0.3677549362182617
v -0.030739784240722656 0.04224596545100212 0.37089061737060547
v -0.030739784240722656 0.04224596545100212 0.37089061737060547
v -0.028275489807128906 0.02792501449584961 0.3677549362182617
v -0.03317523002624512 0.022205829620361328 0.37490272521972656
v -0.028275489807128906 0.02792501449584961 0.3677549362182617
v -0.028202712535858154 0.02465343475341797 0.36480915546417236
v -0.03317523002624512 0.022205829620361328 0.37490272521972656
v -0.020664215087890625 0.032924652099609375 0.3610372543334961
v -0.013346672058105469 0.03597688674926758 0.3572349548339844
v -0.013482391834259033 0.035099096596241 0.3559521734714508
v -0.020664215087890625 0.032924652099609375 0.3610372543334961
v -0.013482391834259033 0.035099096596241 0.3559521734714508
v -0.022048473358154297 0.030247777700424194 0.35972583293914795
v -0.020664215087890625 0.032924652099609375 0.3610372543334961
v -0.022048473358154297 0.030247777700424194 0.35972583293914795
v -0.028202712535858154 0.02465343475341797 0.36480915546417236
v -0.03715478256344795 0.005666777491569519 0.38037896156311035
v -0.034211236983537674 0.015588108450174332 0.37112677097320557
v -0.03476390987634659 0.014270186424255371 0.34693121910095215
v -0.03715478256344795 0.005666777491569519 0.38037896156311035
v -0.03476390987634659 0.014270186424255371 0.34693121910095215
v -0.037687212228775024 0.0016954599414020777 0.3469301164150238
v -0.013346672058105469 0.03597688674926758 0.3572349548339844
v -0.01264190673828125 0.04222534969449043 0.35695505142211914
v -0.0074710845947265625 0.037526488304138184 0.35560083389282227
v -0.028202712535858154 0.02465343475341797 0.36480915546417236
v -0.028275489807128906 0.02792501449584961 0.3677549362182617
v -0.020664215087890625 0.032924652099609375 0.3610372543334961
v -0.013346672058105469 0.03597688674926758 0.3572349548339844
v -0.020664215087890625 0.032924652099609375 0.3610372543334961
v -0.01264190673828125 0.04222534969449043 0.35695505142211914
v 0.006466984748840332 0.03712306171655655 0.35479021072387695
v 0.00029383599758148193 0.03836911916732788 0.35473400354385376
v 0.00962066650390625 0.037259578704833984 0.35614728927612305
v 0.033013105392456055 0.02155327796936035 0.3744478225708008
v 0.03426232188940048 0.015482209622859955 0.3708150386810303
v 0.02844381332397461 0.026436805725097656 0.3674917221069336
v 0.02844381332397461 0.026436805725097656 0.3674917221069336
v 0.023169517517089844 0.032082557678222656 0.3629169464111328
v 0.027518272399902344 0.042243581265211105 0.36684513092041016
v -0.013346672058105469 0.03597688674926758 0.3572349548339844
v -0.0074710845947265625 0.037526488304138184 0.35560083389282227
v -0.013482391834259033 0.035099096596241 0.3559521734714508
v 0.03724414110183716 -0.020795822143554688 0.39733314514160156
v 0.03748403862118721 0.005104482173919678 0.39145705103874207
v 0.03743996471166611 0.04224247485399246 0.3957201838493347
v 0.03743996471166611 0.04224247485399246 0.3957201838493347
v 0.03483724594116211 0.04213434457778931 0.40644264221191406
v 0.03724414110183716 -0.020795822143554688 0.39733314514160156
v 0.033466339111328125 -0.015446186065673828 0.4094877243041992
v 0.03724414110183716 -0.020795822143554688 0.39733314514160156
v 0.03483724594116211 0.04213434457778931 0.40644264221191406
v 0.03483724594116211 0.04213434457778931 0.40644264221191406
v 0.030542373657226562 0.042250290513038635 0.414276123046875
v 0.033466339111328125 -0.015446186065673828 0.4094877243041992
v 0.030542373657226562 0.042250290513038635 0.414276123046875
v 0.021306991577148438 0.042251262813806534 0.4235048294067383
v 0.02448272705078125 -0.010265111923217773 0.4212679862976074
v 0.030542373657226562 0.042250290513038635 0.414276123046875
v 0.02448272705078125 -0.010265111923217773 0.4212679862976074
v 0.033466339111328125 -0.015446186065673828 0.4094877243041992
v 0.009151458740234375 -0.0068724751472473145 0.42897534370422363
v 0.02448272705078125 -0.010265111923217773 0.4212679862976074
v 0.01117706298828125 0.04198627173900604 0.42838191986083984
v 0.01117706298828125 0.04198627173900604 0.42838191986083984
v 0.02448272705078125 -0.010265111923217773 0.4212679862976074
v 0.021306991577148438 0.042251262813806534 0.4235048294067383
v 0.009151458740234375 -0.0068724751472473145 0.42897534370422363
v 0.01117706298828125 0.04198627173900604 0.42838191986083984
v -0.00323486328125 0.04220811277627945 0.4299977421760559
v 0.009151458740234375 -0.0068724751472473145 0.42897534370422363
v -0.00323486328125 0.04220811277627945 0.4299977421760559
v -0.0071620941162109375 -0.0066803693771362305 0.4294137954711914
v -0.00323486328125 0.04220811277627945 0.4299977421760559
v -0.011333465576171875 0.04220391809940338 0.4282832145690918
v -0.0071620941162109375 -0.0066803693771362305 0.4294137954711914
v -0.011333465576171875 0.04220391809940338 0.4282832145690918
v -0.021180152893066406 -0.009195804595947266 0.42370080947875977
v -0.0071620941162109375 -0.0066803693771362305 0.4294137954711914
v -0.021180152893066406 -0.009195804595947266 0.42370080947875977
v -0.011333465576171875 0.04220391809940338 0.4282832145690918
v -0.023794174194335938 0.04225100576877594 0.42189884185791016
v -0.03327512741088867 0.0422481894493103 0.4097747802734375
v -0.030797958374023438 -0.013431549072265625 0.4140586853027344
v -0.023794174194335938 0.04225100576877594 0.42189884185791016
v -0.023794174194335938 0.04225100576877594 0.42189884185791016
v -0.030797958374023438 -0.013431549072265625 0.4140586853027344
v -0.021180152893066406 -0.009195804595947266 0.42370080947875977
v -0.03672170639038086 -0.019084453582763672 0.40122413635253906
v -0.030797958374023438 -0.013431549072265625 0.4140586853027344
v -0.03479146957397461 0.03998523950576782 0.406494140625
v -0.03479146957397461 0.03998523950576782 0.406494140625
v -0.030797958374023438 -0.013431549072265625 0.4140586853027344
v -0.03327512741088867 0.0422481894493103 0.4097747802734375
v -0.03479146957397461 0.03998523950576782 0.406494140625
v -0.03327512741088867 0.0422481894493103 0.4097747802734375
v -0.037451036274433136 0.042242616415023804 0.3960915803909302
v -0.03479146957397461 0.03998523950576782 0.406494140625
v -0.037451036274433136 0.042242616415023804 0.3960915803909302
v -0.03672170639038086 -0.019084453582763672 0.40122413635253906
v -0.03672170639038086 -0.019084453582763672 0.40122413635253906
v -0.037468090653419495 -0.0015518367290496826 0.3888843357563019
v -0.03752034902572632 -0.024126052856445312 0.3897671699523926
v -0.03672170639038086 -0.019084453582763672 0.40122413635253906
v -0.037451036274433136 0.042242616415023804 0.3960915803909302
v -0.037468090653419495 -0.0015518367290496826 0.3888843357563019
v -0.024442672729492188 0.042251087725162506 0.3638744354248047
v -0.01264190673828125 0.04222534969449043 0.35695505142211914
v -0.020664215087890625 0.032924652099609375 0.3610372543334961
v 0.005088329315185547 0.042250681668519974 0.3548855781555176
v 0.00029383599758148193 0.03836911916732788 0.35473400354385376
v -0.01264190673828125 0.04222534969449043 0.35695505142211914
v 0.005088329315185547 0.042250681668519974 0.3548855781555176
v 0.00962066650390625 0.037259578704833984 0.35614728927612305
v 0.00029383599758148193 0.03836911916732788 0.35473400354385376
v 0.01912403106689453 0.04222867637872696 0.3601522445678711
v 0.023169517517089844 0.032082557678222656 0.3629169464111328
v 0.015703201293945312 0.034998416900634766 0.3582439422607422
v 0.01912403106689453 0.04222867637872696 0.3601522445678711
v 0.015703201293945312 0.034998416900634766 0.3582439422607422
v 0.005088329315185547 0.042250681668519974 0.3548855781555176
v 0.01912403106689453 0.04222867637872696 0.3601522445678711
v 0.027518272399902344 0.042243581265211105 0.36684513092041016
v 0.023169517517089844 0.032082557678222656 0.3629169464111328
v 0.036498308181762695 -0.02701425552368164 0.38320446014404297
v -0.021180152893066406 -0.009195804595947266 0.42370080947875977
v -0.030797958374023438 -0.013431549072265625 0.4140586853027344
v -0.0071620941162109375 -0.0066803693771362305 0.4294137954711914
v -0.021180152893066406 -0.009195804595947266 0.42370080947875977
v 0.036498308181762695 -0.02701425552368164 0.38320446014404297
v -0.030797958374023438 -0.013431549072265625 0.4140586853027344
v 0.031490325927734375 -0.031902313232421875 0.37209033966064453
v 0.036498308181762695 -0.02701425552368164 0.38320446014404297
v -0.030797958374023438 -0.013431549072265625 0.4140586853027344
v 0.012416839599609375 -0.0385282039642334 0.3570222854614258
v 0.02247905731201172 -0.036255598068237305 0.3622002601623535
v 0.02247905731201172 -0.036255598068237305 0.3622002601623535
v 0.031490325927734375 -0.031902313232421875 0.37209033966064453
v -0.030797958374023438 -0.013431549072265625 0.4140586853027344
v 0.02448272705078125 -0.010265111923217773 0.4212679862976074
v 0.009151458740234375 -0.0068724751472473145 0.42897534370422363
v 0.036498308181762695 -0.02701425552368164 0.38320446014404297
v -0.03672170639038086 -0.019084453582763672 0.40122413635253906
v -0.025189876556396484 -0.03536844253540039 0.3642158508300781
v -0.030797958374023438 -0.013431549072265625 0.4140586853027344
v -0.0005682706832885742 -0.03952665627002716 0.3547176420688629
v 0.012416839599609375 -0.0385282039642334 0.3570222854614258
v -0.030797958374023438 -0.013431549072265625 0.4140586853027344
v -0.011962890625 -0.038541316986083984 0.3569307327270508
v -0.0005682706832885742 -0.03952665627002716 0.3547176420688629
v -0.030797958374023438 -0.013431549072265625 0.4140586853027344
v 0.009151458740234375 -0.0068724751472473145 0.42897534370422363
v -0.0071620941162109375 -0.0066803693771362305 0.4294137954711914
v 0.036498308181762695 -0.02701425552368164 0.38320446014404297
v 0.036498308181762695 -0.02701425552368164 0.38320446014404297
v 0.03724414110183716 -0.020795822143554688 0.39733314514160156
v 0.033466339111328125 -0.015446186065673828 0.4094877243041992
v 0.036498308181762695 -0.02701425552368164 0.38320446014404297
v 0.033466339111328125 -0.015446186065673828 0.4094877243041992
v 0.02448272705078125 -0.010265111923217773 0.4212679862976074
v -0.030797958374023438 -0.013431549072265625 0.4140586853027344
v -0.025189876556396484 -0.03536844253540039 0.3642158508300781
v -0.011962890625 -0.038541316986083984 0.3569307327270508
v -0.03752034902572632 -0.024126052856445312 0.3897671699523926
v -0.03480172157287598 -0.029163360595703125 0.3783092498779297
v -0.03672170639038086 -0.019084453582763672 0.40122413635253906
v -0.03480172157287598 -0.029163360595703125 0.3783092498779297
v -0.025189876556396484 -0.03536844253540039 0.3642158508300781
v -0.03672170639038086 -0.019084453582763672 0.40122413635253906
v 0.0349191278219223 0.01410953514277935 0.34692996740341187
v -0.03633573651313782 -0.010968866758048534 0.34693002700805664
v 0.03766060993075371 -0.0003270017041359097 0.34692996740341187
v -0.03633573651313782 -0.010968866758048534 0.34693002700805664
v 0.0349191278219223 0.01410953514277935 0.34692996740341187
v 0.026861371472477913 0.026398813351988792 0.3469299376010895
v -0.03633573651313782 -0.010968866758048534 0.34693002700805664
v 0.03466866910457611 -0.014714445918798447 0.3469299376010895
v 0.03766060993075371 -0.0003270017041359097 0.34692996740341187
v -0.03633573651313782 -0.010968866758048534 0.34693002700805664
v -0.026861125603318214 -0.02639913372695446 0.34692999720573425
v 0.03466866910457611 -0.014714445918798447 0.3469299376010895
v 0.03466866910457611 -0.014714445918798447 0.3469299376010895
v -0.026861125603318214 -0.02639913372695446 0.34692999720573425
v -0.014714359305799007 -0.03466874361038208 0.34692999720573425
v 0.03466866910457611 -0.014714445918798447 0.3469299376010895
v -0.014714359305799007 -0.03466874361038208 0.34692999720573425
v -0.0003273088950663805 -0.037660710513591766 0.34692999720573425
v 0.026861371472477913 0.026398813351988792 0.3469299376010895
v 0.014714383520185947 0.03466857969760895 0.34692996740341187
v -0.03633573651313782 -0.010968866758048534 0.34693002700805664
v -0.03633573651313782 -0.010968866758048534 0.34693002700805664
v 0.014714383520185947 0.03466857969760895 0.34692996740341187
v 0.0003271372406743467 0.03766060248017311 0.34692999720573425
v -0.03633573651313782 -0.010968866758048534 0.34693002700805664
v 0.0003271372406743467 0.03766060248017311 0.34692999720573425
v -0.014109759591519833 0.03491905331611633 0.34692999720573425
v -0.0003273088950663805 -0.037660710513591766 0.34692999720573425
v 0.014109775424003601 -0.03491924703121185 0.34692972898483276
v 0.03466866910457611 -0.014714445918798447 0.3469299376010895
v 0.03466866910457611 -0.014714445918798447 0.3469299376010895
v 0.014109775424003601 -0.03491924703121185 0.34692972898483276
v 0.02639893814921379 -0.02686133049428463 0.3469294309616089
v -0.014109759591519833 0.03491905331611633 0.34692999720573425
v -0.026398779824376106 0.026861432939767838 0.34692999720573425
v -0.03633573651313782 -0.010968866758048534 0.34693002700805664
v -0.03633573651313782 -0.010968866758048534 0.34693002700805664
v -0.026398779824376106 0.026861432939767838 0.34692999720573425
v -0.03630610555410385 0.01106629054993391 0.34692996740341187
v -0.022273732349276543 -0.03036959283053875 0.07400000095367432
v -0.034343741834163666 -0.01615871489048004 0.07400001585483551
v -0.001786132575944066 0.037913184612989426 0.07399999350309372
v 0.019578438252210617 0.03251591697335243 0.07399999350309372
v 0.034343697130680084 0.01615891046822071 0.07400000840425491
v -0.005644450429826975 -0.03753315657377243 0.07400000095367432
v 0.034343697130680084 0.01615891046822071 0.07400000840425491
v 0.037626001983881 -0.0016477126628160477 0.07399999350309372
v -0.005644450429826975 -0.03753315657377243 0.07400000095367432
v -0.005644450429826975 -0.03753315657377243 0.07400000095367432
v 0.037626001983881 -0.0016477126628160477 0.07399999350309372
v 0.03413129225373268 -0.01592133939266205 0.07400000095367432
v 0.019578438252210617 0.03251591697335243 0.07399999350309372
v -0.005644450429826975 -0.03753315657377243 0.07400000095367432
v -0.001786132575944066 0.037913184612989426 0.07399999350309372
v -0.001786132575944066 0.037913184612989426 0.07399999350309372
v -0.005644450429826975 -0.03753315657377243 0.07400000095367432
v -0.022273732349276543 -0.03036959283053875 0.07400000095367432
v -0.001786132575944066 0.037913184612989426 0.07399999350309372
v -0.034343741834163666 -0.01615871489048004 0.07400001585483551
v -0.03753310814499855 0.005644510965794325 0.07399999350309372
v -0.005644450429826975 -0.03753315657377243 0.07400000095367432
v 0.03413129225373268 -0.01592133939266205 0.07400000095367432
v 0.02544073574244976 -0.027770595625042915 0.07400000095367432
v 0.02544073574244976 -0.027770595625042915 0.07400000095367432
v 0.012876434251666069 -0.03539247810840607 0.07400000840425491
v -0.005644450429826975 -0.03753315657377243 0.07400000095367432
v -0.001786132575944066 0.037913184612989426 0.07399999350309372
v -0.03753310814499855 0.005644510965794325 0.07399999350309372
v -0.03036969155073166 0.02227371744811535 0.0740000382065773
v -0.001786132575944066 0.037913184612989426 0.07399999350309372
v -0.03036969155073166 0.02227371744811535 0.0740000382065773
v -0.019534356892108917 0.0321999117732048 0.07399999350309372
v -0.026398779824376106 0.026861432939767838 0.34692999720573425
v -0.03036969155073166 0.02227371744811535 0.0740000382065773
v -0.03630610555410385 0.01106629054993391 0.34692996740341187
v -0.03630610555410385 0.01106629054993391 0.34692996740341187
v -0.03036969155073166 0.02227371744811535 0.0740000382065773
v -0.03753310814499855 0.005644510965794325 0.07399999350309372
v -0.03630610555410385 0.01106629054993391 0.34692996740341187
v -0.03753310814499855 0.005644510965794325 0.07399999350309372
v -0.03633573651313782 -0.010968866758048534 0.34693002700805664
v -0.03633573651313782 -0.010968866758048534 0.34693002700805664
v -0.03753310814499855 0.005644510965794325 0.07399999350309372
v -0.034343741834163666 -0.01615871489048004 0.07400001585483551
v -0.03633573651313782 -0.010968866758048534 0.34693002700805664
v -0.034343741834163666 -0.01615871489048004 0.07400001585483551
v -0.026861125603318214 -0.02639913372695446 0.34692999720573425
v -0.026861125603318214 -0.02639913372695446 0.34692999720573425
v -0.034343741834163666 -0.01615871489048004 0.07400001585483551
v -0.022273732349276543 -0.03036959283053875 0.07400000095367432
v -0.026861125603318214 -0.02639913372695446 0.34692999720573425
v -0.022273732349276543 -0.03036959283053875 0.07400000095367432
v -0.014714359305799007 -0.03466874361038208 0.34692999720573425
v -0.014714359305799007 -0.03466874361038208 0.34692999720573425
v -0.022273732349276543 -0.03036959283053875 0.07400000095367432
v -0.005644450429826975 -0.03753315657377243 0.07400000095367432
v -0.014714359305799007 -0.03466874361038208 0.34692999720573425
v -0.005644450429826975 -0.03753315657377243 0.07400000095367432
v -0.0003273088950663805 -0.037660710513591766 0.34692999720573425
v -0.0003273088950663805 -0.037660710513591766 0.34692999720573425
v -0.005644450429826975 -0.03753315657377243 0.07400000095367432
v 0.012876434251666069 -0.03539247810840607 0.07400000840425491
v -0.0003273088950663805 -0.037660710513591766 0.34692999720573425
v 0.012876434251666069 -0.03539247810840607 0.07400000840425491
v 0.014109775424003601 -0.03491924703121185 0.34692972898483276
v 0.014109775424003601 -0.03491924703121185 0.34692972898483276
v 0.012876434251666069 -0.03539247810840607 0.07400000840425491
v 0.02544073574244976 -0.027770595625042915 0.07400000095367432
v 0.014109775424003601 -0.03491924703121185 0.34692972898483276
v 0.02544073574244976 -0.027770595625042915 0.07400000095367432
v 0.02639893814921379 -0.02686133049428463 0.3469294309616089
v 0.02639893814921379 -0.02686133049428463 0.3469294309616089
v 0.02544073574244976 -0.027770595625042915 0.07400000095367432
v 0.03413129225373268 -0.01592133939266205 0.07400000095367432
v 0.02639893814921379 -0.02686133049428463 0.3469294309616089
v 0.03413129225373268 -0.01592133939266205 0.07400000095367432
v 0.03466866910457611 -0.014714445918798447 0.3469299376010895
v 0.03466866910457611 -0.014714445918798447 0.3469299376010895
v 0.03413129225373268 -0.01592133939266205 0.07400000095367432
v 0.037626001983881 -0.0016477126628160477 0.07399999350309372
v 0.03466866910457611 -0.014714445918798447 0.3469299376010895
v 0.037626001983881 -0.0016477126628160477 0.07399999350309372
v 0.03766060993075371 -0.0003270017041359097 0.34692996740341187
v 0.03766060993075371 -0.0003270017041359097 0.34692996740341187
v 0.037626001983881 -0.0016477126628160477 0.07399999350309372
v 0.034343697130680084 0.01615891046822071 0.07400000840425491
v 0.03766060993075371 -0.0003270017041359097 0.34692996740341187
v 0.034343697130680084 0.01615891046822071 0.07400000840425491
v 0.0349191278219223 0.01410953514277935 0.34692996740341187
v 0.0349191278219223 0.01410953514277935 0.34692996740341187
v 0.034343697130680084 0.01615891046822071 0.07400000840425491
v 0.026861371472477913 0.026398813351988792 0.3469299376010895
v 0.026861371472477913 0.026398813351988792 0.3469299376010895
v 0.034343697130680084 0.01615891046822071 0.07400000840425491
v 0.019578438252210617 0.03251591697335243 0.07399999350309372
v 0.026861371472477913 0.026398813351988792 0.3469299376010895
v 0.019578438252210617 0.03251591697335243 0.07399999350309372
v 0.014714383520185947 0.03466857969760895 0.34692996740341187
v 0.014714383520185947 0.03466857969760895 0.34692996740341187
v 0.019578438252210617 0.03251591697335243 0.07399999350309372
v -0.001786132575944066 0.037913184612989426 0.07399999350309372
v 0.014714383520185947 0.03466857969760895 0.34692996740341187
v -0.001786132575944066 0.037913184612989426 0.07399999350309372
v 0.0003271372406743467 0.03766060248017311 0.34692999720573425
v 0.0003271372406743467 0.03766060248017311 0.34692999720573425
v -0.001786132575944066 0.037913184612989426 0.07399999350309372
v -0.014109759591519833 0.03491905331611633 0.34692999720573425
v -0.014109759591519833 0.03491905331611633 0.34692999720573425
v -0.001786132575944066 0.037913184612989426 0.07399999350309372
v -0.019534356892108917 0.0321999117732048 0.07399999350309372
v -0.014109759591519833 0.03491905331611633 0.34692999720573425
v -0.019534356892108917 0.0321999117732048 0.07399999350309372
v -0.026398779824376106 0.026861432939767838 0.34692999720573425
v -0.026398779824376106 0.026861432939767838 0.34692999720573425
v -0.019534356892108917 0.0321999117732048 0.07399999350309372
v -0.03036969155073166 0.02227371744811535 0.0740000382065773
v 0.0049027204513549805 -0.050838470458984375 0.42542171478271484
v -0.003496706485748291 -0.05173015594482422 0.4249267578125
v 0.0037984848022460938 -0.05541086196899414 0.4199357032775879
v 0.0037984848022460938 -0.05541086196899414 0.4199357032775879
v -0.003496706485748291 -0.05173015594482422 0.4249267578125
v -0.0041217803955078125 -0.05462169647216797 0.4210853576660156
v 0.030959606170654297 -0.05364412069320679 0.37586545944213867
v 0.033307772129774094 -0.05381489917635918 0.38431036472320557
v 0.028146743774414062 -0.05643310025334358 0.3802715539932251
v 0.032927513122558594 -0.04870867729187012 0.3746986389160156
v 0.03538227081298828 -0.04864269495010376 0.3803215026855469
v 0.030959606170654297 -0.05364412069320679 0.37586545944213867
v 0.030959606170654297 -0.05364412069320679 0.37586545944213867
v 0.025357484817504883 -0.05425485968589783 0.368131160736084
v 0.027034282684326172 -0.05092954635620117 0.3670015335083008
v 0.028146743774414062 -0.05643310025334358 0.3802715539932251
v 0.026144132018089294 -0.05712004750967026 0.37995511293411255
v 0.023868918418884277 -0.05648544803261757 0.3717474937438965
v 0.027034282684326172 -0.05092954635620117 0.3670015335083008
v 0.032927513122558594 -0.04870867729187012 0.3746986389160156
v 0.030959606170654297 -0.05364412069320679 0.37586545944213867
v 0.025357484817504883 -0.05425485968589783 0.368131160736084
v 0.030959606170654297 -0.05364412069320679 0.37586545944213867
v 0.023868918418884277 -0.05648544803261757 0.3717474937438965
v 0.023868918418884277 -0.05648544803261757 0.3717474937438965
v 0.030959606170654297 -0.05364412069320679 0.37586545944213867
v 0.028146743774414062 -0.05643310025334358 0.3802715539932251
v -0.03301501274108887 -0.051307857036590576 0.3770780563354492
v -0.029794692993164062 -0.049242496490478516 0.3697624206542969
v -0.02812480926513672 -0.05376136302947998 0.3712491989135742
v -0.028104498982429504 -0.05629361420869827 0.3788890242576599
v -0.02812480926513672 -0.05376136302947998 0.3712491989135742
v -0.02269124984741211 -0.05639897286891937 0.36960649490356445
v -0.028104498982429504 -0.05629361420869827 0.3788890242576599
v -0.02269124984741211 -0.05639897286891937 0.36960649490356445
v -0.020949840545654297 -0.05716586485505104 0.371964693069458
v -0.03221462666988373 -0.054376404732465744 0.3825175166130066
v -0.03301501274108887 -0.051307857036590576 0.3770780563354492
v -0.02812480926513672 -0.05376136302947998 0.3712491989135742
v -0.03221462666988373 -0.054376404732465744 0.3825175166130066
v -0.02812480926513672 -0.05376136302947998 0.3712491989135742
v -0.028104498982429504 -0.05629361420869827 0.3788890242576599
v -0.02705666981637478 -0.0571674145758152 0.38695818185806274
v -0.028104498982429504 -0.05629361420869827 0.3788890242576599
v -0.020949840545654297 -0.05716586485505104 0.371964693069458
v -0.009575128555297852 -0.05714154988527298 0.36258620023727417
v 0.011545300483703613 -0.057143811136484146 0.3638822138309479
v -0.007157325744628906 -0.057176098227500916 0.41386353969573975
v -0.007157325744628906 -0.057176098227500916 0.41386353969573975
v 0.011545300483703613 -0.057143811136484146 0.3638822138309479
v 0.026144132018089294 -0.05712004750967026 0.37995511293411255
v 0.027777090668678284 -0.05708868429064751 0.39222240447998047
v 0.011091232299804688 -0.05710941180586815 0.41274070739746094
v -0.007157325744628906 -0.057176098227500916 0.41386353969573975
v -0.009575128555297852 -0.05714154988527298 0.36258620023727417
v -0.02705666981637478 -0.0571674145758152 0.38695818185806274
v -0.020949840545654297 -0.05716586485505104 0.371964693069458
v -0.007157325744628906 -0.057176098227500916 0.41386353969573975
v 0.026144132018089294 -0.05712004750967026 0.37995511293411255
v 0.027777090668678284 -0.05708868429064751 0.39222240447998047
v -0.007157325744628906 -0.057176098227500916 0.41386353969573975
v -0.02705666981637478 -0.0571674145758152 0.38695818185806274
v -0.009575128555297852 -0.05714154988527298 0.36258620023727417
v 0.033307772129774094 -0.05381489917635918 0.38431036472320557
v 0.03378063440322876 -0.053577784448862076 0.39220237731933594
v 0.027777090668678284 -0.05708868429064751 0.39222240447998047
v 0.02377796173095703 -0.05648845434188843 0.40610265731811523
v 0.025722503662109375 -0.053197383880615234 0.412017822265625
v 0.015279769897460938 -0.05470895767211914 0.41783809661865234
v 0.00093841552734375 -0.04745197296142578 0.4280867576599121
v -0.003496706485748291 -0.05173015594482422 0.4249267578125
v 0.0049027204513549805 -0.050838470458984375 0.42542171478271484
v -0.003496706485748291 -0.05173015594482422 0.4249267578125
v 0.00093841552734375 -0.04745197296142578 0.4280867576599121
v -0.005846977233886719 -0.04820060729980469 0.42722225189208984
v 0.01079559326171875 -0.05112934112548828 0.42400074005126953
v 0.0049027204513549805 -0.050838470458984375 0.42542171478271484
v 0.0037984848022460938 -0.05541086196899414 0.4199357032775879
v -0.03705960512161255 -0.04511648416519165 0.3985097408294678
v -0.034572601318359375 -0.044977426528930664 0.4067726135253906
v -0.03571510314941406 -0.023340225219726562 0.4041900634765625
v 0.012578964233398438 -0.04404926300048828 0.4275016784667969
v 0.01055908203125 -0.012575626373291016 0.42865943908691406
v 0.004413604736328125 -0.04211711883544922 0.4296153783798218
v 0.0144500732421875 -0.04389381408691406 0.35768604278564453
v 0.01897430419921875 -0.05020785331726074 0.3600149154663086
v 0.009274482727050781 -0.0507776141166687 0.3561117649078369
v 0.0144500732421875 -0.04389381408691406 0.35768604278564453
v 0.009274482727050781 -0.0507776141166687 0.3561117649078369
v 0.008129119873046875 -0.044739484786987305 0.35568761825561523
v 0.008129119873046875 -0.044739484786987305 0.35568761825561523
v 0.009274482727050781 -0.0507776141166687 0.3561117649078369
v 0.0007052719593048096 -0.05131721496582031 0.35499459505081177
v -0.0071563720703125 -0.05056047439575195 0.35562872886657715
v -0.01621532440185547 -0.049748897552490234 0.35851144790649414
v -0.008189201354980469 -0.044989705085754395 0.35573530197143555
v -0.024940013885498047 -0.05697932839393616 0.40048885345458984
v -0.02705666981637478 -0.0571674145758152 0.38695818185806274
v -0.007157325744628906 -0.057176098227500916 0.41386353969573975
v 0.03378063440322876 -0.053577784448862076 0.39220237731933594
v 0.03109942376613617 -0.054329752922058105 0.4007554054260254
v 0.027777090668678284 -0.05708868429064751 0.39222240447998047
v 0.02377796173095703 -0.05648845434188843 0.40610265731811523
v 0.03109942376613617 -0.054329752922058105 0.4007554054260254
v 0.025722503662109375 -0.053197383880615234 0.412017822265625
v 0.0037984848022460938 -0.05541086196899414 0.4199357032775879
v 0.015279769897460938 -0.05470895767211914 0.41783809661865234
v 0.01079559326171875 -0.05112934112548828 0.42400074005126953
v 0.0037984848022460938 -0.05541086196899414 0.4199357032775879
v -0.0041217803955078125 -0.05462169647216797 0.4210853576660156
v -0.012691974639892578 -0.056258440017700195 0.4155130386352539
v -0.030341193079948425 -0.05609336495399475 0.3893968462944031
v -0.025696635246276855 -0.05569183826446533 0.40679216384887695
v -0.03295721113681793 -0.05403554439544678 0.39469242095947266
v -0.024940013885498047 -0.05697932839393616 0.40048885345458984
v -0.025696635246276855 -0.05569183826446533 0.40679216384887695
v -0.030341193079948425 -0.05609336495399475 0.3893968462944031
v -0.0041217803955078125 -0.05462169647216797 0.4210853576660156
v -0.003496706485748291 -0.05173015594482422 0.4249267578125
v -0.014078140258789062 -0.05350899696350098 0.42018795013427734
v -0.012691974639892578 -0.056258440017700195 0.4155130386352539
v -0.014078140258789062 -0.05350899696350098 0.42018795013427734
v -0.025696635246276855 -0.05569183826446533 0.40679216384887695
v -0.012691974639892578 -0.056258440017700195 0.4155130386352539
v -0.0041217803955078125 -0.05462169647216797 0.4210853576660156
v -0.014078140258789062 -0.05350899696350098 0.42018795013427734
v -0.014078140258789062 -0.05350899696350098 0.42018795013427734
v -0.025628089904785156 -0.05266880989074707 0.4132232666015625
v -0.025696635246276855 -0.05569183826446533 0.40679216384887695
v -0.003496706485748291 -0.05173015594482422 0.4249267578125
v -0.005846977233886719 -0.04820060729980469 0.42722225189208984
v -0.013578414916992188 -0.04726219177246094 0.4257497787475586
v -0.014078140258789062 -0.05350899696350098 0.42018795013427734
v -0.003496706485748291 -0.05173015594482422 0.4249267578125
v -0.013578414916992188 -0.04726219177246094 0.4257497787475586
v 0.01079559326171875 -0.05112934112548828 0.42400074005126953
v 0.020345687866210938 -0.04976010322570801 0.4207630157470703
v 0.012578964233398438 -0.04404926300048828 0.4275016784667969
v 0.01079559326171875 -0.05112934112548828 0.42400074005126953
v 0.012578964233398438 -0.04404926300048828 0.4275016784667969
v 0.0049027204513549805 -0.050838470458984375 0.42542171478271484
v 0.0049027204513549805 -0.050838470458984375 0.42542171478271484
v 0.012578964233398438 -0.04404926300048828 0.4275016784667969
v 0.00093841552734375 -0.04745197296142578 0.4280867576599121
v 0.00093841552734375 -0.04745197296142578 0.4280867576599121
v 0.012578964233398438 -0.04404926300048828 0.4275016784667969
v 0.004413604736328125 -0.04211711883544922 0.4296153783798218
v 0.020345687866210938 -0.04976010322570801 0.4207630157470703
v 0.02011871337890625 -0.042563676834106445 0.42403602600097656
v 0.012578964233398438 -0.04404926300048828 0.4275016784667969
v 0.00093841552734375 -0.04745197296142578 0.4280867576599121
v -0.005621910095214844 -0.04161548614501953 0.42957448959350586
v -0.005846977233886719 -0.04820060729980469 0.42722225189208984
v -0.005846977233886719 -0.04820060729980469 0.42722225189208984
v -0.005621910095214844 -0.04161548614501953 0.42957448959350586
v -0.013578414916992188 -0.04726219177246094 0.4257497787475586
v 0.00093841552734375 -0.04745197296142578 0.4280867576599121
v 0.004413604736328125 -0.04211711883544922 0.4296153783798218
v -0.005621910095214844 -0.04161548614501953 0.42957448959350586
v -0.0357503667473793 -0.05095256119966507 0.3868248760700226
v -0.03295721113681793 -0.05403554439544678 0.39469242095947266
v -0.035817742347717285 -0.05033542215824127 0.3961141109466553
v -0.035817742347717285 -0.05033542215824127 0.3961141109466553
v -0.03295721113681793 -0.05403554439544678 0.39469242095947266
v -0.03085184097290039 -0.052536845207214355 0.4060792922973633
v -0.03301501274108887 -0.051307857036590576 0.3770780563354492
v -0.03221462666988373 -0.054376404732465744 0.3825175166130066
v -0.0357503667473793 -0.05095256119966507 0.3868248760700226
v -0.03326225280761719 -0.04928883910179138 0.4061136245727539
v -0.035817742347717285 -0.05033542215824127 0.3961141109466553
v -0.03085184097290039 -0.052536845207214355 0.4060792922973633
v -0.023515701293945312 -0.047930240631103516 0.41956329345703125
v -0.025628089904785156 -0.05266880989074707 0.4132232666015625
v -0.01726531982421875 -0.050438880920410156 0.4218425750732422
v -0.03326225280761719 -0.04928883910179138 0.4061136245727539
v -0.03085184097290039 -0.052536845207214355 0.4060792922973633
v -0.0282440185546875 -0.046793580055236816 0.4157848358154297
v -0.0282440185546875 -0.046793580055236816 0.4157848358154297
v -0.03085184097290039 -0.052536845207214355 0.4060792922973633
v -0.025628089904785156 -0.05266880989074707 0.4132232666015625
v -0.0282440185546875 -0.046793580055236816 0.4157848358154297
v -0.025628089904785156 -0.05266880989074707 0.4132232666015625
v -0.023515701293945312 -0.047930240631103516 0.41956329345703125
v -0.023515701293945312 -0.047930240631103516 0.41956329345703125
v -0.01726531982421875 -0.050438880920410156 0.4218425750732422
v -0.013578414916992188 -0.04726219177246094 0.4257497787475586
v 0.008129119873046875 -0.053791046142578125 0.3571643829345703
v 0.014945030212402344 -0.054726481437683105 0.36038875579833984
v 0.0034317970275878906 -0.05626821517944336 0.3589811325073242
v -0.009492874145507812 -0.05309343338012695 0.3571176528930664
v -0.004052504897117615 -0.05521559715270996 0.3576090335845947
v -0.016452789306640625 -0.05426633358001709 0.36071300506591797
v 0.029685020446777344 -0.049878835678100586 0.41153526306152344
v 0.025722503662109375 -0.053197383880615234 0.412017822265625
v 0.03360214829444885 -0.05149698257446289 0.4018402099609375
v 0.03360214829444885 -0.05149698257446289 0.4018402099609375
v 0.03109942376613617 -0.054329752922058105 0.4007554054260254
v 0.03378063440322876 -0.053577784448862076 0.39220237731933594
v 0.0007052719593048096 -0.05131721496582031 0.35499459505081177
v 0.008129119873046875 -0.053791046142578125 0.3571643829345703
v -0.004052504897117615 -0.05521559715270996 0.3576090335845947
v -0.016452789306640625 -0.05426633358001709 0.36071300506591797
v -0.023118019104003906 -0.05501049757003784 0.3670682907104492
v -0.02405548095703125 -0.05051922798156738 0.3638124465942383
v -0.02405548095703125 -0.05051922798156738 0.3638124465942383
v -0.023118019104003906 -0.05501049757003784 0.3670682907104492
v -0.02812480926513672 -0.05376136302947998 0.3712491989135742
v 0.027034282684326172 -0.05092954635620117 0.3670015335083008
v 0.025357484817504883 -0.05425485968589783 0.368131160736084
v 0.01897430419921875 -0.05020785331726074 0.3600149154663086
v 0.01897430419921875 -0.05020785331726074 0.3600149154663086
v 0.025357484817504883 -0.05425485968589783 0.368131160736084
v 0.014945030212402344 -0.054726481437683105 0.36038875579833984
v 0.0007052719593048096 -0.05131721496582031 0.35499459505081177
v -0.004052504897117615 -0.05521559715270996 0.3576090335845947
v -0.009492874145507812 -0.05309343338012695 0.3571176528930664
v 0.029685020446777344 -0.049878835678100586 0.41153526306152344
v 0.03360214829444885 -0.05149698257446289 0.4018402099609375
v 0.03611278533935547 -0.0464327335357666 0.4020099639892578
v 0.03739204257726669 -0.047634318470954895 0.3903559744358063
v 0.03360214829444885 -0.05149698257446289 0.4018402099609375
v 0.03378063440322876 -0.053577784448862076 0.39220237731933594
v 0.03739204257726669 -0.047634318470954895 0.3903559744358063
v 0.03378063440322876 -0.053577784448862076 0.39220237731933594
v 0.033307772129774094 -0.05381489917635918 0.38431036472320557
v 0.027212142944335938 -0.046301841735839844 0.4172840118408203
v 0.020345687866210938 -0.04976010322570801 0.4207630157470703
v 0.029685020446777344 -0.049878835678100586 0.41153526306152344
v 0.029685020446777344 -0.049878835678100586 0.41153526306152344
v 0.020345687866210938 -0.04976010322570801 0.4207630157470703
v 0.025722503662109375 -0.053197383880615234 0.412017822265625
v 0.03538227081298828 -0.04864269495010376 0.3803215026855469
v 0.033307772129774094 -0.05381489917635918 0.38431036472320557
v 0.030959606170654297 -0.05364412069320679 0.37586545944213867
v 0.009274482727050781 -0.0507776141166687 0.3561117649078369
v 0.014945030212402344 -0.054726481437683105 0.36038875579833984
v 0.008129119873046875 -0.053791046142578125 0.3571643829345703
v 0.009274482727050781 -0.0507776141166687 0.3561117649078369
v 0.008129119873046875 -0.053791046142578125 0.3571643829345703
v 0.0007052719593048096 -0.05131721496582031 0.35499459505081177
v -0.0071563720703125 -0.05056047439575195 0.35562872886657715
v 0.0007052719593048096 -0.05131721496582031 0.35499459505081177
v -0.009492874145507812 -0.05309343338012695 0.3571176528930664
v -0.02405548095703125 -0.05051922798156738 0.3638124465942383
v -0.02812480926513672 -0.05376136302947998 0.3712491989135742
v -0.029794692993164062 -0.049242496490478516 0.3697624206542969
v -0.03607332706451416 -0.04697195440530777 0.3820068836212158
v -0.03301501274108887 -0.051307857036590576 0.3770780563354492
v -0.0357503667473793 -0.05095256119966507 0.3868248760700226
v -0.03737469017505646 -0.04642114043235779 0.38964495062828064
v -0.0357503667473793 -0.05095256119966507 0.3868248760700226
v -0.035817742347717285 -0.05033542215824127 0.3961141109466553
v -0.03705960512161255 -0.04511648416519165 0.3985097408294678
v -0.035817742347717285 -0.05033542215824127 0.3961141109466553
v -0.034572601318359375 -0.044977426528930664 0.4067726135253906
v -0.034572601318359375 -0.044977426528930664 0.4067726135253906
v -0.035817742347717285 -0.05033542215824127 0.3961141109466553
v -0.03326225280761719 -0.04928883910179138 0.4061136245727539
v -0.034572601318359375 -0.044977426528930664 0.4067726135253906
v -0.03326225280761719 -0.04928883910179138 0.4061136245727539
v -0.030672073364257812 -0.043312668800354004 0.4141807556152344
v -0.030672073364257812 -0.043312668800354004 0.4141807556152344
v -0.03326225280761719 -0.04928883910179138 0.4061136245727539
v -0.0282440185546875 -0.046793580055236816 0.4157848358154297
v -0.023136138916015625 -0.042655229568481445 0.4219856262207031
v -0.023515701293945312 -0.047930240631103516 0.41956329345703125
v -0.01526641845703125 -0.04217243194580078 0.42667198181152344
v -0.01526641845703125 -0.04217243194580078 0.42667198181152344
v -0.023515701293945312 -0.047930240631103516 0.41956329345703125
v -0.013578414916992188 -0.04726219177246094 0.4257497787475586
v -0.033064842224121094 -0.047777652740478516 0.37474632263183594
v -0.029794692993164062 -0.049242496490478516 0.3697624206542969
v -0.03301501274108887 -0.051307857036590576 0.3770780563354492
v -0.03607332706451416 -0.04697195440530777 0.3820068836212158
v -0.033064842224121094 -0.047777652740478516 0.37474632263183594
v -0.03301501274108887 -0.051307857036590576 0.3770780563354492
v -0.03607332706451416 -0.04697195440530777 0.3820068836212158
v -0.0357503667473793 -0.05095256119966507 0.3868248760700226
v -0.03737469017505646 -0.04642114043235779 0.38964495062828064
v -0.03705960512161255 -0.04511648416519165 0.3985097408294678
v -0.03737469017505646 -0.04642114043235779 0.38964495062828064
v -0.035817742347717285 -0.05033542215824127 0.3961141109466553
v -0.030672073364257812 -0.043312668800354004 0.4141807556152344
v -0.0282440185546875 -0.046793580055236816 0.4157848358154297
v -0.023136138916015625 -0.042655229568481445 0.4219856262207031
v -0.023136138916015625 -0.042655229568481445 0.4219856262207031
v -0.0282440185546875 -0.046793580055236816 0.4157848358154297
v -0.023515701293945312 -0.047930240631103516 0.41956329345703125
v -0.01526641845703125 -0.04217243194580078 0.42667198181152344
v -0.013578414916992188 -0.04726219177246094 0.4257497787475586
v -0.005621910095214844 -0.04161548614501953 0.42957448959350586
v 0.01897430419921875 -0.05020785331726074 0.3600149154663086
v 0.014945030212402344 -0.054726481437683105 0.36038875579833984
v 0.009274482727050781 -0.0507776141166687 0.3561117649078369
v -0.01621532440185547 -0.049748897552490234 0.35851144790649414
v -0.009492874145507812 -0.05309343338012695 0.3571176528930664
v -0.016452789306640625 -0.05426633358001709 0.36071300506591797
v -0.01621532440185547 -0.049748897552490234 0.35851144790649414
v -0.016452789306640625 -0.05426633358001709 0.36071300506591797
v -0.02405548095703125 -0.05051922798156738 0.3638124465942383
v 0.02011871337890625 -0.042563676834106445 0.42403602600097656
v 0.020345687866210938 -0.04976010322570801 0.4207630157470703
v 0.027212142944335938 -0.046301841735839844 0.4172840118408203
v 0.027212142944335938 -0.046301841735839844 0.4172840118408203
v 0.029685020446777344 -0.049878835678100586 0.41153526306152344
v 0.0323028564453125 -0.04487180709838867 0.4113273620605469
v 0.03745047748088837 -0.045926518738269806 0.3940005898475647
v 0.03611278533935547 -0.0464327335357666 0.4020099639892578
v 0.03739204257726669 -0.047634318470954895 0.3903559744358063
v 0.028005599975585938 -0.048311471939086914 0.3673257827758789
v 0.027034282684326172 -0.05092954635620117 0.3670015335083008
v 0.01897430419921875 -0.05020785331726074 0.3600149154663086
v -0.01621532440185547 -0.049748897552490234 0.35851144790649414
v -0.0071563720703125 -0.05056047439575195 0.35562872886657715
v -0.009492874145507812 -0.05309343338012695 0.3571176528930664
v 0.026739120483398438 -0.042587876319885254 0.41878318786621094
v 0.02011871337890625 -0.042563676834106445 0.42403602600097656
v 0.027212142944335938 -0.046301841735839844 0.4172840118408203
v 0.0323028564453125 -0.04487180709838867 0.4113273620605469
v 0.026739120483398438 -0.042587876319885254 0.41878318786621094
v 0.027212142944335938 -0.046301841735839844 0.4172840118408203
v 0.028005599975585938 -0.048311471939086914 0.3673257827758789
v 0.032927513122558594 -0.04870867729187012 0.3746986389160156
v 0.027034282684326172 -0.05092954635620117 0.3670015335083008
v 0.03472089767456055 -0.04402971267700195 0.4066448211669922
v 0.0323028564453125 -0.04487180709838867 0.4113273620605469
v 0.03611278533935547 -0.0464327335357666 0.4020099639892578
v 0.0323028564453125 -0.04487180709838867 0.4113273620605469
v 0.029685020446777344 -0.049878835678100586 0.41153526306152344
v 0.03611278533935547 -0.0464327335357666 0.4020099639892578
v 0.03611278533935547 -0.0464327335357666 0.4020099639892578
v 0.03360214829444885 -0.05149698257446289 0.4018402099609375
v 0.03739204257726669 -0.047634318470954895 0.3903559744358063
v 0.03538227081298828 -0.04864269495010376 0.3803215026855469
v 0.03739204257726669 -0.047634318470954895 0.3903559744358063
v 0.033307772129774094 -0.05381489917635918 0.38431036472320557
v -0.03295721113681793 -0.05403554439544678 0.39469242095947266
v -0.03221462666988373 -0.054376404732465744 0.3825175166130066
v -0.030341193079948425 -0.05609336495399475 0.3893968462944031
v -0.03085184097290039 -0.052536845207214355 0.4060792922973633
v -0.03295721113681793 -0.05403554439544678 0.39469242095947266
v -0.025696635246276855 -0.05569183826446533 0.40679216384887695
v -0.03085184097290039 -0.052536845207214355 0.4060792922973633
v -0.025696635246276855 -0.05569183826446533 0.40679216384887695
v -0.025628089904785156 -0.05266880989074707 0.4132232666015625
v 0.023868918418884277 -0.05648544803261757 0.3717474937438965
v 0.026144132018089294 -0.05712004750967026 0.37995511293411255
v 0.017698287963867188 -0.05632571130990982 0.36487770080566406
v 0.017698287963867188 -0.05632571130990982 0.36487770080566406
v 0.026144132018089294 -0.05712004750967026 0.37995511293411255
v 0.011545300483703613 -0.057143811136484146 0.3638822138309479
v 0.0034317970275878906 -0.05626821517944336 0.3589811325073242
v 0.011545300483703613 -0.057143811136484146 0.3638822138309479
v -0.009575128555297852 -0.05714154988527298 0.36258620023727417
v -0.009575128555297852 -0.05714154988527298 0.36258620023727417
v -0.020949840545654297 -0.05716586485505104 0.371964693069458
v -0.02269124984741211 -0.05639897286891937 0.36960649490356445
v -0.03221462666988373 -0.054376404732465744 0.3825175166130066
v -0.028104498982429504 -0.05629361420869827 0.3788890242576599
v -0.030341193079948425 -0.05609336495399475 0.3893968462944031
v -0.025696635246276855 -0.05569183826446533 0.40679216384887695
v -0.024940013885498047 -0.05697932839393616 0.40048885345458984
v -0.007157325744628906 -0.057176098227500916 0.41386353969573975
v -0.025696635246276855 -0.05569183826446533 0.40679216384887695
v -0.007157325744628906 -0.057176098227500916 0.41386353969573975
v -0.012691974639892578 -0.056258440017700195 0.4155130386352539
v -0.012691974639892578 -0.056258440017700195 0.4155130386352539
v -0.007157325744628906 -0.057176098227500916 0.41386353969573975
v 0.0037984848022460938 -0.05541086196899414 0.4199357032775879
v 0.0037984848022460938 -0.05541086196899414 0.4199357032775879
v -0.007157325744628906 -0.057176098227500916 0.41386353969573975
v 0.011091232299804688 -0.05710941180586815 0.41274070739746094
v 0.02377796173095703 -0.05648845434188843 0.40610265731811523
v 0.011091232299804688 -0.05710941180586815 0.41274070739746094
v 0.027777090668678284 -0.05708868429064751 0.39222240447998047
v 0.014945030212402344 -0.054726481437683105 0.36038875579833984
v 0.017698287963867188 -0.05632571130990982 0.36487770080566406
v 0.011545300483703613 -0.057143811136484146 0.3638822138309479
v 0.014945030212402344 -0.054726481437683105 0.36038875579833984
v 0.011545300483703613 -0.057143811136484146 0.3638822138309479
v 0.0034317970275878906 -0.05626821517944336 0.3589811325073242
v -0.004052504897117615 -0.05521559715270996 0.3576090335845947
v 0.0034317970275878906 -0.05626821517944336 0.3589811325073242
v -0.009575128555297852 -0.05714154988527298 0.36258620023727417
v 0.025357484817504883 -0.05425485968589783 0.368131160736084
v 0.023868918418884277 -0.05648544803261757 0.3717474937438965
v 0.017698287963867188 -0.05632571130990982 0.36487770080566406
v -0.004052504897117615 -0.05521559715270996 0.3576090335845947
v -0.009575128555297852 -0.05714154988527298 0.36258620023727417
v -0.016452789306640625 -0.05426633358001709 0.36071300506591797
v -0.016452789306640625 -0.05426633358001709 0.36071300506591797
v -0.009575128555297852 -0.05714154988527298 0.36258620023727417
v -0.02269124984741211 -0.05639897286891937 0.36960649490356445
v 0.027777090668678284 -0.05708868429064751 0.39222240447998047
v 0.026144132018089294 -0.05712004750967026 0.37995511293411255
v 0.028146743774414062 -0.05643310025334358 0.3802715539932251
v 0.028146743774414062 -0.05643310025334358 0.3802715539932251
v 0.033307772129774094 -0.05381489917635918 0.38431036472320557
v 0.027777090668678284 -0.05708868429064751 0.39222240447998047
v -0.016452789306640625 -0.05426633358001709 0.36071300506591797
v -0.02269124984741211 -0.05639897286891937 0.36960649490356445
v -0.023118019104003906 -0.05501049757003784 0.3670682907104492
v -0.02812480926513672 -0.05376136302947998 0.3712491989135742
v -0.023118019104003906 -0.05501049757003784 0.3670682907104492
v -0.02269124984741211 -0.05639897286891937 0.36960649490356445
v 0.02377796173095703 -0.05648845434188843 0.40610265731811523
v 0.027777090668678284 -0.05708868429064751 0.39222240447998047
v 0.03109942376613617 -0.054329752922058105 0.4007554054260254
v 0.011091232299804688 -0.05710941180586815 0.41274070739746094
v 0.015279769897460938 -0.05470895767211914 0.41783809661865234
v 0.0037984848022460938 -0.05541086196899414 0.4199357032775879
v -0.030341193079948425 -0.05609336495399475 0.3893968462944031
v -0.028104498982429504 -0.05629361420869827 0.3788890242576599
v -0.02705666981637478 -0.0571674145758152 0.38695818185806274
v -0.030341193079948425 -0.05609336495399475 0.3893968462944031
v -0.02705666981637478 -0.0571674145758152 0.38695818185806274
v -0.024940013885498047 -0.05697932839393616 0.40048885345458984
v 0.015279769897460938 -0.05470895767211914 0.41783809661865234
v 0.011091232299804688 -0.05710941180586815 0.41274070739746094
v 0.02377796173095703 -0.05648845434188843 0.40610265731811523
v 0.025357484817504883 -0.05425485968589783 0.368131160736084
v 0.017698287963867188 -0.05632571130990982 0.36487770080566406
v 0.014945030212402344 -0.054726481437683105 0.36038875579833984
v 0.008129119873046875 -0.053791046142578125 0.3571643829345703
v 0.0034317970275878906 -0.05626821517944336 0.3589811325073242
v -0.004052504897117615 -0.05521559715270996 0.3576090335845947
v -0.0357503667473793 -0.05095256119966507 0.3868248760700226
v -0.03221462666988373 -0.054376404732465744 0.3825175166130066
v -0.03295721113681793 -0.05403554439544678 0.39469242095947266
v -0.01726531982421875 -0.050438880920410156 0.4218425750732422
v -0.025628089904785156 -0.05266880989074707 0.4132232666015625
v -0.014078140258789062 -0.05350899696350098 0.42018795013427734
v -0.01726531982421875 -0.050438880920410156 0.4218425750732422
v -0.014078140258789062 -0.05350899696350098 0.42018795013427734
v -0.013578414916992188 -0.04726219177246094 0.4257497787475586
v 0.03109942376613617 -0.054329752922058105 0.4007554054260254
v 0.03360214829444885 -0.05149698257446289 0.4018402099609375
v 0.025722503662109375 -0.053197383880615234 0.412017822265625
v 0.025722503662109375 -0.053197383880615234 0.412017822265625
v 0.020345687866210938 -0.04976010322570801 0.4207630157470703
v 0.015279769897460938 -0.05470895767211914 0.41783809661865234
v 0.01079559326171875 -0.05112934112548828 0.42400074005126953
v 0.015279769897460938 -0.05470895767211914 0.41783809661865234
v 0.020345687866210938 -0.04976010322570801 0.4207630157470703
v 0.03745047748088837 -0.045926518738269806 0.3940005898475647
v 0.036646127700805664 -0.024852752685546875 0.4010200500488281
v 0.03611278533935547 -0.0464327335357666 0.4020099639892578
v 0.036646127700805664 -0.024852752685546875 0.4010200500488281
v 0.03745047748088837 -0.045926518738269806 0.3940005898475647
v 0.037608712911605835 -0.028702735900878906 0.3920173645019531
v 0.03472089767456055 -0.04402971267700195 0.4066448211669922
v 0.036646127700805664 -0.024852752685546875 0.4010200500488281
v 0.03400707244873047 -0.02161121368408203 0.40850830078125
v 0.036646127700805664 -0.024852752685546875 0.4010200500488281
v 0.03472089767456055 -0.04402971267700195 0.4066448211669922
v 0.03611278533935547 -0.0464327335357666 0.4020099639892578
v 0.03472089767456055 -0.04402971267700195 0.4066448211669922
v 0.03400707244873047 -0.02161121368408203 0.40850830078125
v 0.0323028564453125 -0.04487180709838867 0.4113273620605469
v 0.03188133239746094 -0.019751548767089844 0.4124183654785156
v 0.0323028564453125 -0.04487180709838867 0.4113273620605469
v 0.03400707244873047 -0.02161121368408203 0.40850830078125
v 0.026885986328125 -0.01707172393798828 0.41866493225097656
v 0.026739120483398438 -0.042587876319885254 0.41878318786621094
v 0.03188133239746094 -0.019751548767089844 0.4124183654785156
v 0.03188133239746094 -0.019751548767089844 0.4124183654785156
v 0.026739120483398438 -0.042587876319885254 0.41878318786621094
v 0.0323028564453125 -0.04487180709838867 0.4113273620605469
v 0.026739120483398438 -0.042587876319885254 0.41878318786621094
v 0.026885986328125 -0.01707172393798828 0.41866493225097656
v 0.020254135131835938 -0.014607429504394531 0.4241046905517578
v 0.020254135131835938 -0.014607429504394531 0.4241046905517578
v 0.02011871337890625 -0.042563676834106445 0.42403602600097656
v 0.026739120483398438 -0.042587876319885254 0.41878318786621094
v 0.020254135131835938 -0.014607429504394531 0.4241046905517578
v 0.014507293701171875 -0.013249397277832031 0.4271106719970703
v 0.012578964233398438 -0.04404926300048828 0.4275016784667969
v 0.02011871337890625 -0.042563676834106445 0.42403602600097656
v 0.020254135131835938 -0.014607429504394531 0.4241046905517578
v 0.012578964233398438 -0.04404926300048828 0.4275016784667969
v 0.014507293701171875 -0.013249397277832031 0.4271106719970703
v 0.01055908203125 -0.012575626373291016 0.42865943908691406
v 0.012578964233398438 -0.04404926300048828 0.4275016784667969
v 0.004413604736328125 -0.04211711883544922 0.4296153783798218
v 0.01055908203125 -0.012575626373291016 0.42865943908691406
v 0.003772735595703125 -0.012055397033691406 0.4298064708709717
v 0.004413604736328125 -0.04211711883544922 0.4296153783798218
v 0.003772735595703125 -0.012055397033691406 0.4298064708709717
v -0.002353668212890625 -0.011980175971984863 0.4299873113632202
v -0.002353668212890625 -0.011980175971984863 0.4299873113632202
v -0.005621910095214844 -0.04161548614501953 0.42957448959350586
v 0.004413604736328125 -0.04211711883544922 0.4296153783798218
v -0.005621910095214844 -0.04161548614501953 0.42957448959350586
v -0.002353668212890625 -0.011980175971984863 0.4299873113632202
v -0.0092010498046875 -0.012490272521972656 0.4288311004638672
v -0.005621910095214844 -0.04161548614501953 0.42957448959350586
v -0.0092010498046875 -0.012490272521972656 0.4288311004638672
v -0.016384124755859375 -0.013606548309326172 0.4264202117919922
v -0.005621910095214844 -0.04161548614501953 0.42957448959350586
v -0.016384124755859375 -0.013606548309326172 0.4264202117919922
v -0.01526641845703125 -0.04217243194580078 0.42667198181152344
v -0.016384124755859375 -0.013606548309326172 0.4264202117919922
v -0.023136138916015625 -0.042655229568481445 0.4219856262207031
v -0.01526641845703125 -0.04217243194580078 0.42667198181152344
v -0.02283477783203125 -0.015386581420898438 0.4222869873046875
v -0.023136138916015625 -0.042655229568481445 0.4219856262207031
v -0.016384124755859375 -0.013606548309326172 0.4264202117919922
v -0.030672073364257812 -0.043312668800354004 0.4141807556152344
v -0.023136138916015625 -0.042655229568481445 0.4219856262207031
v -0.028293609619140625 -0.017641067504882812 0.4171600341796875
v -0.028293609619140625 -0.017641067504882812 0.4171600341796875
v -0.023136138916015625 -0.042655229568481445 0.4219856262207031
v -0.02283477783203125 -0.015386581420898438 0.4222869873046875
v -0.028293609619140625 -0.017641067504882812 0.4171600341796875
v -0.032428741455078125 -0.020162582397460938 0.41143798828125
v -0.030672073364257812 -0.043312668800354004 0.4141807556152344
v -0.030672073364257812 -0.043312668800354004 0.4141807556152344
v -0.032428741455078125 -0.020162582397460938 0.41143798828125
v -0.034572601318359375 -0.044977426528930664 0.4067726135253906
v -0.034572601318359375 -0.044977426528930664 0.4067726135253906
v -0.032428741455078125 -0.020162582397460938 0.41143798828125
v -0.03571510314941406 -0.023340225219726562 0.4041900634765625
v -0.03705960512161255 -0.04511648416519165 0.3985097408294678
v -0.03571510314941406 -0.023340225219726562 0.4041900634765625
v -0.0376337468624115 -0.02748870849609375 0.39476966857910156
v -0.03705960512161255 -0.04511648416519165 0.3985097408294678
v -0.0376337468624115 -0.02748870849609375 0.39476966857910156
v -0.03737469017505646 -0.04642114043235779 0.38964495062828064
v -0.03737469017505646 -0.04642114043235779 0.38964495062828064
v -0.0376337468624115 -0.02748870849609375 0.39476966857910156
v -0.03687238693237305 -0.031816959381103516 0.385042667388916
v -0.03687238693237305 -0.031816959381103516 0.385042667388916
v -0.03607332706451416 -0.04697195440530777 0.3820068836212158
v -0.03737469017505646 -0.04642114043235779 0.38964495062828064
v -0.03607332706451416 -0.04697195440530777 0.3820068836212158
v -0.03687238693237305 -0.031816959381103516 0.385042667388916
v -0.03495931625366211 -0.03466176986694336 0.3786344528198242
v -0.031760215759277344 -0.037423133850097656 0.37223052978515625
v -0.033064842224121094 -0.047777652740478516 0.37474632263183594
v -0.03495931625366211 -0.03466176986694336 0.3786344528198242
v -0.03495931625366211 -0.03466176986694336 0.3786344528198242
v -0.033064842224121094 -0.047777652740478516 0.37474632263183594
v -0.03607332706451416 -0.04697195440530777 0.3820068836212158
v -0.033064842224121094 -0.047777652740478516 0.37474632263183594
v -0.031760215759277344 -0.037423133850097656 0.37223052978515625
v -0.029794692993164062 -0.049242496490478516 0.3697624206542969
v -0.029794692993164062 -0.049242496490478516 0.3697624206542969
v -0.031760215759277344 -0.037423133850097656 0.37223052978515625
v -0.026055335998535156 -0.040551185607910156 0.36524295806884766
v -0.029794692993164062 -0.049242496490478516 0.3697624206542969
v -0.026055335998535156 -0.040551185607910156 0.36524295806884766
v -0.02405548095703125 -0.05051922798156738 0.3638124465942383
v -0.026055335998535156 -0.040551185607910156 0.36524295806884766
v -0.019454002380371094 -0.0427553653717041 0.36017799377441406
v -0.02405548095703125 -0.05051922798156738 0.3638124465942383
v -0.02405548095703125 -0.05051922798156738 0.3638124465942383
v -0.019454002380371094 -0.0427553653717041 0.36017799377441406
v -0.01621532440185547 -0.049748897552490234 0.35851144790649414
v -0.019454002380371094 -0.0427553653717041 0.36017799377441406
v -0.010198593139648438 -0.044545114040374756 0.3560062646865845
v -0.01621532440185547 -0.049748897552490234 0.35851144790649414
v -0.010198593139648438 -0.044545114040374756 0.3560062646865845
v -0.008189201354980469 -0.044989705085754395 0.35573530197143555
v -0.01621532440185547 -0.049748897552490234 0.35851144790649414
v 0.000905156135559082 -0.04514101892709732 0.3547520637512207
v 0.0007052719593048096 -0.05131721496582031 0.35499459505081177
v -0.008189201354980469 -0.044989705085754395 0.35573530197143555
v -0.008189201354980469 -0.044989705085754395 0.35573530197143555
v 0.0007052719593048096 -0.05131721496582031 0.35499459505081177
v -0.0071563720703125 -0.05056047439575195 0.35562872886657715
v 0.000905156135559082 -0.04514101892709732 0.3547520637512207
v 0.008129119873046875 -0.044739484786987305 0.35568761825561523
v 0.0007052719593048096 -0.05131721496582031 0.35499459505081177
v 0.0144500732421875 -0.04389381408691406 0.35768604278564453
v 0.022733688354492188 -0.041793107986450195 0.3623471260070801
v 0.01897430419921875 -0.05020785331726074 0.3600149154663086
v 0.01897430419921875 -0.05020785331726074 0.3600149154663086
v 0.022733688354492188 -0.041793107986450195 0.3623471260070801
v 0.028005599975585938 -0.048311471939086914 0.3673257827758789
v 0.028005599975585938 -0.048311471939086914 0.3673257827758789
v 0.022733688354492188 -0.041793107986450195 0.3623471260070801
v 0.028604507446289062 -0.0393071174621582 0.3679637908935547
v 0.03334236145019531 -0.03626728057861328 0.3748908042907715
v 0.032927513122558594 -0.04870867729187012 0.3746986389160156
v 0.028005599975585938 -0.048311471939086914 0.3673257827758789
v 0.028604507446289062 -0.0393071174621582 0.3679637908935547
v 0.03334236145019531 -0.03626728057861328 0.3748908042907715
v 0.028005599975585938 -0.048311471939086914 0.3673257827758789
v 0.03334236145019531 -0.03626728057861328 0.3748908042907715
v 0.03538227081298828 -0.04864269495010376 0.3803215026855469
v 0.032927513122558594 -0.04870867729187012 0.3746986389160156
v 0.03538227081298828 -0.04864269495010376 0.3803215026855469
v 0.03334236145019531 -0.03626728057861328 0.3748908042907715
v 0.036670684814453125 -0.03227043151855469 0.38393402099609375
v 0.036670684814453125 -0.03227043151855469 0.38393402099609375
v 0.03739204257726669 -0.047634318470954895 0.3903559744358063
v 0.03538227081298828 -0.04864269495010376 0.3803215026855469
v 0.03739204257726669 -0.047634318470954895 0.3903559744358063
v 0.036670684814453125 -0.03227043151855469 0.38393402099609375
v 0.037608712911605835 -0.028702735900878906 0.3920173645019531
v 0.03739204257726669 -0.047634318470954895 0.3903559744358063
v 0.037608712911605835 -0.028702735900878906 0.3920173645019531
v 0.03745047748088837 -0.045926518738269806 0.3940005898475647
v 0.0144500732421875 -0.04389381408691406 0.35768604278564453
v 0.008129119873046875 -0.044739484786987305 0.35568761825561523
v 0.015855789184570312 -0.043627262115478516 0.35807037353515625
v 0.03334236145019531 -0.03626728057861328 0.3748908042907715
v 0.03575396537780762 -0.034943342208862305 0.3774538040161133
v 0.036670684814453125 -0.03227043151855469 0.38393402099609375
v 0.037608712911605835 -0.028702735900878906 0.3920173645019531
v 0.03855133056640625 -0.02667713165283203 0.39626121520996094
v 0.036421775817871094 -0.023721694946289062 0.4032745361328125
v 0.03188133239746094 -0.019751548767089844 0.4124183654785156
v 0.036421775817871094 -0.023721694946289062 0.4032745361328125
v 0.034145355224609375 -0.020376205444335938 0.41071319580078125
v 0.0144500732421875 -0.04389381408691406 0.35768604278564453
v 0.015855789184570312 -0.043627262115478516 0.35807037353515625
v 0.022733688354492188 -0.041793107986450195 0.3623471260070801
v 0.017520904541015625 -0.01313018798828125 0.42710113525390625
v 0.020254135131835938 -0.014607429504394531 0.4241046905517578
v 0.026885986328125 -0.01707172393798828 0.41866493225097656
v 0.036421775817871094 -0.023721694946289062 0.4032745361328125
v 0.03188133239746094 -0.019751548767089844 0.4124183654785156
v 0.036646127700805664 -0.024852752685546875 0.4010200500488281
v 0.036421775817871094 -0.023721694946289062 0.4032745361328125
v 0.036646127700805664 -0.024852752685546875 0.4010200500488281
v 0.037608712911605835 -0.028702735900878906 0.3920173645019531
v 0.036646127700805664 -0.024852752685546875 0.4010200500488281
v 0.03188133239746094 -0.019751548767089844 0.4124183654785156
v 0.03400707244873047 -0.02161121368408203 0.40850830078125
v 0.026885986328125 -0.01707172393798828 0.41866493225097656
v 0.03188133239746094 -0.019751548767089844 0.4124183654785156
v 0.034145355224609375 -0.020376205444335938 0.41071319580078125
v 0.026885986328125 -0.01707172393798828 0.41866493225097656
v 0.034145355224609375 -0.020376205444335938 0.41071319580078125
v 0.017520904541015625 -0.01313018798828125 0.42710113525390625
v 0.020254135131835938 -0.014607429504394531 0.4241046905517578
v 0.017520904541015625 -0.01313018798828125 0.42710113525390625
v 0.014507293701171875 -0.013249397277832031 0.4271106719970703
v -0.002353668212890625 -0.011980175971984863 0.4299873113632202
v 0.003772735595703125 -0.012055397033691406 0.4298064708709717
v -0.0013346672058105469 -0.011372268199920654 0.4311712384223938
v -0.002353668212890625 -0.011980175971984863 0.4299873113632202
v -0.0013346672058105469 -0.011372268199920654 0.4311712384223938
v -0.0092010498046875 -0.012490272521972656 0.4288311004638672
v -0.0092010498046875 -0.012490272521972656 0.4288311004638672
v -0.0013346672058105469 -0.011372268199920654 0.4311712384223938
v -0.00750732421875 -0.01170206069946289 0.4304332733154297
v -0.028293609619140625 -0.017641067504882812 0.4171600341796875
v -0.02283477783203125 -0.015386581420898438 0.4222869873046875
v -0.02043914794921875 -0.013927459716796875 0.4253864288330078
v -0.03571510314941406 -0.023340225219726562 0.4041900634765625
v -0.03702354431152344 -0.02338886260986328 0.40380096435546875
v -0.0376337468624115 -0.02748870849609375 0.39476966857910156
v -0.025636672973632812 -0.04106473922729492 0.3633852005004883
v -0.026055335998535156 -0.040551185607910156 0.36524295806884766
v -0.031760215759277344 -0.037423133850097656 0.37223052978515625
v -0.03495931625366211 -0.03466176986694336 0.3786344528198242
v -0.03805041313171387 -0.03160524368286133 0.3850889205932617
v -0.03486204147338867 -0.035746097564697266 0.37551021575927734
v -0.03687238693237305 -0.031816959381103516 0.385042667388916
v -0.0376337468624115 -0.02748870849609375 0.39476966857910156
v -0.03805041313171387 -0.03160524368286133 0.3850889205932617
v -0.026055335998535156 -0.040551185607910156 0.36524295806884766
v -0.025636672973632812 -0.04106473922729492 0.3633852005004883
v -0.019454002380371094 -0.0427553653717041 0.36017799377441406
v -0.019454002380371094 -0.0427553653717041 0.36017799377441406
v -0.014159202575683594 -0.044142723083496094 0.3564891815185547
v -0.010198593139648438 -0.044545114040374756 0.3560062646865845
v 0.000905156135559082 -0.04514101892709732 0.3547520637512207
v -0.008189201354980469 -0.044989705085754395 0.35573530197143555
v -0.010198593139648438 -0.044545114040374756 0.3560062646865845
v -0.0013346672058105469 -0.011372268199920654 0.4311712384223938
v 0.003772735595703125 -0.012055397033691406 0.4298064708709717
v 0.01055908203125 -0.012575626373291016 0.42865943908691406
v -0.016384124755859375 -0.013606548309326172 0.4264202117919922
v -0.0092010498046875 -0.012490272521972656 0.4288311004638672
v -0.00750732421875 -0.01170206069946289 0.4304332733154297
v 0.002841472625732422 -0.04517289623618126 0.3538278043270111
v 0.008129119873046875 -0.044739484786987305 0.35568761825561523
v 0.000905156135559082 -0.04514101892709732 0.3547520637512207
v -0.00493311882019043 -0.04513103514909744 0.3540445566177368
v 0.000905156135559082 -0.04514101892709732 0.3547520637512207
v -0.010198593139648438 -0.044545114040374756 0.3560062646865845
v -0.02043914794921875 -0.013927459716796875 0.4253864288330078
v -0.02283477783203125 -0.015386581420898438 0.4222869873046875
v -0.016384124755859375 -0.013606548309326172 0.4264202117919922
v -0.025636672973632812 -0.04106473922729492 0.3633852005004883
v -0.031760215759277344 -0.037423133850097656 0.37223052978515625
v -0.03070068359375 -0.03867053985595703 0.3690013885498047
v 0.022733688354492188 -0.041793107986450195 0.3623471260070801
v 0.015855789184570312 -0.043627262115478516 0.35807037353515625
v 0.024115562438964844 -0.041535377502441406 0.36215877532958984
v 0.022733688354492188 -0.041793107986450195 0.3623471260070801
v 0.024115562438964844 -0.041535377502441406 0.36215877532958984
v 0.028604507446289062 -0.0393071174621582 0.3679637908935547
v -0.031760215759277344 -0.037423133850097656 0.37223052978515625
v -0.03495931625366211 -0.03466176986694336 0.3786344528198242
v -0.03486204147338867 -0.035746097564697266 0.37551021575927734
v -0.0255584716796875 -0.01557159423828125 0.4215736389160156
v -0.028293609619140625 -0.017641067504882812 0.4171600341796875
v -0.02043914794921875 -0.013927459716796875 0.4253864288330078
v -0.032428741455078125 -0.020162582397460938 0.41143798828125
v -0.028293609619140625 -0.017641067504882812 0.4171600341796875
v -0.0255584716796875 -0.01557159423828125 0.4215736389160156
v -0.03805041313171387 -0.03160524368286133 0.3850889205932617
v -0.03495931625366211 -0.03466176986694336 0.3786344528198242
v -0.03687238693237305 -0.031816959381103516 0.385042667388916
v 0.002841472625732422 -0.04517289623618126 0.3538278043270111
v 0.015855789184570312 -0.043627262115478516 0.35807037353515625
v 0.008129119873046875 -0.044739484786987305 0.35568761825561523
v 0.011435508728027344 -0.04438793659210205 0.3553905487060547
v 0.015855789184570312 -0.043627262115478516 0.35807037353515625
v 0.002841472625732422 -0.04517289623618126 0.3538278043270111
v 0.018152236938476562 -0.04320669174194336 0.3582477569580078
v 0.024115562438964844 -0.041535377502441406 0.36215877532958984
v 0.015855789184570312 -0.043627262115478516 0.35807037353515625
v 0.03034687042236328 -0.038893938064575195 0.36834049224853516
v 0.03575396537780762 -0.034943342208862305 0.3774538040161133
v 0.03334236145019531 -0.03626728057861328 0.3748908042907715
v 0.03034687042236328 -0.038893938064575195 0.36834049224853516
v 0.03334236145019531 -0.03626728057861328 0.3748908042907715
v 0.028604507446289062 -0.0393071174621582 0.3679637908935547
v 0.037608712911605835 -0.028702735900878906 0.3920173645019531
v 0.036670684814453125 -0.03227043151855469 0.38393402099609375
v 0.03848397731781006 -0.030394792556762695 0.387570858001709
v 0.03848397731781006 -0.030394792556762695 0.387570858001709
v 0.036670684814453125 -0.03227043151855469 0.38393402099609375
v 0.03575396537780762 -0.034943342208862305 0.3774538040161133
v 0.017520904541015625 -0.01313018798828125 0.42710113525390625
v 0.007175445556640625 -0.011571645736694336 0.43059253692626953
v 0.01055908203125 -0.012575626373291016 0.42865943908691406
v 0.007175445556640625 -0.011571645736694336 0.43059253692626953
v -0.0013346672058105469 -0.011372268199920654 0.4311712384223938
v 0.01055908203125 -0.012575626373291016 0.42865943908691406
v 0.01055908203125 -0.012575626373291016 0.42865943908691406
v 0.014507293701171875 -0.013249397277832031 0.4271106719970703
v 0.017520904541015625 -0.01313018798828125 0.42710113525390625
v 0.0253448486328125 -0.015527725219726562 0.4217071533203125
v 0.017520904541015625 -0.01313018798828125 0.42710113525390625
v 0.034145355224609375 -0.020376205444335938 0.41071319580078125
v 0.030185699462890625 -0.017477035522460938 0.4168586730957031
v 0.0253448486328125 -0.015527725219726562 0.4217071533203125
v 0.034145355224609375 -0.020376205444335938 0.41071319580078125
v 0.03715848922729492 -0.02340078353881836 0.4035797119140625
v 0.034145355224609375 -0.020376205444335938 0.41071319580078125
v 0.036421775817871094 -0.023721694946289062 0.4032745361328125
v 0.03715848922729492 -0.02340078353881836 0.4035797119140625
v 0.036421775817871094 -0.023721694946289062 0.4032745361328125
v 0.03855133056640625 -0.02667713165283203 0.39626121520996094
v 0.0253448486328125 -0.015527725219726562 0.4217071533203125
v 0.019283294677734375 -0.008042097091674805 0.42633724212646484
v 0.017520904541015625 -0.01313018798828125 0.42710113525390625
v 0.024115562438964844 -0.041535377502441406 0.36215877532958984
v 0.03034687042236328 -0.038893938064575195 0.36834049224853516
v 0.028604507446289062 -0.0393071174621582 0.3679637908935547
v 0.018152236938476562 -0.04320669174194336 0.3582477569580078
v 0.015855789184570312 -0.043627262115478516 0.35807037353515625
v 0.011435508728027344 -0.04438793659210205 0.3553905487060547
v 0.03848397731781006 -0.030394792556762695 0.387570858001709
v 0.03855133056640625 -0.02667713165283203 0.39626121520996094
v 0.037608712911605835 -0.028702735900878906 0.3920173645019531
v -0.00493311882019043 -0.04513103514909744 0.3540445566177368
v 0.002841472625732422 -0.04517289623618126 0.3538278043270111
v 0.000905156135559082 -0.04514101892709732 0.3547520637512207
v -0.03805041313171387 -0.03160524368286133 0.3850889205932617
v -0.0376337468624115 -0.02748870849609375 0.39476966857910156
v -0.03871339559555054 -0.027220726013183594 0.39487266540527344
v -0.03871339559555054 -0.027220726013183594 0.39487266540527344
v -0.0376337468624115 -0.02748870849609375 0.39476966857910156
v -0.03702354431152344 -0.02338886260986328 0.40380096435546875
v -0.012874603271484375 -0.012180328369140625 0.4290180206298828
v -0.016384124755859375 -0.013606548309326172 0.4264202117919922
v -0.00750732421875 -0.01170206069946289 0.4304332733154297
v -0.03702354431152344 -0.02338886260986328 0.40380096435546875
v -0.032428741455078125 -0.020162582397460938 0.41143798828125
v -0.03076171875 -0.017971038818359375 0.416046142578125
v -0.0255584716796875 -0.01557159423828125 0.4215736389160156
v -0.03076171875 -0.017971038818359375 0.416046142578125
v -0.032428741455078125 -0.020162582397460938 0.41143798828125
v -0.03702354431152344 -0.02338886260986328 0.40380096435546875
v -0.03076171875 -0.017971038818359375 0.416046142578125
v -0.03455543518066406 -0.020503997802734375 0.41002655029296875
v -0.03702354431152344 -0.02338886260986328 0.40380096435546875
v -0.03571510314941406 -0.023340225219726562 0.4041900634765625
v -0.032428741455078125 -0.020162582397460938 0.41143798828125
v -0.03486204147338867 -0.035746097564697266 0.37551021575927734
v -0.03070068359375 -0.03867053985595703 0.3690013885498047
v -0.031760215759277344 -0.037423133850097656 0.37223052978515625
v -0.010198593139648438 -0.044545114040374756 0.3560062646865845
v -0.014159202575683594 -0.044142723083496094 0.3564891815185547
v -0.00493311882019043 -0.04513103514909744 0.3540445566177368
v -0.03061676025390625 -0.03344249725341797 0.36859703063964844
v -0.025636672973632812 -0.04106473922729492 0.3633852005004883
v -0.03070068359375 -0.03867053985595703 0.3690013885498047
v -0.03070068359375 -0.03867053985595703 0.3690013885498047
v -0.03486204147338867 -0.035746097564697266 0.37551021575927734
v -0.03061676025390625 -0.03344249725341797 0.36859703063964844
v -0.025636672973632812 -0.04106473922729492 0.3633852005004883
v -0.02274322509765625 -0.036806583404541016 0.36095237731933594
v -0.019783973693847656 -0.042851924896240234 0.35919713973999023
v -0.019783973693847656 -0.042851924896240234 0.35919713973999023
v -0.019454002380371094 -0.0427553653717041 0.36017799377441406
v -0.025636672973632812 -0.04106473922729492 0.3633852005004883
v -0.019783973693847656 -0.042851924896240234 0.35919713973999023
v -0.014159202575683594 -0.044142723083496094 0.3564891815185547
v -0.019454002380371094 -0.0427553653717041 0.36017799377441406
v -0.02043914794921875 -0.013927459716796875 0.4253864288330078
v -0.016384124755859375 -0.013606548309326172 0.4264202117919922
v -0.012874603271484375 -0.012180328369140625 0.4290180206298828
v 0.0024094581604003906 -0.04001756012439728 0.35364770889282227
v -0.00493311882019043 -0.04513103514909744 0.3540445566177368
v -0.010639190673828125 -0.039435505867004395 0.35497260093688965
v -0.010639190673828125 -0.039435505867004395 0.35497260093688965
v -0.00493311882019043 -0.04513103514909744 0.3540445566177368
v -0.014159202575683594 -0.044142723083496094 0.3564891815185547
v -0.010639190673828125 -0.039435505867004395 0.35497260093688965
v -0.014159202575683594 -0.044142723083496094 0.3564891815185547
v -0.02274322509765625 -0.036806583404541016 0.36095237731933594
v -0.02274322509765625 -0.036806583404541016 0.36095237731933594
v -0.014159202575683594 -0.044142723083496094 0.3564891815185547
v -0.019783973693847656 -0.042851924896240234 0.35919713973999023
v -0.02274322509765625 -0.036806583404541016 0.36095237731933594
v -0.025636672973632812 -0.04106473922729492 0.3633852005004883
v -0.03061676025390625 -0.03344249725341797 0.36859703063964844
v -0.03061676025390625 -0.03344249725341797 0.36859703063964844
v -0.03486204147338867 -0.035746097564697266 0.37551021575927734
v -0.036589622497558594 -0.0287930965423584 0.37915992736816406
v -0.036589622497558594 -0.0287930965423584 0.37915992736816406
v -0.03486204147338867 -0.035746097564697266 0.37551021575927734
v -0.03805041313171387 -0.03160524368286133 0.3850889205932617
v -0.036589622497558594 -0.0287930965423584 0.37915992736816406
v -0.03805041313171387 -0.03160524368286133 0.3850889205932617
v -0.03892958164215088 -0.021607041358947754 0.3954925537109375
v -0.03805041313171387 -0.03160524368286133 0.3850889205932617
v -0.03871339559555054 -0.027220726013183594 0.39487266540527344
v -0.03892958164215088 -0.021607041358947754 0.3954925537109375
v -0.03702354431152344 -0.02338886260986328 0.40380096435546875
v -0.03892958164215088 -0.021607041358947754 0.3954925537109375
v -0.03871339559555054 -0.027220726013183594 0.39487266540527344
v -0.03892958164215088 -0.021607041358947754 0.3954925537109375
v -0.03702354431152344 -0.02338886260986328 0.40380096435546875
v -0.035353660583496094 -0.01592397689819336 0.40840721130371094
v -0.03702354431152344 -0.02338886260986328 0.40380096435546875
v -0.03455543518066406 -0.020503997802734375 0.41002655029296875
v -0.035353660583496094 -0.01592397689819336 0.40840721130371094
v -0.035353660583496094 -0.01592397689819336 0.40840721130371094
v -0.03455543518066406 -0.020503997802734375 0.41002655029296875
v -0.02869892120361328 -0.01139688491821289 0.4186973571777344
v -0.02869892120361328 -0.01139688491821289 0.4186973571777344
v -0.03455543518066406 -0.020503997802734375 0.41002655029296875
v -0.03076171875 -0.017971038818359375 0.416046142578125
v -0.02869892120361328 -0.01139688491821289 0.4186973571777344
v -0.03076171875 -0.017971038818359375 0.416046142578125
v -0.0255584716796875 -0.01557159423828125 0.4215736389160156
v -0.02869892120361328 -0.01139688491821289 0.4186973571777344
v -0.0255584716796875 -0.01557159423828125 0.4215736389160156
v -0.014363765716552734 -0.006930649280548096 0.42886149883270264
v -0.02043914794921875 -0.013927459716796875 0.4253864288330078
v -0.014363765716552734 -0.006930649280548096 0.42886149883270264
v -0.0255584716796875 -0.01557159423828125 0.4215736389160156
v -0.02043914794921875 -0.013927459716796875 0.4253864288330078
v -0.012874603271484375 -0.012180328369140625 0.4290180206298828
v -0.014363765716552734 -0.006930649280548096 0.42886149883270264
v -0.012874603271484375 -0.012180328369140625 0.4290180206298828
v -0.00750732421875 -0.01170206069946289 0.4304332733154297
v -0.014363765716552734 -0.006930649280548096 0.42886149883270264
v -0.0013346672058105469 -0.011372268199920654 0.4311712384223938
v 0.0030536651611328125 -0.005860567092895508 0.43127942085266113
v -0.014363765716552734 -0.006930649280548096 0.42886149883270264
v -0.0013346672058105469 -0.011372268199920654 0.4311712384223938
v -0.014363765716552734 -0.006930649280548096 0.42886149883270264
v -0.00750732421875 -0.01170206069946289 0.4304332733154297
v 0.0030536651611328125 -0.005860567092895508 0.43127942085266113
v -0.0013346672058105469 -0.011372268199920654 0.4311712384223938
v 0.007175445556640625 -0.011571645736694336 0.43059253692626953
v 0.0030536651611328125 -0.005860567092895508 0.43127942085266113
v 0.007175445556640625 -0.011571645736694336 0.43059253692626953
v 0.019283294677734375 -0.008042097091674805 0.42633724212646484
v 0.017520904541015625 -0.01313018798828125 0.42710113525390625
v 0.019283294677734375 -0.008042097091674805 0.42633724212646484
v 0.007175445556640625 -0.011571645736694336 0.43059253692626953
v 0.0253448486328125 -0.015527725219726562 0.4217071533203125
v 0.029664039611816406 -0.011920928955078125 0.41750335693359375
v 0.019283294677734375 -0.008042097091674805 0.42633724212646484
v 0.0253448486328125 -0.015527725219726562 0.4217071533203125
v 0.030185699462890625 -0.017477035522460938 0.4168586730957031
v 0.029664039611816406 -0.011920928955078125 0.41750335693359375
v 0.029664039611816406 -0.011920928955078125 0.41750335693359375
v 0.030185699462890625 -0.017477035522460938 0.4168586730957031
v 0.036618947982788086 -0.017089366912841797 0.4057631492614746
v 0.034145355224609375 -0.020376205444335938 0.41071319580078125
v 0.036618947982788086 -0.017089366912841797 0.4057631492614746
v 0.030185699462890625 -0.017477035522460938 0.4168586730957031
v 0.03715848922729492 -0.02340078353881836 0.4035797119140625
v 0.036618947982788086 -0.017089366912841797 0.4057631492614746
v 0.034145355224609375 -0.020376205444335938 0.41071319580078125
v 0.03715848922729492 -0.02340078353881836 0.4035797119140625
v 0.03855133056640625 -0.02667713165283203 0.39626121520996094
v 0.036618947982788086 -0.017089366912841797 0.4057631492614746
v 0.036618947982788086 -0.017089366912841797 0.4057631492614746
v 0.03855133056640625 -0.02667713165283203 0.39626121520996094
v 0.03887190669775009 -0.023717045783996582 0.3906989097595215
v 0.03887190669775009 -0.023717045783996582 0.3906989097595215
v 0.03855133056640625 -0.02667713165283203 0.39626121520996094
v 0.03848397731781006 -0.030394792556762695 0.387570858001709
v 0.03887190669775009 -0.023717045783996582 0.3906989097595215
v 0.03848397731781006 -0.030394792556762695 0.387570858001709
v 0.036278724670410156 -0.029050827026367188 0.37857723236083984
v 0.036278724670410156 -0.029050827026367188 0.37857723236083984
v 0.03848397731781006 -0.030394792556762695 0.387570858001709
v 0.03575396537780762 -0.034943342208862305 0.3774538040161133
v 0.03575396537780762 -0.034943342208862305 0.3774538040161133
v 0.03034687042236328 -0.038893938064575195 0.36834049224853516
v 0.030575275421142578 -0.0335540771484375 0.3683452606201172
v 0.036278724670410156 -0.029050827026367188 0.37857723236083984
v 0.03575396537780762 -0.034943342208862305 0.3774538040161133
v 0.030575275421142578 -0.0335540771484375 0.3683452606201172
v 0.030575275421142578 -0.0335540771484375 0.3683452606201172
v 0.03034687042236328 -0.038893938064575195 0.36834049224853516
v 0.024115562438964844 -0.041535377502441406 0.36215877532958984
v 0.030575275421142578 -0.0335540771484375 0.3683452606201172
v 0.024115562438964844 -0.041535377502441406 0.36215877532958984
v 0.017923355102539062 -0.03825950622558594 0.35764098167419434
v 0.011435508728027344 -0.04438793659210205 0.3553905487060547
v 0.017923355102539062 -0.03825950622558594 0.35764098167419434
v 0.018152236938476562 -0.04320669174194336 0.3582477569580078
v 0.024115562438964844 -0.041535377502441406 0.36215877532958984
v 0.018152236938476562 -0.04320669174194336 0.3582477569580078
v 0.017923355102539062 -0.03825950622558594 0.35764098167419434
v 0.002841472625732422 -0.04517289623618126 0.3538278043270111
v 0.0024094581604003906 -0.04001756012439728 0.35364770889282227
v 0.011435508728027344 -0.04438793659210205 0.3553905487060547
v 0.011435508728027344 -0.04438793659210205 0.3553905487060547
v 0.0024094581604003906 -0.04001756012439728 0.35364770889282227
v 0.017923355102539062 -0.03825950622558594 0.35764098167419434
v 0.0024094581604003906 -0.04001756012439728 0.35364770889282227
v 0.002841472625732422 -0.04517289623618126 0.3538278043270111
v -0.00493311882019043 -0.04513103514909744 0.3540445566177368
v 0.036618947982788086 -0.017089366912841797 0.4057631492614746
v -0.03061676025390625 -0.03344249725341797 0.36859703063964844
v 0.029664039611816406 -0.011920928955078125 0.41750335693359375
v 0.029664039611816406 -0.011920928955078125 0.41750335693359375
v -0.03061676025390625 -0.03344249725341797 0.36859703063964844
v -0.036589622497558594 -0.0287930965423584 0.37915992736816406
v 0.03887190669775009 -0.023717045783996582 0.3906989097595215
v 0.036278724670410156 -0.029050827026367188 0.37857723236083984
v -0.03061676025390625 -0.03344249725341797 0.36859703063964844
v -0.03061676025390625 -0.03344249725341797 0.36859703063964844
v 0.036278724670410156 -0.029050827026367188 0.37857723236083984
v 0.030575275421142578 -0.0335540771484375 0.3683452606201172
v 0.036618947982788086 -0.017089366912841797 0.4057631492614746
v 0.03887190669775009 -0.023717045783996582 0.3906989097595215
v -0.03061676025390625 -0.03344249725341797 0.36859703063964844
v -0.03061676025390625 -0.03344249725341797 0.36859703063964844
v 0.030575275421142578 -0.0335540771484375 0.3683452606201172
v 0.017923355102539062 -0.03825950622558594 0.35764098167419434
v 0.029664039611816406 -0.011920928955078125 0.41750335693359375
v -0.036589622497558594 -0.0287930965423584 0.37915992736816406
v -0.03892958164215088 -0.021607041358947754 0.3954925537109375
v -0.010639190673828125 -0.039435505867004395 0.35497260093688965
v -0.02274322509765625 -0.036806583404541016 0.36095237731933594
v -0.03061676025390625 -0.03344249725341797 0.36859703063964844
v -0.014363765716552734 -0.006930649280548096 0.42886149883270264
v 0.0030536651611328125 -0.005860567092895508 0.43127942085266113
v 0.019283294677734375 -0.008042097091674805 0.42633724212646484
v -0.03892958164215088 -0.021607041358947754 0.3954925537109375
v 0.019283294677734375 -0.008042097091674805 0.42633724212646484
v 0.029664039611816406 -0.011920928955078125 0.41750335693359375
v 0.017923355102539062 -0.03825950622558594 0.35764098167419434
v 0.0024094581604003906 -0.04001756012439728 0.35364770889282227
v -0.03061676025390625 -0.03344249725341797 0.36859703063964844
v 0.0024094581604003906 -0.04001756012439728 0.35364770889282227
v -0.010639190673828125 -0.039435505867004395 0.35497260093688965
v -0.03061676025390625 -0.03344249725341797 0.36859703063964844
v -0.03892958164215088 -0.021607041358947754 0.3954925537109375
v -0.035353660583496094 -0.01592397689819336 0.40840721130371094
v 0.019283294677734375 -0.008042097091674805 0.42633724212646484
v 0.019283294677734375 -0.008042097091674805 0.42633724212646484
v -0.035353660583496094 -0.01592397689819336 0.40840721130371094
v -0.02869892120361328 -0.01139688491821289 0.4186973571777344
v -0.02869892120361328 -0.01139688491821289 0.4186973571777344
v -0.014363765716552734 -0.006930649280548096 0.42886149883270264
v 0.019283294677734375 -0.008042097091674805 0.42633724212646484
vn 0.00009335447923831039 0.00004939689797271893 0.9999999944224438
vn 0.00009335447923831039 0.00004939689797271893 0.9999999944224438
vn 0.00009335447923831039 0.00004939689797271893 0.9999999944224438
vn 0.0039380261593584265 0.002400520661608195 0.9999893646687055
vn 0.0039380261593584265 0.002400520661608195 0.9999893646687055
vn 0.0039380261593584265 0.002400520661608195 0.9999893646687055
vn -0.0015516759366363912 -0.002514759972905814 0.9999956341325026
vn -0.0015516759366363912 -0.002514759972905814 0.9999956341325026
vn -0.0015516759366363912 -0.002514759972905814 0.9999956341325026
vn -0.0001422367189325741 0.000026504978172823084 0.999999989533101
vn -0.0001422367189325741 0.000026504978172823084 0.999999989533101
vn -0.0001422367189325741 0.000026504978172823084 0.999999989533101
vn 0.00798940836831606 -0.00029076329956104674 0.9999680418946536
vn 0.00798940836831606 -0.00029076329956104674 0.9999680418946536
vn 0.00798940836831606 -0.00029076329956104674 0.9999680418946536
vn 0.00020410217529669077 -0.00005444874356207569 0.999999977688818
vn 0.00020410217529669077 -0.00005444874356207569 0.999999977688818
vn 0.00020410217529669077 -0.00005444874356207569 0.999999977688818
vn -0.005624353718502125 -0.0021321747284027215 0.9999819100744656
vn -0.005624353718502125 -0.0021321747284027215 0.9999819100744656
vn -0.005624353718502125 -0.0021321747284027215 0.9999819100744656
vn -0.000040933984460075955 -0.00005858506468529468 0.9999999974460996
vn -0.000040933984460075955 -0.00005858506468529468 0.9999999974460996
vn -0.000040933984460075955 -0.00005858506468529468 0.9999999974460996
vn -0.0003915373024104937 0.0019339452656039504 0.9999980532752304
vn -0.0003915373024104937 0.0019339452656039504 0.9999980532752304
vn -0.0003915373024104937 0.0019339452656039504 0.9999980532752304
vn -0.008813863692725724 -0.0007863281708687111 0.9999608479809665
vn -0.008813863692725724 -0.0007863281708687111 0.9999608479809665
vn -0.008813863692725724 -0.0007863281708687111 0.9999608479809665
vn 0.00021063698474772216 0.00015260477478029207 0.999999966171921
vn 0.00021063698474772216 0.00015260477478029207 0.999999966171921
vn 0.00021063698474772216 0.00015260477478029207 0.999999966171921
vn 0.00014458577608428044 0.00006371053234545546 0.9999999875179605
vn 0.00014458577608428044 0.00006371053234545546 0.9999999875179605
vn 0.00014458577608428044 0.00006371053234545546 0.9999999875179605
vn 0.09137639625784787 -0.9893945100357363 0.11291083968368164
vn 0.09137639625784787 -0.9893945100357363 0.11291083968368164
vn 0.09137639625784787 -0.9893945100357363 0.11291083968368164
vn 0.2901289839191437 -0.9562003273954415 0.03880858898357235
vn 0.2901289839191437 -0.9562003273954415 0.03880858898357235
vn 0.2901289839191437 -0.9562003273954415 0.03880858898357235
vn 0.49464581437468136 -0.8610569416356985 0.11792566125566334
vn 0.49464581437468136 -0.8610569416356985 0.11792566125566334
vn 0.49464581437468136 -0.8610569416356985 0.11792566125566334
vn 0.5507722513578335 -0.8323150302211143 0.062462929824408805
vn 0.5507722513578335 -0.8323150302211143 0.062462929824408805
vn 0.5507722513578335 -0.8323150302211143 0.062462929824408805
vn 0.7481619298458753 -0.6563237466320656 0.09743134165218034
vn 0.7481619298458753 -0.6563237466320656 0.09743134165218034
vn 0.7481619298458753 -0.6563237466320656 0.09743134165218034
vn 0.966786040839116 -0.23289758301470317 0.10527804645098825
vn 0.966786040839116 -0.23289758301470317 0.10527804645098825
vn 0.966786040839116 -0.23289758301470317 0.10527804645098825
vn 0.9487735536535764 -0.285436716871763 0.13547924028807187
vn 0.9487735536535764 -0.285436716871763 0.13547924028807187
vn 0.9487735536535764 -0.285436716871763 0.13547924028807187
vn 0.9995368102660993 0.007378170251693822 0.02952503220673464
vn 0.9995368102660993 0.007378170251693822 0.02952503220673464
vn 0.9995368102660993 0.007378170251693822 0.02952503220673464
vn 0.973264906922595 0.21783887764551246 0.07281239138426733
vn 0.973264906922595 0.21783887764551246 0.07281239138426733
vn 0.973264906922595 0.21783887764551246 0.07281239138426733
vn 0.9368360683192715 0.32226860676557856 0.1359453058750551
vn 0.9368360683192715 0.32226860676557856 0.1359453058750551
vn 0.9368360683192715 0.32226860676557856 0.1359453058750551
vn 0.9058493239815787 0.4143244561950326 0.08816034959553722
vn 0.9058493239815787 0.4143244561950326 0.08816034959553722
vn 0.9058493239815787 0.4143244561950326 0.08816034959553722
vn 0.7493741506331133 0.6530262822673021 0.10952194771389812
vn 0.7493741506331133 0.6530262822673021 0.10952194771389812
vn 0.7493741506331133 0.6530262822673021 0.10952194771389812
vn 0.7735544272115792 0.6284882883364361 0.08133891790097976
vn 0.7735544272115792 0.6284882883364361 0.08133891790097976
vn 0.7735544272115792 0.6284882883364361 0.08133891790097976
vn 0.5574676533971952 0.8263007013159922 0.08035525135623724
vn 0.5574676533971952 0.8263007013159922 0.08035525135623724
vn 0.5574676533971952 0.8263007013159922 0.08035525135623724
vn 0.4647358345277395 0.8727436041957489 0.14946305711184754
vn 0.4647358345277395 0.8727436041957489 0.14946305711184754
vn 0.4647358345277395 0.8727436041957489 0.14946305711184754
vn 0.35254060837906065 0.9330523508438524 0.07161305766745643
vn 0.35254060837906065 0.9330523508438524 0.07161305766745643
vn 0.35254060837906065 0.9330523508438524 0.07161305766745643
vn 0.15872336529563344 0.9857004039859258 0.05658274375824798
vn 0.15872336529563344 0.9857004039859258 0.05658274375824798
vn 0.15872336529563344 0.9857004039859258 0.05658274375824798
vn -0.02414242877939289 0.9882361107326226 0.15101831867919632
vn -0.02414242877939289 0.9882361107326226 0.15101831867919632
vn -0.02414242877939289 0.9882361107326226 0.15101831867919632
vn -0.07901834068408052 0.9746091510041157 0.20950681281183026
vn -0.07901834068408052 0.9746091510041157 0.20950681281183026
vn -0.07901834068408052 0.9746091510041157 0.20950681281183026
vn -0.2370839618034486 0.9696179245165881 0.0602683624443626
vn -0.2370839618034486 0.9696179245165881 0.0602683624443626
vn -0.2370839618034486 0.9696179245165881 0.0602683624443626
vn -0.39667559501711047 0.9175170852384871 0.028475789950272754
vn -0.39667559501711047 0.9175170852384871 0.028475789950272754
vn -0.39667559501711047 0.9175170852384871 0.028475789950272754
vn -0.6478624946637492 0.7388597734484605 0.18536564726980292
vn -0.6478624946637492 0.7388597734484605 0.18536564726980292
vn -0.6478624946637492 0.7388597734484605 0.18536564726980292
vn -0.5783918467576837 0.8082085206576696 0.11073327747600231
vn -0.5783918467576837 0.8082085206576696 0.11073327747600231
vn -0.5783918467576837 0.8082085206576696 0.11073327747600231
vn -0.7602536605004109 0.6456325587957786 0.07192336698557306
vn -0.7602536605004109 0.6456325587957786 0.07192336698557306
vn -0.7602536605004109 0.6456325587957786 0.07192336698557306
vn -0.8907810214211697 0.45245592590626676 0.04234155155589658
vn -0.8907810214211697 0.45245592590626676 0.04234155155589658
vn -0.8907810214211697 0.45245592590626676 0.04234155155589658
vn -0.9503087362298478 0.27973562363948007 0.136606320176853
vn -0.9503087362298478 0.27973562363948007 0.136606320176853
vn -0.9503087362298478 0.27973562363948007 0.136606320176853
vn -0.9891237852658303 -0.11523196376265361 0.09140969286021185
vn -0.9891237852658303 -0.11523196376265361 0.09140969286021185
vn -0.9891237852658303 -0.11523196376265361 0.09140969286021185
vn -0.8553668504458086 -0.5008821034192723 0.1321539618501968
vn -0.8553668504458086 -0.5008821034192723 0.1321539618501968
vn -0.8553668504458086 -0.5008821034192723 0.1321539618501968
vn -0.7831664131362164 -0.6182019150784442 0.06690860578951914
vn -0.7831664131362164 -0.6182019150784442 0.06690860578951914
vn -0.7831664131362164 -0.6182019150784442 0.06690860578951914
vn -0.6395128415630491 -0.7623605783342414 0.09914471280827519
vn -0.6395128415630491 -0.7623605783342414 0.09914471280827519
vn -0.6395128415630491 -0.7623605783342414 0.09914471280827519
vn -0.65704018171461 -0.7435358199951663 0.12430882509519561
vn -0.65704018171461 -0.7435358199951663 0.12430882509519561
vn -0.65704018171461 -0.7435358199951663 0.12430882509519561
vn -0.46490169674919013 -0.8844893784648722 0.0393058741481257
vn -0.46490169674919013 -0.8844893784648722 0.0393058741481257
vn -0.46490169674919013 -0.8844893784648722 0.0393058741481257
vn -0.3124951739343358 -0.9451341686812827 0.09522693662451627
vn -0.3124951739343358 -0.9451341686812827 0.09522693662451627
vn -0.3124951739343358 -0.9451341686812827 0.09522693662451627
vn -0.7697533771470593 0.0204623466797989 0.6380133468345727
vn -0.7697533771470593 0.0204623466797989 0.6380133468345727
vn -0.7697533771470593 0.0204623466797989 0.6380133468345727
vn -0.7967154123838895 -0.6018631858052592 -0.05482022658027669
vn -0.7967154123838895 -0.6018631858052592 -0.05482022658027669
vn -0.7967154123838895 -0.6018631858052592 -0.05482022658027669
vn -0.9424382326035526 -0.25455119875924437 0.21682680862228237
vn -0.9424382326035526 -0.25455119875924437 0.21682680862228237
vn -0.9424382326035526 -0.25455119875924437 0.21682680862228237
vn -0.9517085411329012 -0.07826729002960701 0.29685869373509405
vn -0.9517085411329012 -0.07826729002960701 0.29685869373509405
vn -0.9517085411329012 -0.07826729002960701 0.29685869373509405
vn -0.9255009166801179 -0.3700029203284684 0.08090668805893844
vn -0.9255009166801179 -0.3700029203284684 0.08090668805893844
vn -0.9255009166801179 -0.3700029203284684 0.08090668805893844
vn -0.9019746123142555 -0.06972120654955036 0.4261229307345752
vn -0.9019746123142555 -0.06972120654955036 0.4261229307345752
vn -0.9019746123142555 -0.06972120654955036 0.4261229307345752
vn -0.9557399268557172 -0.2552999288719838 0.14622974571470873
vn -0.9557399268557172 -0.2552999288719838 0.14622974571470873
vn -0.9557399268557172 -0.2552999288719838 0.14622974571470873
vn -0.9503545533899342 -0.22157993382947522 0.21846866085355074
vn -0.9503545533899342 -0.22157993382947522 0.21846866085355074
vn -0.9503545533899342 -0.22157993382947522 0.21846866085355074
vn -0.9066705505820654 -0.4184309748864149 0.0535166512668636
vn -0.9066705505820654 -0.4184309748864149 0.0535166512668636
vn -0.9066705505820654 -0.4184309748864149 0.0535166512668636
vn -0.9367596315280442 -0.10948291941839502 0.33240770613069165
vn -0.9367596315280442 -0.10948291941839502 0.33240770613069165
vn -0.9367596315280442 -0.10948291941839502 0.33240770613069165
vn -0.9077385460059909 -0.16548327729871634 0.3855204495605984
vn -0.9077385460059909 -0.16548327729871634 0.3855204495605984
vn -0.9077385460059909 -0.16548327729871634 0.3855204495605984
vn -0.8633030306345627 -0.11694281141029626 0.4909503601756852
vn -0.8633030306345627 -0.11694281141029626 0.4909503601756852
vn -0.8633030306345627 -0.11694281141029626 0.4909503601756852
vn -0.9248603710631444 -0.19757299399166572 0.32495877597337197
vn -0.9248603710631444 -0.19757299399166572 0.32495877597337197
vn -0.9248603710631444 -0.19757299399166572 0.32495877597337197
vn -0.8282987595373205 0.015675235766728517 0.5600673637452852
vn -0.8282987595373205 0.015675235766728517 0.5600673637452852
vn -0.8282987595373205 0.015675235766728517 0.5600673637452852
vn 0.7857355991251811 -0.6153786715622394 -0.06267901446007546
vn 0.7857355991251811 -0.6153786715622394 -0.06267901446007546
vn 0.7857355991251811 -0.6153786715622394 -0.06267901446007546
vn 0.9050887725551968 -0.020024871237809425 0.42475088973001146
vn 0.9050887725551968 -0.020024871237809425 0.42475088973001146
vn 0.9050887725551968 -0.020024871237809425 0.42475088973001146
vn 0.7710424416681483 -0.6329346694138913 -0.06990892217984815
vn 0.7710424416681483 -0.6329346694138913 -0.06990892217984815
vn 0.7710424416681483 -0.6329346694138913 -0.06990892217984815
vn 0.9468303205856594 -0.2818787361141538 0.15510229574814394
vn 0.9468303205856594 -0.2818787361141538 0.15510229574814394
vn 0.9468303205856594 -0.2818787361141538 0.15510229574814394
vn 0.9364683035652821 -0.12105219070818528 0.3292012811978592
vn 0.9364683035652821 -0.12105219070818528 0.3292012811978592
vn 0.9364683035652821 -0.12105219070818528 0.3292012811978592
vn 0.8953416457552922 -0.4402000362143176 0.06772935473720694
vn 0.8953416457552922 -0.4402000362143176 0.06772935473720694
vn 0.8953416457552922 -0.4402000362143176 0.06772935473720694
vn 0.959342127683728 -0.2573386147754367 0.11592894115240213
vn 0.959342127683728 -0.2573386147754367 0.11592894115240213
vn 0.959342127683728 -0.2573386147754367 0.11592894115240213
vn 0.9065947786436113 -0.41894812564588363 0.05067914121157604
vn 0.9065947786436113 -0.41894812564588363 0.05067914121157604
vn 0.9065947786436113 -0.41894812564588363 0.05067914121157604
vn 0.9243502561563117 -0.09540876689078784 0.36942356603787485
vn 0.9243502561563117 -0.09540876689078784 0.36942356603787485
vn 0.9243502561563117 -0.09540876689078784 0.36942356603787485
vn 0.8892390871243415 -0.11510908044038161 0.4427231025488026
vn 0.8892390871243415 -0.11510908044038161 0.4427231025488026
vn 0.8892390871243415 -0.11510908044038161 0.4427231025488026
vn 0.889716099966987 -0.1172141149487802 0.44120982844482115
vn 0.889716099966987 -0.1172141149487802 0.44120982844482115
vn 0.889716099966987 -0.1172141149487802 0.44120982844482115
vn 0.9336862373974001 -0.19161985424403813 0.30250924209712876
vn 0.9336862373974001 -0.19161985424403813 0.30250924209712876
vn 0.9336862373974001 -0.19161985424403813 0.30250924209712876
vn 0.9369730992512999 -0.12658414302894525 0.3256652668201526
vn 0.9369730992512999 -0.12658414302894525 0.3256652668201526
vn 0.9369730992512999 -0.12658414302894525 0.3256652668201526
vn 0.9243364970040274 -0.016663074565313445 0.381214352106993
vn 0.9243364970040274 -0.016663074565313445 0.381214352106993
vn 0.9243364970040274 -0.016663074565313445 0.381214352106993
vn 0.7953782136400408 -0.023268358942237697 0.605666641593305
vn 0.7953782136400408 -0.023268358942237697 0.605666641593305
vn 0.7953782136400408 -0.023268358942237697 0.605666641593305
vn 0.8025987744694534 -0.03981838375510149 0.5951887965471653
vn 0.8025987744694534 -0.03981838375510149 0.5951887965471653
vn 0.8025987744694534 -0.03981838375510149 0.5951887965471653
vn 0.9310547011078185 -0.3648782630390922 0.000998351944812585
vn 0.9310547011078185 -0.3648782630390922 0.000998351944812585
vn 0.9310547011078185 -0.3648782630390922 0.000998351944812585
vn 0.7703020713631132 -0.5820733415314181 -0.2604329931712698
vn 0.7703020713631132 -0.5820733415314181 -0.2604329931712698
vn 0.7703020713631132 -0.5820733415314181 -0.2604329931712698
vn 0.8217141393948659 -0.5099474046251085 -0.25443961490827416
vn 0.8217141393948659 -0.5099474046251085 -0.25443961490827416
vn 0.8217141393948659 -0.5099474046251085 -0.25443961490827416
vn 0.9446172494679139 -0.2566094338855654 -0.20457235993311199
vn 0.9446172494679139 -0.2566094338855654 -0.20457235993311199
vn 0.9446172494679139 -0.2566094338855654 -0.20457235993311199
vn 0.9474474454528352 -0.1525536966925563 -0.2811951417260478
vn 0.9474474454528352 -0.1525536966925563 -0.2811951417260478
vn 0.9474474454528352 -0.1525536966925563 -0.2811951417260478
vn 0.973532079058838 -0.22211088203836832 -0.053870651782900354
vn 0.973532079058838 -0.22211088203836832 -0.053870651782900354
vn 0.973532079058838 -0.22211088203836832 -0.053870651782900354
vn 0.9745515171487408 -0.21858884803708406 -0.04968154523470812
vn 0.9745515171487408 -0.21858884803708406 -0.04968154523470812
vn 0.9745515171487408 -0.21858884803708406 -0.04968154523470812
vn 0.8848342466926905 -0.4442233527334814 -0.1404776450756627
vn 0.8848342466926905 -0.4442233527334814 -0.1404776450756627
vn 0.8848342466926905 -0.4442233527334814 -0.1404776450756627
vn 0.8742870055453171 -0.4459184687370948 -0.19177839078938771
vn 0.8742870055453171 -0.4459184687370948 -0.19177839078938771
vn 0.8742870055453171 -0.4459184687370948 -0.19177839078938771
vn 0.9020620764856155 -0.3527240525678142 -0.2487363119984639
vn 0.9020620764856155 -0.3527240525678142 -0.2487363119984639
vn 0.9020620764856155 -0.3527240525678142 -0.2487363119984639
vn 0.9129786974828515 -0.32595115497993016 -0.24540933663934852
vn 0.9129786974828515 -0.32595115497993016 -0.24540933663934852
vn 0.9129786974828515 -0.32595115497993016 -0.24540933663934852
vn 0.5778262120795453 -0.5174017043524187 -0.6311991325778391
vn 0.5778262120795453 -0.5174017043524187 -0.6311991325778391
vn 0.5778262120795453 -0.5174017043524187 -0.6311991325778391
vn 0.5943317385952471 -0.19590403049348964 -0.779994484169444
vn 0.5943317385952471 -0.19590403049348964 -0.779994484169444
vn 0.5943317385952471 -0.19590403049348964 -0.779994484169444
vn 0.7203396324730074 -0.09107065649983788 -0.687616862368384
vn 0.7203396324730074 -0.09107065649983788 -0.687616862368384
vn 0.7203396324730074 -0.09107065649983788 -0.687616862368384
vn 0.6785730043070869 -0.3646378473920806 -0.6376346274120657
vn 0.6785730043070869 -0.3646378473920806 -0.6376346274120657
vn 0.6785730043070869 -0.3646378473920806 -0.6376346274120657
vn 0.6781959992861953 -0.3838182610295849 -0.6266847126366053
vn 0.6781959992861953 -0.3838182610295849 -0.6266847126366053
vn 0.6781959992861953 -0.3838182610295849 -0.6266847126366053
vn 0.5914560027899249 -0.5635706250644487 -0.5766870445295533
vn 0.5914560027899249 -0.5635706250644487 -0.5766870445295533
vn 0.5914560027899249 -0.5635706250644487 -0.5766870445295533
vn 0.4553578738411576 -0.44197636303154497 -0.772855808836466
vn 0.4553578738411576 -0.44197636303154497 -0.772855808836466
vn 0.4553578738411576 -0.44197636303154497 -0.772855808836466
vn 0.48869647501848407 -0.5141703373451123 -0.7048436844428142
vn 0.48869647501848407 -0.5141703373451123 -0.7048436844428142
vn 0.48869647501848407 -0.5141703373451123 -0.7048436844428142
vn 0.5798893518317935 -0.2770603572041438 -0.7661369969515992
vn 0.5798893518317935 -0.2770603572041438 -0.7661369969515992
vn 0.5798893518317935 -0.2770603572041438 -0.7661369969515992
vn 0.5732108810844301 -0.24024445722805401 -0.7833976554583305
vn 0.5732108810844301 -0.24024445722805401 -0.7833976554583305
vn 0.5732108810844301 -0.24024445722805401 -0.7833976554583305
vn -0.10603235554400978 -0.06495419823784686 -0.99223892874099
vn -0.10603235554400978 -0.06495419823784686 -0.99223892874099
vn -0.10603235554400978 -0.06495419823784686 -0.99223892874099
vn -0.039983454539814486 -0.6332317503307138 -0.7729287636879373
vn -0.039983454539814486 -0.6332317503307138 -0.7729287636879373
vn -0.039983454539814486 -0.6332317503307138 -0.7729287636879373
vn 0.10680775865579888 -0.6023934953323677 -0.7910209728396443
vn 0.10680775865579888 -0.6023934953323677 -0.7910209728396443
vn 0.10680775865579888 -0.6023934953323677 -0.7910209728396443
vn -0.14823936056394255 -0.42506778614214985 -0.8929403502831558
vn -0.14823936056394255 -0.42506778614214985 -0.8929403502831558
vn -0.14823936056394255 -0.42506778614214985 -0.8929403502831558
vn -0.0958256635821474 -0.49112814092388773 -0.8658005494290743
vn -0.0958256635821474 -0.49112814092388773 -0.8658005494290743
vn -0.0958256635821474 -0.49112814092388773 -0.8658005494290743
vn -0.1100829062807037 -0.5642496780265399 -0.8182322742300867
vn -0.1100829062807037 -0.5642496780265399 -0.8182322742300867
vn -0.1100829062807037 -0.5642496780265399 -0.8182322742300867
vn 0.13356487244028956 -0.3232129165629269 -0.9368531557383449
vn 0.13356487244028956 -0.3232129165629269 -0.9368531557383449
vn 0.13356487244028956 -0.3232129165629269 -0.9368531557383449
vn 0.12714193859656542 -0.4528142844880054 -0.8824931451368463
vn 0.12714193859656542 -0.4528142844880054 -0.8824931451368463
vn 0.12714193859656542 -0.4528142844880054 -0.8824931451368463
vn 0.16942083791081697 -0.5048828707779224 -0.8463981725385755
vn 0.16942083791081697 -0.5048828707779224 -0.8463981725385755
vn 0.16942083791081697 -0.5048828707779224 -0.8463981725385755
vn 0.17305481912525142 -0.3519773580630681 -0.9198717133320652
vn 0.17305481912525142 -0.3519773580630681 -0.9198717133320652
vn 0.17305481912525142 -0.3519773580630681 -0.9198717133320652
vn -0.013207596030767123 -0.6379824990480896 -0.7699375885845828
vn -0.013207596030767123 -0.6379824990480896 -0.7699375885845828
vn -0.013207596030767123 -0.6379824990480896 -0.7699375885845828
vn -0.10510816578816796 -0.26858887469217296 -0.9575031539771757
vn -0.10510816578816796 -0.26858887469217296 -0.9575031539771757
vn -0.10510816578816796 -0.26858887469217296 -0.9575031539771757
vn -0.059359724802089106 -0.1599331030563679 -0.9853414766557741
vn -0.059359724802089106 -0.1599331030563679 -0.9853414766557741
vn -0.059359724802089106 -0.1599331030563679 -0.9853414766557741
vn -0.0952146033322403 -0.2907755015832326 -0.9520419040101668
vn -0.0952146033322403 -0.2907755015832326 -0.9520419040101668
vn -0.0952146033322403 -0.2907755015832326 -0.9520419040101668
vn 0.08949995120907582 -0.14022408551169963 -0.986066409820343
vn 0.08949995120907582 -0.14022408551169963 -0.986066409820343
vn 0.08949995120907582 -0.14022408551169963 -0.986066409820343
vn 0.12587021123389444 -0.08968295782408316 -0.9879846441113641
vn 0.12587021123389444 -0.08968295782408316 -0.9879846441113641
vn 0.12587021123389444 -0.08968295782408316 -0.9879846441113641
vn -0.5486946134275884 -0.6101180942553148 -0.5715681343967769
vn -0.5486946134275884 -0.6101180942553148 -0.5715681343967769
vn -0.5486946134275884 -0.6101180942553148 -0.5715681343967769
vn -0.4172629781895039 -0.5472713201864561 -0.725524437309867
vn -0.4172629781895039 -0.5472713201864561 -0.725524437309867
vn -0.4172629781895039 -0.5472713201864561 -0.725524437309867
vn -0.5322528329362876 -0.4026164297428638 -0.7447193648163085
vn -0.5322528329362876 -0.4026164297428638 -0.7447193648163085
vn -0.5322528329362876 -0.4026164297428638 -0.7447193648163085
vn -0.45216727133395196 -0.6222899539179985 -0.638983545943981
vn -0.45216727133395196 -0.6222899539179985 -0.638983545943981
vn -0.45216727133395196 -0.6222899539179985 -0.638983545943981
vn -0.5008256566956988 -0.4222383014017521 -0.7555716236232574
vn -0.5008256566956988 -0.4222383014017521 -0.7555716236232574
vn -0.5008256566956988 -0.4222383014017521 -0.7555716236232574
vn -0.6621655042188025 -0.058925045883300574 -0.7470372708174003
vn -0.6621655042188025 -0.058925045883300574 -0.7470372708174003
vn -0.6621655042188025 -0.058925045883300574 -0.7470372708174003
vn -0.6329851041802537 -0.5275885372151788 -0.5665511391613837
vn -0.6329851041802537 -0.5275885372151788 -0.5665511391613837
vn -0.6329851041802537 -0.5275885372151788 -0.5665511391613837
vn -0.6721621600203358 -0.38502698268444585 -0.6324177837803963
vn -0.6721621600203358 -0.38502698268444585 -0.6324177837803963
vn -0.6721621600203358 -0.38502698268444585 -0.6324177837803963
vn -0.7224620033999272 -0.25066298417684835 -0.6443731232810076
vn -0.7224620033999272 -0.25066298417684835 -0.6443731232810076
vn -0.7224620033999272 -0.25066298417684835 -0.6443731232810076
vn -0.6369015799464811 -0.19875716375154603 -0.7448838616315414
vn -0.6369015799464811 -0.19875716375154603 -0.7448838616315414
vn -0.6369015799464811 -0.19875716375154603 -0.7448838616315414
vn -0.5554580162148148 -0.24441813239271493 -0.7948120336157223
vn -0.5554580162148148 -0.24441813239271493 -0.7948120336157223
vn -0.5554580162148148 -0.24441813239271493 -0.7948120336157223
vn -0.5148185593889131 -0.21672507061191454 -0.8294528887628186
vn -0.5148185593889131 -0.21672507061191454 -0.8294528887628186
vn -0.5148185593889131 -0.21672507061191454 -0.8294528887628186
vn -0.6275430949733756 -0.4225801847067686 -0.65392327642043
vn -0.6275430949733756 -0.4225801847067686 -0.65392327642043
vn -0.6275430949733756 -0.4225801847067686 -0.65392327642043
vn -0.19862984149514934 -0.8257975590227213 -0.5278300650585633
vn -0.19862984149514934 -0.8257975590227213 -0.5278300650585633
vn -0.19862984149514934 -0.8257975590227213 -0.5278300650585633
vn -0.4342742797477322 0.3975626768758612 0.8083005430561628
vn -0.4342742797477322 0.3975626768758612 0.8083005430561628
vn -0.4342742797477322 0.3975626768758612 0.8083005430561628
vn -0.9315303986000207 0.1640727489321199 0.32454776157284465
vn -0.9315303986000207 0.1640727489321199 0.32454776157284465
vn -0.9315303986000207 0.1640727489321199 0.32454776157284465
vn -0.23461105440527436 -0.05659870181593577 -0.9704402300521121
vn -0.23461105440527436 -0.05659870181593577 -0.9704402300521121
vn -0.23461105440527436 -0.05659870181593577 -0.9704402300521121
vn -0.36923233246067366 -0.2065312447326681 -0.9060973069239447
vn -0.36923233246067366 -0.2065312447326681 -0.9060973069239447
vn -0.36923233246067366 -0.2065312447326681 -0.9060973069239447
vn -0.8034238235896632 -0.20227216226021144 -0.5599965464743015
vn -0.8034238235896632 -0.20227216226021144 -0.5599965464743015
vn -0.8034238235896632 -0.20227216226021144 -0.5599965464743015
vn -0.8021225980778486 -0.20478344095150083 -0.5609483754900314
vn -0.8021225980778486 -0.20478344095150083 -0.5609483754900314
vn -0.8021225980778486 -0.20478344095150083 -0.5609483754900314
vn -0.8117307674801553 0.015360690195571004 -0.5838297785509009
vn -0.8117307674801553 0.015360690195571004 -0.5838297785509009
vn -0.8117307674801553 0.015360690195571004 -0.5838297785509009
vn -0.7937714079222393 -0.05237373480827561 -0.605957047873344
vn -0.7937714079222393 -0.05237373480827561 -0.605957047873344
vn -0.7937714079222393 -0.05237373480827561 -0.605957047873344
vn -0.8829060614166151 -0.15868211961383222 -0.4419240564041085
vn -0.8829060614166151 -0.15868211961383222 -0.4419240564041085
vn -0.8829060614166151 -0.15868211961383222 -0.4419240564041085
vn -0.9400697750071184 -0.3366318870759304 0.054293560592057574
vn -0.9400697750071184 -0.3366318870759304 0.054293560592057574
vn -0.9400697750071184 -0.3366318870759304 0.054293560592057574
vn -0.9775435062506379 -0.19477502471731747 0.08044490744340195
vn -0.9775435062506379 -0.19477502471731747 0.08044490744340195
vn -0.9775435062506379 -0.19477502471731747 0.08044490744340195
vn -0.8793812922852425 -0.4747435712224951 -0.03615362169477092
vn -0.8793812922852425 -0.4747435712224951 -0.03615362169477092
vn -0.8793812922852425 -0.4747435712224951 -0.03615362169477092
vn -0.7964100883142029 -0.5955148969291605 -0.10532321095947954
vn -0.7964100883142029 -0.5955148969291605 -0.10532321095947954
vn -0.7964100883142029 -0.5955148969291605 -0.10532321095947954
vn -0.9691575947613166 -0.22277056099104864 0.10538896371154474
vn -0.9691575947613166 -0.22277056099104864 0.10538896371154474
vn -0.9691575947613166 -0.22277056099104864 0.10538896371154474
vn -0.9293243509238855 -0.02463160141073478 0.36844203749279403
vn -0.9293243509238855 -0.02463160141073478 0.36844203749279403
vn -0.9293243509238855 -0.02463160141073478 0.36844203749279403
vn 0.9529738047155057 -0.16658640287155682 0.25315982679795024
vn 0.9529738047155057 -0.16658640287155682 0.25315982679795024
vn 0.9529738047155057 -0.16658640287155682 0.25315982679795024
vn 0.8061457979774869 -0.401258384565998 -0.43488005382947437
vn 0.8061457979774869 -0.401258384565998 -0.43488005382947437
vn 0.8061457979774869 -0.401258384565998 -0.43488005382947437
vn 0.9069247910056536 -0.007046603185045902 -0.4212336273885359
vn 0.9069247910056536 -0.007046603185045902 -0.4212336273885359
vn 0.9069247910056536 -0.007046603185045902 -0.4212336273885359
vn 0.7824716752252736 -0.11832385043781918 -0.6113407755807905
vn 0.7824716752252736 -0.11832385043781918 -0.6113407755807905
vn 0.7824716752252736 -0.11832385043781918 -0.6113407755807905
vn 0.8093799334563492 -0.20240661456664735 -0.5513036238751424
vn 0.8093799334563492 -0.20240661456664735 -0.5513036238751424
vn 0.8093799334563492 -0.20240661456664735 -0.5513036238751424
vn 0.33695938939142217 -0.6314058854140494 -0.6984160491894928
vn 0.33695938939142217 -0.6314058854140494 -0.6984160491894928
vn 0.33695938939142217 -0.6314058854140494 -0.6984160491894928
vn 0.3979377700601642 -0.22943506869809785 -0.8882595794085437
vn 0.3979377700601642 -0.22943506869809785 -0.8882595794085437
vn 0.3979377700601642 -0.22943506869809785 -0.8882595794085437
vn 0.2201656239863811 -0.07134380151765365 -0.9728500192731134
vn 0.2201656239863811 -0.07134380151765365 -0.9728500192731134
vn 0.2201656239863811 -0.07134380151765365 -0.9728500192731134
vn 0.32044768988924177 -0.263219838758295 -0.9099607653787638
vn 0.32044768988924177 -0.263219838758295 -0.9099607653787638
vn 0.32044768988924177 -0.263219838758295 -0.9099607653787638
vn -0.2565302267550944 -0.5848611030900169 -0.7694996639721867
vn -0.2565302267550944 -0.5848611030900169 -0.7694996639721867
vn -0.2565302267550944 -0.5848611030900169 -0.7694996639721867
vn -0.24544879180569779 0.8257576020772586 0.5078181497472682
vn -0.24544879180569779 0.8257576020772586 0.5078181497472682
vn -0.24544879180569779 0.8257576020772586 0.5078181497472682
vn 0.015531489112392528 0.960897888780715 0.27646703272310114
vn 0.015531489112392528 0.960897888780715 0.27646703272310114
vn 0.015531489112392528 0.960897888780715 0.27646703272310114
vn -0.34620142566220036 0.5774906374936772 0.7393572455022039
vn -0.34620142566220036 0.5774906374936772 0.7393572455022039
vn -0.34620142566220036 0.5774906374936772 0.7393572455022039
vn -0.2221954012793345 0.950728414267432 0.21620519409775918
vn -0.2221954012793345 0.950728414267432 0.21620519409775918
vn -0.2221954012793345 0.950728414267432 0.21620519409775918
vn -0.878931807164663 0.37682264476139643 0.29237573898886743
vn -0.878931807164663 0.37682264476139643 0.29237573898886743
vn -0.878931807164663 0.37682264476139643 0.29237573898886743
vn -0.87015677638338 0.41174334827036463 0.2707297539414417
vn -0.87015677638338 0.41174334827036463 0.2707297539414417
vn -0.87015677638338 0.41174334827036463 0.2707297539414417
vn -0.9632346611816253 0.17063015667004555 0.20751948615268775
vn -0.9632346611816253 0.17063015667004555 0.20751948615268775
vn -0.9632346611816253 0.17063015667004555 0.20751948615268775
vn -0.9476923269070953 0.2864234424071787 0.14085760597510152
vn -0.9476923269070953 0.2864234424071787 0.14085760597510152
vn -0.9476923269070953 0.2864234424071787 0.14085760597510152
vn -0.7289364865211009 0.3147289425250326 0.60794513844207
vn -0.7289364865211009 0.3147289425250326 0.60794513844207
vn -0.7289364865211009 0.3147289425250326 0.60794513844207
vn -0.8056150101892365 -0.5824790613677473 -0.10817854882528474
vn -0.8056150101892365 -0.5824790613677473 -0.10817854882528474
vn -0.8056150101892365 -0.5824790613677473 -0.10817854882528474
vn -0.9642972769356278 -0.09505819354999058 0.24717342400336217
vn -0.9642972769356278 -0.09505819354999058 0.24717342400336217
vn -0.9642972769356278 -0.09505819354999058 0.24717342400336217
vn -0.9799865305300347 -0.027848140759412 0.1971062683831978
vn -0.9799865305300347 -0.027848140759412 0.1971062683831978
vn -0.9799865305300347 -0.027848140759412 0.1971062683831978
vn -0.9729168308136178 -0.22303218894441018 0.0607411146938458
vn -0.9729168308136178 -0.22303218894441018 0.0607411146938458
vn -0.9729168308136178 -0.22303218894441018 0.0607411146938458
vn -0.8508919931086918 -0.5186493309947511 0.08358042547280745
vn -0.8508919931086918 -0.5186493309947511 0.08358042547280745
vn -0.8508919931086918 -0.5186493309947511 0.08358042547280745
vn -0.907257338514372 -0.41791547266843104 0.04723112761876664
vn -0.907257338514372 -0.41791547266843104 0.04723112761876664
vn -0.907257338514372 -0.41791547266843104 0.04723112761876664
vn -0.7979607599232955 -0.6026641739439419 0.007383702804362609
vn -0.7979607599232955 -0.6026641739439419 0.007383702804362609
vn -0.7979607599232955 -0.6026641739439419 0.007383702804362609
vn -0.826772145686441 -0.5625350422981157 -0.001464685527952322
vn -0.826772145686441 -0.5625350422981157 -0.001464685527952322
vn -0.826772145686441 -0.5625350422981157 -0.001464685527952322
vn -0.6390912345739538 -0.7583833710892014 -0.12812906128633875
vn -0.6390912345739538 -0.7583833710892014 -0.12812906128633875
vn -0.6390912345739538 -0.7583833710892014 -0.12812906128633875
vn -0.6045007716494615 -0.7921533598755368 -0.0840944202257449
vn -0.6045007716494615 -0.7921533598755368 -0.0840944202257449
vn -0.6045007716494615 -0.7921533598755368 -0.0840944202257449
vn -0.6562855819091931 -0.7544350600360713 -0.010815505835676458
vn -0.6562855819091931 -0.7544350600360713 -0.010815505835676458
vn -0.6562855819091931 -0.7544350600360713 -0.010815505835676458
vn -0.33131611353954404 -0.9420468809141401 -0.0527001619446451
vn -0.33131611353954404 -0.9420468809141401 -0.0527001619446451
vn -0.33131611353954404 -0.9420468809141401 -0.0527001619446451
vn -0.21457144055107594 -0.9762041908696022 0.03137633867202585
vn -0.21457144055107594 -0.9762041908696022 0.03137633867202585
vn -0.21457144055107594 -0.9762041908696022 0.03137633867202585
vn -0.47146806210687514 -0.8818830268493664 -0.00043973649819332636
vn -0.47146806210687514 -0.8818830268493664 -0.00043973649819332636
vn -0.47146806210687514 -0.8818830268493664 -0.00043973649819332636
vn 0.06509123860963678 -0.9012355968353609 -0.4284128028584975
vn 0.06509123860963678 -0.9012355968353609 -0.4284128028584975
vn 0.06509123860963678 -0.9012355968353609 -0.4284128028584975
vn -0.14616711313615346 -0.9122864526548803 -0.3825814989512928
vn -0.14616711313615346 -0.9122864526548803 -0.3825814989512928
vn -0.14616711313615346 -0.9122864526548803 -0.3825814989512928
vn -0.10443512360233334 -0.9094300874758922 -0.4025297764784074
vn -0.10443512360233334 -0.9094300874758922 -0.4025297764784074
vn -0.10443512360233334 -0.9094300874758922 -0.4025297764784074
vn 0.0042910734280490375 -0.9140637535923842 -0.40554782832291963
vn 0.0042910734280490375 -0.9140637535923842 -0.40554782832291963
vn 0.0042910734280490375 -0.9140637535923842 -0.40554782832291963
vn 0.8263717973218448 -0.5540913995418546 -0.10046080601315352
vn 0.8263717973218448 -0.5540913995418546 -0.10046080601315352
vn 0.8263717973218448 -0.5540913995418546 -0.10046080601315352
vn 0.40079851005330086 -0.8792625299286989 -0.25740621166249666
vn 0.40079851005330086 -0.8792625299286989 -0.25740621166249666
vn 0.40079851005330086 -0.8792625299286989 -0.25740621166249666
vn 0.08158909382697274 -0.9562590546271745 -0.2809125134486468
vn 0.08158909382697274 -0.9562590546271745 -0.2809125134486468
vn 0.08158909382697274 -0.9562590546271745 -0.2809125134486468
vn 0.22285976927224216 -0.9360992279359797 -0.27212452792349634
vn 0.22285976927224216 -0.9360992279359797 -0.27212452792349634
vn 0.22285976927224216 -0.9360992279359797 -0.27212452792349634
vn 0.24713833875720215 -0.9275729748412622 -0.2802338628011637
vn 0.24713833875720215 -0.9275729748412622 -0.2802338628011637
vn 0.24713833875720215 -0.9275729748412622 -0.2802338628011637
vn 0.42643418264857763 -0.8719442355233183 -0.24055589372637595
vn 0.42643418264857763 -0.8719442355233183 -0.24055589372637595
vn 0.42643418264857763 -0.8719442355233183 -0.24055589372637595
vn -0.14909179410044915 -0.959184521051061 -0.24028460522462897
vn -0.14909179410044915 -0.959184521051061 -0.24028460522462897
vn -0.14909179410044915 -0.959184521051061 -0.24028460522462897
vn -0.13943001995209178 -0.9595562472386444 -0.2445630346586513
vn -0.13943001995209178 -0.9595562472386444 -0.2445630346586513
vn -0.13943001995209178 -0.9595562472386444 -0.2445630346586513
vn 0.014037893153587392 -0.9687129259013121 -0.24778661131612303
vn 0.014037893153587392 -0.9687129259013121 -0.24778661131612303
vn 0.014037893153587392 -0.9687129259013121 -0.24778661131612303
vn 0.8595609815387077 0.08280798192740155 0.5042794435085813
vn 0.8595609815387077 0.08280798192740155 0.5042794435085813
vn 0.8595609815387077 0.08280798192740155 0.5042794435085813
vn 0.8603573332717437 0.06617809003359068 0.5053768094056548
vn 0.8603573332717437 0.06617809003359068 0.5053768094056548
vn 0.8603573332717437 0.06617809003359068 0.5053768094056548
vn 0.2592850249838036 -0.9576387118590621 -0.12529714030282063
vn 0.2592850249838036 -0.9576387118590621 -0.12529714030282063
vn 0.2592850249838036 -0.9576387118590621 -0.12529714030282063
vn 0.2723609859559957 -0.952825505709742 -0.1339516666490286
vn 0.2723609859559957 -0.952825505709742 -0.1339516666490286
vn 0.2723609859559957 -0.952825505709742 -0.1339516666490286
vn 0.08377199460929005 -0.9864131024918834 -0.14132036000349724
vn 0.08377199460929005 -0.9864131024918834 -0.14132036000349724
vn 0.08377199460929005 -0.9864131024918834 -0.14132036000349724
vn 0.5433946812627864 -0.8328166549959346 -0.10553975334771867
vn 0.5433946812627864 -0.8328166549959346 -0.10553975334771867
vn 0.5433946812627864 -0.8328166549959346 -0.10553975334771867
vn 0.41610294066054015 -0.8970301636427092 -0.14898063058258754
vn 0.41610294066054015 -0.8970301636427092 -0.14898063058258754
vn 0.41610294066054015 -0.8970301636427092 -0.14898063058258754
vn 0.9239533411033778 -0.3788694088941614 0.05261363386132652
vn 0.9239533411033778 -0.3788694088941614 0.05261363386132652
vn 0.9239533411033778 -0.3788694088941614 0.05261363386132652
vn 0.29812657804787523 -0.9532079687603054 -0.05015088985568075
vn 0.29812657804787523 -0.9532079687603054 -0.05015088985568075
vn 0.29812657804787523 -0.9532079687603054 -0.05015088985568075
vn 0.32644566777741907 -0.9449202980844318 -0.023640140807190683
vn 0.32644566777741907 -0.9449202980844318 -0.023640140807190683
vn 0.32644566777741907 -0.9449202980844318 -0.023640140807190683
vn 0.009681591483072037 -0.9982198783091915 -0.05885016002304298
vn 0.009681591483072037 -0.9982198783091915 -0.05885016002304298
vn 0.009681591483072037 -0.9982198783091915 -0.05885016002304298
vn 0.5667272784420345 -0.8237552611211968 -0.01573091366811069
vn 0.5667272784420345 -0.8237552611211968 -0.01573091366811069
vn 0.5667272784420345 -0.8237552611211968 -0.01573091366811069
vn 0.5431718167444068 -0.8396213553623467 -0.0005975902244271056
vn 0.5431718167444068 -0.8396213553623467 -0.0005975902244271056
vn 0.5431718167444068 -0.8396213553623467 -0.0005975902244271056
vn 0.7167905639873701 -0.6971128055761555 -0.01565323226713334
vn 0.7167905639873701 -0.6971128055761555 -0.01565323226713334
vn 0.7167905639873701 -0.6971128055761555 -0.01565323226713334
vn 0.7948737873632014 -0.6057547432300422 0.03516892402655977
vn 0.7948737873632014 -0.6057547432300422 0.03516892402655977
vn 0.7948737873632014 -0.6057547432300422 0.03516892402655977
vn 0.9584538955352087 -0.2620722060558507 0.11262454859577957
vn 0.9584538955352087 -0.2620722060558507 0.11262454859577957
vn 0.9584538955352087 -0.2620722060558507 0.11262454859577957
vn 0.8566876623406986 -0.5152700527495053 0.02414584711189772
vn 0.8566876623406986 -0.5152700527495053 0.02414584711189772
vn 0.8566876623406986 -0.5152700527495053 0.02414584711189772
vn 0.8757578067925599 0.38561206762744565 0.2904334642254085
vn 0.8757578067925599 0.38561206762744565 0.2904334642254085
vn 0.8757578067925599 0.38561206762744565 0.2904334642254085
vn 0.8957364963904477 0.31050964526732877 0.3181821635952006
vn 0.8957364963904477 0.31050964526732877 0.3181821635952006
vn 0.8957364963904477 0.31050964526732877 0.3181821635952006
vn 0.7498198156424515 0.5767925981427019 0.3241612913315092
vn 0.7498198156424515 0.5767925981427019 0.3241612913315092
vn 0.7498198156424515 0.5767925981427019 0.3241612913315092
vn 0.949585892973634 0.20682291215248194 0.2356075441793678
vn 0.949585892973634 0.20682291215248194 0.2356075441793678
vn 0.949585892973634 0.20682291215248194 0.2356075441793678
vn 0.9673099347883972 -0.15278929203547348 0.20240287127154444
vn 0.9673099347883972 -0.15278929203547348 0.20240287127154444
vn 0.9673099347883972 -0.15278929203547348 0.20240287127154444
vn 0.9921566588170126 0.028169985134254928 0.12178512348639974
vn 0.9921566588170126 0.028169985134254928 0.12178512348639974
vn 0.9921566588170126 0.028169985134254928 0.12178512348639974
vn 0.9044634661965725 -0.12586136109602558 -0.40755951233990073
vn 0.9044634661965725 -0.12586136109602558 -0.40755951233990073
vn 0.9044634661965725 -0.12586136109602558 -0.40755951233990073
vn 0.8438587344960407 -0.2177821736126774 -0.4903808326915712
vn 0.8438587344960407 -0.2177821736126774 -0.4903808326915712
vn 0.8438587344960407 -0.2177821736126774 -0.4903808326915712
vn 0.8458554224742827 -0.26910043004761663 -0.46055788215927906
vn 0.8458554224742827 -0.26910043004761663 -0.46055788215927906
vn 0.8458554224742827 -0.26910043004761663 -0.46055788215927906
vn 0.3284198088217366 -0.6327092133357908 -0.7012984247333647
vn 0.3284198088217366 -0.6327092133357908 -0.7012984247333647
vn 0.3284198088217366 -0.6327092133357908 -0.7012984247333647
vn 0.2714586874349824 -0.515251282743428 -0.8129122318229246
vn 0.2714586874349824 -0.515251282743428 -0.8129122318229246
vn 0.2714586874349824 -0.515251282743428 -0.8129122318229246
vn 0.38141757856759484 -0.4342783758603062 -0.8160410057219963
vn 0.38141757856759484 -0.4342783758603062 -0.8160410057219963
vn 0.38141757856759484 -0.4342783758603062 -0.8160410057219963
vn 0.33191473036581004 -0.26482695935236666 -0.9053724611265639
vn 0.33191473036581004 -0.26482695935236666 -0.9053724611265639
vn 0.33191473036581004 -0.26482695935236666 -0.9053724611265639
vn 0.10009165519151228 -0.7358706943922788 -0.6696834936711887
vn 0.10009165519151228 -0.7358706943922788 -0.6696834936711887
vn 0.10009165519151228 -0.7358706943922788 -0.6696834936711887
vn 0.331546155443537 -0.797220582548694 -0.5044962730995451
vn 0.331546155443537 -0.797220582548694 -0.5044962730995451
vn 0.331546155443537 -0.797220582548694 -0.5044962730995451
vn 0.5567058971907498 -0.7607808778904478 -0.3336030573440263
vn 0.5567058971907498 -0.7607808778904478 -0.3336030573440263
vn 0.5567058971907498 -0.7607808778904478 -0.3336030573440263
vn 0.5018827972567134 -0.6783774572677256 -0.5365796150514404
vn 0.5018827972567134 -0.6783774572677256 -0.5365796150514404
vn 0.5018827972567134 -0.6783774572677256 -0.5365796150514404
vn 0.4797713357667885 -0.6930666420180351 -0.5380316859613348
vn 0.4797713357667885 -0.6930666420180351 -0.5380316859613348
vn 0.4797713357667885 -0.6930666420180351 -0.5380316859613348
vn 0.2136307497518322 -0.6980724301272143 -0.6834155288378775
vn 0.2136307497518322 -0.6980724301272143 -0.6834155288378775
vn 0.2136307497518322 -0.6980724301272143 -0.6834155288378775
vn 0.20927861124499322 -0.6986393262912747 -0.6841823986588962
vn 0.20927861124499322 -0.6986393262912747 -0.6841823986588962
vn 0.20927861124499322 -0.6986393262912747 -0.6841823986588962
vn 0.4664006315795152 -0.7318983803637618 -0.4967848746521291
vn 0.4664006315795152 -0.7318983803637618 -0.4967848746521291
vn 0.4664006315795152 -0.7318983803637618 -0.4967848746521291
vn 0.5639558227196008 -0.746246012438015 -0.3536533881373401
vn 0.5639558227196008 -0.746246012438015 -0.3536533881373401
vn 0.5639558227196008 -0.746246012438015 -0.3536533881373401
vn 0.721870795992895 -0.6662310509545945 -0.1871863794097227
vn 0.721870795992895 -0.6662310509545945 -0.1871863794097227
vn 0.721870795992895 -0.6662310509545945 -0.1871863794097227
vn 0.760614508699287 -0.48723289008507503 -0.4290334252427045
vn 0.760614508699287 -0.48723289008507503 -0.4290334252427045
vn 0.760614508699287 -0.48723289008507503 -0.4290334252427045
vn 0.7820925722376476 -0.43104305917342767 -0.45003676470829906
vn 0.7820925722376476 -0.43104305917342767 -0.45003676470829906
vn 0.7820925722376476 -0.43104305917342767 -0.45003676470829906
vn 0.6970731005751812 -0.5553070891494822 -0.4535671165272371
vn 0.6970731005751812 -0.5553070891494822 -0.4535671165272371
vn 0.6970731005751812 -0.5553070891494822 -0.4535671165272371
vn 0.6788532239244932 -0.6089366169310164 -0.410310244727
vn 0.6788532239244932 -0.6089366169310164 -0.410310244727
vn 0.6788532239244932 -0.6089366169310164 -0.410310244727
vn 0.6913138712290833 -0.6294710116837451 -0.35475537613417635
vn 0.6913138712290833 -0.6294710116837451 -0.35475537613417635
vn 0.6913138712290833 -0.6294710116837451 -0.35475537613417635
vn 0.8487687140784541 -0.5224620122231034 -0.08139481424140708
vn 0.8487687140784541 -0.5224620122231034 -0.08139481424140708
vn 0.8487687140784541 -0.5224620122231034 -0.08139481424140708
vn 0.7775767034941561 -0.6021485472264826 -0.18108450308129065
vn 0.7775767034941561 -0.6021485472264826 -0.18108450308129065
vn 0.7775767034941561 -0.6021485472264826 -0.18108450308129065
vn 0.5522264824378963 0.049062657978360985 0.8322492221001869
vn 0.5522264824378963 0.049062657978360985 0.8322492221001869
vn 0.5522264824378963 0.049062657978360985 0.8322492221001869
vn 0.3898069606859922 0.14740289922916816 0.9090230572981003
vn 0.3898069606859922 0.14740289922916816 0.9090230572981003
vn 0.3898069606859922 0.14740289922916816 0.9090230572981003
vn 0.2715595326274903 0.5231105015417828 0.8078433161299555
vn 0.2715595326274903 0.5231105015417828 0.8078433161299555
vn 0.2715595326274903 0.5231105015417828 0.8078433161299555
vn 0.9315586894921262 -0.36226830698375484 0.030985186570948613
vn 0.9315586894921262 -0.36226830698375484 0.030985186570948613
vn 0.9315586894921262 -0.36226830698375484 0.030985186570948613
vn 0.9488735752618023 -0.2836514698704256 0.13849469957450336
vn 0.9488735752618023 -0.2836514698704256 0.13849469957450336
vn 0.9488735752618023 -0.2836514698704256 0.13849469957450336
vn 0.9718618402221416 -0.20286764223867196 0.1197049842427417
vn 0.9718618402221416 -0.20286764223867196 0.1197049842427417
vn 0.9718618402221416 -0.20286764223867196 0.1197049842427417
vn 0.9767551897025244 -0.1937217390353122 0.09176702683600431
vn 0.9767551897025244 -0.1937217390353122 0.09176702683600431
vn 0.9767551897025244 -0.1937217390353122 0.09176702683600431
vn 0.10996215551641003 0.7993298595359941 0.5907453766288423
vn 0.10996215551641003 0.7993298595359941 0.5907453766288423
vn 0.10996215551641003 0.7993298595359941 0.5907453766288423
vn 0.43652097657121997 0.2019748895351003 0.876730050249558
vn 0.43652097657121997 0.2019748895351003 0.876730050249558
vn 0.43652097657121997 0.2019748895351003 0.876730050249558
vn 0.6490276918851401 0.2381545703456571 0.722527131524985
vn 0.6490276918851401 0.2381545703456571 0.722527131524985
vn 0.6490276918851401 0.2381545703456571 0.722527131524985
vn 0.49538689412258696 0.4132566713385883 0.7640750936431097
vn 0.49538689412258696 0.4132566713385883 0.7640750936431097
vn 0.49538689412258696 0.4132566713385883 0.7640750936431097
vn 0.4132207040942859 0.7293382295717216 0.5452654368222961
vn 0.4132207040942859 0.7293382295717216 0.5452654368222961
vn 0.4132207040942859 0.7293382295717216 0.5452654368222961
vn 0.5741648507722642 0.4531885552284878 0.6818759839938489
vn 0.5741648507722642 0.4531885552284878 0.6818759839938489
vn 0.5741648507722642 0.4531885552284878 0.6818759839938489
vn 0.30709845303121436 0.7369482631341474 0.6021609399565856
vn 0.30709845303121436 0.7369482631341474 0.6021609399565856
vn 0.30709845303121436 0.7369482631341474 0.6021609399565856
vn 0.29171740803793816 0.7639669722285443 0.5755479295346111
vn 0.29171740803793816 0.7639669722285443 0.5755479295346111
vn 0.29171740803793816 0.7639669722285443 0.5755479295346111
vn 0.5080619936942579 0.7748213833349182 0.3761978661427778
vn 0.5080619936942579 0.7748213833349182 0.3761978661427778
vn 0.5080619936942579 0.7748213833349182 0.3761978661427778
vn 0.1335450157272682 0.7423637756455977 0.6565529326593675
vn 0.1335450157272682 0.7423637756455977 0.6565529326593675
vn 0.1335450157272682 0.7423637756455977 0.6565529326593675
vn 0.7082115259759599 0.3914921199698522 0.5875120036869995
vn 0.7082115259759599 0.3914921199698522 0.5875120036869995
vn 0.7082115259759599 0.3914921199698522 0.5875120036869995
vn 0.718428147930621 0.009110381991768635 0.6955415136431049
vn 0.718428147930621 0.009110381991768635 0.6955415136431049
vn 0.718428147930621 0.009110381991768635 0.6955415136431049
vn -0.9749468781941367 -0.13937673282833118 0.1733571776581725
vn -0.9749468781941367 -0.13937673282833118 0.1733571776581725
vn -0.9749468781941367 -0.13937673282833118 0.1733571776581725
vn -0.9707095370331179 -0.19722534202732467 0.13720480740540691
vn -0.9707095370331179 -0.19722534202732467 0.13720480740540691
vn -0.9707095370331179 -0.19722534202732467 0.13720480740540691
vn -0.31316522204496783 0.4009206649455374 0.860924017623596
vn -0.31316522204496783 0.4009206649455374 0.860924017623596
vn -0.31316522204496783 0.4009206649455374 0.860924017623596
vn -0.19748917565050242 0.647580515665517 0.7359602579156487
vn -0.19748917565050242 0.647580515665517 0.7359602579156487
vn -0.19748917565050242 0.647580515665517 0.7359602579156487
vn -0.9569413577200595 -0.2439216204735229 0.15737052122446477
vn -0.9569413577200595 -0.2439216204735229 0.15737052122446477
vn -0.9569413577200595 -0.2439216204735229 0.15737052122446477
vn -0.5589440298789305 0.6389221359071041 0.5285452447147786
vn -0.5589440298789305 0.6389221359071041 0.5285452447147786
vn -0.5589440298789305 0.6389221359071041 0.5285452447147786
vn -0.07641899534633007 0.7566559264140609 0.6493319229583101
vn -0.07641899534633007 0.7566559264140609 0.6493319229583101
vn -0.07641899534633007 0.7566559264140609 0.6493319229583101
vn -0.5002985677918516 0.7309871434687757 0.46406803288826265
vn -0.5002985677918516 0.7309871434687757 0.46406803288826265
vn -0.5002985677918516 0.7309871434687757 0.46406803288826265
vn -0.9172693649130421 0.09650398212162846 0.3863986201148923
vn -0.9172693649130421 0.09650398212162846 0.3863986201148923
vn -0.9172693649130421 0.09650398212162846 0.3863986201148923
vn -0.8053285585110003 0.2849780060453596 0.5198398300601881
vn -0.8053285585110003 0.2849780060453596 0.5198398300601881
vn -0.8053285585110003 0.2849780060453596 0.5198398300601881
vn -0.8138525855131702 0.24770856703114671 0.5256276580174447
vn -0.8138525855131702 0.24770856703114671 0.5256276580174447
vn -0.8138525855131702 0.24770856703114671 0.5256276580174447
vn -0.700400295378208 0.012897357390751903 0.7136337186585667
vn -0.700400295378208 0.012897357390751903 0.7136337186585667
vn -0.700400295378208 0.012897357390751903 0.7136337186585667
vn -0.9959169307176841 -0.060648003417202036 0.06686768121727217
vn -0.9959169307176841 -0.060648003417202036 0.06686768121727217
vn -0.9959169307176841 -0.060648003417202036 0.06686768121727217
vn -0.47766945846344805 0.2878220742469811 0.8300544211239413
vn -0.47766945846344805 0.2878220742469811 0.8300544211239413
vn -0.47766945846344805 0.2878220742469811 0.8300544211239413
vn -0.6550677464231338 0.2141381219009338 0.7245903065490578
vn -0.6550677464231338 0.2141381219009338 0.7245903065490578
vn -0.6550677464231338 0.2141381219009338 0.7245903065490578
vn -0.5002584479021771 0.6807870298249604 0.5350425266505582
vn -0.5002584479021771 0.6807870298249604 0.5350425266505582
vn -0.5002584479021771 0.6807870298249604 0.5350425266505582
vn -0.6983346834291672 0.6364804410788762 0.3274466644263218
vn -0.6983346834291672 0.6364804410788762 0.3274466644263218
vn -0.6983346834291672 0.6364804410788762 0.3274466644263218
vn -0.800832818901815 -0.383198475085277 -0.4602452877130748
vn -0.800832818901815 -0.383198475085277 -0.4602452877130748
vn -0.800832818901815 -0.383198475085277 -0.4602452877130748
vn -0.7924448310260037 -0.3914232282941714 -0.4677809809429379
vn -0.7924448310260037 -0.3914232282941714 -0.4677809809429379
vn -0.7924448310260037 -0.3914232282941714 -0.4677809809429379
vn -0.29611408158114605 -0.5544496671247559 -0.7777544710990749
vn -0.29611408158114605 -0.5544496671247559 -0.7777544710990749
vn -0.29611408158114605 -0.5544496671247559 -0.7777544710990749
vn -0.30287916249450875 -0.40603105281042734 -0.8622082098195776
vn -0.30287916249450875 -0.40603105281042734 -0.8622082098195776
vn -0.30287916249450875 -0.40603105281042734 -0.8622082098195776
vn -0.32156204507170694 -0.4258451373045716 -0.8457267704190001
vn -0.32156204507170694 -0.4258451373045716 -0.8457267704190001
vn -0.32156204507170694 -0.4258451373045716 -0.8457267704190001
vn -0.3361128300128133 -0.2145214546674851 -0.9170652708439698
vn -0.3361128300128133 -0.2145214546674851 -0.9170652708439698
vn -0.3361128300128133 -0.2145214546674851 -0.9170652708439698
vn -0.3282946340962798 -0.22493588874887616 -0.9174020270177862
vn -0.3282946340962798 -0.22493588874887616 -0.9174020270177862
vn -0.3282946340962798 -0.22493588874887616 -0.9174020270177862
vn -0.23367325288830307 -0.6852554918609793 -0.6897983196260823
vn -0.23367325288830307 -0.6852554918609793 -0.6897983196260823
vn -0.23367325288830307 -0.6852554918609793 -0.6897983196260823
vn -0.17871588370950817 -0.7027090749511029 -0.688665803486201
vn -0.17871588370950817 -0.7027090749511029 -0.688665803486201
vn -0.17871588370950817 -0.7027090749511029 -0.688665803486201
vn 0.021878192327672425 -0.790800099173861 -0.6116833722172651
vn 0.021878192327672425 -0.790800099173861 -0.6116833722172651
vn 0.021878192327672425 -0.790800099173861 -0.6116833722172651
vn 0.0804021157657594 -0.8278859491281598 -0.5551039137103573
vn 0.0804021157657594 -0.8278859491281598 -0.5551039137103573
vn 0.0804021157657594 -0.8278859491281598 -0.5551039137103573
vn 0.3249405661480251 -0.8027056551949417 -0.5000772536213383
vn 0.3249405661480251 -0.8027056551949417 -0.5000772536213383
vn 0.3249405661480251 -0.8027056551949417 -0.5000772536213383
vn 0.3177769242405735 -0.8483661568817538 -0.4234296757170955
vn 0.3177769242405735 -0.8483661568817538 -0.4234296757170955
vn 0.3177769242405735 -0.8483661568817538 -0.4234296757170955
vn 0.41704017655427755 -0.8346356299890226 -0.35980669295109596
vn 0.41704017655427755 -0.8346356299890226 -0.35980669295109596
vn 0.41704017655427755 -0.8346356299890226 -0.35980669295109596
vn -0.6140153301857076 -0.7670811878098996 -0.18593446588809143
vn -0.6140153301857076 -0.7670811878098996 -0.18593446588809143
vn -0.6140153301857076 -0.7670811878098996 -0.18593446588809143
vn -0.6371629181439434 -0.7407199078460573 -0.21297284771262004
vn -0.6371629181439434 -0.7407199078460573 -0.21297284771262004
vn -0.6371629181439434 -0.7407199078460573 -0.21297284771262004
vn -0.6136056720673869 -0.7349131631345819 -0.2887745173284057
vn -0.6136056720673869 -0.7349131631345819 -0.2887745173284057
vn -0.6136056720673869 -0.7349131631345819 -0.2887745173284057
vn -0.6492470642699721 -0.6942429096033387 -0.3106525905288947
vn -0.6492470642699721 -0.6942429096033387 -0.3106525905288947
vn -0.6492470642699721 -0.6942429096033387 -0.3106525905288947
vn -0.6186667607225836 -0.6545572203104502 -0.43451845129577865
vn -0.6186667607225836 -0.6545572203104502 -0.43451845129577865
vn -0.6186667607225836 -0.6545572203104502 -0.43451845129577865
vn -0.4680626988915062 -0.7437078953590294 -0.4773006141699822
vn -0.4680626988915062 -0.7437078953590294 -0.4773006141699822
vn -0.4680626988915062 -0.7437078953590294 -0.4773006141699822
vn -0.49764813724394946 -0.7876976530824449 -0.3631511239498446
vn -0.49764813724394946 -0.7876976530824449 -0.3631511239498446
vn -0.49764813724394946 -0.7876976530824449 -0.3631511239498446
vn -0.5744264612079003 -0.6691270938773886 -0.4714903741364919
vn -0.5744264612079003 -0.6691270938773886 -0.4714903741364919
vn -0.5744264612079003 -0.6691270938773886 -0.4714903741364919
vn -0.3602108684508479 -0.766021555475048 -0.5324087779117411
vn -0.3602108684508479 -0.766021555475048 -0.5324087779117411
vn -0.3602108684508479 -0.766021555475048 -0.5324087779117411
vn -0.2909218119042059 -0.8082670697640535 -0.5119265995173572
vn -0.2909218119042059 -0.8082670697640535 -0.5119265995173572
vn -0.2909218119042059 -0.8082670697640535 -0.5119265995173572
vn -0.3480712743815564 -0.8617768219324506 -0.36903536027107825
vn -0.3480712743815564 -0.8617768219324506 -0.36903536027107825
vn -0.3480712743815564 -0.8617768219324506 -0.36903536027107825
vn -0.33141353737206297 -0.8728419545162088 -0.35820662987005236
vn -0.33141353737206297 -0.8728419545162088 -0.35820662987005236
vn -0.33141353737206297 -0.8728419545162088 -0.35820662987005236
vn -0.37292358498083544 -0.8945165329023338 -0.24651201214023977
vn -0.37292358498083544 -0.8945165329023338 -0.24651201214023977
vn -0.37292358498083544 -0.8945165329023338 -0.24651201214023977
vn -0.33634007555498796 -0.9149217762933582 -0.22314456488982884
vn -0.33634007555498796 -0.9149217762933582 -0.22314456488982884
vn -0.33634007555498796 -0.9149217762933582 -0.22314456488982884
vn -0.37208050338175996 -0.918641027054172 -0.13287122493614723
vn -0.37208050338175996 -0.918641027054172 -0.13287122493614723
vn -0.37208050338175996 -0.918641027054172 -0.13287122493614723
vn -0.33745525184999325 -0.7010463662689391 -0.6282180714847148
vn -0.33745525184999325 -0.7010463662689391 -0.6282180714847148
vn -0.33745525184999325 -0.7010463662689391 -0.6282180714847148
vn 0.5632019066162486 -0.8000102672144263 -0.20685063387702
vn 0.5632019066162486 -0.8000102672144263 -0.20685063387702
vn 0.5632019066162486 -0.8000102672144263 -0.20685063387702
vn -0.0736043512508067 -0.7880456284709371 -0.6112008564496566
vn -0.0736043512508067 -0.7880456284709371 -0.6112008564496566
vn -0.0736043512508067 -0.7880456284709371 -0.6112008564496566
vn -0.7059144266548539 -0.5697063117915052 -0.4208557241448301
vn -0.7059144266548539 -0.5697063117915052 -0.4208557241448301
vn -0.7059144266548539 -0.5697063117915052 -0.4208557241448301
vn -0.7022820754212047 -0.5240525635438413 -0.4818389743318958
vn -0.7022820754212047 -0.5240525635438413 -0.4818389743318958
vn -0.7022820754212047 -0.5240525635438413 -0.4818389743318958
vn 0.6031452431595297 -0.7563896793080677 -0.25316095411866
vn 0.6031452431595297 -0.7563896793080677 -0.25316095411866
vn 0.6031452431595297 -0.7563896793080677 -0.25316095411866
vn -0.04727983836898662 -0.9984946825079041 0.027802623747451922
vn -0.04727983836898662 -0.9984946825079041 0.027802623747451922
vn -0.04727983836898662 -0.9984946825079041 0.027802623747451922
vn -0.47319880387584784 0.7401801984397965 0.4777197566022261
vn -0.47319880387584784 0.7401801984397965 0.4777197566022261
vn -0.47319880387584784 0.7401801984397965 0.4777197566022261
vn 0.7689770579122541 0.5140532334718829 0.3800309955276223
vn 0.7689770579122541 0.5140532334718829 0.3800309955276223
vn 0.7689770579122541 0.5140532334718829 0.3800309955276223
vn 0.9594511333904239 -0.01496163467552706 0.28147765830286975
vn 0.9594511333904239 -0.01496163467552706 0.28147765830286975
vn 0.9594511333904239 -0.01496163467552706 0.28147765830286975
vn 0.220636736783154 -0.8886829471904661 -0.4019478196912484
vn 0.220636736783154 -0.8886829471904661 -0.4019478196912484
vn 0.220636736783154 -0.8886829471904661 -0.4019478196912484
vn 0.611163134121162 -0.7808295421639354 -0.12955635675356741
vn 0.611163134121162 -0.7808295421639354 -0.12955635675356741
vn 0.611163134121162 -0.7808295421639354 -0.12955635675356741
vn 0.7186144646079566 -0.6915318423467929 -0.07332777288770034
vn 0.7186144646079566 -0.6915318423467929 -0.07332777288770034
vn 0.7186144646079566 -0.6915318423467929 -0.07332777288770034
vn -0.000711884367343877 -0.994919146085545 -0.10067465407468659
vn -0.000711884367343877 -0.994919146085545 -0.10067465407468659
vn -0.000711884367343877 -0.994919146085545 -0.10067465407468659
vn -0.14522321493595033 -0.9809584002221894 -0.12896059428053863
vn -0.14522321493595033 -0.9809584002221894 -0.12896059428053863
vn -0.14522321493595033 -0.9809584002221894 -0.12896059428053863
vn -0.3164015717876732 -0.9447245024255027 -0.08593986203838302
vn -0.3164015717876732 -0.9447245024255027 -0.08593986203838302
vn -0.3164015717876732 -0.9447245024255027 -0.08593986203838302
vn -0.6241532040337482 -0.7807943911299031 -0.028158421022675476
vn -0.6241532040337482 -0.7807943911299031 -0.028158421022675476
vn -0.6241532040337482 -0.7807943911299031 -0.028158421022675476
vn -0.8887581490982774 -0.448137981977968 -0.09633951172866849
vn -0.8887581490982774 -0.448137981977968 -0.09633951172866849
vn -0.8887581490982774 -0.448137981977968 -0.09633951172866849
vn -0.7988798529450211 -0.5643984016577959 -0.20795534319816608
vn -0.7988798529450211 -0.5643984016577959 -0.20795534319816608
vn -0.7988798529450211 -0.5643984016577959 -0.20795534319816608
vn -0.8569254966694746 -0.37509501380943644 -0.35352853318094846
vn -0.8569254966694746 -0.37509501380943644 -0.35352853318094846
vn -0.8569254966694746 -0.37509501380943644 -0.35352853318094846
vn -0.9267831457139081 -0.3664647345677212 -0.08232010166929246
vn -0.9267831457139081 -0.3664647345677212 -0.08232010166929246
vn -0.9267831457139081 -0.3664647345677212 -0.08232010166929246
vn -0.858054620322829 -0.40941291208395625 -0.31003763636303994
vn -0.858054620322829 -0.40941291208395625 -0.31003763636303994
vn -0.858054620322829 -0.40941291208395625 -0.31003763636303994
vn -0.7823171056466404 -0.5395514394468717 -0.31123012451154525
vn -0.7823171056466404 -0.5395514394468717 -0.31123012451154525
vn -0.7823171056466404 -0.5395514394468717 -0.31123012451154525
vn -0.7853777997837503 -0.572089969615876 -0.2364207653141782
vn -0.7853777997837503 -0.572089969615876 -0.2364207653141782
vn -0.7853777997837503 -0.572089969615876 -0.2364207653141782
vn -0.921826072386111 -0.22429235469331446 -0.3161164846940521
vn -0.921826072386111 -0.22429235469331446 -0.3161164846940521
vn -0.921826072386111 -0.22429235469331446 -0.3161164846940521
vn -0.9956924361350422 -0.0692878219433515 -0.06160982351712624
vn -0.9956924361350422 -0.0692878219433515 -0.06160982351712624
vn -0.9956924361350422 -0.0692878219433515 -0.06160982351712624
vn -0.9627903084250486 -0.22890123678391316 -0.1436629590451018
vn -0.9627903084250486 -0.22890123678391316 -0.1436629590451018
vn -0.9627903084250486 -0.22890123678391316 -0.1436629590451018
vn -0.9581607505999599 -0.2687827923945119 -0.09840623213155934
vn -0.9581607505999599 -0.2687827923945119 -0.09840623213155934
vn -0.9581607505999599 -0.2687827923945119 -0.09840623213155934
vn -0.9194151896108043 -0.3815108892528825 -0.0955256535931762
vn -0.9194151896108043 -0.3815108892528825 -0.0955256535931762
vn -0.9194151896108043 -0.3815108892528825 -0.0955256535931762
vn -0.9421485166720694 -0.20030451034179117 -0.26876434969942486
vn -0.9421485166720694 -0.20030451034179117 -0.26876434969942486
vn -0.9421485166720694 -0.20030451034179117 -0.26876434969942486
vn -0.9606773882201136 -0.07654888950964021 -0.26690676888648235
vn -0.9606773882201136 -0.07654888950964021 -0.26690676888648235
vn -0.9606773882201136 -0.07654888950964021 -0.26690676888648235
vn 0.9960379444121834 -0.049790068679039234 0.07368420693804589
vn 0.9960379444121834 -0.049790068679039234 0.07368420693804589
vn 0.9960379444121834 -0.049790068679039234 0.07368420693804589
vn 0.9572269572472107 0.03284911897825069 0.2874673680639233
vn 0.9572269572472107 0.03284911897825069 0.2874673680639233
vn 0.9572269572472107 0.03284911897825069 0.2874673680639233
vn 0.962604652934626 0.01642488520769823 0.2704117329083968
vn 0.962604652934626 0.01642488520769823 0.2704117329083968
vn 0.962604652934626 0.01642488520769823 0.2704117329083968
vn 0.8244071645892257 0.029637282869086803 0.5652207165683962
vn 0.8244071645892257 0.029637282869086803 0.5652207165683962
vn 0.8244071645892257 0.029637282869086803 0.5652207165683962
vn 0.794797069361317 -0.013117596614143934 0.6067335059099097
vn 0.794797069361317 -0.013117596614143934 0.6067335059099097
vn 0.794797069361317 -0.013117596614143934 0.6067335059099097
vn 0.6755000305794211 -0.03365359059369981 0.736591572397725
vn 0.6755000305794211 -0.03365359059369981 0.736591572397725
vn 0.6755000305794211 -0.03365359059369981 0.736591572397725
vn 0.5549271178466308 0.0625256010033224 0.8295459258519716
vn 0.5549271178466308 0.0625256010033224 0.8295459258519716
vn 0.5549271178466308 0.0625256010033224 0.8295459258519716
vn 0.5582174737009168 0.057183873709782305 0.8277217265739192
vn 0.5582174737009168 0.057183873709782305 0.8277217265739192
vn 0.5582174737009168 0.057183873709782305 0.8277217265739192
vn 0.43907276605299317 -0.00631782936402349 0.8984292911201754
vn 0.43907276605299317 -0.00631782936402349 0.8984292911201754
vn 0.43907276605299317 -0.00631782936402349 0.8984292911201754
vn 0.31252279193969 0.003227376308468641 0.9499047786806765
vn 0.31252279193969 0.003227376308468641 0.9499047786806765
vn 0.31252279193969 0.003227376308468641 0.9499047786806765
vn 0.24281281254752923 0.06764292723086204 0.9677119263801592
vn 0.24281281254752923 0.06764292723086204 0.9677119263801592
vn 0.24281281254752923 0.06764292723086204 0.9677119263801592
vn 0.09842642154441099 -0.02410030678203527 0.9948524587872181
vn 0.09842642154441099 -0.02410030678203527 0.9948524587872181
vn 0.09842642154441099 -0.02410030678203527 0.9948524587872181
vn -0.030333282178837382 -0.018087662609060768 0.9993761696446438
vn -0.030333282178837382 -0.018087662609060768 0.9993761696446438
vn -0.030333282178837382 -0.018087662609060768 0.9993761696446438
vn -0.16762429287740765 0.0937028963782926 0.9813877234037871
vn -0.16762429287740765 0.0937028963782926 0.9813877234037871
vn -0.16762429287740765 0.0937028963782926 0.9813877234037871
vn -0.26550645324694644 0.005027327816922414 0.9640959751286426
vn -0.26550645324694644 0.005027327816922414 0.9640959751286426
vn -0.26550645324694644 0.005027327816922414 0.9640959751286426
vn -0.423548335649743 -0.004870263800437884 0.9058604130321882
vn -0.423548335649743 -0.004870263800437884 0.9058604130321882
vn -0.423548335649743 -0.004870263800437884 0.9058604130321882
vn -0.5085842516042013 0.05891235064600043 0.8589944085740937
vn -0.5085842516042013 0.05891235064600043 0.8589944085740937
vn -0.5085842516042013 0.05891235064600043 0.8589944085740937
vn -0.5450173137365898 0.020208351747896015 0.8381812156371586
vn -0.5450173137365898 0.020208351747896015 0.8381812156371586
vn -0.5450173137365898 0.020208351747896015 0.8381812156371586
vn -0.6955359546256086 -0.03808958065934663 0.7174809542198584
vn -0.6955359546256086 -0.03808958065934663 0.7174809542198584
vn -0.6955359546256086 -0.03808958065934663 0.7174809542198584
vn -0.8198077106985567 0.0350590721814139 0.571564676075219
vn -0.8198077106985567 0.0350590721814139 0.571564676075219
vn -0.8198077106985567 0.0350590721814139 0.571564676075219
vn -0.7858622296381931 -0.02244362857337084 0.6179942067402804
vn -0.7858622296381931 -0.02244362857337084 0.6179942067402804
vn -0.7858622296381931 -0.02244362857337084 0.6179942067402804
vn -0.8923069815030593 -0.018103966449508492 0.45106595655147164
vn -0.8923069815030593 -0.018103966449508492 0.45106595655147164
vn -0.8923069815030593 -0.018103966449508492 0.45106595655147164
vn -0.94704577623051 0.02308667944508475 0.32026754902136195
vn -0.94704577623051 0.02308667944508475 0.32026754902136195
vn -0.94704577623051 0.02308667944508475 0.32026754902136195
vn -0.932297877401745 -0.008110386249722807 0.3616004555128232
vn -0.932297877401745 -0.008110386249722807 0.3616004555128232
vn -0.932297877401745 -0.008110386249722807 0.3616004555128232
vn -0.9989131685074278 0.03700914232441954 0.028333816665993508
vn -0.9989131685074278 0.03700914232441954 0.028333816665993508
vn -0.9989131685074278 0.03700914232441954 0.028333816665993508
vn -0.98714182118006 -0.02366954583630135 0.15808471614048483
vn -0.98714182118006 -0.02366954583630135 0.15808471614048483
vn -0.98714182118006 -0.02366954583630135 0.15808471614048483
vn -0.9972462514760446 -0.031269996921361065 -0.06724657024351367
vn -0.9972462514760446 -0.031269996921361065 -0.06724657024351367
vn -0.9972462514760446 -0.031269996921361065 -0.06724657024351367
vn -0.9760065612181055 -0.03030692766539552 -0.21562161903365115
vn -0.9760065612181055 -0.03030692766539552 -0.21562161903365115
vn -0.9760065612181055 -0.03030692766539552 -0.21562161903365115
vn -0.9353518414885549 -0.0015959872277144004 -0.3537151190559125
vn -0.9353518414885549 -0.0015959872277144004 -0.3537151190559125
vn -0.9353518414885549 -0.0015959872277144004 -0.3537151190559125
vn -0.9457664610396074 0.027480816819165033 -0.3236828785703198
vn -0.9457664610396074 0.027480816819165033 -0.3236828785703198
vn -0.9457664610396074 0.027480816819165033 -0.3236828785703198
vn -0.9023846885797132 -0.027578605039080564 -0.4300480140181936
vn -0.9023846885797132 -0.027578605039080564 -0.4300480140181936
vn -0.9023846885797132 -0.027578605039080564 -0.4300480140181936
vn -0.8142281552994061 0.009698839598842234 -0.5804639899495594
vn -0.8142281552994061 0.009698839598842234 -0.5804639899495594
vn -0.8142281552994061 0.009698839598842234 -0.5804639899495594
vn -0.6510835904947133 -0.033091224826305256 -0.7582843325745345
vn -0.6510835904947133 -0.033091224826305256 -0.7582843325745345
vn -0.6510835904947133 -0.033091224826305256 -0.7582843325745345
vn -0.5341703993022257 -0.007621503113902568 -0.8453424733204796
vn -0.5341703993022257 -0.007621503113902568 -0.8453424733204796
vn -0.5341703993022257 -0.007621503113902568 -0.8453424733204796
vn -0.5752736734905117 0.014498229588073747 -0.8178325023668009
vn -0.5752736734905117 0.014498229588073747 -0.8178325023668009
vn -0.5752736734905117 0.014498229588073747 -0.8178325023668009
vn -0.3163513873990387 0.03094121661492989 -0.9481373533434339
vn -0.3163513873990387 0.03094121661492989 -0.9481373533434339
vn -0.3163513873990387 0.03094121661492989 -0.9481373533434339
vn -0.4203862618557673 -0.017544029575526452 -0.9071756157818548
vn -0.4203862618557673 -0.017544029575526452 -0.9071756157818548
vn -0.4203862618557673 -0.017544029575526452 -0.9071756157818548
vn -0.2574295395803098 -0.009579954647406784 -0.9662495829858989
vn -0.2574295395803098 -0.009579954647406784 -0.9662495829858989
vn -0.2574295395803098 -0.009579954647406784 -0.9662495829858989
vn -0.09323544908507102 -0.031095628056272976 -0.9951583858611107
vn -0.09323544908507102 -0.031095628056272976 -0.9951583858611107
vn -0.09323544908507102 -0.031095628056272976 -0.9951583858611107
vn 0.07921689566114136 0.003071133209362017 -0.9968526729575551
vn 0.07921689566114136 0.003071133209362017 -0.9968526729575551
vn 0.07921689566114136 0.003071133209362017 -0.9968526729575551
vn 0.023099374713286117 0.037802261493711804 -0.9990182220129001
vn 0.023099374713286117 0.037802261493711804 -0.9990182220129001
vn 0.023099374713286117 0.037802261493711804 -0.9990182220129001
vn 0.2536182382597015 -0.021324161263840326 -0.967069319836194
vn 0.2536182382597015 -0.021324161263840326 -0.967069319836194
vn 0.2536182382597015 -0.021324161263840326 -0.967069319836194
vn 0.32857889643757965 0.014991847189374982 -0.9443575346942029
vn 0.32857889643757965 0.014991847189374982 -0.9443575346942029
vn 0.32857889643757965 0.014991847189374982 -0.9443575346942029
vn 0.4203928426409026 -0.021998934528363715 -0.9070754680487826
vn 0.4203928426409026 -0.021998934528363715 -0.9070754680487826
vn 0.4203928426409026 -0.021998934528363715 -0.9070754680487826
vn 0.5888807092001025 0.03624925337229127 -0.8074066521660171
vn 0.5888807092001025 0.03624925337229127 -0.8074066521660171
vn 0.5888807092001025 0.03624925337229127 -0.8074066521660171
vn 0.5448592818768281 -0.00544085019415559 -0.8385098449641675
vn 0.5448592818768281 -0.00544085019415559 -0.8385098449641675
vn 0.5448592818768281 -0.00544085019415559 -0.8385098449641675
vn 0.7154601948256677 -0.06157704559698494 -0.6959346068960537
vn 0.7154601948256677 -0.06157704559698494 -0.6959346068960537
vn 0.7154601948256677 -0.06157704559698494 -0.6959346068960537
vn 0.8222932257689078 -0.025536684437958347 -0.568490746276912
vn 0.8222932257689078 -0.025536684437958347 -0.568490746276912
vn 0.8222932257689078 -0.025536684437958347 -0.568490746276912
vn 0.8761777451609407 0.040748086616542514 -0.48026258684367695
vn 0.8761777451609407 0.040748086616542514 -0.48026258684367695
vn 0.8761777451609407 0.040748086616542514 -0.48026258684367695
vn 0.9714251047581189 -0.01588244345183882 -0.2368143024305681
vn 0.9714251047581189 -0.01588244345183882 -0.2368143024305681
vn 0.9714251047581189 -0.01588244345183882 -0.2368143024305681
vn 0.9887881242978973 0.02433807952778552 -0.14732855504736742
vn 0.9887881242978973 0.02433807952778552 -0.14732855504736742
vn 0.9887881242978973 0.02433807952778552 -0.14732855504736742
vn 0.9968554523079718 -0.02409949375107388 -0.07548789045145488
vn 0.9968554523079718 -0.02409949375107388 -0.07548789045145488
vn 0.9968554523079718 -0.02409949375107388 -0.07548789045145488
vn 0.000011127463948630626 0.9999999999327831 -0.0000032578122952684033
vn 0.000011127463948630626 0.9999999999327831 -0.0000032578122952684033
vn 0.000011127463948630626 0.9999999999327831 -0.0000032578122952684033
vn 0.00023559024479542833 0.9999999617947196 0.00014459528338389723
vn 0.00023559024479542833 0.9999999617947196 0.00014459528338389723
vn 0.00023559024479542833 0.9999999617947196 0.00014459528338389723
vn -0.00001847753069977911 0.9999999929610639 -0.00011720261599559581
vn -0.00001847753069977911 0.9999999929610639 -0.00011720261599559581
vn -0.00001847753069977911 0.9999999929610639 -0.00011720261599559581
vn 0.00010446426895592461 0.9999999861061648 0.00012990337383193013
vn 0.00010446426895592461 0.9999999861061648 0.00012990337383193013
vn 0.00010446426895592461 0.9999999861061648 0.00012990337383193013
vn 0.0000211866063086546 0.9999999995483173 0.000021318848657222054
vn 0.0000211866063086546 0.9999999995483173 0.000021318848657222054
vn 0.0000211866063086546 0.9999999995483173 0.000021318848657222054
vn 0.000015363226336197477 0.9999999998107749 0.000011934055689850592
vn 0.000015363226336197477 0.9999999998107749 0.000011934055689850592
vn 0.000015363226336197477 0.9999999998107749 0.000011934055689850592
vn -0.000048478279373800446 0.9999999974873006 -0.000051722868972413425
vn -0.000048478279373800446 0.9999999974873006 -0.000051722868972413425
vn -0.000048478279373800446 0.9999999974873006 -0.000051722868972413425
vn 0.000045347212966478326 0.999999998874394 0.00001395860634395339
vn 0.000045347212966478326 0.999999998874394 0.00001395860634395339
vn 0.000045347212966478326 0.999999998874394 0.00001395860634395339
vn 0.00011735142940980616 0.999999978084168 0.00017337908122693453
vn 0.00011735142940980616 0.999999978084168 0.00017337908122693453
vn 0.00011735142940980616 0.999999978084168 0.00017337908122693453
vn -0.0002509820396610524 0.999999965653809 -0.00007550096970299843
vn -0.0002509820396610524 0.999999965653809 -0.00007550096970299843
vn -0.0002509820396610524 0.999999965653809 -0.00007550096970299843
vn -0.00019471247493543282 0.9999999696568398 -0.00015090848760813117
vn -0.00019471247493543282 0.9999999696568398 -0.00015090848760813117
vn -0.00019471247493543282 0.9999999696568398 -0.00015090848760813117
vn -0.000046404042154180704 0.9999999985168952 -0.000028510954465225446
vn -0.000046404042154180704 0.9999999985168952 -0.000028510954465225446
vn -0.000046404042154180704 0.9999999985168952 -0.000028510954465225446
vn -0.000350059329167902 0.9999999373596506 -0.00005233699250794413
vn -0.000350059329167902 0.9999999373596506 -0.00005233699250794413
vn -0.000350059329167902 0.9999999373596506 -0.00005233699250794413
vn -0.00019176797198369494 0.9999999764340582 -0.00010176899137428414
vn -0.00019176797198369494 0.9999999764340582 -0.00010176899137428414
vn -0.00019176797198369494 0.9999999764340582 -0.00010176899137428414
vn 0.0030402170809882786 0.9999952862999745 0.00042948566048877545
vn 0.0030402170809882786 0.9999952862999745 0.00042948566048877545
vn 0.0030402170809882786 0.9999952862999745 0.00042948566048877545
vn 0.0003434921377814433 0.9999999391782536 0.00006047016351574509
vn 0.0003434921377814433 0.9999999391782536 0.00006047016351574509
vn 0.0003434921377814433 0.9999999391782536 0.00006047016351574509
vn -0.9443161128387562 -0.07948424866483464 -0.31929505672228653
vn -0.9443161128387562 -0.07948424866483464 -0.31929505672228653
vn -0.9443161128387562 -0.07948424866483464 -0.31929505672228653
vn -0.8583939833714251 -0.2709660879313952 -0.4355882786564547
vn -0.8583939833714251 -0.2709660879313952 -0.4355882786564547
vn -0.8583939833714251 -0.2709660879313952 -0.4355882786564547
vn -0.6802222051828462 -0.5025492250788675 -0.5336122449389777
vn -0.6802222051828462 -0.5025492250788675 -0.5336122449389777
vn -0.6802222051828462 -0.5025492250788675 -0.5336122449389777
vn -0.4520286827557879 -0.5580233820278908 -0.695902274084675
vn -0.4520286827557879 -0.5580233820278908 -0.695902274084675
vn -0.4520286827557879 -0.5580233820278908 -0.695902274084675
vn -0.6810903354340566 -0.44512079872789984 -0.5813634229276561
vn -0.6810903354340566 -0.44512079872789984 -0.5813634229276561
vn -0.6810903354340566 -0.44512079872789984 -0.5813634229276561
vn -0.8574383037984836 -0.2639827064235826 -0.4417156165322432
vn -0.8574383037984836 -0.2639827064235826 -0.4417156165322432
vn -0.8574383037984836 -0.2639827064235826 -0.4417156165322432
vn 0.02118356849520994 0.5372484202329307 -0.8431579872022971
vn 0.02118356849520994 0.5372484202329307 -0.8431579872022971
vn 0.02118356849520994 0.5372484202329307 -0.8431579872022971
vn 0.5093121560356294 0.6109527387535191 -0.6060840525239983
vn 0.5093121560356294 0.6109527387535191 -0.6060840525239983
vn 0.5093121560356294 0.6109527387535191 -0.6060840525239983
vn -0.635625260316424 0.009833081890393823 -0.771935126126681
vn -0.635625260316424 0.009833081890393823 -0.771935126126681
vn -0.635625260316424 0.009833081890393823 -0.771935126126681
vn 0.5524057667198665 0.5911446725512319 -0.587703875271325
vn 0.5524057667198665 0.5911446725512319 -0.587703875271325
vn 0.5524057667198665 0.5911446725512319 -0.587703875271325
vn -0.05139702716890476 0.3088273203166505 -0.9497283989774317
vn -0.05139702716890476 0.3088273203166505 -0.9497283989774317
vn -0.05139702716890476 0.3088273203166505 -0.9497283989774317
vn -0.017965063839071344 0.34512058642633653 -0.9383864008530813
vn -0.017965063839071344 0.34512058642633653 -0.9383864008530813
vn -0.017965063839071344 0.34512058642633653 -0.9383864008530813
vn 0.6365592511257642 0.31990131894364665 0.7017517124626925
vn 0.6365592511257642 0.31990131894364665 0.7017517124626925
vn 0.6365592511257642 0.31990131894364665 0.7017517124626925
vn 0.6604163449726681 0.026533839432766472 0.7504306807813085
vn 0.6604163449726681 0.026533839432766472 0.7504306807813085
vn 0.6604163449726681 0.026533839432766472 0.7504306807813085
vn 0.6646913357665242 -0.0001657207338705622 0.7471180634234137
vn 0.6646913357665242 -0.0001657207338705622 0.7471180634234137
vn 0.6646913357665242 -0.0001657207338705622 0.7471180634234137
vn 0.577007779166306 0.001414346064169151 0.8167374256190165
vn 0.577007779166306 0.001414346064169151 0.8167374256190165
vn 0.577007779166306 0.001414346064169151 0.8167374256190165
vn 0.5423812834181004 0.08121392827949508 0.8361978481502731
vn 0.5423812834181004 0.08121392827949508 0.8361978481502731
vn 0.5423812834181004 0.08121392827949508 0.8361978481502731
vn 0.3984201450680007 -0.028016814260212127 0.9167750248139954
vn 0.3984201450680007 -0.028016814260212127 0.9167750248139954
vn 0.3984201450680007 -0.028016814260212127 0.9167750248139954
vn -0.8229531190355107 0.5215296238373135 -0.22528873768973592
vn -0.8229531190355107 0.5215296238373135 -0.22528873768973592
vn -0.8229531190355107 0.5215296238373135 -0.22528873768973592
vn 0.10151720656653526 0.15698300092647893 -0.9823698866471043
vn 0.10151720656653526 0.15698300092647893 -0.9823698866471043
vn 0.10151720656653526 0.15698300092647893 -0.9823698866471043
vn -0.7331581184697362 0.6705680552626402 0.11321508990941437
vn -0.7331581184697362 0.6705680552626402 0.11321508990941437
vn -0.7331581184697362 0.6705680552626402 0.11321508990941437
vn 0.6803879111298701 0.21360799574436773 -0.701030608848434
vn 0.6803879111298701 0.21360799574436773 -0.701030608848434
vn 0.6803879111298701 0.21360799574436773 -0.701030608848434
vn 0.5318475930989386 0.11443138801572124 -0.8390730571003108
vn 0.5318475930989386 0.11443138801572124 -0.8390730571003108
vn 0.5318475930989386 0.11443138801572124 -0.8390730571003108
vn 0.6147382818192326 -0.22305604680420427 -0.7565334393468792
vn 0.6147382818192326 -0.22305604680420427 -0.7565334393468792
vn 0.6147382818192326 -0.22305604680420427 -0.7565334393468792
vn 0.4636802924147458 -0.29024418892949766 -0.83711343151262
vn 0.4636802924147458 -0.29024418892949766 -0.83711343151262
vn 0.4636802924147458 -0.29024418892949766 -0.83711343151262
vn -0.16282549533913293 0.503110529025747 -0.8487447517663946
vn -0.16282549533913293 0.503110529025747 -0.8487447517663946
vn -0.16282549533913293 0.503110529025747 -0.8487447517663946
vn -0.06617634611719306 0.5857394221054938 -0.8077933031451175
vn -0.06617634611719306 0.5857394221054938 -0.8077933031451175
vn -0.06617634611719306 0.5857394221054938 -0.8077933031451175
vn -0.3598351141270386 0.5547582446570757 -0.7501746334195666
vn -0.3598351141270386 0.5547582446570757 -0.7501746334195666
vn -0.3598351141270386 0.5547582446570757 -0.7501746334195666
vn 0.14657941867846508 0.31871608785144895 -0.9364478252228208
vn 0.14657941867846508 0.31871608785144895 -0.9364478252228208
vn 0.14657941867846508 0.31871608785144895 -0.9364478252228208
vn -0.6715675603797223 0.6185325394616468 -0.4079393453354976
vn -0.6715675603797223 0.6185325394616468 -0.4079393453354976
vn -0.6715675603797223 0.6185325394616468 -0.4079393453354976
vn 0.5435462029683944 -0.4500374522228058 -0.7085363906218556
vn 0.5435462029683944 -0.4500374522228058 -0.7085363906218556
vn 0.5435462029683944 -0.4500374522228058 -0.7085363906218556
vn 0.9640809484905819 -0.14340979139534904 -0.22356555300278871
vn 0.9640809484905819 -0.14340979139534904 -0.22356555300278871
vn 0.9640809484905819 -0.14340979139534904 -0.22356555300278871
vn 0.8363150315080791 -0.20820705485283528 -0.5071755025463565
vn 0.8363150315080791 -0.20820705485283528 -0.5071755025463565
vn 0.8363150315080791 -0.20820705485283528 -0.5071755025463565
vn 0.7771946166863105 -0.4674874827174587 -0.42121726139406074
vn 0.7771946166863105 -0.4674874827174587 -0.42121726139406074
vn 0.7771946166863105 -0.4674874827174587 -0.42121726139406074
vn 0.7763820274130157 -0.41607007296221804 -0.4734095921031491
vn 0.7763820274130157 -0.41607007296221804 -0.4734095921031491
vn 0.7763820274130157 -0.41607007296221804 -0.4734095921031491
vn -0.42548405237445125 -0.058400741492618626 0.9030795505204
vn -0.42548405237445125 -0.058400741492618626 0.9030795505204
vn -0.42548405237445125 -0.058400741492618626 0.9030795505204
vn -0.5890148255097388 -0.005691311296108808 0.8081021867966097
vn -0.5890148255097388 -0.005691311296108808 0.8081021867966097
vn -0.5890148255097388 -0.005691311296108808 0.8081021867966097
vn -0.5967551868715102 0.03731782611117058 0.8015551302289103
vn -0.5967551868715102 0.03731782611117058 0.8015551302289103
vn -0.5967551868715102 0.03731782611117058 0.8015551302289103
vn -0.6620450068731769 -0.002798854859727677 0.7494588549652137
vn -0.6620450068731769 -0.002798854859727677 0.7494588549652137
vn -0.6620450068731769 -0.002798854859727677 0.7494588549652137
vn -0.4407501313408803 0.06898414488694088 0.8949751446142035
vn -0.4407501313408803 0.06898414488694088 0.8949751446142035
vn -0.4407501313408803 0.06898414488694088 0.8949751446142035
vn -0.0000013831794376509003 0.9999999999985756 -9.674292869008102e-7
vn -0.0000013831794376509003 0.9999999999985756 -9.674292869008102e-7
vn -0.0000013831794376509003 0.9999999999985756 -9.674292869008102e-7
vn -0.000001970000312208525 0.9999999999979796 -3.9993270206569976e-7
vn -0.000001970000312208525 0.9999999999979796 -3.9993270206569976e-7
vn -0.000001970000312208525 0.9999999999979796 -3.9993270206569976e-7
vn -6.149447244749365e-7 0.9999999999995581 7.11031191258057e-7
vn -6.149447244749365e-7 0.9999999999995581 7.11031191258057e-7
vn -6.149447244749365e-7 0.9999999999995581 7.11031191258057e-7
vn -0.0000010810210824267597 0.9999999999993439 3.7938511354671055e-7
vn -0.0000010810210824267597 0.9999999999993439 3.7938511354671055e-7
vn -0.0000010810210824267597 0.9999999999993439 3.7938511354671055e-7
vn -0.000002424608510398636 0.9999999999954787 -0.000001778791215648341
vn -0.000002424608510398636 0.9999999999954787 -0.000001778791215648341
vn -0.000002424608510398636 0.9999999999954787 -0.000001778791215648341
vn -3.068719820475818e-7 0.9999999999999529 -1.4998564168421785e-8
vn -3.068719820475818e-7 0.9999999999999529 -1.4998564168421785e-8
vn -3.068719820475818e-7 0.9999999999999529 -1.4998564168421785e-8
vn -7.995853934511275e-7 0.999999999999275 9.005252650233908e-7
vn -7.995853934511275e-7 0.999999999999275 9.005252650233908e-7
vn -7.995853934511275e-7 0.999999999999275 9.005252650233908e-7
vn 0.0000015870956531137657 0.9999999999950318 0.0000027235255401911874
vn 0.0000015870956531137657 0.9999999999950318 0.0000027235255401911874
vn 0.0000015870956531137657 0.9999999999950318 0.0000027235255401911874
vn -1.1510000064159913e-7 0.99999999999971 7.528785772590345e-7
vn -1.1510000064159913e-7 0.99999999999971 7.528785772590345e-7
vn -1.1510000064159913e-7 0.99999999999971 7.528785772590345e-7
vn 0.0000024107939680013464 0.9999999999961227 0.000001393761976936783
vn 0.0000024107939680013464 0.9999999999961227 0.000001393761976936783
vn 0.0000024107939680013464 0.9999999999961227 0.000001393761976936783
vn -0.9909604428100142 0.12869884380649838 0.03786830321854082
vn -0.9909604428100142 0.12869884380649838 0.03786830321854082
vn -0.9909604428100142 0.12869884380649838 0.03786830321854082
vn -0.9525965841447271 -0.08956236942892165 0.29075475896032255
vn -0.9525965841447271 -0.08956236942892165 0.29075475896032255
vn -0.9525965841447271 -0.08956236942892165 0.29075475896032255
vn -0.9137778618532002 0.11141515206572541 0.39063625417665115
vn -0.9137778618532002 0.11141515206572541 0.39063625417665115
vn -0.9137778618532002 0.11141515206572541 0.39063625417665115
vn -0.7761511837734375 -0.17075565534479414 0.6069858697654019
vn -0.7761511837734375 -0.17075565534479414 0.6069858697654019
vn -0.7761511837734375 -0.17075565534479414 0.6069858697654019
vn -0.6432008890636388 0.1822065454739717 0.7437024882936629
vn -0.6432008890636388 0.1822065454739717 0.7437024882936629
vn -0.6432008890636388 0.1822065454739717 0.7437024882936629
vn -0.45527010890066744 -0.0631916519287433 0.8881080694758329
vn -0.45527010890066744 -0.0631916519287433 0.8881080694758329
vn -0.45527010890066744 -0.0631916519287433 0.8881080694758329
vn -0.3124751961360639 0.17650320655363333 0.933384095576957
vn -0.3124751961360639 0.17650320655363333 0.933384095576957
vn -0.3124751961360639 0.17650320655363333 0.933384095576957
vn -0.20699812300742323 -0.03143339950682528 0.9778362431751281
vn -0.20699812300742323 -0.03143339950682528 0.9778362431751281
vn -0.20699812300742323 -0.03143339950682528 0.9778362431751281
vn 0.10887292524784425 -0.117069860118958 0.9871379508456277
vn 0.10887292524784425 -0.117069860118958 0.9871379508456277
vn 0.10887292524784425 -0.117069860118958 0.9871379508456277
vn 0.27582917118806766 0.3049140627976407 0.9115622209317036
vn 0.27582917118806766 0.3049140627976407 0.9115622209317036
vn 0.27582917118806766 0.3049140627976407 0.9115622209317036
vn 0.43426812256767416 -0.03428228988879644 0.9001310584140112
vn 0.43426812256767416 -0.03428228988879644 0.9001310584140112
vn 0.43426812256767416 -0.03428228988879644 0.9001310584140112
vn 0.7020643774813619 -0.11610655197675165 0.7025844279940866
vn 0.7020643774813619 -0.11610655197675165 0.7025844279940866
vn 0.7020643774813619 -0.11610655197675165 0.7025844279940866
vn 0.7885316835412782 0.25298357731997584 0.5605507056974824
vn 0.7885316835412782 0.25298357731997584 0.5605507056974824
vn 0.7885316835412782 0.25298357731997584 0.5605507056974824
vn 0.8768636181090702 0.012728410121602207 0.4805706845121194
vn 0.8768636181090702 0.012728410121602207 0.4805706845121194
vn 0.8768636181090702 0.012728410121602207 0.4805706845121194
vn 0.9672584352473486 -0.09875472450011674 0.23379183867653905
vn 0.9672584352473486 -0.09875472450011674 0.23379183867653905
vn 0.9672584352473486 -0.09875472450011674 0.23379183867653905
vn 0.9762906202252545 0.2111391226401594 0.047716828802128235
vn 0.9762906202252545 0.2111391226401594 0.047716828802128235
vn 0.9762906202252545 0.2111391226401594 0.047716828802128235
vn 0.9981180575476281 -0.021005852455237693 -0.05761160785795027
vn 0.9981180575476281 -0.021005852455237693 -0.05761160785795027
vn 0.9981180575476281 -0.021005852455237693 -0.05761160785795027
vn 0.9405060356772094 -0.06511668823713673 -0.33347895550959056
vn 0.9405060356772094 -0.06511668823713673 -0.33347895550959056
vn 0.9405060356772094 -0.06511668823713673 -0.33347895550959056
vn 0.8592674535508077 0.20948716518550384 -0.4666632307037398
vn 0.8592674535508077 0.20948716518550384 -0.4666632307037398
vn 0.8592674535508077 0.20948716518550384 -0.4666632307037398
vn 0.8196768074780403 -0.023408969607636304 -0.5723477539263315
vn 0.8196768074780403 -0.023408969607636304 -0.5723477539263315
vn 0.8196768074780403 -0.023408969607636304 -0.5723477539263315
vn 0.6220453844580124 -0.06803210679262887 -0.7800199818721568
vn 0.6220453844580124 -0.06803210679262887 -0.7800199818721568
vn 0.6220453844580124 -0.06803210679262887 -0.7800199818721568
vn 0.5169616301583659 0.16013175125175128 -0.8408974344027054
vn 0.5169616301583659 0.16013175125175128 -0.8408974344027054
vn 0.5169616301583659 0.16013175125175128 -0.8408974344027054
vn 0.3484074088618873 -0.12457132029346793 -0.92902866673235
vn 0.3484074088618873 -0.12457132029346793 -0.92902866673235
vn 0.3484074088618873 -0.12457132029346793 -0.92902866673235
vn 0.06851640433507719 0.25602174140943484 -0.9642397887780159
vn 0.06851640433507719 0.25602174140943484 -0.9642397887780159
vn 0.06851640433507719 0.25602174140943484 -0.9642397887780159
vn -0.11295090757719811 -0.21380134195599995 -0.970325243748353
vn -0.11295090757719811 -0.21380134195599995 -0.970325243748353
vn -0.11295090757719811 -0.21380134195599995 -0.970325243748353
vn -0.5015878017114962 0.12581938344115098 -0.855908382903636
vn -0.5015878017114962 0.12581938344115098 -0.855908382903636
vn -0.5015878017114962 0.12581938344115098 -0.855908382903636
vn -0.5093103056447807 0.16894225793650658 -0.8438373812810944
vn -0.5093103056447807 0.16894225793650658 -0.8438373812810944
vn -0.5093103056447807 0.16894225793650658 -0.8438373812810944
vn -0.7399933571477266 -0.10586563831564777 -0.6642306060407465
vn -0.7399933571477266 -0.10586563831564777 -0.6642306060407465
vn -0.7399933571477266 -0.10586563831564777 -0.6642306060407465
vn -0.8877214168847446 0.12425616349264067 -0.44329571601610546
vn -0.8877214168847446 0.12425616349264067 -0.44329571601610546
vn -0.8877214168847446 0.12425616349264067 -0.44329571601610546
vn -0.8880588313517931 0.13831129516317953 -0.4384307216520885
vn -0.8880588313517931 0.13831129516317953 -0.4384307216520885
vn -0.8880588313517931 0.13831129516317953 -0.4384307216520885
vn -0.9878106961555152 -0.12780745648683026 -0.0888554029146419
vn -0.9878106961555152 -0.12780745648683026 -0.0888554029146419
vn -0.9878106961555152 -0.12780745648683026 -0.0888554029146419
vn -0.000004623032509644703 0.0000013839959365052722 -0.9999999999883562
vn -0.000004623032509644703 0.0000013839959365052722 -0.9999999999883562
vn -0.000004623032509644703 0.0000013839959365052722 -0.9999999999883562
vn -0.00000716017389581762 -0.00010626298839029134 -0.9999999943284545
vn -0.00000716017389581762 -0.00010626298839029134 -0.9999999943284545
vn -0.00000716017389581762 -0.00010626298839029134 -0.9999999943284545
vn 3.3357540601408135e-8 0.00008768289228955133 -0.9999999961558548
vn 3.3357540601408135e-8 0.00008768289228955133 -0.9999999961558548
vn 3.3357540601408135e-8 0.00008768289228955133 -0.9999999961558548
vn 0.00004395660259762024 0.00036164003296538806 -0.9999999336421497
vn 0.00004395660259762024 0.00036164003296538806 -0.9999999336421497
vn 0.00004395660259762024 0.00036164003296538806 -0.9999999336421497
vn 0.0000014658390906732634 -0.00002097149080773729 -0.9999999997790241
vn 0.0000014658390906732634 -0.00002097149080773729 -0.9999999997790241
vn 0.0000014658390906732634 -0.00002097149080773729 -0.9999999997790241
vn 0.000040166687279834445 0.00010660530027907659 -0.9999999935109736
vn 0.000040166687279834445 0.00010660530027907659 -0.9999999935109736
vn 0.000040166687279834445 0.00010660530027907659 -0.9999999935109736
vn -0.000034654487513191584 0.00000957887549993088 -0.9999999993536559
vn -0.000034654487513191584 0.00000957887549993088 -0.9999999993536559
vn -0.000034654487513191584 0.00000957887549993088 -0.9999999993536559
vn -0.00010684381313973035 -0.00008520291078206515 -0.9999999906624318
vn -0.00010684381313973035 -0.00008520291078206515 -0.9999999906624318
vn -0.00010684381313973035 -0.00008520291078206515 -0.9999999906624318
vn -0.000011238726975889531 -0.00003559727335662498 -0.9999999993032627
vn -0.000011238726975889531 -0.00003559727335662498 -0.9999999993032627
vn -0.000011238726975889531 -0.00003559727335662498 -0.9999999993032627
vn 0.00038481489960496103 0.0004106383796516227 -0.9999998416467945
vn 0.00038481489960496103 0.0004106383796516227 -0.9999998416467945
vn 0.00038481489960496103 0.0004106383796516227 -0.9999998416467945
vn -0.00020784207143524855 -0.00037446374637685296 -0.9999999082892836
vn -0.00020784207143524855 -0.00037446374637685296 -0.9999999082892836
vn -0.00020784207143524855 -0.00037446374637685296 -0.9999999082892836
vn 0.000050719947496309195 -0.0003398168775829098 -0.9999999409759868
vn 0.000050719947496309195 -0.0003398168775829098 -0.9999999409759868
vn 0.000050719947496309195 -0.0003398168775829098 -0.9999999409759868
vn 0.00001023974891385636 0.000023534741550499373 -0.9999999996706317
vn 0.00001023974891385636 0.000023534741550499373 -0.9999999996706317
vn 0.00001023974891385636 0.000023534741550499373 -0.9999999996706317
vn -0.00009450882404039027 -0.00010529815957952331 -0.9999999899901898
vn -0.00009450882404039027 -0.00010529815957952331 -0.9999999899901898
vn -0.00009450882404039027 -0.00010529815957952331 -0.9999999899901898
vn 0.0002407011813950588 0.00018119851559548065 -0.9999999546150184
vn 0.0002407011813950588 0.00018119851559548065 -0.9999999546150184
vn 0.0002407011813950588 0.00018119851559548065 -0.9999999546150184
vn -0.6128120457075562 -0.7901142284326048 -0.01345000609923591
vn -0.6128120457075562 -0.7901142284326048 -0.01345000609923591
vn -0.6128120457075562 -0.7901142284326048 -0.01345000609923591
vn -0.6098790168791088 -0.7923211455382675 -0.016576703637916863
vn -0.6098790168791088 -0.7923211455382675 -0.016576703637916863
vn -0.6098790168791088 -0.7923211455382675 -0.016576703637916863
vn -0.4254685018333334 -0.9048817102543913 0.012870291169449918
vn -0.4254685018333334 -0.9048817102543913 0.012870291169449918
vn -0.4254685018333334 -0.9048817102543913 0.012870291169449918
vn -0.3316475805981704 -0.9410100740895649 -0.06715595837549827
vn -0.3316475805981704 -0.9410100740895649 -0.06715595837549827
vn -0.3316475805981704 -0.9410100740895649 -0.06715595837549827
vn -0.17344711239448932 -0.9810438479833588 0.08642376719408847
vn -0.17344711239448932 -0.9810438479833588 0.08642376719408847
vn -0.17344711239448932 -0.9810438479833588 0.08642376719408847
vn 0.16034224862895535 -0.975810184383575 -0.14860971488399968
vn 0.16034224862895535 -0.975810184383575 -0.14860971488399968
vn 0.16034224862895535 -0.975810184383575 -0.14860971488399968
vn 0.08524363254769626 -0.9955225314559768 -0.04084620513043309
vn 0.08524363254769626 -0.9955225314559768 -0.04084620513043309
vn 0.08524363254769626 -0.9955225314559768 -0.04084620513043309
vn 0.3009390450304275 -0.9530569649204071 0.03343819362459609
vn 0.3009390450304275 -0.9530569649204071 0.03343819362459609
vn 0.3009390450304275 -0.9530569649204071 0.03343819362459609
vn 0.5426543400993357 -0.8396464061395199 0.02280745115840435
vn 0.5426543400993357 -0.8396464061395199 0.02280745115840435
vn 0.5426543400993357 -0.8396464061395199 0.02280745115840435
vn 0.6377348192443906 -0.7678081855226064 -0.06135870409165541
vn 0.6377348192443906 -0.7678081855226064 -0.06135870409165541
vn 0.6377348192443906 -0.7678081855226064 -0.06135870409165541
vn 0.5028522595665982 0.8632664654732631 -0.04371057810262971
vn 0.5028522595665982 0.8632664654732631 -0.04371057810262971
vn 0.5028522595665982 0.8632664654732631 -0.04371057810262971
vn 0.5126553287085515 0.8580926839591121 -0.02935063342714319
vn 0.5126553287085515 0.8580926839591121 -0.02935063342714319
vn 0.5126553287085515 0.8580926839591121 -0.02935063342714319
vn 0.15201901999051573 0.9848569974653433 -0.08334813797963292
vn 0.15201901999051573 0.9848569974653433 -0.08334813797963292
vn 0.15201901999051573 0.9848569974653433 -0.08334813797963292
vn 0.029998397554621282 0.9983039531608362 0.04989301802458889
vn 0.029998397554621282 0.9983039531608362 0.04989301802458889
vn 0.029998397554621282 0.9983039531608362 0.04989301802458889
vn -0.22316563424669825 0.9747629890655538 0.005849345198918635
vn -0.22316563424669825 0.9747629890655538 0.005849345198918635
vn -0.22316563424669825 0.9747629890655538 0.005849345198918635
vn -0.2606677945153151 0.9643903734381909 -0.04476056883316032
vn -0.2606677945153151 0.9643903734381909 -0.04476056883316032
vn -0.2606677945153151 0.9643903734381909 -0.04476056883316032
vn -0.48034588124261324 0.8763309830614653 0.03621936636363458
vn -0.48034588124261324 0.8763309830614653 0.03621936636363458
vn -0.48034588124261324 0.8763309830614653 0.03621936636363458
vn -0.5892729800696391 0.8072919306361472 -0.032203939038707295
vn -0.5892729800696391 0.8072919306361472 -0.032203939038707295
vn -0.5892729800696391 0.8072919306361472 -0.032203939038707295
vn -0.9831891108634133 -0.004862176278504339 -0.18252542705455452
vn -0.9831891108634133 -0.004862176278504339 -0.18252542705455452
vn -0.9831891108634133 -0.004862176278504339 -0.18252542705455452
vn -0.9762915448387638 -0.04558112880092521 -0.2116061912458458
vn -0.9762915448387638 -0.04558112880092521 -0.2116061912458458
vn -0.9762915448387638 -0.04558112880092521 -0.2116061912458458
vn -0.7378877255521009 0.0294287310685054 -0.6742815838114261
vn -0.7378877255521009 0.0294287310685054 -0.6742815838114261
vn -0.7378877255521009 0.0294287310685054 -0.6742815838114261
vn -0.8433955899207012 -0.11378704744875856 -0.5251060718894864
vn -0.8433955899207012 -0.11378704744875856 -0.5251060718894864
vn -0.8433955899207012 -0.11378704744875856 -0.5251060718894864
vn -0.6106498855618625 0.14511688096734543 -0.7784907244929729
vn -0.6106498855618625 0.14511688096734543 -0.7784907244929729
vn -0.6106498855618625 0.14511688096734543 -0.7784907244929729
vn -0.5063661901116063 -0.16970994961873756 -0.8454536146426141
vn -0.5063661901116063 -0.16970994961873756 -0.8454536146426141
vn -0.5063661901116063 -0.16970994961873756 -0.8454536146426141
vn -0.20181602681868327 -0.16576375430488666 -0.965294084244729
vn -0.20181602681868327 -0.16576375430488666 -0.965294084244729
vn -0.20181602681868327 -0.16576375430488666 -0.965294084244729
vn 0.07293933677471796 0.07202807860771789 -0.9947320287609848
vn 0.07293933677471796 0.07202807860771789 -0.9947320287609848
vn 0.07293933677471796 0.07202807860771789 -0.9947320287609848
vn 0.1890790484184874 -0.4740418846152592 -0.8599612811514089
vn 0.1890790484184874 -0.4740418846152592 -0.8599612811514089
vn 0.1890790484184874 -0.4740418846152592 -0.8599612811514089
vn 0.26199302490924836 0.01720991012802742 -0.9649163040866744
vn 0.26199302490924836 0.01720991012802742 -0.9649163040866744
vn 0.26199302490924836 0.01720991012802742 -0.9649163040866744
vn 0.4773782285905328 -0.1355627205340824 -0.8681778479488886
vn 0.4773782285905328 -0.1355627205340824 -0.8681778479488886
vn 0.4773782285905328 -0.1355627205340824 -0.8681778479488886
vn 0.48919391541688406 -0.0036931626896119407 -0.8721672280408423
vn 0.48919391541688406 -0.0036931626896119407 -0.8721672280408423
vn 0.48919391541688406 -0.0036931626896119407 -0.8721672280408423
vn 0.756342834928623 -0.09527080589912476 -0.6472008881293851
vn 0.756342834928623 -0.09527080589912476 -0.6472008881293851
vn 0.756342834928623 -0.09527080589912476 -0.6472008881293851
vn 0.9199922656230369 -0.06299038959570943 -0.38684162393978777
vn 0.9199922656230369 -0.06299038959570943 -0.38684162393978777
vn 0.9199922656230369 -0.06299038959570943 -0.38684162393978777
vn 0.9997858015418024 -0.012927275417827426 -0.016162814906046662
vn 0.9997858015418024 -0.012927275417827426 -0.016162814906046662
vn 0.9997858015418024 -0.012927275417827426 -0.016162814906046662
vn 0.9986614840898703 -0.036488500427676436 -0.03665828053738063
vn 0.9986614840898703 -0.036488500427676436 -0.03665828053738063
vn 0.9986614840898703 -0.036488500427676436 -0.03665828053738063
vn 0.9989270840597303 -0.04586951187305279 -0.0063771947165327985
vn 0.9989270840597303 -0.04586951187305279 -0.0063771947165327985
vn 0.9989270840597303 -0.04586951187305279 -0.0063771947165327985
vn -0.17362986374253173 -0.3365635250490717 -0.9255148102668552
vn -0.17362986374253173 -0.3365635250490717 -0.9255148102668552
vn -0.17362986374253173 -0.3365635250490717 -0.9255148102668552
vn -0.8735012968178401 -0.48674356714853706 0.008728361648645424
vn -0.8735012968178401 -0.48674356714853706 0.008728361648645424
vn -0.8735012968178401 -0.48674356714853706 0.008728361648645424
vn -0.9652993604440143 -0.26111972130185357 0.0036926783801571102
vn -0.9652993604440143 -0.26111972130185357 0.0036926783801571102
vn -0.9652993604440143 -0.26111972130185357 0.0036926783801571102
vn -0.9850146179537701 -0.17096273609918788 -0.022758411255357134
vn -0.9850146179537701 -0.17096273609918788 -0.022758411255357134
vn -0.9850146179537701 -0.17096273609918788 -0.022758411255357134
vn -0.9970692681212663 -0.07650075326518269 -0.0007136651751652957
vn -0.9970692681212663 -0.07650075326518269 -0.0007136651751652957
vn -0.9970692681212663 -0.07650075326518269 -0.0007136651751652957
vn 0.7513577552715158 -0.6592977827881027 0.028070575413429447
vn 0.7513577552715158 -0.6592977827881027 0.028070575413429447
vn 0.7513577552715158 -0.6592977827881027 0.028070575413429447
vn 0.6351015994140753 0.05905045783702165 -0.7701681646568634
vn 0.6351015994140753 0.05905045783702165 -0.7701681646568634
vn 0.6351015994140753 0.05905045783702165 -0.7701681646568634
vn 0.8692627019186115 -0.4941644408110755 -0.013559516622355971
vn 0.8692627019186115 -0.4941644408110755 -0.013559516622355971
vn 0.8692627019186115 -0.4941644408110755 -0.013559516622355971
vn 0.9632270527365849 -0.2685395830534548 -0.00895193888881592
vn 0.9632270527365849 -0.2685395830534548 -0.00895193888881592
vn 0.9632270527365849 -0.2685395830534548 -0.00895193888881592
vn 0.9560727240224495 0.02051026137026779 -0.29241114130418594
vn 0.9560727240224495 0.02051026137026779 -0.29241114130418594
vn 0.9560727240224495 0.02051026137026779 -0.29241114130418594
vn 0.999494700619623 -0.023908394146394632 0.02094593331963775
vn 0.999494700619623 -0.023908394146394632 0.02094593331963775
vn 0.999494700619623 -0.023908394146394632 0.02094593331963775
vn 0.8754723244631398 -0.013740286501899356 -0.4830728864529167
vn 0.8754723244631398 -0.013740286501899356 -0.4830728864529167
vn 0.8754723244631398 -0.013740286501899356 -0.4830728864529167
vn -0.8909652994368972 0.012393828711236525 -0.45390222318159784
vn -0.8909652994368972 0.012393828711236525 -0.45390222318159784
vn -0.8909652994368972 0.012393828711236525 -0.45390222318159784
vn -0.7477232985936123 -0.6634650383115251 0.02690746510866094
vn -0.7477232985936123 -0.6634650383115251 0.02690746510866094
vn -0.7477232985936123 -0.6634650383115251 0.02690746510866094
vn -0.969514845140191 -0.14166001951258472 -0.19993349875517555
vn -0.969514845140191 -0.14166001951258472 -0.19993349875517555
vn -0.969514845140191 -0.14166001951258472 -0.19993349875517555
vn -0.9307562799142773 -0.3132536143649372 -0.18858663920712537
vn -0.9307562799142773 -0.3132536143649372 -0.18858663920712537
vn -0.9307562799142773 -0.3132536143649372 -0.18858663920712537
vn -0.5375496717396209 -0.7541956266621322 -0.3771330098736245
vn -0.5375496717396209 -0.7541956266621322 -0.3771330098736245
vn -0.5375496717396209 -0.7541956266621322 -0.3771330098736245
vn -0.9191445731794605 -0.2887596793411186 -0.26793861457722307
vn -0.9191445731794605 -0.2887596793411186 -0.26793861457722307
vn -0.9191445731794605 -0.2887596793411186 -0.26793861457722307
vn -0.8378455636643897 -0.5456246732205683 -0.01756494864351495
vn -0.8378455636643897 -0.5456246732205683 -0.01756494864351495
vn -0.8378455636643897 -0.5456246732205683 -0.01756494864351495
vn -0.9943950910633198 -0.10518993583638356 0.010652711763174944
vn -0.9943950910633198 -0.10518993583638356 0.010652711763174944
vn -0.9943950910633198 -0.10518993583638356 0.010652711763174944
vn -0.26064136046344677 -0.4323815607508208 -0.8631988572388449
vn -0.26064136046344677 -0.4323815607508208 -0.8631988572388449
vn -0.26064136046344677 -0.4323815607508208 -0.8631988572388449
vn -0.02688635507985706 -0.9951501469435969 -0.09462192636306534
vn -0.02688635507985706 -0.9951501469435969 -0.09462192636306534
vn -0.02688635507985706 -0.9951501469435969 -0.09462192636306534
vn -0.8589696128019444 -0.1743327197724031 -0.4814346342959077
vn -0.8589696128019444 -0.1743327197724031 -0.4814346342959077
vn -0.8589696128019444 -0.1743327197724031 -0.4814346342959077
vn -0.7386748780430445 -0.5176051847862478 -0.43179196059038377
vn -0.7386748780430445 -0.5176051847862478 -0.43179196059038377
vn -0.7386748780430445 -0.5176051847862478 -0.43179196059038377
vn -0.652512850891618 -0.4243266002793549 -0.6278327131622384
vn -0.652512850891618 -0.4243266002793549 -0.6278327131622384
vn -0.652512850891618 -0.4243266002793549 -0.6278327131622384
vn 0.10041356061096574 -0.6456173641889131 -0.7570306043372277
vn 0.10041356061096574 -0.6456173641889131 -0.7570306043372277
vn 0.10041356061096574 -0.6456173641889131 -0.7570306043372277
vn 0.5423591193896875 -0.722427375751787 -0.42888841483447515
vn 0.5423591193896875 -0.722427375751787 -0.42888841483447515
vn 0.5423591193896875 -0.722427375751787 -0.42888841483447515
vn 0.7736541859576258 -0.5753261618541105 -0.2654411573898463
vn 0.7736541859576258 -0.5753261618541105 -0.2654411573898463
vn 0.7736541859576258 -0.5753261618541105 -0.2654411573898463
vn 0.8848327357473208 -0.40923985650063194 -0.22269658641581005
vn 0.8848327357473208 -0.40923985650063194 -0.22269658641581005
vn 0.8848327357473208 -0.40923985650063194 -0.22269658641581005
vn 0.9479483023647272 -0.21922429492631654 -0.23094311974573087
vn 0.9479483023647272 -0.21922429492631654 -0.23094311974573087
vn 0.9479483023647272 -0.21922429492631654 -0.23094311974573087
vn 0.9202971619502033 -0.39097411124713244 0.01387004112885239
vn 0.9202971619502033 -0.39097411124713244 0.01387004112885239
vn 0.9202971619502033 -0.39097411124713244 0.01387004112885239
vn -0.5962184034565714 -0.4901628463864725 -0.6358175834325505
vn -0.5962184034565714 -0.4901628463864725 -0.6358175834325505
vn -0.5962184034565714 -0.4901628463864725 -0.6358175834325505
vn -0.36305496201390214 -0.12728814817448023 -0.9230324056561588
vn -0.36305496201390214 -0.12728814817448023 -0.9230324056561588
vn -0.36305496201390214 -0.12728814817448023 -0.9230324056561588
vn 0.368608954125327 -0.6704464005243339 -0.6439169689972434
vn 0.368608954125327 -0.6704464005243339 -0.6439169689972434
vn 0.368608954125327 -0.6704464005243339 -0.6439169689972434
vn 0.9729764516645081 -0.2028810840419192 -0.11025466087344686
vn 0.9729764516645081 -0.2028810840419192 -0.11025466087344686
vn 0.9729764516645081 -0.2028810840419192 -0.11025466087344686
vn 0.993292981065926 -0.07162933751352031 -0.09076503606863207
vn 0.993292981065926 -0.07162933751352031 -0.09076503606863207
vn 0.993292981065926 -0.07162933751352031 -0.09076503606863207
vn 0.987951820353956 -0.15461266122582154 0.006791586557936073
vn 0.987951820353956 -0.15461266122582154 0.006791586557936073
vn 0.987951820353956 -0.15461266122582154 0.006791586557936073
vn 0.8262277933896951 -0.4122132406999044 -0.38396338057434354
vn 0.8262277933896951 -0.4122132406999044 -0.38396338057434354
vn 0.8262277933896951 -0.4122132406999044 -0.38396338057434354
vn -0.8091408434525456 -0.5020903239823359 -0.3052808576052813
vn -0.8091408434525456 -0.5020903239823359 -0.3052808576052813
vn -0.8091408434525456 -0.5020903239823359 -0.3052808576052813
vn 0.6312682728616094 -0.4974729795570908 -0.594996640569433
vn 0.6312682728616094 -0.4974729795570908 -0.594996640569433
vn 0.6312682728616094 -0.4974729795570908 -0.594996640569433
vn 0.3791240505794272 -0.599715062272509 -0.7047033406730299
vn 0.3791240505794272 -0.599715062272509 -0.7047033406730299
vn 0.3791240505794272 -0.599715062272509 -0.7047033406730299
vn -0.246498644303343 -0.7839196918848795 -0.5698318480321449
vn -0.246498644303343 -0.7839196918848795 -0.5698318480321449
vn -0.246498644303343 -0.7839196918848795 -0.5698318480321449
vn 0.9983086225891582 0.0077980735319569915 -0.05761149289271926
vn 0.9983086225891582 0.0077980735319569915 -0.05761149289271926
vn 0.9983086225891582 0.0077980735319569915 -0.05761149289271926
vn -0.9969457056721002 0.013059785936515043 -0.07699806447730162
vn -0.9969457056721002 0.013059785936515043 -0.07699806447730162
vn -0.9969457056721002 0.013059785936515043 -0.07699806447730162
vn -0.9984721749071483 0.05444637799254215 0.009429096440386182
vn -0.9984721749071483 0.05444637799254215 0.009429096440386182
vn -0.9984721749071483 0.05444637799254215 0.009429096440386182
vn -0.8599036422658363 0.510391180893735 -0.008158951148709768
vn -0.8599036422658363 0.510391180893735 -0.008158951148709768
vn -0.8599036422658363 0.510391180893735 -0.008158951148709768
vn -0.8267029459191605 0.5622631863487487 0.02055111883898573
vn -0.8267029459191605 0.5622631863487487 0.02055111883898573
vn -0.8267029459191605 0.5622631863487487 0.02055111883898573
vn -0.6608760227215855 0.7500663252506842 0.025365139791314578
vn -0.6608760227215855 0.7500663252506842 0.025365139791314578
vn -0.6608760227215855 0.7500663252506842 0.025365139791314578
vn 0.30286995396209976 0.9525187869391145 0.03126901845330916
vn 0.30286995396209976 0.9525187869391145 0.03126901845330916
vn 0.30286995396209976 0.9525187869391145 0.03126901845330916
vn 0.6719822366447086 0.7395392743144751 0.03900686324731483
vn 0.6719822366447086 0.7395392743144751 0.03900686324731483
vn 0.6719822366447086 0.7395392743144751 0.03900686324731483
vn 0.8350367637946635 0.5501940906971806 -0.00025626790293230235
vn 0.8350367637946635 0.5501940906971806 -0.00025626790293230235
vn 0.8350367637946635 0.5501940906971806 -0.00025626790293230235
vn 0.8207515081837137 0.5710204978677861 -0.01739404579116249
vn 0.8207515081837137 0.5710204978677861 -0.01739404579116249
vn 0.8207515081837137 0.5710204978677861 -0.01739404579116249
vn 0.9760274446953949 0.21741232623267998 -0.010114722115446425
vn 0.9760274446953949 0.21741232623267998 -0.010114722115446425
vn 0.9760274446953949 0.21741232623267998 -0.010114722115446425
vn -0.8745940306500932 0.33623787679448647 -0.34932702695319673
vn -0.8745940306500932 0.33623787679448647 -0.34932702695319673
vn -0.8745940306500932 0.33623787679448647 -0.34932702695319673
vn -0.9559146300912013 0.24338735983938764 -0.16428576641941353
vn -0.9559146300912013 0.24338735983938764 -0.16428576641941353
vn -0.9559146300912013 0.24338735983938764 -0.16428576641941353
vn -0.9995135992974761 0.028522222469376083 -0.012611409311088052
vn -0.9995135992974761 0.028522222469376083 -0.012611409311088052
vn -0.9995135992974761 0.028522222469376083 -0.012611409311088052
vn -0.9760772989040426 0.12134976445257549 -0.1804088169449957
vn -0.9760772989040426 0.12134976445257549 -0.1804088169449957
vn -0.9760772989040426 0.12134976445257549 -0.1804088169449957
vn -0.2717895251447306 0.5597689833607905 -0.7828084946452926
vn -0.2717895251447306 0.5597689833607905 -0.7828084946452926
vn -0.2717895251447306 0.5597689833607905 -0.7828084946452926
vn 0.07950975893815841 0.35183147250411534 -0.9326804453772911
vn 0.07950975893815841 0.35183147250411534 -0.9326804453772911
vn 0.07950975893815841 0.35183147250411534 -0.9326804453772911
vn -0.14578735943190366 0.8815674255166122 -0.44898209329313477
vn -0.14578735943190366 0.8815674255166122 -0.44898209329313477
vn -0.14578735943190366 0.8815674255166122 -0.44898209329313477
vn 0.6145922574815412 0.63387316807763 -0.4695542182059187
vn 0.6145922574815412 0.63387316807763 -0.4695542182059187
vn 0.6145922574815412 0.63387316807763 -0.4695542182059187
vn 0.35271734240193464 0.08472323475537999 -0.9318865005254132
vn 0.35271734240193464 0.08472323475537999 -0.9318865005254132
vn 0.35271734240193464 0.08472323475537999 -0.9318865005254132
vn 0.7899994359123743 0.30886412077430975 -0.52962613809785
vn 0.7899994359123743 0.30886412077430975 -0.52962613809785
vn 0.7899994359123743 0.30886412077430975 -0.52962613809785
vn 0.8855109357008855 0.3972218100451303 -0.24100874751471724
vn 0.8855109357008855 0.3972218100451303 -0.24100874751471724
vn 0.8855109357008855 0.3972218100451303 -0.24100874751471724
vn 0.5876386121096513 0.5422076541828319 -0.6005761577879973
vn 0.5876386121096513 0.5422076541828319 -0.6005761577879973
vn 0.5876386121096513 0.5422076541828319 -0.6005761577879973
vn 0.3814862973694263 0.18675176834332474 -0.9053131954964575
vn 0.3814862973694263 0.18675176834332474 -0.9053131954964575
vn 0.3814862973694263 0.18675176834332474 -0.9053131954964575
vn 0.358846344924943 0.8121552059641514 -0.4600361096254678
vn 0.358846344924943 0.8121552059641514 -0.4600361096254678
vn 0.358846344924943 0.8121552059641514 -0.4600361096254678
vn 0.7429737105617233 0.5712137416779716 -0.34886233206294465
vn 0.7429737105617233 0.5712137416779716 -0.34886233206294465
vn 0.7429737105617233 0.5712137416779716 -0.34886233206294465
vn 0.9558049963255403 0.29375743641070634 0.011974036601901621
vn 0.9558049963255403 0.29375743641070634 0.011974036601901621
vn 0.9558049963255403 0.29375743641070634 0.011974036601901621
vn 0.929955121061013 -0.003200641820187784 -0.3676591202518106
vn 0.929955121061013 -0.003200641820187784 -0.3676591202518106
vn 0.929955121061013 -0.003200641820187784 -0.3676591202518106
vn 0.9424819522718937 0.00804861649698861 -0.33416012541032586
vn 0.9424819522718937 0.00804861649698861 -0.33416012541032586
vn 0.9424819522718937 0.00804861649698861 -0.33416012541032586
vn 0.8442538475907732 0.02753964097587447 -0.5352354706137248
vn 0.8442538475907732 0.02753964097587447 -0.5352354706137248
vn 0.8442538475907732 0.02753964097587447 -0.5352354706137248
vn 0.8198696162600612 0.007369826822632496 -0.5725028366621291
vn 0.8198696162600612 0.007369826822632496 -0.5725028366621291
vn 0.8198696162600612 0.007369826822632496 -0.5725028366621291
vn 0.9332603091241527 0.3052887875697835 -0.1892721627647935
vn 0.9332603091241527 0.3052887875697835 -0.1892721627647935
vn 0.9332603091241527 0.3052887875697835 -0.1892721627647935
vn 0.9987747580009744 0.04921523437648555 0.005181069905227326
vn 0.9987747580009744 0.04921523437648555 0.005181069905227326
vn 0.9987747580009744 0.04921523437648555 0.005181069905227326
vn 0.9961672926118413 0.08424027928672549 -0.02354358672948161
vn 0.9961672926118413 0.08424027928672549 -0.02354358672948161
vn 0.9961672926118413 0.08424027928672549 -0.02354358672948161
vn 0.9892292075059709 -0.008071757895750672 -0.14615205007655974
vn 0.9892292075059709 -0.008071757895750672 -0.14615205007655974
vn 0.9892292075059709 -0.008071757895750672 -0.14615205007655974
vn 0.9988940255467283 0.039321761174060936 -0.025778379026272752
vn 0.9988940255467283 0.039321761174060936 -0.025778379026272752
vn 0.9988940255467283 0.039321761174060936 -0.025778379026272752
vn 0.9764615992295382 0.12156200532097615 -0.17817245604311446
vn 0.9764615992295382 0.12156200532097615 -0.17817245604311446
vn 0.9764615992295382 0.12156200532097615 -0.17817245604311446
vn -0.894523090752856 0.01929802834301694 -0.4466050002093908
vn -0.894523090752856 0.01929802834301694 -0.4466050002093908
vn -0.894523090752856 0.01929802834301694 -0.4466050002093908
vn -0.9330691746907318 -0.01626635165583767 -0.3593289872049918
vn -0.9330691746907318 -0.01626635165583767 -0.3593289872049918
vn -0.9330691746907318 -0.01626635165583767 -0.3593289872049918
vn -0.9958294957908228 0.017948992066985102 -0.08945081887146113
vn -0.9958294957908228 0.017948992066985102 -0.08945081887146113
vn -0.9958294957908228 0.017948992066985102 -0.08945081887146113
vn -0.12529809822557753 0.14497739133992352 -0.9814692774515789
vn -0.12529809822557753 0.14497739133992352 -0.9814692774515789
vn -0.12529809822557753 0.14497739133992352 -0.9814692774515789
vn -0.6494801696013364 -0.0320181216055483 -0.7597041194988161
vn -0.6494801696013364 -0.0320181216055483 -0.7597041194988161
vn -0.6494801696013364 -0.0320181216055483 -0.7597041194988161
vn -0.7440974756246617 0.01818360399000699 -0.6678235570230664
vn -0.7440974756246617 0.01818360399000699 -0.6678235570230664
vn -0.7440974756246617 0.01818360399000699 -0.6678235570230664
vn -0.8189597685782863 -0.0153192159901263 -0.5736464233930579
vn -0.8189597685782863 -0.0153192159901263 -0.5736464233930579
vn -0.8189597685782863 -0.0153192159901263 -0.5736464233930579
vn -0.8815793814497723 0.3048748908961565 -0.36037354939519867
vn -0.8815793814497723 0.3048748908961565 -0.36037354939519867
vn -0.8815793814497723 0.3048748908961565 -0.36037354939519867
vn -0.5307014002356458 0.7245939988942417 -0.43968120332165256
vn -0.5307014002356458 0.7245939988942417 -0.43968120332165256
vn -0.5307014002356458 0.7245939988942417 -0.43968120332165256
vn -0.5803338945603044 0.5801127613258902 -0.5715608060139533
vn -0.5803338945603044 0.5801127613258902 -0.5715608060139533
vn -0.5803338945603044 0.5801127613258902 -0.5715608060139533
vn -0.7683082724361935 0.5542011192732214 -0.3202553948061146
vn -0.7683082724361935 0.5542011192732214 -0.3202553948061146
vn -0.7683082724361935 0.5542011192732214 -0.3202553948061146
vn -0.9571160902351186 0.2896407315664086 0.006085756379959675
vn -0.9571160902351186 0.2896407315664086 0.006085756379959675
vn -0.9571160902351186 0.2896407315664086 0.006085756379959675
vn -0.9739627262024934 0.22642242954825523 -0.011379427299844943
vn -0.9739627262024934 0.22642242954825523 -0.011379427299844943
vn -0.9739627262024934 0.22642242954825523 -0.011379427299844943
vn -0.2646585184859043 -0.013343233077135636 -0.9642498777411875
vn -0.2646585184859043 -0.013343233077135636 -0.9642498777411875
vn -0.2646585184859043 -0.013343233077135636 -0.9642498777411875
vn -0.7390576640566091 0.4416041695854433 -0.5087037709747583
vn -0.7390576640566091 0.4416041695854433 -0.5087037709747583
vn -0.7390576640566091 0.4416041695854433 -0.5087037709747583
vn -0.46525331939505266 0.012828148793336814 -0.8850846215986475
vn -0.46525331939505266 0.012828148793336814 -0.8850846215986475
vn -0.46525331939505266 0.012828148793336814 -0.8850846215986475
vn 0.1762345405948572 0.8507570492627808 -0.4951301140417598
vn 0.1762345405948572 0.8507570492627808 -0.4951301140417598
vn 0.1762345405948572 0.8507570492627808 -0.4951301140417598
vn 0.8743663352196596 0.36870327262912145 -0.31550183610736343
vn 0.8743663352196596 0.36870327262912145 -0.31550183610736343
vn 0.8743663352196596 0.36870327262912145 -0.31550183610736343
vn 0.6600383397286432 0.00791935794217885 -0.7511901715664548
vn 0.6600383397286432 0.00791935794217885 -0.7511901715664548
vn 0.6600383397286432 0.00791935794217885 -0.7511901715664548
vn -0.34857700429602745 0.7902968191608821 -0.5039097237603171
vn -0.34857700429602745 0.7902968191608821 -0.5039097237603171
vn -0.34857700429602745 0.7902968191608821 -0.5039097237603171
vn 0.999529975351551 -0.0023228065519290265 0.03056849593045388
vn 0.999529975351551 -0.0023228065519290265 0.03056849593045388
vn 0.999529975351551 -0.0023228065519290265 0.03056849593045388
vn 0.9717694629586735 0.0030175841285119934 0.23591313029808028
vn 0.9717694629586735 0.0030175841285119934 0.23591313029808028
vn 0.9717694629586735 0.0030175841285119934 0.23591313029808028
vn 0.9540535673393422 -0.006872844319961062 0.2995572644053695
vn 0.9540535673393422 -0.006872844319961062 0.2995572644053695
vn 0.9540535673393422 -0.006872844319961062 0.2995572644053695
vn 0.8768745228429426 0.004544089167457068 0.4806978494258111
vn 0.8768745228429426 0.004544089167457068 0.4806978494258111
vn 0.8768745228429426 0.004544089167457068 0.4806978494258111
vn 0.7067955153203636 0.012614431821177587 0.7073054330576365
vn 0.7067955153203636 0.012614431821177587 0.7073054330576365
vn 0.7067955153203636 0.012614431821177587 0.7073054330576365
vn 0.7929165150598969 -0.010379012395659297 0.6092418864843084
vn 0.7929165150598969 -0.010379012395659297 0.6092418864843084
vn 0.7929165150598969 -0.010379012395659297 0.6092418864843084
vn 0.44778287367378594 -0.00770476552843076 0.8941091290399613
vn 0.44778287367378594 -0.00770476552843076 0.8941091290399613
vn 0.44778287367378594 -0.00770476552843076 0.8941091290399613
vn 0.4340207695512685 -0.012123089615428503 0.9008212932076488
vn 0.4340207695512685 -0.012123089615428503 0.9008212932076488
vn 0.4340207695512685 -0.012123089615428503 0.9008212932076488
vn 0.11152903673320053 0.007445776793480174 0.9937332813050522
vn 0.11152903673320053 0.007445776793480174 0.9937332813050522
vn 0.11152903673320053 0.007445776793480174 0.9937332813050522
vn 0.02669844017419237 -0.014083716944964379 0.9995443172812696
vn 0.02669844017419237 -0.014083716944964379 0.9995443172812696
vn 0.02669844017419237 -0.014083716944964379 0.9995443172812696
vn -0.20711596613849165 0.004952390285186461 0.9783038640427535
vn -0.20711596613849165 0.004952390285186461 0.9783038640427535
vn -0.20711596613849165 0.004952390285186461 0.9783038640427535
vn -0.3757479805893195 -0.010631623731726565 0.926660900038345
vn -0.3757479805893195 -0.010631623731726565 0.926660900038345
vn -0.3757479805893195 -0.010631623731726565 0.926660900038345
vn -0.4559537600863808 0.008004766186741438 0.8899674670353893
vn -0.4559537600863808 0.008004766186741438 0.8899674670353893
vn -0.4559537600863808 0.008004766186741438 0.8899674670353893
vn -0.7876809846527425 0.012347280996546039 0.6159595855804814
vn -0.7876809846527425 0.012347280996546039 0.6159595855804814
vn -0.7876809846527425 0.012347280996546039 0.6159595855804814
vn -0.7055293798283616 -0.011028938740151808 0.7085948466572937
vn -0.7055293798283616 -0.011028938740151808 0.7085948466572937
vn -0.7055293798283616 -0.011028938740151808 0.7085948466572937
vn -0.9065782536258178 -0.008021514027429146 0.42196152119058233
vn -0.9065782536258178 -0.008021514027429146 0.42196152119058233
vn -0.9065782536258178 -0.008021514027429146 0.42196152119058233
vn -0.9056731646292481 -0.007678344070287544 0.42390702035090305
vn -0.9056731646292481 -0.007678344070287544 0.42390702035090305
vn -0.9056731646292481 -0.007678344070287544 0.42390702035090305
vn -0.9345537612876612 0.2128682775583586 0.28512517193755965
vn -0.9345537612876612 0.2128682775583586 0.28512517193755965
vn -0.9345537612876612 0.2128682775583586 0.28512517193755965
vn -0.9683048535997226 0.009373487721583302 0.24959536899380316
vn -0.9683048535997226 0.009373487721583302 0.24959536899380316
vn -0.9683048535997226 0.009373487721583302 0.24959536899380316
vn -0.9977156071097414 0.0049444982580448054 0.06737298617855855
vn -0.9977156071097414 0.0049444982580448054 0.06737298617855855
vn -0.9977156071097414 0.0049444982580448054 0.06737298617855855
vn -0.998748586509405 -0.007742409020371339 0.04940967565190963
vn -0.998748586509405 -0.007742409020371339 0.04940967565190963
vn -0.998748586509405 -0.007742409020371339 0.04940967565190963
vn -0.5048826406916569 0.057461471162841414 -0.8612733006775615
vn -0.5048826406916569 0.057461471162841414 -0.8612733006775615
vn -0.5048826406916569 0.057461471162841414 -0.8612733006775615
vn -0.11430601709185427 0.17934694781930144 -0.9771227183749734
vn -0.11430601709185427 0.17934694781930144 -0.9771227183749734
vn -0.11430601709185427 0.17934694781930144 -0.9771227183749734
vn 0.1338297686258948 -0.12692619495365595 -0.9828424767296771
vn 0.1338297686258948 -0.12692619495365595 -0.9828424767296771
vn 0.1338297686258948 -0.12692619495365595 -0.9828424767296771
vn 0.5238853837535912 -0.023132205647622858 -0.8514746066391109
vn 0.5238853837535912 -0.023132205647622858 -0.8514746066391109
vn 0.5238853837535912 -0.023132205647622858 -0.8514746066391109
vn 0.35028382274311587 0.08056601683837761 -0.9331722030018186
vn 0.35028382274311587 0.08056601683837761 -0.9331722030018186
vn 0.35028382274311587 0.08056601683837761 -0.9331722030018186
vn 0.6229851984719483 0.035467696257768674 -0.7814291298684953
vn 0.6229851984719483 0.035467696257768674 -0.7814291298684953
vn 0.6229851984719483 0.035467696257768674 -0.7814291298684953
vn -0.0002667365224969447 -0.9154545194782105 0.40242136078810004
vn -0.0002667365224969447 -0.9154545194782105 0.40242136078810004
vn -0.0002667365224969447 -0.9154545194782105 0.40242136078810004
vn 0.00007078103791496975 -0.9152774004645728 0.4028241243878754
vn 0.00007078103791496975 -0.9152774004645728 0.4028241243878754
vn 0.00007078103791496975 -0.9152774004645728 0.4028241243878754
vn -0.00014464129010363844 -0.9153564360839501 0.40264447593203956
vn -0.00014464129010363844 -0.9153564360839501 0.40264447593203956
vn -0.00014464129010363844 -0.9153564360839501 0.40264447593203956
vn -0.0003770853779552979 -0.9154164740903037 0.40250780957727267
vn -0.0003770853779552979 -0.9154164740903037 0.40250780957727267
vn -0.0003770853779552979 -0.9154164740903037 0.40250780957727267
vn 0.000021023104733281945 -0.9152658027736614 0.4028504807383432
vn 0.000021023104733281945 -0.9152658027736614 0.4028504807383432
vn 0.000021023104733281945 -0.9152658027736614 0.4028504807383432
vn -0.00008218592166374333 -0.9153140238797878 0.40274089801566687
vn -0.00008218592166374333 -0.9153140238797878 0.40274089801566687
vn -0.00008218592166374333 -0.9153140238797878 0.40274089801566687
vn 0.0005150338310666011 -0.9152526097083256 0.4028801250524185
vn 0.0005150338310666011 -0.9152526097083256 0.4028801250524185
vn 0.0005150338310666011 -0.9152526097083256 0.4028801250524185
vn -0.0009706072802421974 -0.9155817088744228 0.4021308149049253
vn -0.0009706072802421974 -0.9155817088744228 0.4021308149049253
vn -0.0009706072802421974 -0.9155817088744228 0.4021308149049253
vn -0.0010823454948045027 -0.9156025654337654 0.402083039556927
vn -0.0010823454948045027 -0.9156025654337654 0.402083039556927
vn -0.0010823454948045027 -0.9156025654337654 0.402083039556927
vn 0.000047774479322571726 -0.9152854002395818 0.4028059505839847
vn 0.000047774479322571726 -0.9152854002395818 0.4028059505839847
vn 0.000047774479322571726 -0.9152854002395818 0.4028059505839847
vn -0.000012931662111221358 -0.9152715114582622 0.4028375108473392
vn -0.000012931662111221358 -0.9152715114582622 0.4028375108473392
vn -0.000012931662111221358 -0.9152715114582622 0.4028375108473392
vn 0.000453734716454976 -0.9152515616222856 0.40288257975838887
vn 0.000453734716454976 -0.9152515616222856 0.40288257975838887
vn 0.000453734716454976 -0.9152515616222856 0.40288257975838887
vn 0.0024681196643999087 -0.9151689022408062 0.40306300842012277
vn 0.0024681196643999087 -0.9151689022408062 0.40306300842012277
vn 0.0024681196643999087 -0.9151689022408062 0.40306300842012277
vn 0.0012260127231540142 -0.9153301207460215 0.4027024546087051
vn 0.0012260127231540142 -0.9153301207460215 0.4027024546087051
vn 0.0012260127231540142 -0.9153301207460215 0.4027024546087051
vn -0.0006760862793641382 -0.915389346117601 0.40256910949765345
vn -0.0006760862793641382 -0.915389346117601 0.40256910949765345
vn -0.0006760862793641382 -0.915389346117601 0.40256910949765345
vn 7.840939133527404e-7 1.48898550378315e-7 0.9999999999996816
vn 7.840939133527404e-7 1.48898550378315e-7 0.9999999999996816
vn 7.840939133527404e-7 1.48898550378315e-7 0.9999999999996816
vn -1.382194803052757e-8 0.0000024160044631500998 0.9999999999970814
vn -1.382194803052757e-8 0.0000024160044631500998 0.9999999999970814
vn -1.382194803052757e-8 0.0000024160044631500998 0.9999999999970814
vn 0.000001137427602767148 -0.000002307945351268791 0.99999999999669
vn 0.000001137427602767148 -0.000002307945351268791 0.99999999999669
vn 0.000001137427602767148 -0.000002307945351268791 0.99999999999669
vn 0.0000011960303254437509 -0.0000011970241757791118 0.9999999999985685
vn 0.0000011960303254437509 -0.0000011970241757791118 0.9999999999985685
vn 0.0000011960303254437509 -0.0000011970241757791118 0.9999999999985685
vn 7.574347478105171e-7 0.0000011125534911106042 0.9999999999990943
vn 7.574347478105171e-7 0.0000011125534911106042 0.9999999999990943
vn 7.574347478105171e-7 0.0000011125534911106042 0.9999999999990943
vn 4.1012054907613244e-7 0.0000019720889667911264 0.9999999999979714
vn 4.1012054907613244e-7 0.0000019720889667911264 0.9999999999979714
vn 4.1012054907613244e-7 0.0000019720889667911264 0.9999999999979714
vn 0.0000018975538296177078 -8.165598615033417e-7 0.9999999999978664
vn 0.0000018975538296177078 -8.165598615033417e-7 0.9999999999978664
vn 0.0000018975538296177078 -8.165598615033417e-7 0.9999999999978664
vn 0.00000190085722806136 -8.20254967946373e-7 0.999999999997857
vn 0.00000190085722806136 -8.20254967946373e-7 0.999999999997857
vn 0.00000190085722806136 -8.20254967946373e-7 0.999999999997857
vn -1.3582435087751987e-7 7.152460170798729e-7 0.9999999999997351
vn -1.3582435087751987e-7 7.152460170798729e-7 0.9999999999997351
vn -1.3582435087751987e-7 7.152460170798729e-7 0.9999999999997351
vn 0.000025458235516051407 -0.000036229477665027013 0.9999999990196518
vn 0.000025458235516051407 -0.000036229477665027013 0.9999999990196518
vn 0.000025458235516051407 -0.000036229477665027013 0.9999999990196518
vn 0.00009320760635828797 -0.00010516616644807032 0.9999999901262097
vn 0.00009320760635828797 -0.00010516616644807032 0.9999999901262097
vn 0.00009320760635828797 -0.00010516616644807032 0.9999999901262097
vn -6.24006361249081e-7 9.516986665397075e-7 0.9999999999993525
vn -6.24006361249081e-7 9.516986665397075e-7 0.9999999999993525
vn -6.24006361249081e-7 9.516986665397075e-7 0.9999999999993525
vn -0.0000073363571571037015 0.0000027148446405669077 0.9999999999694038
vn -0.0000073363571571037015 0.0000027148446405669077 0.9999999999694038
vn -0.0000073363571571037015 0.0000027148446405669077 0.9999999999694038
vn -0.0000010072188842963603 1.9309287324621287e-7 -0.9999999999994742
vn -0.0000010072188842963603 1.9309287324621287e-7 -0.9999999999994742
vn -0.0000010072188842963603 1.9309287324621287e-7 -0.9999999999994742
vn 6.372012535392226e-7 -3.358022695464608e-7 -0.9999999999997407
vn 6.372012535392226e-7 -3.358022695464608e-7 -0.9999999999997407
vn 6.372012535392226e-7 -3.358022695464608e-7 -0.9999999999997407
vn -7.513382342945674e-7 6.983378852961288e-7 -0.999999999999474
vn -7.513382342945674e-7 6.983378852961288e-7 -0.999999999999474
vn -7.513382342945674e-7 6.983378852961288e-7 -0.999999999999474
vn 3.271332786879753e-7 -6.020766250001949e-7 -0.9999999999997653
vn 3.271332786879753e-7 -6.020766250001949e-7 -0.9999999999997653
vn 3.271332786879753e-7 -6.020766250001949e-7 -0.9999999999997653
vn -2.4629571271361657e-8 -9.749381746360036e-8 -0.9999999999999949
vn -2.4629571271361657e-8 -9.749381746360036e-8 -0.9999999999999949
vn -2.4629571271361657e-8 -9.749381746360036e-8 -0.9999999999999949
vn -4.162400912832686e-8 -9.662473132721007e-8 -0.9999999999999944
vn -4.162400912832686e-8 -9.662473132721007e-8 -0.9999999999999944
vn -4.162400912832686e-8 -9.662473132721007e-8 -0.9999999999999944
vn 8.174633876472682e-7 -9.055793839245408e-7 -0.9999999999992559
vn 8.174633876472682e-7 -9.055793839245408e-7 -0.9999999999992559
vn 8.174633876472682e-7 -9.055793839245408e-7 -0.9999999999992559
vn 0 0 -1
vn 0 0 -1
vn 0 0 -1
vn 6.365459057619051e-7 -0.000002026839865716257 -0.9999999999977434
vn 6.365459057619051e-7 -0.000002026839865716257 -0.9999999999977434
vn 6.365459057619051e-7 -0.000002026839865716257 -0.9999999999977434
vn -0.0000039707192626550256 0.000004398731107280658 -0.9999999999824423
vn -0.0000039707192626550256 0.000004398731107280658 -0.9999999999824423
vn -0.0000039707192626550256 0.000004398731107280658 -0.9999999999824423
vn 0.0000022351418919557725 -0.0000069434458962831715 -0.9999999999733964
vn 0.0000022351418919557725 -0.0000069434458962831715 -0.9999999999733964
vn 0.0000022351418919557725 -0.0000069434458962831715 -0.9999999999733964
vn -0.8471399446317283 0.5313590106635345 0.0033935226567704483
vn -0.8471399446317283 0.5313590106635345 0.0033935226567704483
vn -0.8471399446317283 0.5313590106635345 0.0033935226567704483
vn -0.9184048968905446 0.39562422885951326 -0.0037302689961494916
vn -0.9184048968905446 0.39562422885951326 -0.0037302689961494916
vn -0.9184048968905446 0.39562422885951326 -0.0037302689961494916
vn -0.9999891102540869 0.0013447102632852981 0.004468906750821331
vn -0.9999891102540869 0.0013447102632852981 0.004468906750821331
vn -0.9999891102540869 0.0013447102632852981 0.004468906750821331
vn -0.9894599551545895 -0.1447377686019073 -0.004469394323441564
vn -0.9894599551545895 -0.1447377686019073 -0.004469394323441564
vn -0.9894599551545895 -0.1447377686019073 -0.004469394323441564
vn -0.8521681187495055 -0.5232547969988192 0.003730255306679339
vn -0.8521681187495055 -0.5232547969988192 0.003730255306679339
vn -0.8521681187495055 -0.5232547969988192 0.003730255306679339
vn -0.7621793522314664 -0.6473570275249036 -0.0033932206152179284
vn -0.7621793522314664 -0.6473570275249036 -0.0033932206152179284
vn -0.7621793522314664 -0.6473570275249036 -0.0033932206152179284
vn -0.5627645373520751 -0.8266132649304457 0.0025662696533424586
vn -0.5627645373520751 -0.8266132649304457 0.0025662696533424586
vn -0.5627645373520751 -0.8266132649304457 0.0025662696533424586
vn -0.39562988531779736 -0.9184033332807794 -0.003508740825445674
vn -0.39562988531779736 -0.9184033332807794 -0.003508740825445674
vn -0.39562988531779736 -0.9184033332807794 -0.003508740825445674
vn -0.20360501185823993 -0.9790468252136532 0.0035090148578668023
vn -0.20360501185823993 -0.9790468252136532 0.0035090148578668023
vn -0.20360501185823993 -0.9790468252136532 0.0035090148578668023
vn 0.11481705945017028 -0.9933829810161002 -0.0027010899248708633
vn 0.11481705945017028 -0.9933829810161002 -0.0027010899248708633
vn 0.11481705945017028 -0.9933829810161002 -0.0027010899248708633
vn 0.1865566555793332 -0.9824438273671157 0.000860422748879696
vn 0.1865566555793332 -0.9824438273671157 0.000860422748879696
vn 0.1865566555793332 -0.9824438273671157 0.000860422748879696
vn 0.5186575080377968 -0.854981665006157 -0.000861312557946303
vn 0.5186575080377968 -0.854981665006157 -0.000861312557946303
vn 0.5186575080377968 -0.854981665006157 -0.000861312557946303
vn 0.5483305606926834 -0.8362612361099502 0.0008609240997941448
vn 0.5483305606926834 -0.8362612361099502 0.0008609240997941448
vn 0.5483305606926834 -0.8362612361099502 0.0008609240997941448
vn 0.8063689210040341 -0.5914122271397848 -0.0008607138601806883
vn 0.8063689210040341 -0.5914122271397848 -0.0008607138601806883
vn 0.8063689210040341 -0.5914122271397848 -0.0008607138601806883
vn 0.8266144032029095 -0.5627680579641301 0.0008610184547323075
vn 0.8266144032029095 -0.5627680579641301 0.0008610184547323075
vn 0.8266144032029095 -0.5627680579641301 0.0008610184547323075
vn 0.9713106621840684 -0.23781265001082025 -0.0008608265665053012
vn 0.9713106621840684 -0.23781265001082025 -0.0008608265665053012
vn 0.9713106621840684 -0.23781265001082025 -0.0008608265665053012
vn 0.9790539537654815 -0.2035991507097909 0.0008610728366750775
vn 0.9790539537654815 -0.2035991507097909 0.0008610728366750775
vn 0.9790539537654815 -0.2035991507097909 0.0008610728366750775
vn 0.9834316550103607 0.18127651839315972 -0.0010018996143597483
vn 0.9834316550103607 0.18127651839315972 -0.0010018996143597483
vn 0.9834316550103607 0.18127651839315972 -0.0010018996143597483
vn 0.9824424422192399 0.18656472930449303 -0.0006704519643916122
vn 0.9824424422192399 0.18656472930449303 -0.0006704519643916122
vn 0.9824424422192399 0.18656472930449303 -0.0006704519643916122
vn 0.8362666266021013 0.5483179621271072 0.002354068885585148
vn 0.8362666266021013 0.5483179621271072 0.002354068885585148
vn 0.8362666266021013 0.5483179621271072 0.002354068885585148
vn 0.7422930082725746 0.6700583172997154 -0.004789706371522357
vn 0.7422930082725746 0.6700583172997154 -0.004789706371522357
vn 0.7422930082725746 0.6700583172997154 -0.004789706371522357
vn 0.5627631522505512 0.8266107406855773 0.003509679795142287
vn 0.5627631522505512 0.8266107406855773 0.003509679795142287
vn 0.5627631522505512 0.8266107406855773 0.003509679795142287
vn 0.24493072296453813 0.9695350278168379 -0.003281887303368648
vn 0.24493072296453813 0.9695350278168379 -0.003281887303368648
vn 0.24493072296453813 0.9695350278168379 -0.003281887303368648
vn 0.20360721669237247 0.9790524254645783 -0.0006704496343248474
vn 0.20360721669237247 0.9790524254645783 -0.0006704496343248474
vn 0.20360721669237247 0.9790524254645783 -0.0006704496343248474
vn -0.18656416675029425 0.9824399582551772 0.002353743472406793
vn -0.18656416675029425 0.9824399582551772 0.002353743472406793
vn -0.18656416675029425 0.9824399582551772 0.002353743472406793
vn -0.3064199320948659 0.9518903881548899 -0.0033932511417572404
vn -0.3064199320948659 0.9518903881548899 -0.0033932511417572404
vn -0.3064199320948659 0.9518903881548899 -0.0033932511417572404
vn -0.5483193448333854 0.8362650948772212 0.0025665485537961666
vn -0.5483193448333854 0.8362650948772212 0.0025665485537961666
vn -0.5483193448333854 0.8362650948772212 0.0025665485537961666
vn -0.6754932321071593 0.7373617201402112 -0.002566524749943698
vn -0.6754932321071593 0.7373617201402112 -0.002566524749943698
vn -0.6754932321071593 0.7373617201402112 -0.002566524749943698
vn 0.04455697898380027 -0.771801767894298 0.6343001708174714
vn 0.04455697898380027 -0.771801767894298 0.6343001708174714
vn 0.04455697898380027 -0.771801767894298 0.6343001708174714
vn 0.0075160339308305985 -0.7995161992495086 0.6005974994716268
vn 0.0075160339308305985 -0.7995161992495086 0.6005974994716268
vn 0.0075160339308305985 -0.7995161992495086 0.6005974994716268
vn 0.5478361920407028 -0.8193585985406285 -0.1688993596431889
vn 0.5478361920407028 -0.8193585985406285 -0.1688993596431889
vn 0.5478361920407028 -0.8193585985406285 -0.1688993596431889
vn 0.8344787368456575 -0.41770046995532056 -0.3594044450915711
vn 0.8344787368456575 -0.41770046995532056 -0.3594044450915711
vn 0.8344787368456575 -0.41770046995532056 -0.3594044450915711
vn 0.7109711259252055 -0.5195120042070922 -0.4739486634492977
vn 0.7109711259252055 -0.5195120042070922 -0.4739486634492977
vn 0.7109711259252055 -0.5195120042070922 -0.4739486634492977
vn 0.34338868540355827 -0.9242891905068736 -0.16665444203190072
vn 0.34338868540355827 -0.9242891905068736 -0.16665444203190072
vn 0.34338868540355827 -0.9242891905068736 -0.16665444203190072
vn 0.7748711874559658 -0.4205373319506744 -0.4719353719381391
vn 0.7748711874559658 -0.4205373319506744 -0.4719353719381391
vn 0.7748711874559658 -0.4205373319506744 -0.4719353719381391
vn 0.49875495483478566 -0.8142842159789112 -0.29695910599838615
vn 0.49875495483478566 -0.8142842159789112 -0.29695910599838615
vn 0.49875495483478566 -0.8142842159789112 -0.29695910599838615
vn 0.47543813768795073 -0.8482259331837563 -0.2333909670624793
vn 0.47543813768795073 -0.8482259331837563 -0.2333909670624793
vn 0.47543813768795073 -0.8482259331837563 -0.2333909670624793
vn -0.7710868055655966 -0.43723618618269616 -0.462871100604752
vn -0.7710868055655966 -0.43723618618269616 -0.462871100604752
vn -0.7710868055655966 -0.43723618618269616 -0.462871100604752
vn -0.48574433382735466 -0.8300963751644728 -0.2738474942252023
vn -0.48574433382735466 -0.8300963751644728 -0.2738474942252023
vn -0.48574433382735466 -0.8300963751644728 -0.2738474942252023
vn -0.2446256258441807 -0.960624388356724 -0.13175389054829753
vn -0.2446256258441807 -0.960624388356724 -0.13175389054829753
vn -0.2446256258441807 -0.960624388356724 -0.13175389054829753
vn -0.6778254039440087 -0.6785530574610081 -0.2830520623109106
vn -0.6778254039440087 -0.6785530574610081 -0.2830520623109106
vn -0.6778254039440087 -0.6785530574610081 -0.2830520623109106
vn -0.5839141075884557 -0.7710514153968373 -0.254015806149364
vn -0.5839141075884557 -0.7710514153968373 -0.254015806149364
vn -0.5839141075884557 -0.7710514153968373 -0.254015806149364
vn -0.19680320982283386 -0.9771525147453507 -0.08025870376642476
vn -0.19680320982283386 -0.9771525147453507 -0.08025870376642476
vn -0.19680320982283386 -0.9771525147453507 -0.08025870376642476
vn -0.00006591171479474463 -0.9999997729443164 -0.0006706466741696359
vn -0.00006591171479474463 -0.9999997729443164 -0.0006706466741696359
vn -0.00006591171479474463 -0.9999997729443164 -0.0006706466741696359
vn 0.0016565318194779182 -0.9999986276090771 -0.00002612074418482434
vn 0.0016565318194779182 -0.9999986276090771 -0.00002612074418482434
vn 0.0016565318194779182 -0.9999986276090771 -0.00002612074418482434
vn 0.0037813571462024997 -0.9999907187578839 0.0020648816487516685
vn 0.0037813571462024997 -0.9999907187578839 0.0020648816487516685
vn 0.0037813571462024997 -0.9999907187578839 0.0020648816487516685
vn 0.003090126850800401 -0.9999945582467923 0.0011552457958518467
vn 0.003090126850800401 -0.9999945582467923 0.0011552457958518467
vn 0.003090126850800401 -0.9999945582467923 0.0011552457958518467
vn 0.0037747153722302207 -0.9999907659331112 0.002054159771896003
vn 0.0037747153722302207 -0.9999907659331112 0.002054159771896003
vn 0.0037747153722302207 -0.9999907659331112 0.002054159771896003
vn 0.0005069022809773972 -0.9999996281633874 -0.0006976554769614706
vn 0.0005069022809773972 -0.9999996281633874 -0.0006976554769614706
vn 0.0005069022809773972 -0.9999996281633874 -0.0006976554769614706
vn 0.5048028958181733 -0.863223873208423 -0.004310579617080158
vn 0.5048028958181733 -0.863223873208423 -0.004310579617080158
vn 0.5048028958181733 -0.863223873208423 -0.004310579617080158
vn 0.3329937681302981 -0.8662376805380853 0.3724881624996739
vn 0.3329937681302981 -0.8662376805380853 0.3724881624996739
vn 0.3329937681302981 -0.8662376805380853 0.3724881624996739
vn 0.017418589661647735 -0.6056619362574193 0.7955314020848663
vn 0.017418589661647735 -0.6056619362574193 0.7955314020848663
vn 0.017418589661647735 -0.6056619362574193 0.7955314020848663
vn -0.04273400428981128 -0.5645474756211676 0.8242936082774909
vn -0.04273400428981128 -0.5645474756211676 0.8242936082774909
vn -0.04273400428981128 -0.5645474756211676 0.8242936082774909
vn 0.11196430155416187 -0.7743098824282584 0.6228227686520665
vn 0.11196430155416187 -0.7743098824282584 0.6228227686520665
vn 0.11196430155416187 -0.7743098824282584 0.6228227686520665
vn -0.9573667585648489 -0.01612601605414739 0.28842475830145986
vn -0.9573667585648489 -0.01612601605414739 0.28842475830145986
vn -0.9573667585648489 -0.01612601605414739 0.28842475830145986
vn 0.24614786067910524 -0.019848801563556104 0.9690290273049567
vn 0.24614786067910524 -0.019848801563556104 0.9690290273049567
vn 0.24614786067910524 -0.019848801563556104 0.9690290273049567
vn 0.37595796672676246 -0.07137846963346549 -0.9238834998675228
vn 0.37595796672676246 -0.07137846963346549 -0.9238834998675228
vn 0.37595796672676246 -0.07137846963346549 -0.9238834998675228
vn 0.3025989201165411 -0.009548640704930196 -0.9530701532442359
vn 0.3025989201165411 -0.009548640704930196 -0.9530701532442359
vn 0.3025989201165411 -0.009548640704930196 -0.9530701532442359
vn 0.1319052122958592 -0.04453972330809301 -0.9902611918159889
vn 0.1319052122958592 -0.04453972330809301 -0.9902611918159889
vn 0.1319052122958592 -0.04453972330809301 -0.9902611918159889
vn -0.30614463032899175 -0.03856242515864948 -0.9512036609930644
vn -0.30614463032899175 -0.03856242515864948 -0.9512036609930644
vn -0.30614463032899175 -0.03856242515864948 -0.9512036609930644
vn -0.02437879924329816 -0.9995459458081128 0.017708087587881616
vn -0.02437879924329816 -0.9995459458081128 0.017708087587881616
vn -0.02437879924329816 -0.9995459458081128 0.017708087587881616
vn 0.5033160526859254 -0.860188199633342 0.08215358981936553
vn 0.5033160526859254 -0.860188199633342 0.08215358981936553
vn 0.5033160526859254 -0.860188199633342 0.08215358981936553
vn 0.4684440137625476 -0.828460504299426 0.30694201209019056
vn 0.4684440137625476 -0.828460504299426 0.30694201209019056
vn 0.4684440137625476 -0.828460504299426 0.30694201209019056
vn 0.15457393211413886 -0.8013173928676833 0.5779250257589758
vn 0.15457393211413886 -0.8013173928676833 0.5779250257589758
vn 0.15457393211413886 -0.8013173928676833 0.5779250257589758
vn -0.043727654321752275 -0.9383624654335045 0.34287574383888997
vn -0.043727654321752275 -0.9383624654335045 0.34287574383888997
vn -0.043727654321752275 -0.9383624654335045 0.34287574383888997
vn -0.42897941745175294 -0.8931461977758501 0.135153722854004
vn -0.42897941745175294 -0.8931461977758501 0.135153722854004
vn -0.42897941745175294 -0.8931461977758501 0.135153722854004
vn -0.420193944475338 -0.8976477471604473 0.13291189203389572
vn -0.420193944475338 -0.8976477471604473 0.13291189203389572
vn -0.420193944475338 -0.8976477471604473 0.13291189203389572
vn -0.14210295295176653 -0.779595592522128 0.6099487379136549
vn -0.14210295295176653 -0.779595592522128 0.6099487379136549
vn -0.14210295295176653 -0.779595592522128 0.6099487379136549
vn -0.31284058070044934 -0.8563370102040473 0.4108743068406675
vn -0.31284058070044934 -0.8563370102040473 0.4108743068406675
vn -0.31284058070044934 -0.8563370102040473 0.4108743068406675
vn -0.13978818286493427 -0.8710680149713708 0.4708500581131489
vn -0.13978818286493427 -0.8710680149713708 0.4708500581131489
vn -0.13978818286493427 -0.8710680149713708 0.4708500581131489
vn -0.308194422801474 -0.8596802189817913 0.4073893946158709
vn -0.308194422801474 -0.8596802189817913 0.4073893946158709
vn -0.308194422801474 -0.8596802189817913 0.4073893946158709
vn -0.21839970182206347 -0.6300741981659359 0.745189959037014
vn -0.21839970182206347 -0.6300741981659359 0.745189959037014
vn -0.21839970182206347 -0.6300741981659359 0.745189959037014
vn -0.22271059532503912 -0.6382727645631412 0.7368906762518385
vn -0.22271059532503912 -0.6382727645631412 0.7368906762518385
vn -0.22271059532503912 -0.6382727645631412 0.7368906762518385
vn 0.34239042275051973 -0.48434484669530825 0.8050955644446308
vn 0.34239042275051973 -0.48434484669530825 0.8050955644446308
vn 0.34239042275051973 -0.48434484669530825 0.8050955644446308
vn 0.1844733338777195 -0.47258719324064463 0.8617603691705537
vn 0.1844733338777195 -0.47258719324064463 0.8617603691705537
vn 0.1844733338777195 -0.47258719324064463 0.8617603691705537
vn 0.18055121341457436 -0.4690052501589609 0.8645434255477601
vn 0.18055121341457436 -0.4690052501589609 0.8645434255477601
vn 0.18055121341457436 -0.4690052501589609 0.8645434255477601
vn 0.15220556920273023 -0.36259787719805875 0.919432566399045
vn 0.15220556920273023 -0.36259787719805875 0.919432566399045
vn 0.15220556920273023 -0.36259787719805875 0.919432566399045
vn 0.44727593118073 -0.3585552529732459 0.8193792601425193
vn 0.44727593118073 -0.3585552529732459 0.8193792601425193
vn 0.44727593118073 -0.3585552529732459 0.8193792601425193
vn -0.08297412162774859 -0.3327120568718765 0.9393710567992761
vn -0.08297412162774859 -0.3327120568718765 0.9393710567992761
vn -0.08297412162774859 -0.3327120568718765 0.9393710567992761
vn -0.2146963773001615 -0.32202812996946195 0.92206472065824
vn -0.2146963773001615 -0.32202812996946195 0.92206472065824
vn -0.2146963773001615 -0.32202812996946195 0.92206472065824
vn -0.01717694480802054 -0.2650533027525419 0.964080753498913
vn -0.01717694480802054 -0.2650533027525419 0.964080753498913
vn -0.01717694480802054 -0.2650533027525419 0.964080753498913
vn -0.7840036234549586 -0.619741088575107 0.03548663891151992
vn -0.7840036234549586 -0.619741088575107 0.03548663891151992
vn -0.7840036234549586 -0.619741088575107 0.03548663891151992
vn -0.7290067522680542 -0.6481560931312417 0.22009732866263776
vn -0.7290067522680542 -0.6481560931312417 0.22009732866263776
vn -0.7290067522680542 -0.6481560931312417 0.22009732866263776
vn -0.7975251623154774 -0.5680666529214216 -0.20311054456212851
vn -0.7975251623154774 -0.5680666529214216 -0.20311054456212851
vn -0.7975251623154774 -0.5680666529214216 -0.20311054456212851
vn -0.774454112907077 -0.5774692267795615 0.25836044419362614
vn -0.774454112907077 -0.5774692267795615 0.25836044419362614
vn -0.774454112907077 -0.5774692267795615 0.25836044419362614
vn -0.4762507919070869 -0.6208356545840307 0.6226943658048388
vn -0.4762507919070869 -0.6208356545840307 0.6226943658048388
vn -0.4762507919070869 -0.6208356545840307 0.6226943658048388
vn -0.695157886473335 -0.5211248404738036 0.4951609975705667
vn -0.695157886473335 -0.5211248404738036 0.4951609975705667
vn -0.695157886473335 -0.5211248404738036 0.4951609975705667
vn -0.6919010188514555 -0.5244240690277612 0.4962382249854234
vn -0.6919010188514555 -0.5244240690277612 0.4962382249854234
vn -0.6919010188514555 -0.5244240690277612 0.4962382249854234
vn -0.6037695329194008 -0.5288757016885693 0.596450201845646
vn -0.6037695329194008 -0.5288757016885693 0.596450201845646
vn -0.6037695329194008 -0.5288757016885693 0.596450201845646
vn -0.45643871952778126 -0.42900478774221934 0.7794989335528899
vn -0.45643871952778126 -0.42900478774221934 0.7794989335528899
vn -0.45643871952778126 -0.42900478774221934 0.7794989335528899
vn 0.17783844834685986 -0.7785894433945661 -0.601807248979373
vn 0.17783844834685986 -0.7785894433945661 -0.601807248979373
vn 0.17783844834685986 -0.7785894433945661 -0.601807248979373
vn -0.22029522953691708 -0.7177040382185411 -0.6605837761919952
vn -0.22029522953691708 -0.7177040382185411 -0.6605837761919952
vn -0.22029522953691708 -0.7177040382185411 -0.6605837761919952
vn 0.6231159128783011 -0.6906609113185579 0.367034146496563
vn 0.6231159128783011 -0.6906609113185579 0.367034146496563
vn 0.6231159128783011 -0.6906609113185579 0.367034146496563
vn 0.7080648405094216 -0.6874249445140742 0.16152748154474889
vn 0.7080648405094216 -0.6874249445140742 0.16152748154474889
vn 0.7080648405094216 -0.6874249445140742 0.16152748154474889
vn 0.03946318339517319 -0.5893277916051277 -0.8069296197303345
vn 0.03946318339517319 -0.5893277916051277 -0.8069296197303345
vn 0.03946318339517319 -0.5893277916051277 -0.8069296197303345
vn -0.5347805033432173 -0.5662764917725069 -0.6271688354102085
vn -0.5347805033432173 -0.5662764917725069 -0.6271688354102085
vn -0.5347805033432173 -0.5662764917725069 -0.6271688354102085
vn -0.613817918463407 -0.5433181420199997 -0.5727416167218736
vn -0.613817918463407 -0.5433181420199997 -0.5727416167218736
vn -0.613817918463407 -0.5433181420199997 -0.5727416167218736
vn 0.5404245888486231 -0.5019124182839715 -0.6752963705960014
vn 0.5404245888486231 -0.5019124182839715 -0.6752963705960014
vn 0.5404245888486231 -0.5019124182839715 -0.6752963705960014
vn 0.5238028164104093 -0.522722839852667 -0.672600507148847
vn 0.5238028164104093 -0.522722839852667 -0.672600507148847
vn 0.5238028164104093 -0.522722839852667 -0.672600507148847
vn -0.10203564029733396 -0.4651809570187908 -0.8793153048458755
vn -0.10203564029733396 -0.4651809570187908 -0.8793153048458755
vn -0.10203564029733396 -0.4651809570187908 -0.8793153048458755
vn 0.8159691072783892 -0.4179113495712115 0.39943024405630223
vn 0.8159691072783892 -0.4179113495712115 0.39943024405630223
vn 0.8159691072783892 -0.4179113495712115 0.39943024405630223
vn 0.8645698614624049 -0.48765395143376095 0.1212954174811113
vn 0.8645698614624049 -0.48765395143376095 0.1212954174811113
vn 0.8645698614624049 -0.48765395143376095 0.1212954174811113
vn 0.8492095436008903 -0.5268914082152404 -0.03505131960609568
vn 0.8492095436008903 -0.5268914082152404 -0.03505131960609568
vn 0.8492095436008903 -0.5268914082152404 -0.03505131960609568
vn 0.581103191359598 -0.5549526077831911 0.5952702613992454
vn 0.581103191359598 -0.5549526077831911 0.5952702613992454
vn 0.581103191359598 -0.5549526077831911 0.5952702613992454
vn 0.5640099618927776 -0.5893481942944134 0.5784128877952339
vn 0.5640099618927776 -0.5893481942944134 0.5784128877952339
vn 0.5640099618927776 -0.5893481942944134 0.5784128877952339
vn 0.8232527752930394 -0.5147623283240016 -0.23932115098912793
vn 0.8232527752930394 -0.5147623283240016 -0.23932115098912793
vn 0.8232527752930394 -0.5147623283240016 -0.23932115098912793
vn 0.3395312490402089 -0.42258302148052573 -0.8403226290429081
vn 0.3395312490402089 -0.42258302148052573 -0.8403226290429081
vn 0.3395312490402089 -0.42258302148052573 -0.8403226290429081
vn 0.14301726133430753 -0.3743874109437731 -0.9161769094925132
vn 0.14301726133430753 -0.3743874109437731 -0.9161769094925132
vn 0.14301726133430753 -0.3743874109437731 -0.9161769094925132
vn -0.11327774176318484 -0.4237602688028634 -0.8986631114078056
vn -0.11327774176318484 -0.4237602688028634 -0.8986631114078056
vn -0.11327774176318484 -0.4237602688028634 -0.8986631114078056
vn -0.690818900840438 -0.4432298211030287 -0.5712412554486819
vn -0.690818900840438 -0.4432298211030287 -0.5712412554486819
vn -0.690818900840438 -0.4432298211030287 -0.5712412554486819
vn -0.9005129879373176 -0.3629332461057622 -0.23949074601608017
vn -0.9005129879373176 -0.3629332461057622 -0.23949074601608017
vn -0.9005129879373176 -0.3629332461057622 -0.23949074601608017
vn -0.9379798898931794 -0.3463107693132567 0.016204234435460187
vn -0.9379798898931794 -0.3463107693132567 0.016204234435460187
vn -0.9379798898931794 -0.3463107693132567 0.016204234435460187
vn -0.898698862902297 -0.3406441794612935 0.2762279797870964
vn -0.898698862902297 -0.3406441794612935 0.2762279797870964
vn -0.898698862902297 -0.3406441794612935 0.2762279797870964
vn -0.9103007272887523 -0.31729775514861847 0.2658471750371178
vn -0.9103007272887523 -0.31729775514861847 0.2658471750371178
vn -0.9103007272887523 -0.31729775514861847 0.2658471750371178
vn -0.8063758042778719 -0.32099869955359683 0.4967070536645467
vn -0.8063758042778719 -0.32099869955359683 0.4967070536645467
vn -0.8063758042778719 -0.32099869955359683 0.4967070536645467
vn -0.8011605542266085 -0.32824226405392404 0.5003986235393412
vn -0.8011605542266085 -0.32824226405392404 0.5003986235393412
vn -0.8011605542266085 -0.32824226405392404 0.5003986235393412
vn -0.46532937306678507 -0.34150874190772235 0.816602935190584
vn -0.46532937306678507 -0.34150874190772235 0.816602935190584
vn -0.46532937306678507 -0.34150874190772235 0.816602935190584
vn -0.48745316662312227 -0.3095881666017061 0.8164218134330345
vn -0.48745316662312227 -0.3095881666017061 0.8164218134330345
vn -0.48745316662312227 -0.3095881666017061 0.8164218134330345
vn -0.833752703493716 -0.31245017491953403 -0.45522666618913277
vn -0.833752703493716 -0.31245017491953403 -0.45522666618913277
vn -0.833752703493716 -0.31245017491953403 -0.45522666618913277
vn -0.9054227615470938 -0.24278866141059563 -0.34822878795826967
vn -0.9054227615470938 -0.24278866141059563 -0.34822878795826967
vn -0.9054227615470938 -0.24278866141059563 -0.34822878795826967
vn -0.9566226399909651 -0.25282176796022776 -0.14475592665649714
vn -0.9566226399909651 -0.25282176796022776 -0.14475592665649714
vn -0.9566226399909651 -0.25282176796022776 -0.14475592665649714
vn -0.9622117130515009 -0.262385960291122 0.07281639313095732
vn -0.9622117130515009 -0.262385960291122 0.07281639313095732
vn -0.9622117130515009 -0.262385960291122 0.07281639313095732
vn -0.701626170092755 -0.17060224432033053 0.6918204909323217
vn -0.701626170092755 -0.17060224432033053 0.6918204909323217
vn -0.701626170092755 -0.17060224432033053 0.6918204909323217
vn -0.6393770515433466 -0.28239962193205825 0.7151555351756479
vn -0.6393770515433466 -0.28239962193205825 0.7151555351756479
vn -0.6393770515433466 -0.28239962193205825 0.7151555351756479
vn -0.2649543589277887 -0.25629910883608564 0.9295751473092387
vn -0.2649543589277887 -0.25629910883608564 0.9295751473092387
vn -0.2649543589277887 -0.25629910883608564 0.9295751473092387
vn 0.3629821057185721 -0.39354930567294183 -0.8446081546684572
vn 0.3629821057185721 -0.39354930567294183 -0.8446081546684572
vn 0.3629821057185721 -0.39354930567294183 -0.8446081546684572
vn -0.36944330435252076 -0.3913324251056169 -0.8428348461769054
vn -0.36944330435252076 -0.3913324251056169 -0.8428348461769054
vn -0.36944330435252076 -0.3913324251056169 -0.8428348461769054
vn -0.4984664854292498 -0.3584710016459806 -0.7893223067180722
vn -0.4984664854292498 -0.3584710016459806 -0.7893223067180722
vn -0.4984664854292498 -0.3584710016459806 -0.7893223067180722
vn 0.5536512797940826 -0.3302283922123874 0.7644733280888196
vn 0.5536512797940826 -0.3302283922123874 0.7644733280888196
vn 0.5536512797940826 -0.3302283922123874 0.7644733280888196
vn 0.748549988845158 -0.3684763566250245 0.5512695246503849
vn 0.748549988845158 -0.3684763566250245 0.5512695246503849
vn 0.748549988845158 -0.3684763566250245 0.5512695246503849
vn 0.9367560572180341 -0.322447025812225 0.13607352722029936
vn 0.9367560572180341 -0.322447025812225 0.13607352722029936
vn 0.9367560572180341 -0.322447025812225 0.13607352722029936
vn 0.6407328843327249 -0.14432208238358205 -0.7540772556383952
vn 0.6407328843327249 -0.14432208238358205 -0.7540772556383952
vn 0.6407328843327249 -0.14432208238358205 -0.7540772556383952
vn -0.31386956557578466 -0.24904739844854207 -0.9162212009833004
vn -0.31386956557578466 -0.24904739844854207 -0.9162212009833004
vn -0.31386956557578466 -0.24904739844854207 -0.9162212009833004
vn 0.6042413830666716 -0.23087977328072481 0.7626184375423379
vn 0.6042413830666716 -0.23087977328072481 0.7626184375423379
vn 0.6042413830666716 -0.23087977328072481 0.7626184375423379
vn 0.7690929870900209 -0.1525798161880674 0.620657213686399
vn 0.7690929870900209 -0.1525798161880674 0.620657213686399
vn 0.7690929870900209 -0.1525798161880674 0.620657213686399
vn 0.8036016589940386 -0.23016309073904367 -0.5488618453886914
vn 0.8036016589940386 -0.23016309073904367 -0.5488618453886914
vn 0.8036016589940386 -0.23016309073904367 -0.5488618453886914
vn 0.8743575984294122 -0.27056527672810937 0.40285632810940486
vn 0.8743575984294122 -0.27056527672810937 0.40285632810940486
vn 0.8743575984294122 -0.27056527672810937 0.40285632810940486
vn 0.817730317708803 -0.4107944718227134 0.4031935384151859
vn 0.817730317708803 -0.4107944718227134 0.4031935384151859
vn 0.817730317708803 -0.4107944718227134 0.4031935384151859
vn 0.8848401140877827 -0.443454078401918 0.14285115627752232
vn 0.8848401140877827 -0.443454078401918 0.14285115627752232
vn 0.8848401140877827 -0.443454078401918 0.14285115627752232
vn 0.8811756553147627 -0.4543263707342882 -0.13083200424975716
vn 0.8811756553147627 -0.4543263707342882 -0.13083200424975716
vn 0.8811756553147627 -0.4543263707342882 -0.13083200424975716
vn -0.6398303544756034 -0.7683165712667475 -0.01751467409153074
vn -0.6398303544756034 -0.7683165712667475 -0.01751467409153074
vn -0.6398303544756034 -0.7683165712667475 -0.01751467409153074
vn -0.5313691397285459 -0.8216154421400322 0.20638532549865096
vn -0.5313691397285459 -0.8216154421400322 0.20638532549865096
vn -0.5313691397285459 -0.8216154421400322 0.20638532549865096
vn -0.521927346277465 -0.7698020184993352 0.367418967286819
vn -0.521927346277465 -0.7698020184993352 0.367418967286819
vn -0.521927346277465 -0.7698020184993352 0.367418967286819
vn 0.08629290796848199 -0.9911819739252594 -0.10055758847530993
vn 0.08629290796848199 -0.9911819739252594 -0.10055758847530993
vn 0.08629290796848199 -0.9911819739252594 -0.10055758847530993
vn 0.1522873901082294 -0.9788126111626495 -0.13687374855310908
vn 0.1522873901082294 -0.9788126111626495 -0.13687374855310908
vn 0.1522873901082294 -0.9788126111626495 -0.13687374855310908
vn 0.011850682821463728 -0.980764372725939 -0.1948353317757347
vn 0.011850682821463728 -0.980764372725939 -0.1948353317757347
vn 0.011850682821463728 -0.980764372725939 -0.1948353317757347
vn -0.159936723359425 -0.9673742486581948 -0.19648742339916841
vn -0.159936723359425 -0.9673742486581948 -0.19648742339916841
vn -0.159936723359425 -0.9673742486581948 -0.19648742339916841
vn -0.48259038962788336 -0.8716024978528543 -0.08611388723935837
vn -0.48259038962788336 -0.8716024978528543 -0.08611388723935837
vn -0.48259038962788336 -0.8716024978528543 -0.08611388723935837
vn -0.1468916843397802 -0.9724519915006166 0.18099711958566422
vn -0.1468916843397802 -0.9724519915006166 0.18099711958566422
vn -0.1468916843397802 -0.9724519915006166 0.18099711958566422
vn -0.1261681635078454 -0.9842033532666872 0.12419884836690748
vn -0.1261681635078454 -0.9842033532666872 0.12419884836690748
vn -0.1261681635078454 -0.9842033532666872 0.12419884836690748
vn -0.04800940559169183 -0.9325884946753723 0.35773425412428056
vn -0.04800940559169183 -0.9325884946753723 0.35773425412428056
vn -0.04800940559169183 -0.9325884946753723 0.35773425412428056
vn 0.018781354681520045 -0.9686521903594761 0.24770990054520703
vn 0.018781354681520045 -0.9686521903594761 0.24770990054520703
vn 0.018781354681520045 -0.9686521903594761 0.24770990054520703
vn 0.08378913829815413 -0.9942194619170576 0.06713450564806024
vn 0.08378913829815413 -0.9942194619170576 0.06713450564806024
vn 0.08378913829815413 -0.9942194619170576 0.06713450564806024
vn 0.18695247273253304 -0.8835356878784032 -0.4294338845322156
vn 0.18695247273253304 -0.8835356878784032 -0.4294338845322156
vn 0.18695247273253304 -0.8835356878784032 -0.4294338845322156
vn 0.1719265263059409 -0.8804308078257371 -0.4419082056080113
vn 0.1719265263059409 -0.8804308078257371 -0.4419082056080113
vn 0.1719265263059409 -0.8804308078257371 -0.4419082056080113
vn -0.052721000974531834 -0.910235400940362 -0.41072133001730243
vn -0.052721000974531834 -0.910235400940362 -0.41072133001730243
vn -0.052721000974531834 -0.910235400940362 -0.41072133001730243
vn 0.3842887943982749 -0.8480402375903376 -0.36489707854084563
vn 0.3842887943982749 -0.8480402375903376 -0.36489707854084563
vn 0.3842887943982749 -0.8480402375903376 -0.36489707854084563
vn -0.19705883029689777 -0.8207367809050234 -0.5362452366890341
vn -0.19705883029689777 -0.8207367809050234 -0.5362452366890341
vn -0.19705883029689777 -0.8207367809050234 -0.5362452366890341
vn -0.2609554171263731 -0.8811326420696278 -0.39434443999097757
vn -0.2609554171263731 -0.8811326420696278 -0.39434443999097757
vn -0.2609554171263731 -0.8811326420696278 -0.39434443999097757
vn 0.3300514589348134 -0.94304921246769 -0.04152369587441338
vn 0.3300514589348134 -0.94304921246769 -0.04152369587441338
vn 0.3300514589348134 -0.94304921246769 -0.04152369587441338
vn 0.47298824221256075 -0.8804252638386802 -0.033667157932652944
vn 0.47298824221256075 -0.8804252638386802 -0.033667157932652944
vn 0.47298824221256075 -0.8804252638386802 -0.033667157932652944
vn -0.3026651211531811 -0.8566735577914332 -0.4177370462603215
vn -0.3026651211531811 -0.8566735577914332 -0.4177370462603215
vn -0.3026651211531811 -0.8566735577914332 -0.4177370462603215
vn -0.49275412909369415 -0.7956261595076152 -0.35238101902383706
vn -0.49275412909369415 -0.7956261595076152 -0.35238101902383706
vn -0.49275412909369415 -0.7956261595076152 -0.35238101902383706
vn 0.3778313932629353 -0.9139074533758587 0.14837993438818362
vn 0.3778313932629353 -0.9139074533758587 0.14837993438818362
vn 0.3778313932629353 -0.9139074533758587 0.14837993438818362
vn 0.11931535808938784 -0.9324384493724092 0.34106067415634167
vn 0.11931535808938784 -0.9324384493724092 0.34106067415634167
vn 0.11931535808938784 -0.9324384493724092 0.34106067415634167
vn -0.34776020806885 -0.9358983243537025 -0.05618864792680115
vn -0.34776020806885 -0.9358983243537025 -0.05618864792680115
vn -0.34776020806885 -0.9358983243537025 -0.05618864792680115
vn -0.2725259057520145 -0.9605182976756608 0.05598419888053027
vn -0.2725259057520145 -0.9605182976756608 0.05598419888053027
vn -0.2725259057520145 -0.9605182976756608 0.05598419888053027
vn 0.19400878724752998 -0.9393161168783835 0.28292370533989897
vn 0.19400878724752998 -0.9393161168783835 0.28292370533989897
vn 0.19400878724752998 -0.9393161168783835 0.28292370533989897
vn 0.42229214499172657 -0.7404938969291867 -0.5228174948190942
vn 0.42229214499172657 -0.7404938969291867 -0.5228174948190942
vn 0.42229214499172657 -0.7404938969291867 -0.5228174948190942
vn 0.048093972576036835 -0.6484111778153498 -0.7597696455413091
vn 0.048093972576036835 -0.6484111778153498 -0.7597696455413091
vn 0.048093972576036835 -0.6484111778153498 -0.7597696455413091
vn -0.7101515999443908 -0.7036526672232201 -0.023614169603656348
vn -0.7101515999443908 -0.7036526672232201 -0.023614169603656348
vn -0.7101515999443908 -0.7036526672232201 -0.023614169603656348
vn -0.39644163130702376 -0.7191289533386865 0.5706904427416243
vn -0.39644163130702376 -0.7191289533386865 0.5706904427416243
vn -0.39644163130702376 -0.7191289533386865 0.5706904427416243
vn -0.23122700636490437 -0.6365680581057191 0.7357412445466397
vn -0.23122700636490437 -0.6365680581057191 0.7357412445466397
vn -0.23122700636490437 -0.6365680581057191 0.7357412445466397
vn 0.6229644479886328 -0.6908791730158711 0.36688045033106315
vn 0.6229644479886328 -0.6908791730158711 0.36688045033106315
vn 0.6229644479886328 -0.6908791730158711 0.36688045033106315
vn 0.40757295364576346 -0.7363831378334782 0.5400223715467619
vn 0.40757295364576346 -0.7363831378334782 0.5400223715467619
vn 0.40757295364576346 -0.7363831378334782 0.5400223715467619
vn 0.31695130069784916 -0.7016265304281202 0.6381708899545164
vn 0.31695130069784916 -0.7016265304281202 0.6381708899545164
vn 0.31695130069784916 -0.7016265304281202 0.6381708899545164
vn 0.986370359683893 -0.016869833265176534 0.1636732179150653
vn 0.986370359683893 -0.016869833265176534 0.1636732179150653
vn 0.986370359683893 -0.016869833265176534 0.1636732179150653
vn 0.9944611196491748 0.0029613331440056408 0.10506337141040237
vn 0.9944611196491748 0.0029613331440056408 0.10506337141040237
vn 0.9944611196491748 0.0029613331440056408 0.10506337141040237
vn 0.9434774650448472 0.002492137288266464 0.33142731058904235
vn 0.9434774650448472 0.002492137288266464 0.33142731058904235
vn 0.9434774650448472 0.002492137288266464 0.33142731058904235
vn 0.9562233675803308 -0.01021710037047842 0.29245936838020953
vn 0.9562233675803308 -0.01021710037047842 0.29245936838020953
vn 0.9562233675803308 -0.01021710037047842 0.29245936838020953
vn 0.8891932189326825 -0.009709872109980358 0.4574288335771396
vn 0.8891932189326825 -0.009709872109980358 0.4574288335771396
vn 0.8891932189326825 -0.009709872109980358 0.4574288335771396
vn 0.8773173176300351 -0.006119814293268945 0.47987172458841143
vn 0.8773173176300351 -0.006119814293268945 0.47987172458841143
vn 0.8773173176300351 -0.006119814293268945 0.47987172458841143
vn 0.7806498401587496 -0.0015968314823897902 0.624966620860135
vn 0.7806498401587496 -0.0015968314823897902 0.624966620860135
vn 0.7806498401587496 -0.0015968314823897902 0.624966620860135
vn 0.7995216115913762 -0.012664444531529298 0.600503792197049
vn 0.7995216115913762 -0.012664444531529298 0.600503792197049
vn 0.7995216115913762 -0.012664444531529298 0.600503792197049
vn 0.6341790590017611 -0.00006684539437967322 0.7731862108543673
vn 0.6341790590017611 -0.00006684539437967322 0.7731862108543673
vn 0.6341790590017611 -0.00006684539437967322 0.7731862108543673
vn 0.62153370349026 -0.0049348209043535655 0.7833718803788681
vn 0.62153370349026 -0.0049348209043535655 0.7833718803788681
vn 0.62153370349026 -0.0049348209043535655 0.7833718803788681
vn 0.460161339771551 -0.017541021545314846 0.8876620156021086
vn 0.460161339771551 -0.017541021545314846 0.8876620156021086
vn 0.460161339771551 -0.017541021545314846 0.8876620156021086
vn 0.41833240632594926 -0.0042573032823019835 0.9082840267153791
vn 0.41833240632594926 -0.0042573032823019835 0.9082840267153791
vn 0.41833240632594926 -0.0042573032823019835 0.9082840267153791
vn 0.36353963276408835 -0.01093498141609635 0.9315145525385963
vn 0.36353963276408835 -0.01093498141609635 0.9315145525385963
vn 0.36353963276408835 -0.01093498141609635 0.9315145525385963
vn 0.16645346936810598 -0.0027194389256212466 0.9860455604013695
vn 0.16645346936810598 -0.0027194389256212466 0.9860455604013695
vn 0.16645346936810598 -0.0027194389256212466 0.9860455604013695
vn 0.02943463129052423 -0.005726312877947795 0.99955030479792
vn 0.02943463129052423 -0.005726312877947795 0.99955030479792
vn 0.02943463129052423 -0.005726312877947795 0.99955030479792
vn -0.004744078393666173 -0.01340546801912431 0.9998988884619199
vn -0.004744078393666173 -0.01340546801912431 0.9998988884619199
vn -0.004744078393666173 -0.01340546801912431 0.9998988884619199
vn -0.1668335690058323 0.004664060781784809 0.9859740396125043
vn -0.1668335690058323 0.004664060781784809 0.9859740396125043
vn -0.1668335690058323 0.004664060781784809 0.9859740396125043
vn -0.3161118617718161 -0.014634151901935453 0.9486090514249098
vn -0.3161118617718161 -0.014634151901935453 0.9486090514249098
vn -0.3161118617718161 -0.014634151901935453 0.9486090514249098
vn -0.2880307426707229 -0.0028297570442858003 0.9576169817581672
vn -0.2880307426707229 -0.0028297570442858003 0.9576169817581672
vn -0.2880307426707229 -0.0028297570442858003 0.9576169817581672
vn -0.5110428429753239 -0.012420696440859288 0.8594654960751029
vn -0.5110428429753239 -0.012420696440859288 0.8594654960751029
vn -0.5110428429753239 -0.012420696440859288 0.8594654960751029
vn -0.5388391627409507 -0.003354842084451628 0.8424019834563662
vn -0.5388391627409507 -0.003354842084451628 0.8424019834563662
vn -0.5388391627409507 -0.003354842084451628 0.8424019834563662
vn -0.7187279020543978 -0.014084573205159726 0.6951487809139223
vn -0.7187279020543978 -0.014084573205159726 0.6951487809139223
vn -0.7187279020543978 -0.014084573205159726 0.6951487809139223
vn -0.6844936081214393 -0.0004920719705972163 0.7290186954434495
vn -0.6844936081214393 -0.0004920719705972163 0.7290186954434495
vn -0.6844936081214393 -0.0004920719705972163 0.7290186954434495
vn -0.8120546499507214 0.007515511622254138 0.5835330004193998
vn -0.8120546499507214 0.007515511622254138 0.5835330004193998
vn -0.8120546499507214 0.007515511622254138 0.5835330004193998
vn -0.8837053893968074 -0.011621474443821646 0.467899269162486
vn -0.8837053893968074 -0.011621474443821646 0.467899269162486
vn -0.8837053893968074 -0.011621474443821646 0.467899269162486
vn -0.9109390471698428 0.001139430923000512 0.4125393969531524
vn -0.9109390471698428 0.001139430923000512 0.4125393969531524
vn -0.9109390471698428 0.001139430923000512 0.4125393969531524
vn -0.9806521724395393 0.009544378330939875 0.19552550097592977
vn -0.9806521724395393 0.009544378330939875 0.19552550097592977
vn -0.9806521724395393 0.009544378330939875 0.19552550097592977
vn -0.998942125232428 -0.024245505872612986 0.039074107553486365
vn -0.998942125232428 -0.024245505872612986 0.039074107553486365
vn -0.998942125232428 -0.024245505872612986 0.039074107553486365
vn -0.9966132138083217 0.008502747011801114 -0.08179123031170203
vn -0.9966132138083217 0.008502747011801114 -0.08179123031170203
vn -0.9966132138083217 0.008502747011801114 -0.08179123031170203
vn -0.9858447901622538 -0.018601810545039777 -0.16662539528651824
vn -0.9858447901622538 -0.018601810545039777 -0.16662539528651824
vn -0.9858447901622538 -0.018601810545039777 -0.16662539528651824
vn -0.9572761443217224 0.007434037349677693 -0.2890797789559491
vn -0.9572761443217224 0.007434037349677693 -0.2890797789559491
vn -0.9572761443217224 0.007434037349677693 -0.2890797789559491
vn -0.8939351570351834 0.0037395887158684746 -0.44818071187046604
vn -0.8939351570351834 0.0037395887158684746 -0.44818071187046604
vn -0.8939351570351834 0.0037395887158684746 -0.44818071187046604
vn -0.9244431234586933 -0.02065345081094515 -0.38076022174005375
vn -0.9244431234586933 -0.02065345081094515 -0.38076022174005375
vn -0.9244431234586933 -0.02065345081094515 -0.38076022174005375
vn -0.839315059119197 -0.026183649969899817 -0.5430144086578115
vn -0.839315059119197 -0.026183649969899817 -0.5430144086578115
vn -0.839315059119197 -0.026183649969899817 -0.5430144086578115
vn -0.7738311122405974 0.003576578960250806 -0.6333818893932956
vn -0.7738311122405974 0.003576578960250806 -0.6333818893932956
vn -0.7738311122405974 0.003576578960250806 -0.6333818893932956
vn -0.7239248858860756 -0.04645903476725764 -0.688312659830783
vn -0.7239248858860756 -0.04645903476725764 -0.688312659830783
vn -0.7239248858860756 -0.04645903476725764 -0.688312659830783
vn -0.6105638612580986 -0.008847475795018125 -0.7919176052454308
vn -0.6105638612580986 -0.008847475795018125 -0.7919176052454308
vn -0.6105638612580986 -0.008847475795018125 -0.7919176052454308
vn -0.5551203563594493 -0.059370410491839325 -0.8296484462188719
vn -0.5551203563594493 -0.059370410491839325 -0.8296484462188719
vn -0.5551203563594493 -0.059370410491839325 -0.8296484462188719
vn -0.40596764234411803 0.029660902153623145 -0.9134059909224328
vn -0.40596764234411803 0.029660902153623145 -0.9134059909224328
vn -0.40596764234411803 0.029660902153623145 -0.9134059909224328
vn -0.182909830663343 -0.24667003650824446 -0.9516816100649044
vn -0.182909830663343 -0.24667003650824446 -0.9516816100649044
vn -0.182909830663343 -0.24667003650824446 -0.9516816100649044
vn -0.1080051019903155 -0.03551865094940038 -0.9935156382155221
vn -0.1080051019903155 -0.03551865094940038 -0.9935156382155221
vn -0.1080051019903155 -0.03551865094940038 -0.9935156382155221
vn -0.07999455879736504 0.0042381747365812725 -0.9967862902536917
vn -0.07999455879736504 0.0042381747365812725 -0.9967862902536917
vn -0.07999455879736504 0.0042381747365812725 -0.9967862902536917
vn 0.13067213043394116 -0.04312419259347226 -0.9904873034728998
vn 0.13067213043394116 -0.04312419259347226 -0.9904873034728998
vn 0.13067213043394116 -0.04312419259347226 -0.9904873034728998
vn 0.4853266902084673 0.025400449252455236 -0.8739638556308083
vn 0.4853266902084673 0.025400449252455236 -0.8739638556308083
vn 0.4853266902084673 0.025400449252455236 -0.8739638556308083
vn 0.6366133803110958 -0.07159825541766678 -0.7678522604186476
vn 0.6366133803110958 -0.07159825541766678 -0.7678522604186476
vn 0.6366133803110958 -0.07159825541766678 -0.7678522604186476
vn 0.690093334070684 0.005377916584745423 -0.7237003995331319
vn 0.690093334070684 0.005377916584745423 -0.7237003995331319
vn 0.690093334070684 0.005377916584745423 -0.7237003995331319
vn 0.8310742927355416 -0.019126312699207258 -0.5558324424830303
vn 0.8310742927355416 -0.019126312699207258 -0.5558324424830303
vn 0.8310742927355416 -0.019126312699207258 -0.5558324424830303
vn 0.8284453728504134 -0.015433502344124063 -0.5598571882258309
vn 0.8284453728504134 -0.015433502344124063 -0.5598571882258309
vn 0.8284453728504134 -0.015433502344124063 -0.5598571882258309
vn 0.9163034714244687 -0.024379129005142004 -0.39974192465191677
vn 0.9163034714244687 -0.024379129005142004 -0.39974192465191677
vn 0.9163034714244687 -0.024379129005142004 -0.39974192465191677
vn 0.9380789975097441 0.002613199403499295 -0.34641155526337614
vn 0.9380789975097441 0.002613199403499295 -0.34641155526337614
vn 0.9380789975097441 0.002613199403499295 -0.34641155526337614
vn 0.9806033091394075 -0.03459988062601565 -0.19292485160162495
vn 0.9806033091394075 -0.03459988062601565 -0.19292485160162495
vn 0.9806033091394075 -0.03459988062601565 -0.19292485160162495
vn 0.9933989374175112 -0.00130327740868844 -0.11470332430124233
vn 0.9933989374175112 -0.00130327740868844 -0.11470332430124233
vn 0.9933989374175112 -0.00130327740868844 -0.11470332430124233
vn 0.99988331171432 -0.010467131806470676 -0.011126639517395944
vn 0.99988331171432 -0.010467131806470676 -0.011126639517395944
vn 0.99988331171432 -0.010467131806470676 -0.011126639517395944
vn 0.31539332602936215 -0.5769424986278971 -0.7534350689828124
vn 0.31539332602936215 -0.5769424986278971 -0.7534350689828124
vn 0.31539332602936215 -0.5769424986278971 -0.7534350689828124
vn 0.12024996044500726 -0.9236207284777594 0.3639569987501095
vn 0.12024996044500726 -0.9236207284777594 0.3639569987501095
vn 0.12024996044500726 -0.9236207284777594 0.3639569987501095
vn 0.09637325966130161 -0.9064216579919011 0.4112322613140516
vn 0.09637325966130161 -0.9064216579919011 0.4112322613140516
vn 0.09637325966130161 -0.9064216579919011 0.4112322613140516
vn 0.0735513350049501 -0.9009260604353845 0.42769432395972656
vn 0.0735513350049501 -0.9009260604353845 0.42769432395972656
vn 0.0735513350049501 -0.9009260604353845 0.42769432395972656
vn 0.12511533361100288 -0.9687336576684056 0.21424577894511695
vn 0.12511533361100288 -0.9687336576684056 0.21424577894511695
vn 0.12511533361100288 -0.9687336576684056 0.21424577894511695
vn 0.11042002265344864 -0.8478041639156965 0.5186863389799454
vn 0.11042002265344864 -0.8478041639156965 0.5186863389799454
vn 0.11042002265344864 -0.8478041639156965 0.5186863389799454
vn 0.14923561781630873 -0.8777800605586185 0.4552262027395752
vn 0.14923561781630873 -0.8777800605586185 0.4552262027395752
vn 0.14923561781630873 -0.8777800605586185 0.4552262027395752
vn 0.9841717398311374 -0.0984716258058874 0.14734084779482354
vn 0.9841717398311374 -0.0984716258058874 0.14734084779482354
vn 0.9841717398311374 -0.0984716258058874 0.14734084779482354
vn 0.20608858689746296 0.9223993387290045 -0.32666030408193514
vn 0.20608858689746296 0.9223993387290045 -0.32666030408193514
vn 0.20608858689746296 0.9223993387290045 -0.32666030408193514
vn 0.10456255763187777 -0.880932922061019 0.46154507728987293
vn 0.10456255763187777 -0.880932922061019 0.46154507728987293
vn 0.10456255763187777 -0.880932922061019 0.46154507728987293
vn 0.2497833864330553 0.9535741386102522 -0.1682397754270686
vn 0.2497833864330553 0.9535741386102522 -0.1682397754270686
vn 0.2497833864330553 0.9535741386102522 -0.1682397754270686
vn 0.03640174485111759 -0.8827636818360287 0.4684049476714488
vn 0.03640174485111759 -0.8827636818360287 0.4684049476714488
vn 0.03640174485111759 -0.8827636818360287 0.4684049476714488
vn 0.002499628851394904 -0.8904535314442004 0.4550673139153789
vn 0.002499628851394904 -0.8904535314442004 0.4550673139153789
vn 0.002499628851394904 -0.8904535314442004 0.4550673139153789
vn -0.012640025759354632 -0.885050376881035 0.4653236079671229
vn -0.012640025759354632 -0.885050376881035 0.4653236079671229
vn -0.012640025759354632 -0.885050376881035 0.4653236079671229
vn -0.005519902158782531 -0.8949554279104861 0.44612141030633795
vn -0.005519902158782531 -0.8949554279104861 0.44612141030633795
vn -0.005519902158782531 -0.8949554279104861 0.44612141030633795
vn -0.09267727227589889 -0.8713468258654221 0.4818356901037454
vn -0.09267727227589889 -0.8713468258654221 0.4818356901037454
vn -0.09267727227589889 -0.8713468258654221 0.4818356901037454
vn -0.09030046518767947 -0.9045366253927123 0.41672451249002934
vn -0.09030046518767947 -0.9045366253927123 0.41672451249002934
vn -0.09030046518767947 -0.9045366253927123 0.41672451249002934
vn -0.272688834944769 -0.9413454501052934 0.19877007536982844
vn -0.272688834944769 -0.9413454501052934 0.19877007536982844
vn -0.272688834944769 -0.9413454501052934 0.19877007536982844
vn -0.2584821919937476 -0.9150777004967041 0.3095476675340517
vn -0.2584821919937476 -0.9150777004967041 0.3095476675340517
vn -0.2584821919937476 -0.9150777004967041 0.3095476675340517
vn -0.14775216718445738 -0.9078486647187602 0.39240298044314087
vn -0.14775216718445738 -0.9078486647187602 0.39240298044314087
vn -0.14775216718445738 -0.9078486647187602 0.39240298044314087
vn -0.1416465802060659 -0.9618689505988118 0.23397514438475514
vn -0.1416465802060659 -0.9618689505988118 0.23397514438475514
vn -0.1416465802060659 -0.9618689505988118 0.23397514438475514
vn -0.0649406307377799 -0.9611512326086619 0.2682741555465775
vn -0.0649406307377799 -0.9611512326086619 0.2682741555465775
vn -0.0649406307377799 -0.9611512326086619 0.2682741555465775
vn -0.10447384436893949 0.12883794332171772 -0.9861470479616135
vn -0.10447384436893949 0.12883794332171772 -0.9861470479616135
vn -0.10447384436893949 0.12883794332171772 -0.9861470479616135
vn 0.018685957792136724 -0.8643354351047704 0.5025684934450606
vn 0.018685957792136724 -0.8643354351047704 0.5025684934450606
vn 0.018685957792136724 -0.8643354351047704 0.5025684934450606
vn -0.013426429338138627 -0.8915170262524285 0.4527881655887823
vn -0.013426429338138627 -0.8915170262524285 0.4527881655887823
vn -0.013426429338138627 -0.8915170262524285 0.4527881655887823
vn 0.039895717261975716 -0.9922352484779122 0.11780298562484845
vn 0.039895717261975716 -0.9922352484779122 0.11780298562484845
vn 0.039895717261975716 -0.9922352484779122 0.11780298562484845
vn -0.02791171271384949 -0.9758716004313253 0.21655381724870043
vn -0.02791171271384949 -0.9758716004313253 0.21655381724870043
vn -0.02791171271384949 -0.9758716004313253 0.21655381724870043
vn -0.045303538036140706 -0.8898780862309158 0.4539433677094655
vn -0.045303538036140706 -0.8898780862309158 0.4539433677094655
vn -0.045303538036140706 -0.8898780862309158 0.4539433677094655
vn -0.06541588747400062 -0.9378486053348696 0.3408236422806211
vn -0.06541588747400062 -0.9378486053348696 0.3408236422806211
vn -0.06541588747400062 -0.9378486053348696 0.3408236422806211
vn 0.19593409049683963 -0.9751801066884541 0.1031193080866598
vn 0.19593409049683963 -0.9751801066884541 0.1031193080866598
vn 0.19593409049683963 -0.9751801066884541 0.1031193080866598
vn 0.20659540314545424 -0.9562167396121233 0.20728696602711877
vn 0.20659540314545424 -0.9562167396121233 0.20728696602711877
vn 0.20659540314545424 -0.9562167396121233 0.20728696602711877
vn -0.1675634120287794 -0.9329656552707164 0.31858686262078734
vn -0.1675634120287794 -0.9329656552707164 0.31858686262078734
vn -0.1675634120287794 -0.9329656552707164 0.31858686262078734
vn -0.04653095516672545 -0.8930385233088833 0.4475679457887497
vn -0.04653095516672545 -0.8930385233088833 0.4475679457887497
vn -0.04653095516672545 -0.8930385233088833 0.4475679457887497
vn -0.22504943263905 -0.8211388461949978 0.5244842687234668
vn -0.22504943263905 -0.8211388461949978 0.5244842687234668
vn -0.22504943263905 -0.8211388461949978 0.5244842687234668
vn -0.1509858056415913 -0.9194381143322966 0.36309343206374617
vn -0.1509858056415913 -0.9194381143322966 0.36309343206374617
vn -0.1509858056415913 -0.9194381143322966 0.36309343206374617
vn 0.31782624088895134 -0.5434080356064684 -0.7769775977727527
vn 0.31782624088895134 -0.5434080356064684 -0.7769775977727527
vn 0.31782624088895134 -0.5434080356064684 -0.7769775977727527
vn 0.05565432211034496 -0.9808548908215599 0.18661800444186494
vn 0.05565432211034496 -0.9808548908215599 0.18661800444186494
vn 0.05565432211034496 -0.9808548908215599 0.18661800444186494
vn 0.16551067325098315 -0.9726002445538238 0.16326353338651212
vn 0.16551067325098315 -0.9726002445538238 0.16326353338651212
vn 0.16551067325098315 -0.9726002445538238 0.16326353338651212
vn 0.2235788803411902 -0.9356835877307448 0.27296283248219266
vn 0.2235788803411902 -0.9356835877307448 0.27296283248219266
vn 0.2235788803411902 -0.9356835877307448 0.27296283248219266
vn 0.15682405011774997 -0.9393626914797345 0.3049654917537628
vn 0.15682405011774997 -0.9393626914797345 0.3049654917537628
vn 0.15682405011774997 -0.9393626914797345 0.3049654917537628
vn 0.1765013226218779 -0.9078945713494956 0.38022983894855433
vn 0.1765013226218779 -0.9078945713494956 0.38022983894855433
vn 0.1765013226218779 -0.9078945713494956 0.38022983894855433
vn 0.2616005796479312 -0.9047391867376421 0.3361727840102118
vn 0.2616005796479312 -0.9047391867376421 0.3361727840102118
vn 0.2616005796479312 -0.9047391867376421 0.3361727840102118
vn 0.05096348008923357 -0.8470181237317966 0.5291153199134017
vn 0.05096348008923357 -0.8470181237317966 0.5291153199134017
vn 0.05096348008923357 -0.8470181237317966 0.5291153199134017
vn 0.011859195284759351 -0.8787441833304853 0.4771457007561068
vn 0.011859195284759351 -0.8787441833304853 0.4771457007561068
vn 0.011859195284759351 -0.8787441833304853 0.4771457007561068
vn 0.03628318318584098 -0.8792391856234694 0.47499682639158897
vn 0.03628318318584098 -0.8792391856234694 0.47499682639158897
vn 0.03628318318584098 -0.8792391856234694 0.47499682639158897
vn -0.004892881867567762 -0.916402203474652 0.4002287610527668
vn -0.004892881867567762 -0.916402203474652 0.4002287610527668
vn -0.004892881867567762 -0.916402203474652 0.4002287610527668
vn 0.16655500233437914 -0.8460374474659831 0.5064386129459711
vn 0.16655500233437914 -0.8460374474659831 0.5064386129459711
vn 0.16655500233437914 -0.8460374474659831 0.5064386129459711
vn 0.19281381410012982 -0.8714757580384644 0.4509466002127573
vn 0.19281381410012982 -0.8714757580384644 0.4509466002127573
vn 0.19281381410012982 -0.8714757580384644 0.4509466002127573
vn 0.20370667717678295 -0.8785320324103612 0.4320706628579565
vn 0.20370667717678295 -0.8785320324103612 0.4320706628579565
vn 0.20370667717678295 -0.8785320324103612 0.4320706628579565
vn 0.5524271097984028 -0.06660182734790412 0.8308961938495708
vn 0.5524271097984028 -0.06660182734790412 0.8308961938495708
vn 0.5524271097984028 -0.06660182734790412 0.8308961938495708
vn 0.17710805979262342 -0.9568585510253277 0.23033551286374113
vn 0.17710805979262342 -0.9568585510253277 0.23033551286374113
vn 0.17710805979262342 -0.9568585510253277 0.23033551286374113
vn 0.18164028655491213 -0.9831505053525297 -0.020539964102088318
vn 0.18164028655491213 -0.9831505053525297 -0.020539964102088318
vn 0.18164028655491213 -0.9831505053525297 -0.020539964102088318
vn 0.20785283983495287 -0.8999062751080558 0.3833613086811052
vn 0.20785283983495287 -0.8999062751080558 0.3833613086811052
vn 0.20785283983495287 -0.8999062751080558 0.3833613086811052
vn -0.00469566081095512 -0.999685328053869 0.02464134012948139
vn -0.00469566081095512 -0.999685328053869 0.02464134012948139
vn -0.00469566081095512 -0.999685328053869 0.02464134012948139
vn -0.18636943429435593 -0.9012177600834889 0.3912454253673786
vn -0.18636943429435593 -0.9012177600834889 0.3912454253673786
vn -0.18636943429435593 -0.9012177600834889 0.3912454253673786
vn -0.1813603368549094 -0.8907972110655858 0.4166398408381605
vn -0.1813603368549094 -0.8907972110655858 0.4166398408381605
vn -0.1813603368549094 -0.8907972110655858 0.4166398408381605
vn -0.07177501784174321 -0.8302360023530566 0.5527716772869545
vn -0.07177501784174321 -0.8302360023530566 0.5527716772869545
vn -0.07177501784174321 -0.8302360023530566 0.5527716772869545
vn -0.19005181269275126 -0.8581745197350504 0.47688237770934133
vn -0.19005181269275126 -0.8581745197350504 0.47688237770934133
vn -0.19005181269275126 -0.8581745197350504 0.47688237770934133
vn -0.06385532036522591 -0.8920751831029333 0.4473526190299128
vn -0.06385532036522591 -0.8920751831029333 0.4473526190299128
vn -0.06385532036522591 -0.8920751831029333 0.4473526190299128
vn -0.15860624950890617 -0.8703512735707923 0.46618957325364824
vn -0.15860624950890617 -0.8703512735707923 0.46618957325364824
vn -0.15860624950890617 -0.8703512735707923 0.46618957325364824
vn -0.09639368736838386 -0.8947723308788464 0.43599395973930927
vn -0.09639368736838386 -0.8947723308788464 0.43599395973930927
vn -0.09639368736838386 -0.8947723308788464 0.43599395973930927
vn -0.18933784609151216 -0.935232145061457 0.2991521600810742
vn -0.18933784609151216 -0.935232145061457 0.2991521600810742
vn -0.18933784609151216 -0.935232145061457 0.2991521600810742
vn -0.09636730509904008 -0.9946046274643401 0.03840543626194022
vn -0.09636730509904008 -0.9946046274643401 0.03840543626194022
vn -0.09636730509904008 -0.9946046274643401 0.03840543626194022
vn -0.7503193597718453 -0.03899668519677513 -0.6599243266430114
vn -0.7503193597718453 -0.03899668519677513 -0.6599243266430114
vn -0.7503193597718453 -0.03899668519677513 -0.6599243266430114
vn -0.8477420466025926 -0.027360924411895415 -0.5297025601574663
vn -0.8477420466025926 -0.027360924411895415 -0.5297025601574663
vn -0.8477420466025926 -0.027360924411895415 -0.5297025601574663
vn -0.5923794488539956 -0.05663448181043784 -0.8036660525650561
vn -0.5923794488539956 -0.05663448181043784 -0.8036660525650561
vn -0.5923794488539956 -0.05663448181043784 -0.8036660525650561
vn -0.18371552476045477 -0.9703078400475719 0.15732546362304645
vn -0.18371552476045477 -0.9703078400475719 0.15732546362304645
vn -0.18371552476045477 -0.9703078400475719 0.15732546362304645
vn -0.15312178748775918 -0.9771067701655981 0.14770266718345468
vn -0.15312178748775918 -0.9771067701655981 0.14770266718345468
vn -0.15312178748775918 -0.9771067701655981 0.14770266718345468
vn -0.07669583631253375 -0.8266571677405561 0.5574546400519804
vn -0.07669583631253375 -0.8266571677405561 0.5574546400519804
vn -0.07669583631253375 -0.8266571677405561 0.5574546400519804
vn -0.0980002532615769 0.06364466412615284 -0.9931491867231912
vn -0.0980002532615769 0.06364466412615284 -0.9931491867231912
vn -0.0980002532615769 0.06364466412615284 -0.9931491867231912
vn -0.2655690537160529 -0.10999478096370117 -0.9577965472213332
vn -0.2655690537160529 -0.10999478096370117 -0.9577965472213332
vn -0.2655690537160529 -0.10999478096370117 -0.9577965472213332
vn -0.4362401737078593 0.03654635013551964 -0.8990878016829662
vn -0.4362401737078593 0.03654635013551964 -0.8990878016829662
vn -0.4362401737078593 0.03654635013551964 -0.8990878016829662
vn -0.42269775787418995 0.05571929433415169 -0.9045562258516808
vn -0.42269775787418995 0.05571929433415169 -0.9045562258516808
vn -0.42269775787418995 0.05571929433415169 -0.9045562258516808
vn -0.6846964322870134 0.04982708740557578 -0.7271231374217936
vn -0.6846964322870134 0.04982708740557578 -0.7271231374217936
vn -0.6846964322870134 0.04982708740557578 -0.7271231374217936
vn -0.8588326624206771 0.05400074677840291 -0.50940198007741
vn -0.8588326624206771 0.05400074677840291 -0.50940198007741
vn -0.8588326624206771 0.05400074677840291 -0.50940198007741
vn -0.9560108788055939 -0.09119254357525478 -0.2787958385658427
vn -0.9560108788055939 -0.09119254357525478 -0.2787958385658427
vn -0.9560108788055939 -0.09119254357525478 -0.2787958385658427
vn -0.9759347537592504 0.11006455234827507 -0.18824757826130153
vn -0.9759347537592504 0.11006455234827507 -0.18824757826130153
vn -0.9759347537592504 0.11006455234827507 -0.18824757826130153
vn -0.9980612082306112 -0.03257986622440636 -0.0530318483748455
vn -0.9980612082306112 -0.03257986622440636 -0.0530318483748455
vn -0.9980612082306112 -0.03257986622440636 -0.0530318483748455
vn -0.975639522470377 -0.060846887553513744 0.21077281245176
vn -0.975639522470377 -0.060846887553513744 0.21077281245176
vn -0.975639522470377 -0.060846887553513744 0.21077281245176
vn -0.9688798405270517 0.07028255023364292 0.23734409146412366
vn -0.9688798405270517 0.07028255023364292 0.23734409146412366
vn -0.9688798405270517 0.07028255023364292 0.23734409146412366
vn -0.9249024240082886 -0.027110741962177717 0.3792367515600938
vn -0.9249024240082886 -0.027110741962177717 0.3792367515600938
vn -0.9249024240082886 -0.027110741962177717 0.3792367515600938
vn -0.8469401003857215 0.039849791684872765 0.5301928521408944
vn -0.8469401003857215 0.039849791684872765 0.5301928521408944
vn -0.8469401003857215 0.039849791684872765 0.5301928521408944
vn -0.8558664414462036 0.06145166299642405 0.513533180545509
vn -0.8558664414462036 0.06145166299642405 0.513533180545509
vn -0.8558664414462036 0.06145166299642405 0.513533180545509
vn -0.7144815829524646 -0.05703090057640565 0.6973259955008021
vn -0.7144815829524646 -0.05703090057640565 0.6973259955008021
vn -0.7144815829524646 -0.05703090057640565 0.6973259955008021
vn -0.5961053458411895 0.10041730252403759 0.7966020223507796
vn -0.5961053458411895 0.10041730252403759 0.7966020223507796
vn -0.5961053458411895 0.10041730252403759 0.7966020223507796
vn -0.6221080434619708 0.15947905214160324 0.7665168062005779
vn -0.6221080434619708 0.15947905214160324 0.7665168062005779
vn -0.6221080434619708 0.15947905214160324 0.7665168062005779
vn -0.41396774930956426 -0.09042255381489642 0.9057894149818522
vn -0.41396774930956426 -0.09042255381489642 0.9057894149818522
vn -0.41396774930956426 -0.09042255381489642 0.9057894149818522
vn -0.25120089081630226 -0.04242575273925267 0.9670047404007924
vn -0.25120089081630226 -0.04242575273925267 0.9670047404007924
vn -0.25120089081630226 -0.04242575273925267 0.9670047404007924
vn -0.14256618774928795 0.09416986908060668 0.9852953455020358
vn -0.14256618774928795 0.09416986908060668 0.9852953455020358
vn -0.14256618774928795 0.09416986908060668 0.9852953455020358
vn -0.12504239325310726 0.1436994218460505 0.981689806431057
vn -0.12504239325310726 0.1436994218460505 0.981689806431057
vn -0.12504239325310726 0.1436994218460505 0.981689806431057
vn 0.06598765385532715 -0.07207220028599147 0.9952141616177924
vn 0.06598765385532715 -0.07207220028599147 0.9952141616177924
vn 0.06598765385532715 -0.07207220028599147 0.9952141616177924
vn 0.3025322632497146 0.10439612978698012 0.9474047064367505
vn 0.3025322632497146 0.10439612978698012 0.9474047064367505
vn 0.3025322632497146 0.10439612978698012 0.9474047064367505
vn 0.3236577189205228 0.02987454437282795 0.9457024862934852
vn 0.3236577189205228 0.02987454437282795 0.9457024862934852
vn 0.3236577189205228 0.02987454437282795 0.9457024862934852
vn 0.6624323913009057 0.07540956352791794 0.7453165265066198
vn 0.6624323913009057 0.07540956352791794 0.7453165265066198
vn 0.6624323913009057 0.07540956352791794 0.7453165265066198
vn 0.7043014789201578 -0.0162229352261748 0.7097156072424546
vn 0.7043014789201578 -0.0162229352261748 0.7097156072424546
vn 0.7043014789201578 -0.0162229352261748 0.7097156072424546
vn 0.8645293172333001 0.022915408163059096 0.5020597013432213
vn 0.8645293172333001 0.022915408163059096 0.5020597013432213
vn 0.8645293172333001 0.022915408163059096 0.5020597013432213
vn 0.858261755783813 0.10927732183595017 0.5014431428300209
vn 0.858261755783813 0.10927732183595017 0.5014431428300209
vn 0.858261755783813 0.10927732183595017 0.5014431428300209
vn 0.9091554399055217 -0.06460856727994585 0.41141477747430266
vn 0.9091554399055217 -0.06460856727994585 0.41141477747430266
vn 0.9091554399055217 -0.06460856727994585 0.41141477747430266
vn 0.9839410948876004 0.02287292891822636 0.17702189388347384
vn 0.9839410948876004 0.02287292891822636 0.17702189388347384
vn 0.9839410948876004 0.02287292891822636 0.17702189388347384
vn 0.9898586245509067 0.09359946820784146 0.10685992211019257
vn 0.9898586245509067 0.09359946820784146 0.10685992211019257
vn 0.9898586245509067 0.09359946820784146 0.10685992211019257
vn 0.9974614312396726 -0.0679382602614345 0.02133274436056971
vn 0.9974614312396726 -0.0679382602614345 0.02133274436056971
vn 0.9974614312396726 -0.0679382602614345 0.02133274436056971
vn 0.9716922902819555 0.051551283795945584 -0.2305570604982593
vn 0.9716922902819555 0.051551283795945584 -0.2305570604982593
vn 0.9716922902819555 0.051551283795945584 -0.2305570604982593
vn 0.9690631109989938 -0.039862148784576466 -0.24357277350974202
vn 0.9690631109989938 -0.039862148784576466 -0.24357277350974202
vn 0.9690631109989938 -0.039862148784576466 -0.24357277350974202
vn 0.8663256214570761 -0.03661102821087765 -0.498136076007704
vn 0.8663256214570761 -0.03661102821087765 -0.498136076007704
vn 0.8663256214570761 -0.03661102821087765 -0.498136076007704
vn 0.870271492152381 0.01635660581515417 -0.49230071236295786
vn 0.870271492152381 0.01635660581515417 -0.49230071236295786
vn 0.870271492152381 0.01635660581515417 -0.49230071236295786
vn 0.7102928042245809 -0.02975376086595344 -0.7032772184431352
vn 0.7102928042245809 -0.02975376086595344 -0.7032772184431352
vn 0.7102928042245809 -0.02975376086595344 -0.7032772184431352
vn 0.6205728553587117 0.1005312710267876 -0.7776778219402134
vn 0.6205728553587117 0.1005312710267876 -0.7776778219402134
vn 0.6205728553587117 0.1005312710267876 -0.7776778219402134
vn 0.403547200005387 -0.09296929892141541 -0.9102232510905621
vn 0.403547200005387 -0.09296929892141541 -0.9102232510905621
vn 0.403547200005387 -0.09296929892141541 -0.9102232510905621
vn 0.5615023992891772 -0.07509359747176135 -0.8240606817530165
vn 0.5615023992891772 -0.07509359747176135 -0.8240606817530165
vn 0.5615023992891772 -0.07509359747176135 -0.8240606817530165
vn 0.18057287065282335 -0.019221064050237643 -0.9833737789269019
vn 0.18057287065282335 -0.019221064050237643 -0.9833737789269019
vn 0.18057287065282335 -0.019221064050237643 -0.9833737789269019
vn 0.23685783145179742 0.10396524517572914 -0.9659656285166168
vn 0.23685783145179742 0.10396524517572914 -0.9659656285166168
vn 0.23685783145179742 0.10396524517572914 -0.9659656285166168
vn -0.028049797938072062 -0.03724635293599746 -0.9989123675421185
vn -0.028049797938072062 -0.03724635293599746 -0.9989123675421185
vn -0.028049797938072062 -0.03724635293599746 -0.9989123675421185
vn 0.0000887716296367389 0.9152554776088921 -0.40287392919685955
vn 0.0000887716296367389 0.9152554776088921 -0.40287392919685955
vn 0.0000887716296367389 0.9152554776088921 -0.40287392919685955
vn 0.00005420072642807302 0.9152711774477609 -0.4028382663001008
vn 0.00005420072642807302 0.9152711774477609 -0.4028382663001008
vn 0.00005420072642807302 0.9152711774477609 -0.4028382663001008
vn -0.0000025616793500101807 0.9153084696351351 -0.402753529354647
vn -0.0000025616793500101807 0.9153084696351351 -0.402753529354647
vn -0.0000025616793500101807 0.9153084696351351 -0.402753529354647
vn 0.000011520513849890936 0.9152736617508581 -0.40283262525824975
vn 0.000011520513849890936 0.9152736617508581 -0.40283262525824975
vn 0.000011520513849890936 0.9152736617508581 -0.40283262525824975
vn -0.000018674791292284814 0.9153271394226238 -0.40271109680222206
vn -0.000018674791292284814 0.9153271394226238 -0.40271109680222206
vn -0.000018674791292284814 0.9153271394226238 -0.40271109680222206
vn 0.000013486011291379149 0.9154495141101189 -0.4024328353075512
vn 0.000013486011291379149 0.9154495141101189 -0.4024328353075512
vn 0.000013486011291379149 0.9154495141101189 -0.4024328353075512
vn -0.000022502256058722805 0.915320045741668 -0.40272721953838586
vn -0.000022502256058722805 0.915320045741668 -0.40272721953838586
vn -0.000022502256058722805 0.915320045741668 -0.40272721953838586
vn -0.0003882571103853682 0.9151481206397096 -0.40311755921321957
vn -0.0003882571103853682 0.9151481206397096 -0.40311755921321957
vn -0.0003882571103853682 0.9151481206397096 -0.40311755921321957
vn -0.00010049167843311311 0.9147167282961645 -0.4040956531275528
vn -0.00010049167843311311 0.9147167282961645 -0.4040956531275528
vn -0.00010049167843311311 0.9147167282961645 -0.4040956531275528
vn -0.00020824618187354377 0.9155332818625226 -0.4022421738649072
vn -0.00020824618187354377 0.9155332818625226 -0.4022421738649072
vn -0.00020824618187354377 0.9155332818625226 -0.4022421738649072
vn -0.00006464476611301927 0.9153219463517532 -0.4027228952367777
vn -0.00006464476611301927 0.9153219463517532 -0.4027228952367777
vn -0.00006464476611301927 0.9153219463517532 -0.4027228952367777
vn -0.00006008186479229859 0.9153256549003878 -0.40271446692581814
vn -0.00006008186479229859 0.9153256549003878 -0.40271446692581814
vn -0.00006008186479229859 0.9153256549003878 -0.40271446692581814
vn 0.00015087105435437133 0.9152835527934945 -0.4028101230401781
vn 0.00015087105435437133 0.9152835527934945 -0.4028101230401781
vn 0.00015087105435437133 0.9152835527934945 -0.4028101230401781
vn 0.0001347541237631416 0.9153016680140256 -0.4027689640129547
vn 0.0001347541237631416 0.9153016680140256 -0.4027689640129547
vn 0.0001347541237631416 0.9153016680140256 -0.4027689640129547
vn 0.000055648026642997765 0.9154847913716897 -0.4023525738334864
vn 0.000055648026642997765 0.9154847913716897 -0.4023525738334864
vn 0.000055648026642997765 0.9154847913716897 -0.4023525738334864
f 1//1 2//2 3//3
f 4//4 5//5 6//6
f 7//7 8//8 9//9
f 10//10 11//11 12//12
f 13//13 14//14 15//15
f 16//16 17//17 18//18
f 19//19 20//20 21//21
f 22//22 23//23 24//24
f 25//25 26//26 27//27
f 28//28 29//29 30//30
f 31//31 32//32 33//33
f 34//34 35//35 36//36
f 37//37 38//38 39//39
f 40//40 41//41 42//42
f 43//43 44//44 45//45
f 46//46 47//47 48//48
f 49//49 50//50 51//51
f 52//52 53//53 54//54
f 55//55 56//56 57//57
f 58//58 59//59 60//60
f 61//61 62//62 63//63
f 64//64 65//65 66//66
f 67//67 68//68 69//69
f 70//70 71//71 72//72
f 73//73 74//74 75//75
f 76//76 77//77 78//78
f 79//79 80//80 81//81
f 82//82 83//83 84//84
f 85//85 86//86 87//87
f 88//88 89//89 90//90
f 91//91 92//92 93//93
f 94//94 95//95 96//96
f 97//97 98//98 99//99
f 100//100 101//101 102//102
f 103//103 104//104 105//105
f 106//106 107//107 108//108
f 109//109 110//110 111//111
f 112//112 113//113 114//114
f 115//115 116//116 117//117
f 118//118 119//119 120//120
f 121//121 122//122 123//123
f 124//124 125//125 126//126
f 127//127 128//128 129//129
f 130//130 131//131 132//132
f 133//133 134//134 135//135
f 136//136 137//137 138//138
f 139//139 140//140 141//141
f 142//142 143//143 144//144
f 145//145 146//146 147//147
f 148//148 149//149 150//150
f 151//151 152//152 153//153
f 154//154 155//155 156//156
f 157//157 158//158 159//159
f 160//160 161//161 162//162
f 163//163 164//164 165//165
f 166//166 167//167 168//168
f 169//169 170//170 171//171
f 172//172 173//173 174//174
f 175//175 176//176 177//177
f 178//178 179//179 180//180
f 181//181 182//182 183//183
f 184//184 185//185 186//186
f 187//187 188//188 189//189
f 190//190 191//191 192//192
f 193//193 194//194 195//195
f 196//196 197//197 198//198
f 199//199 200//200 201//201
f 202//202 203//203 204//204
f 205//205 206//206 207//207
f 208//208 209//209 210//210
f 211//211 212//212 213//213
f 214//214 215//215 216//216
f 217//217 218//218 219//219
f 220//220 221//221 222//222
f 223//223 224//224 225//225
f 226//226 227//227 228//228
f 229//229 230//230 231//231
f 232//232 233//233 234//234
f 235//235 236//236 237//237
f 238//238 239//239 240//240
f 241//241 242//242 243//243
f 244//244 245//245 246//246
f 247//247 248//248 249//249
f 250//250 251//251 252//252
f 253//253 254//254 255//255
f 256//256 257//257 258//258
f 259//259 260//260 261//261
f 262//262 263//263 264//264
f 265//265 266//266 267//267
f 268//268 269//269 270//270
f 271//271 272//272 273//273
f 274//274 275//275 276//276
f 277//277 278//278 279//279
f 280//280 281//281 282//282
f 283//283 284//284 285//285
f 286//286 287//287 288//288
f 289//289 290//290 291//291
f 292//292 293//293 294//294
f 295//295 296//296 297//297
f 298//298 299//299 300//300
f 301//301 302//302 303//303
f 304//304 305//305 306//306
f 307//307 308//308 309//309
f 310//310 311//311 312//312
f 313//313 314//314 315//315
f 316//316 317//317 318//318
f 319//319 320//320 321//321
f 322//322 323//323 324//324
f 325//325 326//326 327//327
f 328//328 329//329 330//330
f 331//331 332//332 333//333
f 334//334 335//335 336//336
f 337//337 338//338 339//339
f 340//340 341//341 342//342
f 343//343 344//344 345//345
f 346//346 347//347 348//348
f 349//349 350//350 351//351
f 352//352 353//353 354//354
f 355//355 356//356 357//357
f 358//358 359//359 360//360
f 361//361 362//362 363//363
f 364//364 365//365 366//366
f 367//367 368//368 369//369
f 370//370 371//371 372//372
f 373//373 374//374 375//375
f 376//376 377//377 378//378
f 379//379 380//380 381//381
f 382//382 383//383 384//384
f 385//385 386//386 387//387
f 388//388 389//389 390//390
f 391//391 392//392 393//393
f 394//394 395//395 396//396
f 397//397 398//398 399//399
f 400//400 401//401 402//402
f 403//403 404//404 405//405
f 406//406 407//407 408//408
f 409//409 410//410 411//411
f 412//412 413//413 414//414
f 415//415 416//416 417//417
f 418//418 419//419 420//420
f 421//421 422//422 423//423
f 424//424 425//425 426//426
f 427//427 428//428 429//429
f 430//430 431//431 432//432
f 433//433 434//434 435//435
f 436//436 437//437 438//438
f 439//439 440//440 441//441
f 442//442 443//443 444//444
f 445//445 446//446 447//447
f 448//448 449//449 450//450
f 451//451 452//452 453//453
f 454//454 455//455 456//456
f 457//457 458//458 459//459
f 460//460 461//461 462//462
f 463//463 464//464 465//465
f 466//466 467//467 468//468
f 469//469 470//470 471//471
f 472//472 473//473 474//474
f 475//475 476//476 477//477
f 478//478 479//479 480//480
f 481//481 482//482 483//483
f 484//484 485//485 486//486
f 487//487 488//488 489//489
f 490//490 491//491 492//492
f 493//493 494//494 495//495
f 496//496 497//497 498//498
f 499//499 500//500 501//501
f 502//502 503//503 504//504
f 505//505 506//506 507//507
f 508//508 509//509 510//510
f 511//511 512//512 513//513
f 514//514 515//515 516//516
f 517//517 518//518 519//519
f 520//520 521//521 522//522
f 523//523 524//524 525//525
f 526//526 527//527 528//528
f 529//529 530//530 531//531
f 532//532 533//533 534//534
f 535//535 536//536 537//537
f 538//538 539//539 540//540
f 541//541 542//542 543//543
f 544//544 545//545 546//546
f 547//547 548//548 549//549
f 550//550 551//551 552//552
f 553//553 554//554 555//555
f 556//556 557//557 558//558
f 559//559 560//560 561//561
f 562//562 563//563 564//564
f 565//565 566//566 567//567
f 568//568 569//569 570//570
f 571//571 572//572 573//573
f 574//574 575//575 576//576
f 577//577 578//578 579//579
f 580//580 581//581 582//582
f 583//583 584//584 585//585
f 586//586 587//587 588//588
f 589//589 590//590 591//591
f 592//592 593//593 594//594
f 595//595 596//596 597//597
f 598//598 599//599 600//600
f 601//601 602//602 603//603
f 604//604 605//605 606//606
f 607//607 608//608 609//609
f 610//610 611//611 612//612
f 613//613 614//614 615//615
f 616//616 617//617 618//618
f 619//619 620//620 621//621
f 622//622 623//623 624//624
f 625//625 626//626 627//627
f 628//628 629//629 630//630
f 631//631 632//632 633//633
f 634//634 635//635 636//636
f 637//637 638//638 639//639
f 640//640 641//641 642//642
f 643//643 644//644 645//645
f 646//646 647//647 648//648
f 649//649 650//650 651//651
f 652//652 653//653 654//654
f 655//655 656//656 657//657
f 658//658 659//659 660//660
f 661//661 662//662 663//663
f 664//664 665//665 666//666
f 667//667 668//668 669//669
f 670//670 671//671 672//672
f 673//673 674//674 675//675
f 676//676 677//677 678//678
f 679//679 680//680 681//681
f 682//682 683//683 684//684
f 685//685 686//686 687//687
f 688//688 689//689 690//690
f 691//691 692//692 693//693
f 694//694 695//695 696//696
f 697//697 698//698 699//699
f 700//700 701//701 702//702
f 703//703 704//704 705//705
f 706//706 707//707 708//708
f 709//709 710//710 711//711
f 712//712 713//713 714//714
f 715//715 716//716 717//717
f 718//718 719//719 720//720
f 721//721 722//722 723//723
f 724//724 725//725 726//726
f 727//727 728//728 729//729
f 730//730 731//731 732//732
f 733//733 734//734 735//735
f 736//736 737//737 738//738
f 739//739 740//740 741//741
f 742//742 743//743 744//744
f 745//745 746//746 747//747
f 748//748 749//749 750//750
f 751//751 752//752 753//753
f 754//754 755//755 756//756
f 757//757 758//758 759//759
f 760//760 761//761 762//762
f 763//763 764//764 765//765
f 766//766 767//767 768//768
f 769//769 770//770 771//771
f 772//772 773//773 774//774
f 775//775 776//776 777//777
f 778//778 779//779 780//780
f 781//781 782//782 783//783
f 784//784 785//785 786//786
f 787//787 788//788 789//789
f 790//790 791//791 792//792
f 793//793 794//794 795//795
f 796//796 797//797 798//798
f 799//799 800//800 801//801
f 802//802 803//803 804//804
f 805//805 806//806 807//807
f 808//808 809//809 810//810
f 811//811 812//812 813//813
f 814//814 815//815 816//816
f 817//817 818//818 819//819
f 820//820 821//821 822//822
f 823//823 824//824 825//825
f 826//826 827//827 828//828
f 829//829 830//830 831//831
f 832//832 833//833 834//834
f 835//835 836//836 837//837
f 838//838 839//839 840//840
f 841//841 842//842 843//843
f 844//844 845//845 846//846
f 847//847 848//848 849//849
f 850//850 851//851 852//852
f 853//853 854//854 855//855
f 856//856 857//857 858//858
f 859//859 860//860 861//861
f 862//862 863//863 864//864
f 865//865 866//866 867//867
f 868//868 869//869 870//870
f 871//871 872//872 873//873
f 874//874 875//875 876//876
f 877//877 878//878 879//879
f 880//880 881//881 882//882
f 883//883 884//884 885//885
f 886//886 887//887 888//888
f 889//889 890//890 891//891
f 892//892 893//893 894//894
f 895//895 896//896 897//897
f 898//898 899//899 900//900
f 901//901 902//902 903//903
f 904//904 905//905 906//906
f 907//907 908//908 909//909
f 910//910 911//911 912//912
f 913//913 914//914 915//915
f 916//916 917//917 918//918
f 919//919 920//920 921//921
f 922//922 923//923 924//924
f 925//925 926//926 927//927
f 928//928 929//929 930//930
f 931//931 932//932 933//933
f 934//934 935//935 936//936
f 937//937 938//938 939//939
f 940//940 941//941 942//942
f 943//943 944//944 945//945
f 946//946 947//947 948//948
f 949//949 950//950 951//951
f 952//952 953//953 954//954
f 955//955 956//956 957//957
f 958//958 959//959 960//960
f 961//961 962//962 963//963
f 964//964 965//965 966//966
f 967//967 968//968 969//969
f 970//970 971//971 972//972
f 973//973 974//974 975//975
f 976//976 977//977 978//978
f 979//979 980//980 981//981
f 982//982 983//983 984//984
f 985//985 986//986 987//987
f 988//988 989//989 990//990
f 991//991 992//992 993//993
f 994//994 995//995 996//996
f 997//997 998//998 999//999
f 1000//1000 1001//1001 1002//1002
f 1003//1003 1004//1004 1005//1005
f 1006//1006 1007//1007 1008//1008
f 1009//1009 1010//1010 1011//1011
f 1012//1012 1013//1013 1014//1014
f 1015//1015 1016//1016 1017//1017
f 1018//1018 1019//1019 1020//1020
f 1021//1021 1022//1022 1023//1023
f 1024//1024 1025//1025 1026//1026
f 1027//1027 1028//1028 1029//1029
f 1030//1030 1031//1031 1032//1032
f 1033//1033 1034//1034 1035//1035
f 1036//1036 1037//1037 1038//1038
f 1039//1039 1040//1040 1041//1041
f 1042//1042 1043//1043 1044//1044
f 1045//1045 1046//1046 1047//1047
f 1048//1048 1049//1049 1050//1050
f 1051//1051 1052//1052 1053//1053
f 1054//1054 1055//1055 1056//1056
f 1057//1057 1058//1058 1059//1059
f 1060//1060 1061//1061 1062//1062
f 1063//1063 1064//1064 1065//1065
f 1066//1066 1067//1067 1068//1068
f 1069//1069 1070//1070 1071//1071
f 1072//1072 1073//1073 1074//1074
f 1075//1075 1076//1076 1077//1077
f 1078//1078 1079//1079 1080//1080
f 1081//1081 1082//1082 1083//1083
f 1084//1084 1085//1085 1086//1086
f 1087//1087 1088//1088 1089//1089
f 1090//1090 1091//1091 1092//1092
f 1093//1093 1094//1094 1095//1095
f 1096//1096 1097//1097 1098//1098
f 1099//1099 1100//1100 1101//1101
f 1102//1102 1103//1103 1104//1104
f 1105//1105 1106//1106 1107//1107
f 1108//1108 1109//1109 1110//1110
f 1111//1111 1112//1112 1113//1113
f 1114//1114 1115//1115 1116//1116
f 1117//1117 1118//1118 1119//1119
f 1120//1120 1121//1121 1122//1122
f 1123//1123 1124//1124 1125//1125
f 1126//1126 1127//1127 1128//1128
f 1129//1129 1130//1130 1131//1131
f 1132//1132 1133//1133 1134//1134
f 1135//1135 1136//1136 1137//1137
f 1138//1138 1139//1139 1140//1140
f 1141//1141 1142//1142 1143//1143
f 1144//1144 1145//1145 1146//1146
f 1147//1147 1148//1148 1149//1149
f 1150//1150 1151//1151 1152//1152
f 1153//1153 1154//1154 1155//1155
f 1156//1156 1157//1157 1158//1158
f 1159//1159 1160//1160 1161//1161
f 1162//1162 1163//1163 1164//1164
f 1165//1165 1166//1166 1167//1167
f 1168//1168 1169//1169 1170//1170
f 1171//1171 1172//1172 1173//1173
f 1174//1174 1175//1175 1176//1176
f 1177//1177 1178//1178 1179//1179
f 1180//1180 1181//1181 1182//1182
f 1183//1183 1184//1184 1185//1185
f 1186//1186 1187//1187 1188//1188
f 1189//1189 1190//1190 1191//1191
f 1192//1192 1193//1193 1194//1194
f 1195//1195 1196//1196 1197//1197
f 1198//1198 1199//1199 1200//1200
f 1201//1201 1202//1202 1203//1203
f 1204//1204 1205//1205 1206//1206
f 1207//1207 1208//1208 1209//1209
f 1210//1210 1211//1211 1212//1212
f 1213//1213 1214//1214 1215//1215
f 1216//1216 1217//1217 1218//1218
f 1219//1219 1220//1220 1221//1221
f 1222//1222 1223//1223 1224//1224
f 1225//1225 1226//1226 1227//1227
f 1228//1228 1229//1229 1230//1230
f 1231//1231 1232//1232 1233//1233
f 1234//1234 1235//1235 1236//1236
f 1237//1237 1238//1238 1239//1239
f 1240//1240 1241//1241 1242//1242
f 1243//1243 1244//1244 1245//1245
f 1246//1246 1247//1247 1248//1248
f 1249//1249 1250//1250 1251//1251
f 1252//1252 1253//1253 1254//1254
f 1255//1255 1256//1256 1257//1257
f 1258//1258 1259//1259 1260//1260
f 1261//1261 1262//1262 1263//1263
f 1264//1264 1265//1265 1266//1266
f 1267//1267 1268//1268 1269//1269
f 1270//1270 1271//1271 1272//1272
f 1273//1273 1274//1274 1275//1275
f 1276//1276 1277//1277 1278//1278
f 1279//1279 1280//1280 1281//1281
f 1282//1282 1283//1283 1284//1284
f 1285//1285 1286//1286 1287//1287
f 1288//1288 1289//1289 1290//1290
f 1291//1291 1292//1292 1293//1293
f 1294//1294 1295//1295 1296//1296
f 1297//1297 1298//1298 1299//1299
f 1300//1300 1301//1301 1302//1302
f 1303//1303 1304//1304 1305//1305
f 1306//1306 1307//1307 1308//1308
f 1309//1309 1310//1310 1311//1311
f 1312//1312 1313//1313 1314//1314
f 1315//1315 1316//1316 1317//1317
f 1318//1318 1319//1319 1320//1320
f 1321//1321 1322//1322 1323//1323
f 1324//1324 1325//1325 1326//1326
f 1327//1327 1328//1328 1329//1329
f 1330//1330 1331//1331 1332//1332
f 1333//1333 1334//1334 1335//1335
f 1336//1336 1337//1337 1338//1338
f 1339//1339 1340//1340 1341//1341
f 1342//1342 1343//1343 1344//1344
f 1345//1345 1346//1346 1347//1347
f 1348//1348 1349//1349 1350//1350
f 1351//1351 1352//1352 1353//1353
f 1354//1354 1355//1355 1356//1356
f 1357//1357 1358//1358 1359//1359
f 1360//1360 1361//1361 1362//1362
f 1363//1363 1364//1364 1365//1365
f 1366//1366 1367//1367 1368//1368
f 1369//1369 1370//1370 1371//1371
f 1372//1372 1373//1373 1374//1374
f 1375//1375 1376//1376 1377//1377
f 1378//1378 1379//1379 1380//1380
f 1381//1381 1382//1382 1383//1383
f 1384//1384 1385//1385 1386//1386
f 1387//1387 1388//1388 1389//1389
f 1390//1390 1391//1391 1392//1392
f 1393//1393 1394//1394 1395//1395
f 1396//1396 1397//1397 1398//1398
f 1399//1399 1400//1400 1401//1401
f 1402//1402 1403//1403 1404//1404
f 1405//1405 1406//1406 1407//1407
f 1408//1408 1409//1409 1410//1410
f 1411//1411 1412//1412 1413//1413
f 1414//1414 1415//1415 1416//1416
f 1417//1417 1418//1418 1419//1419
f 1420//1420 1421//1421 1422//1422
f 1423//1423 1424//1424 1425//1425
f 1426//1426 1427//1427 1428//1428
f 1429//1429 1430//1430 1431//1431
f 1432//1432 1433//1433 1434//1434
f 1435//1435 1436//1436 1437//1437
f 1438//1438 1439//1439 1440//1440
f 1441//1441 1442//1442 1443//1443
f 1444//1444 1445//1445 1446//1446
f 1447//1447 1448//1448 1449//1449
f 1450//1450 1451//1451 1452//1452
f 1453//1453 1454//1454 1455//1455
f 1456//1456 1457//1457 1458//1458
f 1459//1459 1460//1460 1461//1461
f 1462//1462 1463//1463 1464//1464
f 1465//1465 1466//1466 1467//1467
f 1468//1468 1469//1469 1470//1470
f 1471//1471 1472//1472 1473//1473
f 1474//1474 1475//1475 1476//1476
f 1477//1477 1478//1478 1479//1479
f 1480//1480 1481//1481 1482//1482
f 1483//1483 1484//1484 1485//1485
f 1486//1486 1487//1487 1488//1488
f 1489//1489 1490//1490 1491//1491
f 1492//1492 1493//1493 1494//1494
f 1495//1495 1496//1496 1497//1497
f 1498//1498 1499//1499 1500//1500
f 1501//1501 1502//1502 1503//1503
f 1504//1504 1505//1505 1506//1506
f 1507//1507 1508//1508 1509//1509
f 1510//1510 1511//1511 1512//1512
f 1513//1513 1514//1514 1515//1515
f 1516//1516 1517//1517 1518//1518
f 1519//1519 1520//1520 1521//1521
f 1522//1522 1523//1523 1524//1524
f 1525//1525 1526//1526 1527//1527
f 1528//1528 1529//1529 1530//1530
f 1531//1531 1532//1532 1533//1533
f 1534//1534 1535//1535 1536//1536
f 1537//1537 1538//1538 1539//1539
f 1540//1540 1541//1541 1542//1542
f 1543//1543 1544//1544 1545//1545
f 1546//1546 1547//1547 1548//1548
f 1549//1549 1550//1550 1551//1551
f 1552//1552 1553//1553 1554//1554
f 1555//1555 1556//1556 1557//1557
f 1558//1558 1559//1559 1560//1560
f 1561//1561 1562//1562 1563//1563
f 1564//1564 1565//1565 1566//1566
f 1567//1567 1568//1568 1569//1569
f 1570//1570 1571//1571 1572//1572
f 1573//1573 1574//1574 1575//1575
f 1576//1576 1577//1577 1578//1578
f 1579//1579 1580//1580 1581//1581
f 1582//1582 1583//1583 1584//1584
f 1585//1585 1586//1586 1587//1587
f 1588//1588 1589//1589 1590//1590
f 1591//1591 1592//1592 1593//1593
f 1594//1594 1595//1595 1596//1596
f 1597//1597 1598//1598 1599//1599
f 1600//1600 1601//1601 1602//1602
f 1603//1603 1604//1604 1605//1605
f 1606//1606 1607//1607 1608//1608
f 1609//1609 1610//1610 1611//1611
f 1612//1612 1613//1613 1614//1614
f 1615//1615 1616//1616 1617//1617
f 1618//1618 1619//1619 1620//1620
f 1621//1621 1622//1622 1623//1623
f 1624//1624 1625//1625 1626//1626
f 1627//1627 1628//1628 1629//1629
f 1630//1630 1631//1631 1632//1632
f 1633//1633 1634//1634 1635//1635
f 1636//1636 1637//1637 1638//1638
f 1639//1639 1640//1640 1641//1641
f 1642//1642 1643//1643 1644//1644
f 1645//1645 1646//1646 1647//1647
f 1648//1648 1649//1649 1650//1650
f 1651//1651 1652//1652 1653//1653
f 1654//1654 1655//1655 1656//1656
f 1657//1657 1658//1658 1659//1659
f 1660//1660 1661//1661 1662//1662
f 1663//1663 1664//1664 1665//1665
f 1666//1666 1667//1667 1668//1668
f 1669//1669 1670//1670 1671//1671
f 1672//1672 1673//1673 1674//1674
f 1675//1675 1676//1676 1677//1677
f 1678//1678 1679//1679 1680//1680
f 1681//1681 1682//1682 1683//1683
f 1684//1684 1685//1685 1686//1686
f 1687//1687 1688//1688 1689//1689
f 1690//1690 1691//1691 1692//1692
f 1693//1693 1694//1694 1695//1695
f 1696//1696 1697//1697 1698//1698
f 1699//1699 1700//1700 1701//1701
f 1702//1702 1703//1703 1704//1704
f 1705//1705 1706//1706 1707//1707
f 1708//1708 1709//1709 1710//1710
f 1711//1711 1712//1712 1713//1713
f 1714//1714 1715//1715 1716//1716
f 1717//1717 1718//1718 1719//1719
f 1720//1720 1721//1721 1722//1722
f 1723//1723 1724//1724 1725//1725
f 1726//1726 1727//1727 1728//1728
f 1729//1729 1730//1730 1731//1731
f 1732//1732 1733//1733 1734//1734
f 1735//1735 1736//1736 1737//1737
f 1738//1738 1739//1739 1740//1740
f 1741//1741 1742//1742 1743//1743
f 1744//1744 1745//1745 1746//1746
f 1747//1747 1748//1748 1749//1749
f 1750//1750 1751//1751 1752//1752
f 1753//1753 1754//1754 1755//1755
f 1756//1756 1757//1757 1758//1758
f 1759//1759 1760//1760 1761//1761
f 1762//1762 1763//1763 1764//1764
f 1765//1765 1766//1766 1767//1767
f 1768//1768 1769//1769 1770//1770
f 1771//1771 1772//1772 1773//1773
f 1774//1774 1775//1775 1776//1776
f 1777//1777 1778//1778 1779//1779
f 1780//1780 1781//1781 1782//1782
f 1783//1783 1784//1784 1785//1785
f 1786//1786 1787//1787 1788//1788
f 1789//1789 1790//1790 1791//1791
f 1792//1792 1793//1793 1794//1794
f 1795//1795 1796//1796 1797//1797
f 1798//1798 1799//1799 1800//1800
f 1801//1801 1802//1802 1803//1803
f 1804//1804 1805//1805 1806//1806
f 1807//1807 1808//1808 1809//1809
f 1810//1810 1811//1811 1812//1812
f 1813//1813 1814//1814 1815//1815
f 1816//1816 1817//1817 1818//1818
f 1819//1819 1820//1820 1821//1821
f 1822//1822 1823//1823 1824//1824
f 1825//1825 1826//1826 1827//1827
f 1828//1828 1829//1829 1830//1830
f 1831//1831 1832//1832 1833//1833
f 1834//1834 1835//1835 1836//1836
f 1837//1837 1838//1838 1839//1839
f 1840//1840 1841//1841 1842//1842
f 1843//1843 1844//1844 1845//1845
f 1846//1846 1847//1847 1848//1848
f 1849//1849 1850//1850 1851//1851
f 1852//1852 1853//1853 1854//1854
f 1855//1855 1856//1856 1857//1857
f 1858//1858 1859//1859 1860//1860
f 1861//1861 1862//1862 1863//1863
f 1864//1864 1865//1865 1866//1866
f 1867//1867 1868//1868 1869//1869
f 1870//1870 1871//1871 1872//1872
f 1873//1873 1874//1874 1875//1875
f 1876//1876 1877//1877 1878//1878
f 1879//1879 1880//1880 1881//1881
f 1882//1882 1883//1883 1884//1884
f 1885//1885 1886//1886 1887//1887
f 1888//1888 1889//1889 1890//1890
f 1891//1891 1892//1892 1893//1893
f 1894//1894 1895//1895 1896//1896
f 1897//1897 1898//1898 1899//1899
f 1900//1900 1901//1901 1902//1902
f 1903//1903 1904//1904 1905//1905
f 1906//1906 1907//1907 1908//1908
f 1909//1909 1910//1910 1911//1911
f 1912//1912 1913//1913 1914//1914
f 1915//1915 1916//1916 1917//1917
f 1918//1918 1919//1919 1920//1920
f 1921//1921 1922//1922 1923//1923
f 1924//1924 1925//1925 1926//1926
f 1927//1927 1928//1928 1929//1929
f 1930//1930 1931//1931 1932//1932
f 1933//1933 1934//1934 1935//1935
f 1936//1936 1937//1937 1938//1938
f 1939//1939 1940//1940 1941//1941
f 1942//1942 1943//1943 1944//1944
f 1945//1945 1946//1946 1947//1947
f 1948//1948 1949//1949 1950//1950
f 1951//1951 1952//1952 1953//1953
f 1954//1954 1955//1955 1956//1956
f 1957//1957 1958//1958 1959//1959
f 1960//1960 1961//1961 1962//1962
f 1963//1963 1964//1964 1965//1965
f 1966//1966 1967//1967 1968//1968
f 1969//1969 1970//1970 1971//1971
f 1972//1972 1973//1973 1974//1974
f 1975//1975 1976//1976 1977//1977
f 1978//1978 1979//1979 1980//1980
f 1981//1981 1982//1982 1983//1983
f 1984//1984 1985//1985 1986//1986
f 1987//1987 1988//1988 1989//1989
f 1990//1990 1991//1991 1992//1992
f 1993//1993 1994//1994 1995//1995
f 1996//1996 1997//1997 1998//1998
f 1999//1999 2000//2000 2001//2001
f 2002//2002 2003//2003 2004//2004
f 2005//2005 2006//2006 2007//2007
f 2008//2008 2009//2009 2010//2010
f 2011//2011 2012//2012 2013//2013
f 2014//2014 2015//2015 2016//2016
f 2017//2017 2018//2018 2019//2019
f 2020//2020 2021//2021 2022//2022
f 2023//2023 2024//2024 2025//2025
f 2026//2026 2027//2027 2028//2028
f 2029//2029 2030//2030 2031//2031
f 2032//2032 2033//2033 2034//2034
f 2035//2035 2036//2036 2037//2037
f 2038//2038 2039//2039 2040//2040
f 2041//2041 2042//2042 2043//2043
f 2044//2044 2045//2045 2046//2046
f 2047//2047 2048//2048 2049//2049
f 2050//2050 2051//2051 2052//2052
f 2053//2053 2054//2054 2055//2055
f 2056//2056 2057//2057 2058//2058
f 2059//2059 2060//2060 2061//2061
f 2062//2062 2063//2063 2064//2064
f 2065//2065 2066//2066 2067//2067
f 2068//2068 2069//2069 2070//2070
f 2071//2071 2072//2072 2073//2073
f 2074//2074 2075//2075 2076//2076
f 2077//2077 2078//2078 2079//2079
f 2080//2080 2081//2081 2082//2082
f 2083//2083 2084//2084 2085//2085
f 2086//2086 2087//2087 2088//2088
f 2089//2089 2090//2090 2091//2091
f 2092//2092 2093//2093 2094//2094
f 2095//2095 2096//2096 2097//2097
f 2098//2098 2099//2099 2100//2100
f 2101//2101 2102//2102 2103//2103
f 2104//2104 2105//2105 2106//2106
f 2107//2107 2108//2108 2109//2109
f 2110//2110 2111//2111 2112//2112
f 2113//2113 2114//2114 2115//2115
f 2116//2116 2117//2117 2118//2118
f 2119//2119 2120//2120 2121//2121
f 2122//2122 2123//2123 2124//2124
f 2125//2125 2126//2126 2127//2127
f 2128//2128 2129//2129 2130//2130
f 2131//2131 2132//2132 2133//2133
f 2134//2134 2135//2135 2136//2136
f 2137//2137 2138//2138 2139//2139
f 2140//2140 2141//2141 2142//2142
f 2143//2143 2144//2144 2145//2145
f 2146//2146 2147//2147 2148//2148
f 2149//2149 2150//2150 2151//2151
f 2152//2152 2153//2153 2154//2154
f 2155//2155 2156//2156 2157//2157
f 2158//2158 2159//2159 2160//2160
f 2161//2161 2162//2162 2163//2163
f 2164//2164 2165//2165 2166//2166
f 2167//2167 2168//2168 2169//2169
f 2170//2170 2171//2171 2172//2172
f 2173//2173 2174//2174 2175//2175
f 2176//2176 2177//2177 2178//2178
f 2179//2179 2180//2180 2181//2181
f 2182//2182 2183//2183 2184//2184
f 2185//2185 2186//2186 2187//2187
f 2188//2188 2189//2189 2190//2190
f 2191//2191 2192//2192 2193//2193
f 2194//2194 2195//2195 2196//2196
f 2197//2197 2198//2198 2199//2199
f 2200//2200 2201//2201 2202//2202
f 2203//2203 2204//2204 2205//2205
f 2206//2206 2207//2207 2208//2208
f 2209//2209 2210//2210 2211//2211
f 2212//2212 2213//2213 2214//2214
f 2215//2215 2216//2216 2217//2217
f 2218//2218 2219//2219 2220//2220
f 2221//2221 2222//2222 2223//2223
f 2224//2224 2225//2225 2226//2226
f 2227//2227 2228//2228 2229//2229
f 2230//2230 2231//2231 2232//2232
f 2233//2233 2234//2234 2235//2235
f 2236//2236 2237//2237 2238//2238
f 2239//2239 2240//2240 2241//2241
f 2242//2242 2243//2243 2244//2244
f 2245//2245 2246//2246 2247//2247
f 2248//2248 2249//2249 2250//2250
f 2251//2251 2252//2252 2253//2253
f 2254//2254 2255//2255 2256//2256
f 2257//2257 2258//2258 2259//2259
f 2260//2260 2261//2261 2262//2262
f 2263//2263 2264//2264 2265//2265
f 2266//2266 2267//2267 2268//2268
f 2269//2269 2270//2270 2271//2271
f 2272//2272 2273//2273 2274//2274
f 2275//2275 2276//2276 2277//2277
f 2278//2278 2279//2279 2280//2280
f 2281//2281 2282//2282 2283//2283
f 2284//2284 2285//2285 2286//2286
f 2287//2287 2288//2288 2289//2289
f 2290//2290 2291//2291 2292//2292
f 2293//2293 2294//2294 2295//2295
f 2296//2296 2297//2297 2298//2298
f 2299//2299 2300//2300 2301//2301
f 2302//2302 2303//2303 2304//2304
f 2305//2305 2306//2306 2307//2307
f 2308//2308 2309//2309 2310//2310
f 2311//2311 2312//2312 2313//2313
f 2314//2314 2315//2315 2316//2316
f 2317//2317 2318//2318 2319//2319
f 2320//2320 2321//2321 2322//2322
f 2323//2323 2324//2324 2325//2325
f 2326//2326 2327//2327 2328//2328
f 2329//2329 2330//2330 2331//2331
f 2332//2332 2333//2333 2334//2334
f 2335//2335 2336//2336 2337//2337
f 2338//2338 2339//2339 2340//2340
f 2341//2341 2342//2342 2343//2343
f 2344//2344 2345//2345 2346//2346
f 2347//2347 2348//2348 2349//2349
f 2350//2350 2351//2351 2352//2352
f 2353//2353 2354//2354 2355//2355
f 2356//2356 2357//2357 2358//2358
f 2359//2359 2360//2360 2361//2361
f 2362//2362 2363//2363 2364//2364
f 2365//2365 2366//2366 2367//2367
f 2368//2368 2369//2369 2370//2370
f 2371//2371 2372//2372 2373//2373
f 2374//2374 2375//2375 2376//2376
f 2377//2377 2378//2378 2379//2379
f 2380//2380 2381//2381 2382//2382
f 2383//2383 2384//2384 2385//2385
f 2386//2386 2387//2387 2388//2388
f 2389//2389 2390//2390 2391//2391
f 2392//2392 2393//2393 2394//2394
f 2395//2395 2396//2396 2397//2397
f 2398//2398 2399//2399 2400//2400
f 2401//2401 2402//2402 2403//2403
f 2404//2404 2405//2405 2406//2406
f 2407//2407 2408//2408 2409//2409
f 2410//2410 2411//2411 2412//2412
f 2413//2413 2414//2414 2415//2415
f 2416//2416 2417//2417 2418//2418
f 2419//2419 2420//2420 2421//2421
f 2422//2422 2423//2423 2424//2424
f 2425//2425 2426//2426 2427//2427
f 2428//2428 2429//2429 2430//2430
f 2431//2431 2432//2432 2433//2433
f 2434//2434 2435//2435 2436//2436
f 2437//2437 2438//2438 2439//2439
f 2440//2440 2441//2441 2442//2442
f 2443//2443 2444//2444 2445//2445
f 2446//2446 2447//2447 2448//2448
f 2449//2449 2450//2450 2451//2451
f 2452//2452 2453//2453 2454//2454
f 2455//2455 2456//2456 2457//2457
f 2458//2458 2459//2459 2460//2460
f 2461//2461 2462//2462 2463//2463
f 2464//2464 2465//2465 2466//2466
f 2467//2467 2468//2468 2469//2469
f 2470//2470 2471//2471 2472//2472
f 2473//2473 2474//2474 2475//2475
f 2476//2476 2477//2477 2478//2478
f 2479//2479 2480//2480 2481//2481
f 2482//2482 2483//2483 2484//2484
f 2485//2485 2486//2486 2487//2487
f 2488//2488 2489//2489 2490//2490
f 2491//2491 2492//2492 2493//2493
f 2494//2494 2495//2495 2496//2496
f 2497//2497 2498//2498 2499//2499
f 2500//2500 2501//2501 2502//2502
f 2503//2503 2504//2504 2505//2505
f 2506//2506 2507//2507 2508//2508
f 2509//2509 2510//2510 2511//2511
f 2512//2512 2513//2513 2514//2514
f 2515//2515 2516//2516 2517//2517
f 2518//2518 2519//2519 2520//2520
f 2521//2521 2522//2522 2523//2523
f 2524//2524 2525//2525 2526//2526
f 2527//2527 2528//2528 2529//2529
f 2530//2530 2531//2531 2532//2532
f 2533//2533 2534//2534 2535//2535
f 2536//2536 2537//2537 2538//2538
f 2539//2539 2540//2540 2541//2541
f 2542//2542 2543//2543 2544//2544
f 2545//2545 2546//2546 2547//2547
f 2548//2548 2549//2549 2550//2550
f 2551//2551 2552//2552 2553//2553
f 2554//2554 2555//2555 2556//2556
f 2557//2557 2558//2558 2559//2559
f 2560//2560 2561//2561 2562//2562
f 2563//2563 2564//2564 2565//2565
f 2566//2566 2567//2567 2568//2568
f 2569//2569 2570//2570 2571//2571
f 2572//2572 2573//2573 2574//2574
f 2575//2575 2576//2576 2577//2577
f 2578//2578 2579//2579 2580//2580
f 2581//2581 2582//2582 2583//2583
f 2584//2584 2585//2585 2586//2586
f 2587//2587 2588//2588 2589//2589
f 2590//2590 2591//2591 2592//2592
f 2593//2593 2594//2594 2595//2595
f 2596//2596 2597//2597 2598//2598
f 2599//2599 2600//2600 2601//2601
f 2602//2602 2603//2603 2604//2604
f 2605//2605 2606//2606 2607//2607
f 2608//2608 2609//2609 2610//2610
f 2611//2611 2612//2612 2613//2613
f 2614//2614 2615//2615 2616//2616
f 2617//2617 2618//2618 2619//2619
f 2620//2620 2621//2621 2622//2622
f 2623//2623 2624//2624 2625//2625
f 2626//2626 2627//2627 2628//2628
f 2629//2629 2630//2630 2631//2631
f 2632//2632 2633//2633 2634//2634
f 2635//2635 2636//2636 2637//2637
f 2638//2638 2639//2639 2640//2640
f 2641//2641 2642//2642 2643//2643
f 2644//2644 2645//2645 2646//2646
f 2647//2647 2648//2648 2649//2649
f 2650//2650 2651//2651 2652//2652
f 2653//2653 2654//2654 2655//2655
f 2656//2656 2657//2657 2658//2658
f 2659//2659 2660//2660 2661//2661
f 2662//2662 2663//2663 2664//2664
f 2665//2665 2666//2666 2667//2667
f 2668//2668 2669//2669 2670//2670
f 2671//2671 2672//2672 2673//2673
f 2674//2674 2675//2675 2676//2676
f 2677//2677 2678//2678 2679//2679
f 2680//2680 2681//2681 2682//2682
f 2683//2683 2684//2684 2685//2685
f 2686//2686 2687//2687 2688//2688
f 2689//2689 2690//2690 2691//2691
f 2692//2692 2693//2693 2694//2694
f 2695//2695 2696//2696 2697//2697
f 2698//2698 2699//2699 2700//2700
f 2701//2701 2702//2702 2703//2703
f 2704//2704 2705//2705 2706//2706
f 2707//2707 2708//2708 2709//2709
f 2710//2710 2711//2711 2712//2712
f 2713//2713 2714//2714 2715//2715
f 2716//2716 2717//2717 2718//2718
f 2719//2719 2720//2720 2721//2721
f 2722//2722 2723//2723 2724//2724
f 2725//2725 2726//2726 2727//2727
f 2728//2728 2729//2729 2730//2730
f 2731//2731 2732//2732 2733//2733
f 2734//2734 2735//2735 2736//2736
f 2737//2737 2738//2738 2739//2739
f 2740//2740 2741//2741 2742//2742
f 2743//2743 2744//2744 2745//2745
f 2746//2746 2747//2747 2748//2748
f 2749//2749 2750//2750 2751//2751
f 2752//2752 2753//2753 2754//2754
f 2755//2755 2756//2756 2757//2757
f 2758//2758 2759//2759 2760//2760
f 2761//2761 2762//2762 2763//2763
f 2764//2764 2765//2765 2766//2766
f 2767//2767 2768//2768 2769//2769
f 2770//2770 2771//2771 2772//2772
f 2773//2773 2774//2774 2775//2775
f 2776//2776 2777//2777 2778//2778
f 2779//2779 2780//2780 2781//2781
f 2782//2782 2783//2783 2784//2784
f 2785//2785 2786//2786 2787//2787
f 2788//2788 2789//2789 2790//2790
f 2791//2791 2792//2792 2793//2793
f 2794//2794 2795//2795 2796//2796
f 2797//2797 2798//2798 2799//2799
f 2800//2800 2801//2801 2802//2802
f 2803//2803 2804//2804 2805//2805
f 2806//2806 2807//2807 2808//2808
f 2809//2809 2810//2810 2811//2811
f 2812//2812 2813//2813 2814//2814
f 2815//2815 2816//2816 2817//2817
f 2818//2818 2819//2819 2820//2820
f 2821//2821 2822//2822 2823//2823
f 2824//2824 2825//2825 2826//2826
f 2827//2827 2828//2828 2829//2829
f 2830//2830 2831//2831 2832//2832
f 2833//2833 2834//2834 2835//2835
f 2836//2836 2837//2837 2838//2838
f 2839//2839 2840//2840 2841//2841
f 2842//2842 2843//2843 2844//2844
f 2845//2845 2846//2846 2847//2847
f 2848//2848 2849//2849 2850//2850
f 2851//2851 2852//2852 2853//2853
f 2854//2854 2855//2855 2856//2856
f 2857//2857 2858//2858 2859//2859
f 2860//2860 2861//2861 2862//2862
f 2863//2863 2864//2864 2865//2865
f 2866//2866 2867//2867 2868//2868
f 2869//2869 2870//2870 2871//2871
f 2872//2872 2873//2873 2874//2874
f 2875//2875 2876//2876 2877//2877
f 2878//2878 2879//2879 2880//2880
f 2881//2881 2882//2882 2883//2883
f 2884//2884 2885//2885 2886//2886
f 2887//2887 2888//2888 2889//2889
f 2890//2890 2891//2891 2892//2892
f 2893//2893 2894//2894 2895//2895
f 2896//2896 2897//2897 2898//2898
f 2899//2899 2900//2900 2901//2901
f 2902//2902 2903//2903 2904//2904
f 2905//2905 2906//2906 2907//2907
f 2908//2908 2909//2909 2910//2910
f 2911//2911 2912//2912 2913//2913
f 2914//2914 2915//2915 2916//2916
f 2917//2917 2918//2918 2919//2919
f 2920//2920 2921//2921 2922//2922
f 2923//2923 2924//2924 2925//2925
f 2926//2926 2927//2927 2928//2928
f 2929//2929 2930//2930 2931//2931
f 2932//2932 2933//2933 2934//2934
f 2935//2935 2936//2936 2937//2937
f 2938//2938 2939//2939 2940//2940
f 2941//2941 2942//2942 2943//2943
f 2944//2944 2945//2945 2946//2946
f 2947//2947 2948//2948 2949//2949
f 2950//2950 2951//2951 2952//2952
f 2953//2953 2954//2954 2955//2955
f 2956//2956 2957//2957 2958//2958
f 2959//2959 2960//2960 2961//2961
f 2962//2962 2963//2963 2964//2964
f 2965//2965 2966//2966 2967//2967
f 2968//2968 2969//2969 2970//2970
f 2971//2971 2972//2972 2973//2973
f 2974//2974 2975//2975 2976//2976
f 2977//2977 2978//2978 2979//2979
f 2980//2980 2981//2981 2982//2982
f 2983//2983 2984//2984 2985//2985
f 2986//2986 2987//2987 2988//2988
f 2989//2989 2990//2990 2991//2991
f 2992//2992 2993//2993 2994//2994
f 2995//2995 2996//2996 2997//2997
f 2998//2998 2999//2999 3000//3000
f 3001//3001 3002//3002 3003//3003
f 3004//3004 3005//3005 3006//3006
f 3007//3007 3008//3008 3009//3009
f 3010//3010 3011//3011 3012//3012
f 3013//3013 3014//3014 3015//3015
f 3016//3016 3017//3017 3018//3018
f 3019//3019 3020//3020 3021//3021
f 3022//3022 3023//3023 3024//3024
f 3025//3025 3026//3026 3027//3027
f 3028//3028 3029//3029 3030//3030
f 3031//3031 3032//3032 3033//3033
f 3034//3034 3035//3035 3036//3036
f 3037//3037 3038//3038 3039//3039
f 3040//3040 3041//3041 3042//3042
f 3043//3043 3044//3044 3045//3045
f 3046//3046 3047//3047 3048//3048
f 3049//3049 3050//3050 3051//3051
f 3052//3052 3053//3053 3054//3054
f 3055//3055 3056//3056 3057//3057
f 3058//3058 3059//3059 3060//3060
f 3061//3061 3062//3062 3063//3063
f 3064//3064 3065//3065 3066//3066
f 3067//3067 3068//3068 3069//3069
f 3070//3070 3071//3071 3072//3072
f 3073//3073 3074//3074 3075//3075
f 3076//3076 3077//3077 3078//3078
f 3079//3079 3080//3080 3081//3081
f 3082//3082 3083//3083 3084//3084
f 3085//3085 3086//3086 3087//3087
f 3088//3088 3089//3089 3090//3090
f 3091//3091 3092//3092 3093//3093
f 3094//3094 3095//3095 3096//3096
f 3097//3097 3098//3098 3099//3099
f 3100//3100 3101//3101 3102//3102
f 3103//3103 3104//3104 3105//3105
f 3106//3106 3107//3107 3108//3108
f 3109//3109 3110//3110 3111//3111
f 3112//3112 3113//3113 3114//3114
f 3115//3115 3116//3116 3117//3117
f 3118//3118 3119//3119 3120//3120
f 3121//3121 3122//3122 3123//3123
f 3124//3124 3125//3125 3126//3126
f 3127//3127 3128//3128 3129//3129
f 3130//3130 3131//3131 3132//3132
f 3133//3133 3134//3134 3135//3135
f 3136//3136 3137//3137 3138//3138
f 3139//3139 3140//3140 3141//3141
f 3142//3142 3143//3143 3144//3144
f 3145//3145 3146//3146 3147//3147
f 3148//3148 3149//3149 3150//3150
