mtllib shoulder.mtl
o empty_2
usemtl material6
v 0.038416385650634766 -0.02461353689432144 0.05828467756509781
v -0.03359699249267578 0.0396021232008934 0.0667673721909523
v -0.04331207275390625 0.02608092874288559 0.06493774801492691
v -0.04331207275390625 0.02608092874288559 0.06493774801492691
v -0.047786056995391846 0.00038131323526613414 0.06151620298624039
v 0.038416385650634766 -0.02461353689432144 0.05828467756509781
v 0.038416385650634766 -0.02461353689432144 0.05828467756509781
v -0.03980827331542969 -0.021707691252231598 0.05867711454629898
v -0.018980026245117188 -0.04011885076761246 0.05622235685586929
v -0.03359699249267578 0.0396021232008934 0.0667673721909523
v 0.04754236340522766 0.0005033835186623037 0.061551012098789215
v 0.046601057052612305 0.019262157380580902 0.06394580751657486
v -0.03359699249267578 0.0396021232008934 0.0667673721909523
v 0.046601057052612305 0.019262157380580902 0.06394580751657486
v 0.02978992462158203 0.04363902658224106 0.06723085790872574
v -0.03359699249267578 0.0396021232008934 0.0667673721909523
v 0.02978992462158203 0.04363902658224106 0.06723085790872574
v 0.010597825050354004 0.05273877829313278 0.06845968216657639
v 0.038416385650634766 -0.02461353689432144 0.05828467756509781
v 0.04754236340522766 0.0005033835186623037 0.061551012098789215
v -0.03359699249267578 0.0396021232008934 0.0667673721909523
v -0.009310722351074219 0.05270209163427353 0.06845057755708694
v -0.03359699249267578 0.0396021232008934 0.0667673721909523
v 0.010597825050354004 0.05273877829313278 0.06845968216657639
v 0.038416385650634766 -0.02461353689432144 0.05828467756509781
v -0.047786056995391846 0.00038131323526613414 0.06151620298624039
v -0.03980827331542969 -0.021707691252231598 0.05867711454629898
v 0.015133380889892578 -0.041445888578891754 0.056088127195835114
v 0.038416385650634766 -0.02461353689432144 0.05828467756509781
v -0.018980026245117188 -0.04011885076761246 0.05622235685586929
v 0.0513911098241806 -0.027009449899196625 0.04432723671197891
v 0.05468857288360596 -0.01982370764017105 0.02863232046365738
v 0.055592771619558334 -0.01627657562494278 0.04792753607034683
v 0.05468857288360596 -0.01982370764017105 0.02863232046365738
v 0.0513911098241806 -0.027009449899196625 0.04432723671197891
v 0.0493621826171875 -0.030564703047275543 0.023709334433078766
v 0.04499300196766853 -0.036610834300518036 0.04270819574594498
v 0.04337620735168457 -0.03865162283182144 0.01992122083902359
v 0.0493621826171875 -0.030564703047275543 0.023709334433078766
v 0.04499300196766853 -0.036610834300518036 0.04270819574594498
v 0.0493621826171875 -0.030564703047275543 0.023709334433078766
v 0.0513911098241806 -0.027009449899196625 0.04432723671197891
v 0.04337620735168457 -0.03865162283182144 0.01992122083902359
v 0.04499300196766853 -0.036610834300518036 0.04270819574594498
v 0.04116669297218323 -0.040543414652347565 0.04455772787332535
v 0.04337620735168457 -0.03865162283182144 0.01992122083902359
v 0.04116669297218323 -0.040543414652347565 0.04455772787332535
v 0.03698158264160156 -0.044726528227329254 0.017215527594089508
v 0.03698158264160156 -0.044726528227329254 0.017215527594089508
v 0.04116669297218323 -0.040543414652347565 0.04455772787332535
v 0.03397899866104126 -0.046891309320926666 0.041998542845249176
v 0.03698158264160156 -0.044726528227329254 0.017215527594089508
v 0.03397899866104126 -0.046891309320926666 0.041998542845249176
v 0.02742922306060791 -0.0512678399682045 0.014070309698581696
v 0.02742922306060791 -0.0512678399682045 0.014070309698581696
v 0.03397899866104126 -0.046891309320926666 0.041998542845249176
v 0.024335354566574097 -0.05261719971895218 0.04074684530496597
v 0.02742922306060791 -0.0512678399682045 0.014070309698581696
v 0.024335354566574097 -0.05261719971895218 0.04074684530496597
v 0.015953779220581055 -0.05583188682794571 0.01195070892572403
v 0.015953779220581055 -0.05583188682794571 0.01195070892572403
v 0.024335354566574097 -0.05261719971895218 0.04074684530496597
v 0.014053409919142723 -0.0561511367559433 0.04091460257768631
v 0.015953779220581055 -0.05583188682794571 0.01195070892572403
v 0.014053409919142723 -0.0561511367559433 0.04091460257768631
v 0.004357874393463135 -0.05797459930181503 0.010952219367027283
v 0.004357874393463135 -0.05797459930181503 0.010952219367027283
v 0.014053409919142723 -0.0561511367559433 0.04091460257768631
v 0.003538653254508972 -0.057880375534296036 0.03827563673257828
v 0.004357874393463135 -0.05797459930181503 0.010952219367027283
v 0.003538653254508972 -0.057880375534296036 0.03827563673257828
v -0.006444595754146576 -0.05752851814031601 0.04020581394433975
v 0.004357874393463135 -0.05797459930181503 0.010952219367027283
v -0.006444595754146576 -0.05752851814031601 0.04020581394433975
v -0.007142961025238037 -0.05762837082147598 0.011108674108982086
v -0.007142961025238037 -0.05762837082147598 0.011108674108982086
v -0.006444595754146576 -0.05752851814031601 0.04020581394433975
v -0.01693439483642578 -0.05532481521368027 0.04128868132829666
v -0.007142961025238037 -0.05762837082147598 0.011108674108982086
v -0.01693439483642578 -0.05532481521368027 0.04128868132829666
v -0.016305923461914062 -0.05573038011789322 0.012002028524875641
v -0.016305923461914062 -0.05573038011789322 0.012002028524875641
v -0.01693439483642578 -0.05532481521368027 0.04128868132829666
v -0.027306795120239258 -0.05132810026407242 0.014036722481250763
v -0.027306795120239258 -0.05132810026407242 0.014036722481250763
v -0.01693439483642578 -0.05532481521368027 0.04128868132829666
v -0.026148200035095215 -0.05180612951517105 0.04051695019006729
v -0.04059498757123947 -0.04148412123322487 0.04210297018289566
v -0.03723502159118652 -0.04457155615091324 0.017163194715976715
v -0.033913373947143555 -0.04677889496088028 0.042476214468479156
v -0.033913373947143555 -0.04677889496088028 0.042476214468479156
v -0.03723502159118652 -0.04457155615091324 0.017163194715976715
v -0.026148200035095215 -0.05180612951517105 0.04051695019006729
v -0.026148200035095215 -0.05180612951517105 0.04051695019006729
v -0.03723502159118652 -0.04457155615091324 0.017163194715976715
v -0.027306795120239258 -0.05132810026407242 0.014036722481250763
v -0.04059498757123947 -0.04148412123322487 0.04210297018289566
v -0.04534459114074707 -0.03638545423746109 0.020964302122592926
v -0.03723502159118652 -0.04457155615091324 0.017163194715976715
v -0.04059498757123947 -0.04148412123322487 0.04210297018289566
v -0.048753365874290466 -0.03147578984498978 0.04393372684717178
v -0.04534459114074707 -0.03638545423746109 0.020964302122592926
v -0.048753365874290466 -0.03147578984498978 0.04393372684717178
v -0.05075883865356445 -0.02813068777322769 0.024775661528110504
v -0.04534459114074707 -0.03638545423746109 0.020964302122592926
v -0.05075883865356445 -0.02813068777322769 0.024775661528110504
v -0.048753365874290466 -0.03147578984498978 0.04393372684717178
v -0.05456864833831787 -0.020029224455356598 0.028550781309604645
v -0.05456864833831787 -0.020029224455356598 0.028550781309604645
v -0.048753365874290466 -0.03147578984498978 0.04393372684717178
v -0.05437059700489044 -0.020171470940113068 0.04715893417596817
v -0.05456864833831787 -0.020029224455356598 0.028550781309604645
v -0.05437059700489044 -0.020171470940113068 0.04715893417596817
v -0.05739039182662964 -0.009031929075717926 0.03363076597452164
v -0.05437059700489044 -0.020171470940113068 0.04715893417596817
v -0.057017892599105835 -0.009939946234226227 0.04930577427148819
v -0.05739039182662964 -0.009031929075717926 0.03363076597452164
v -0.05739039182662964 -0.009031929075717926 0.03363076597452164
v -0.057017892599105835 -0.009939946234226227 0.04930577427148819
v -0.0580001175403595 -0.0010141804814338684 0.05048946291208267
v -0.05739039182662964 -0.009031929075717926 0.03363076597452164
v -0.0580001175403595 -0.0010141804814338684 0.05048946291208267
v -0.058100104331970215 0.0027349814772605896 0.039096154272556305
v -0.05737997591495514 0.007785283029079437 0.05286548286676407
v -0.05640769004821777 0.014001689851284027 0.04431382566690445
v -0.058100104331970215 0.0027349814772605896 0.039096154272556305
v -0.058100104331970215 0.0027349814772605896 0.039096154272556305
v -0.0580001175403595 -0.0010141804814338684 0.05048946291208267
v -0.05737997591495514 0.007785283029079437 0.05286548286676407
v -0.05640769004821777 0.014001689851284027 0.04431382566690445
v -0.05737997591495514 0.007785283029079437 0.05286548286676407
v -0.05568686127662659 0.016088329255580902 0.05455974489450455
v -0.05640769004821777 0.014001689851284027 0.04431382566690445
v -0.05568686127662659 0.016088329255580902 0.05455974489450455
v -0.052941083908081055 0.023952804505825043 0.04895726591348648
v -0.052941083908081055 0.023952804505825043 0.04895726591348648
v -0.05568686127662659 0.016088329255580902 0.05455974489450455
v -0.051118627190589905 0.02735166996717453 0.057169415056705475
v -0.052941083908081055 0.023952804505825043 0.04895726591348648
v -0.051118627190589905 0.02735166996717453 0.057169415056705475
v -0.04737734794616699 0.033786140382289886 0.05348936468362808
v -0.04737734794616699 0.033786140382289886 0.05348936468362808
v -0.051118627190589905 0.02735166996717453 0.057169415056705475
v -0.04489496350288391 0.03665008395910263 0.059581197798252106
v -0.04737734794616699 0.033786140382289886 0.05348936468362808
v -0.04489496350288391 0.03665008395910263 0.059581197798252106
v -0.04202890396118164 0.04018577188253403 0.056437648832798004
v 0.05745476484298706 -0.008462585508823395 0.03393284231424332
v 0.0573686808347702 -0.00818488746881485 0.04950688034296036
v 0.055592771619558334 -0.01627657562494278 0.04792753607034683
v 0.05745476484298706 -0.008462585508823395 0.03393284231424332
v 0.055592771619558334 -0.01627657562494278 0.04792753607034683
v 0.05468857288360596 -0.01982370764017105 0.02863232046365738
v 0.05795392394065857 0.0019442960619926453 0.051051534712314606
v 0.0573686808347702 -0.00818488746881485 0.04950688034296036
v 0.05807192623615265 0.0029879435896873474 0.03922823816537857
v 0.05807192623615265 0.0029879435896873474 0.03922823816537857
v 0.0573686808347702 -0.00818488746881485 0.04950688034296036
v 0.05745476484298706 -0.008462585508823395 0.03393284231424332
v 0.05634450912475586 0.014220558106899261 0.04442564398050308
v 0.056032583117485046 0.015075884759426117 0.054525263607501984
v 0.05807192623615265 0.0029879435896873474 0.03922823816537857
v 0.05807192623615265 0.0029879435896873474 0.03922823816537857
v 0.056032583117485046 0.015075884759426117 0.054525263607501984
v 0.05795392394065857 0.0019442960619926453 0.051051534712314606
v 0.056032583117485046 0.015075884759426117 0.054525263607501984
v 0.05634450912475586 0.014220558106899261 0.04442564398050308
v 0.052503347396850586 0.02502807229757309 0.04942742735147476
v 0.056032583117485046 0.015075884759426117 0.054525263607501984
v 0.052503347396850586 0.02502807229757309 0.04942742735147476
v 0.0514601469039917 0.026131711900234222 0.058412350714206696
v 0.04732680320739746 0.033784233033657074 0.053523577749729156
v 0.0478978157043457 0.03244420140981674 0.05902782827615738
v 0.0514601469039917 0.026131711900234222 0.058412350714206696
v 0.04732680320739746 0.033784233033657074 0.053523577749729156
v 0.0514601469039917 0.026131711900234222 0.058412350714206696
v 0.052503347396850586 0.02502807229757309 0.04942742735147476
v 0.04732680320739746 0.033784233033657074 0.053523577749729156
v 0.04097449779510498 0.04132708162069321 0.056959368288517
v 0.0478978157043457 0.03244420140981674 0.05902782827615738
v 0.0478978157043457 0.03244420140981674 0.05902782827615738
v 0.04097449779510498 0.04132708162069321 0.056959368288517
v 0.04208707809448242 0.039708636701107025 0.06099448353052139
v 0.03024926781654358 0.049662135541439056 0.06299278885126114
v 0.04097449779510498 0.04132708162069321 0.056959368288517
v 0.03064441680908203 0.04947312921285629 0.0607706680893898
v -0.025555133819580078 0.05222281068563461 0.06202486902475357
v -0.034192442893981934 0.04706486314535141 0.059684671461582184
v -0.03464406728744507 0.04620715230703354 0.06282494217157364
v 0.02978992462158203 0.04363902658224106 0.06723085790872574
v 0.046601057052612305 0.019262157380580902 0.06394580751657486
v 0.04081010818481445 0.031608425080776215 0.06551245599985123
v -0.01871967315673828 0.05118151754140854 0.06791118532419205
v -0.03359699249267578 0.0396021232008934 0.0667673721909523
v -0.009310722351074219 0.05270209163427353 0.06845057755708694
v 0.04208707809448242 0.039708636701107025 0.06099448353052139
v 0.04097449779510498 0.04132708162069321 0.056959368288517
v 0.03024926781654358 0.049662135541439056 0.06299278885126114
v -0.04202890396118164 0.04018577188253403 0.056437648832798004
v -0.04489496350288391 0.03665008395910263 0.059581197798252106
v -0.03464406728744507 0.04620715230703354 0.06282494217157364
v -0.03464406728744507 0.04620715230703354 0.06282494217157364
v -0.034192442893981934 0.04706486314535141 0.059684671461582184
v -0.04202890396118164 0.04018577188253403 0.056437648832798004
v -0.014296382665634155 0.05557283014059067 0.06575397402048111
v -0.004359900951385498 0.05789478123188019 0.06464092433452606
v -0.016551852226257324 0.055697791278362274 0.06363297253847122
v 0.008916258811950684 0.0573740229010582 0.06437424570322037
v 0.0021267980337142944 0.05785895138978958 0.06480113416910172
v 0.01458364725112915 0.05515449494123459 0.06647411733865738
v 0.008916258811950684 0.0573740229010582 0.06437424570322037
v 0.01458364725112915 0.05515449494123459 0.06647411733865738
v 0.020276784896850586 0.05447187274694443 0.06309924274682999
v -0.05047941207885742 0.012001357972621918 0.062105096876621246
v -0.047786056995391846 0.00038131323526613414 0.06151620298624039
v -0.04331207275390625 0.02608092874288559 0.06493774801492691
v -0.03660702705383301 -0.03240934759378433 0.05608145147562027
v -0.03980827331542969 -0.021707691252231598 0.05867711454629898
v -0.04547134041786194 -0.01776949316263199 0.05842188745737076
v -0.051807701587677 -0.007061399519443512 0.05854133516550064
v -0.04547134041786194 -0.01776949316263199 0.05842188745737076
v -0.047786056995391846 0.00038131323526613414 0.06151620298624039
v -0.03660702705383301 -0.03240934759378433 0.05608145147562027
v -0.02495861053466797 -0.044456638395786285 0.05304757505655289
v -0.018980026245117188 -0.04011885076761246 0.05622235685586929
v -0.04331207275390625 0.02608092874288559 0.06493774801492691
v -0.04704546928405762 0.02680250257253647 0.06345466524362564
v -0.05047941207885742 0.012001357972621918 0.062105096876621246
v 0.04208707809448242 0.039708636701107025 0.06099448353052139
v 0.046852827072143555 0.028820596635341644 0.06305865198373795
v 0.0478978157043457 0.03244420140981674 0.05902782827615738
v 0.0478978157043457 0.03244420140981674 0.05902782827615738
v 0.046852827072143555 0.028820596635341644 0.06305865198373795
v 0.0514601469039917 0.026131711900234222 0.058412350714206696
v 0.0514601469039917 0.026131711900234222 0.058412350714206696
v 0.05302131175994873 0.013277612626552582 0.06039074808359146
v 0.056032583117485046 0.015075884759426117 0.054525263607501984
v 0.056032583117485046 0.015075884759426117 0.054525263607501984
v 0.05302131175994873 0.013277612626552582 0.06039074808359146
v 0.05616593360900879 0.007994018495082855 0.056318916380405426
v 0.05170309543609619 -0.02416793256998062 0.04904977232217789
v 0.05363047122955322 -0.015750564634799957 0.05309358984231949
v 0.04870104789733887 -0.023758664727211 0.0539197102189064
v 0.05170309543609619 -0.02416793256998062 0.04904977232217789
v 0.04870104789733887 -0.023758664727211 0.0539197102189064
v 0.045264482498168945 -0.03451891988515854 0.0476401224732399
v 0.045264482498168945 -0.03451891988515854 0.0476401224732399
v 0.03907293081283569 -0.03784123808145523 0.05113307386636734
v 0.04116669297218323 -0.040543414652347565 0.04455772787332535
v 0.04116669297218323 -0.040543414652347565 0.04455772787332535
v 0.03907293081283569 -0.03784123808145523 0.05113307386636734
v 0.030656814575195312 -0.0457409992814064 0.04879347234964371
v 0.023996949195861816 -0.04981819540262222 0.047888197004795074
v 0.009795069694519043 -0.05321422964334488 0.048885978758335114
v 0.014053409919142723 -0.0561511367559433 0.04091460257768631
v 0.014053409919142723 -0.0561511367559433 0.04091460257768631
v 0.009795069694519043 -0.05321422964334488 0.048885978758335114
v 0.002695620059967041 -0.056514836847782135 0.04443184286355972
v -0.01693439483642578 -0.05532481521368027 0.04128868132829666
v -0.013691425323486328 -0.05346480756998062 0.04730430990457535
v -0.02716200053691864 -0.048179544508457184 0.047959960997104645
v -0.036717772483825684 -0.042663730680942535 0.04728905111551285
v -0.03841221332550049 -0.03813663870096207 0.05135933309793472
v -0.04660463333129883 -0.03221992403268814 0.04874912649393082
v 0.05795392394065857 0.0019442960619926453 0.051051534712314606
v 0.05616593360900879 0.007994018495082855 0.056318916380405426
v 0.05562758445739746 -0.0013226643204689026 0.05641309171915054
v 0.05795392394065857 0.0019442960619926453 0.051051534712314606
v 0.05562758445739746 -0.0013226643204689026 0.05641309171915054
v 0.0573686808347702 -0.00818488746881485 0.04950688034296036
v 0.024335354566574097 -0.05261719971895218 0.04074684530496597
v 0.03397899866104126 -0.046891309320926666 0.041998542845249176
v 0.023996949195861816 -0.04981819540262222 0.047888197004795074
v -0.033913373947143555 -0.04677889496088028 0.042476214468479156
v -0.036717772483825684 -0.042663730680942535 0.04728905111551285
v -0.04059498757123947 -0.04148412123322487 0.04210297018289566
v -0.04059498757123947 -0.04148412123322487 0.04210297018289566
v -0.036717772483825684 -0.042663730680942535 0.04728905111551285
v -0.04660463333129883 -0.03221992403268814 0.04874912649393082
v -0.048753365874290466 -0.03147578984498978 0.04393372684717178
v -0.04660463333129883 -0.03221992403268814 0.04874912649393082
v -0.05437059700489044 -0.020171470940113068 0.04715893417596817
v -0.0580001175403595 -0.0010141804814338684 0.05048946291208267
v -0.057017892599105835 -0.009939946234226227 0.04930577427148819
v -0.05541789531707764 -0.00846496969461441 0.05432335287332535
v -0.0580001175403595 -0.0010141804814338684 0.05048946291208267
v -0.05541789531707764 -0.00846496969461441 0.05432335287332535
v -0.05641305446624756 0.002062402665615082 0.05558720976114273
v -0.0580001175403595 -0.0010141804814338684 0.05048946291208267
v -0.05641305446624756 0.002062402665615082 0.05558720976114273
v -0.05737997591495514 0.007785283029079437 0.05286548286676407
v -0.014296382665634155 0.05557283014059067 0.06575397402048111
v -0.016551852226257324 0.055697791278362274 0.06363297253847122
v -0.026044845581054688 0.050237737596035004 0.06593356281518936
v -0.026044845581054688 0.050237737596035004 0.06593356281518936
v -0.016551852226257324 0.055697791278362274 0.06363297253847122
v -0.025555133819580078 0.05222281068563461 0.06202486902475357
v -0.026044845581054688 0.050237737596035004 0.06593356281518936
v -0.025555133819580078 0.05222281068563461 0.06202486902475357
v -0.03464406728744507 0.04620715230703354 0.06282494217157364
v -0.051553308963775635 0.024159304797649384 0.059617795050144196
v -0.051118627190589905 0.02735166996717453 0.057169415056705475
v -0.05568686127662659 0.016088329255580902 0.05455974489450455
v -0.04660463333129883 -0.03221992403268814 0.04874912649393082
v -0.048753365874290466 -0.03147578984498978 0.04393372684717178
v -0.04059498757123947 -0.04148412123322487 0.04210297018289566
v 0.002695620059967041 -0.056514836847782135 0.04443184286355972
v -0.006444595754146576 -0.05752851814031601 0.04020581394433975
v 0.003538653254508972 -0.057880375534296036 0.03827563673257828
v 0.002695620059967041 -0.056514836847782135 0.04443184286355972
v 0.003538653254508972 -0.057880375534296036 0.03827563673257828
v 0.014053409919142723 -0.0561511367559433 0.04091460257768631
v 0.045264482498168945 -0.03451891988515854 0.0476401224732399
v 0.04116669297218323 -0.040543414652347565 0.04455772787332535
v 0.04499300196766853 -0.036610834300518036 0.04270819574594498
v 0.045264482498168945 -0.03451891988515854 0.0476401224732399
v 0.04499300196766853 -0.036610834300518036 0.04270819574594498
v 0.0513911098241806 -0.027009449899196625 0.04432723671197891
v 0.045264482498168945 -0.03451891988515854 0.0476401224732399
v 0.0513911098241806 -0.027009449899196625 0.04432723671197891
v 0.05170309543609619 -0.02416793256998062 0.04904977232217789
v 0.05170309543609619 -0.02416793256998062 0.04904977232217789
v 0.0513911098241806 -0.027009449899196625 0.04432723671197891
v 0.055592771619558334 -0.01627657562494278 0.04792753607034683
v 0.05616593360900879 0.007994018495082855 0.056318916380405426
v 0.05795392394065857 0.0019442960619926453 0.051051534712314606
v 0.056032583117485046 0.015075884759426117 0.054525263607501984
v 0.020276784896850586 0.05447187274694443 0.06309924274682999
v 0.01458364725112915 0.05515449494123459 0.06647411733865738
v 0.03024926781654358 0.049662135541439056 0.06299278885126114
v 0.020276784896850586 0.05447187274694443 0.06309924274682999
v 0.03024926781654358 0.049662135541439056 0.06299278885126114
v 0.03064441680908203 0.04947312921285629 0.0607706680893898
v 0.03781938552856445 0.04097791761159897 0.06477967649698257
v 0.04208707809448242 0.039708636701107025 0.06099448353052139
v 0.03024926781654358 0.049662135541439056 0.06299278885126114
v 0.004815131425857544 0.056104980409145355 0.06740681082010269
v 0.01458364725112915 0.05515449494123459 0.06647411733865738
v 0.0021267980337142944 0.05785895138978958 0.06480113416910172
v 0.004815131425857544 0.056104980409145355 0.06740681082010269
v 0.0021267980337142944 0.05785895138978958 0.06480113416910172
v -0.004359900951385498 0.05789478123188019 0.06464092433452606
v -0.039997100830078125 0.038618795573711395 0.06450168043375015
v -0.03464406728744507 0.04620715230703354 0.06282494217157364
v -0.04489496350288391 0.03665008395910263 0.059581197798252106
v -0.039997100830078125 0.038618795573711395 0.06450168043375015
v -0.04489496350288391 0.03665008395910263 0.059581197798252106
v -0.051553308963775635 0.024159304797649384 0.059617795050144196
v -0.051553308963775635 0.024159304797649384 0.059617795050144196
v -0.04489496350288391 0.03665008395910263 0.059581197798252106
v -0.051118627190589905 0.02735166996717453 0.057169415056705475
v -0.05465221405029297 0.011639915406703949 0.05849186331033707
v -0.051553308963775635 0.024159304797649384 0.059617795050144196
v -0.05568686127662659 0.016088329255580902 0.05455974489450455
v -0.05465221405029297 0.011639915406703949 0.05849186331033707
v -0.05568686127662659 0.016088329255580902 0.05455974489450455
v -0.05737997591495514 0.007785283029079437 0.05286548286676407
v -0.05465221405029297 0.011639915406703949 0.05849186331033707
v -0.05737997591495514 0.007785283029079437 0.05286548286676407
v -0.05641305446624756 0.002062402665615082 0.05558720976114273
v -0.05541789531707764 -0.00846496969461441 0.05432335287332535
v -0.057017892599105835 -0.009939946234226227 0.04930577427148819
v -0.05437059700489044 -0.020171470940113068 0.04715893417596817
v -0.05541789531707764 -0.00846496969461441 0.05432335287332535
v -0.05437059700489044 -0.020171470940113068 0.04715893417596817
v -0.05193202197551727 -0.019615329802036285 0.05287209898233414
v -0.05193202197551727 -0.019615329802036285 0.05287209898233414
v -0.05437059700489044 -0.020171470940113068 0.04715893417596817
v -0.04660463333129883 -0.03221992403268814 0.04874912649393082
v -0.036717772483825684 -0.042663730680942535 0.04728905111551285
v -0.033913373947143555 -0.04677889496088028 0.042476214468479156
v -0.02716200053691864 -0.048179544508457184 0.047959960997104645
v -0.02716200053691864 -0.048179544508457184 0.047959960997104645
v -0.033913373947143555 -0.04677889496088028 0.042476214468479156
v -0.026148200035095215 -0.05180612951517105 0.04051695019006729
v -0.02716200053691864 -0.048179544508457184 0.047959960997104645
v -0.026148200035095215 -0.05180612951517105 0.04051695019006729
v -0.01693439483642578 -0.05532481521368027 0.04128868132829666
v -0.013691425323486328 -0.05346480756998062 0.04730430990457535
v -0.01693439483642578 -0.05532481521368027 0.04128868132829666
v -0.006444595754146576 -0.05752851814031601 0.04020581394433975
v -0.013691425323486328 -0.05346480756998062 0.04730430990457535
v -0.006444595754146576 -0.05752851814031601 0.04020581394433975
v 0.002695620059967041 -0.056514836847782135 0.04443184286355972
v 0.023996949195861816 -0.04981819540262222 0.047888197004795074
v 0.014053409919142723 -0.0561511367559433 0.04091460257768631
v 0.024335354566574097 -0.05261719971895218 0.04074684530496597
v 0.030656814575195312 -0.0457409992814064 0.04879347234964371
v 0.023996949195861816 -0.04981819540262222 0.047888197004795074
v 0.03397899866104126 -0.046891309320926666 0.041998542845249176
v 0.030656814575195312 -0.0457409992814064 0.04879347234964371
v 0.03397899866104126 -0.046891309320926666 0.041998542845249176
v 0.04116669297218323 -0.040543414652347565 0.04455772787332535
v 0.05363047122955322 -0.015750564634799957 0.05309358984231949
v 0.05170309543609619 -0.02416793256998062 0.04904977232217789
v 0.055592771619558334 -0.01627657562494278 0.04792753607034683
v 0.05363047122955322 -0.015750564634799957 0.05309358984231949
v 0.055592771619558334 -0.01627657562494278 0.04792753607034683
v 0.0573686808347702 -0.00818488746881485 0.04950688034296036
v 0.05363047122955322 -0.015750564634799957 0.05309358984231949
v 0.0573686808347702 -0.00818488746881485 0.04950688034296036
v 0.05562758445739746 -0.0013226643204689026 0.05641309171915054
v 0.015133380889892578 -0.041445888578891754 0.056088127195835114
v 0.01758548617362976 -0.04661361128091812 0.053399838507175446
v 0.03322523832321167 -0.03760162740945816 0.05464998632669449
v -0.0022966861724853516 -0.04615370184183121 0.0548504963517189
v 0.01758548617362976 -0.04661361128091812 0.053399838507175446
v 0.015133380889892578 -0.041445888578891754 0.056088127195835114
v -0.0022966861724853516 -0.04615370184183121 0.0548504963517189
v 0.015133380889892578 -0.041445888578891754 0.056088127195835114
v -0.018980026245117188 -0.04011885076761246 0.05622235685586929
v -0.018980026245117188 -0.04011885076761246 0.05622235685586929
v -0.03980827331542969 -0.021707691252231598 0.05867711454629898
v -0.03660702705383301 -0.03240934759378433 0.05608145147562027
v -0.04547134041786194 -0.01776949316263199 0.05842188745737076
v -0.03980827331542969 -0.021707691252231598 0.05867711454629898
v -0.047786056995391846 0.00038131323526613414 0.06151620298624039
v -0.051807701587677 -0.007061399519443512 0.05854133516550064
v -0.047786056995391846 0.00038131323526613414 0.06151620298624039
v -0.05047941207885742 0.012001357972621918 0.062105096876621246
v 0.015133380889892578 -0.041445888578891754 0.056088127195835114
v 0.03322523832321167 -0.03760162740945816 0.05464998632669449
v 0.038416385650634766 -0.02461353689432144 0.05828467756509781
v 0.044016432017087936 -0.026519931852817535 0.055645622313022614
v 0.04765135049819946 -0.01342550665140152 0.058883585035800934
v 0.038416385650634766 -0.02461353689432144 0.05828467756509781
v 0.044016432017087936 -0.026519931852817535 0.055645622313022614
v 0.038416385650634766 -0.02461353689432144 0.05828467756509781
v 0.03322523832321167 -0.03760162740945816 0.05464998632669449
v 0.01758548617362976 -0.04661361128091812 0.053399838507175446
v -0.0022966861724853516 -0.04615370184183121 0.0548504963517189
v -0.00368499755859375 -0.051613010466098785 0.051319994032382965
v -0.00368499755859375 -0.051613010466098785 0.051319994032382965
v -0.0022966861724853516 -0.04615370184183121 0.0548504963517189
v -0.012518882751464844 -0.04929701238870621 0.05219189077615738
v -0.012518882751464844 -0.04929701238870621 0.05219189077615738
v -0.0022966861724853516 -0.04615370184183121 0.0548504963517189
v -0.018980026245117188 -0.04011885076761246 0.05622235685586929
v -0.012518882751464844 -0.04929701238870621 0.05219189077615738
v -0.018980026245117188 -0.04011885076761246 0.05622235685586929
v -0.02495861053466797 -0.044456638395786285 0.05304757505655289
v -0.04704546928405762 0.02680250257253647 0.06345466524362564
v -0.04331207275390625 0.02608092874288559 0.06493774801492691
v -0.039997100830078125 0.038618795573711395 0.06450168043375015
v -0.039997100830078125 0.038618795573711395 0.06450168043375015
v -0.04331207275390625 0.02608092874288559 0.06493774801492691
v -0.03359699249267578 0.0396021232008934 0.0667673721909523
v -0.05047941207885742 0.012001357972621918 0.062105096876621246
v -0.053381919860839844 0.003347240388393402 0.05932585150003433
v -0.051807701587677 -0.007061399519443512 0.05854133516550064
v -0.04547134041786194 -0.01776949316263199 0.05842188745737076
v -0.051807701587677 -0.007061399519443512 0.05854133516550064
v -0.04682338237762451 -0.02509251981973648 0.05474606901407242
v -0.04547134041786194 -0.01776949316263199 0.05842188745737076
v -0.04682338237762451 -0.02509251981973648 0.05474606901407242
v -0.03660702705383301 -0.03240934759378433 0.05608145147562027
v -0.03660702705383301 -0.03240934759378433 0.05608145147562027
v -0.04682338237762451 -0.02509251981973648 0.05474606901407242
v -0.03841221332550049 -0.03813663870096207 0.05135933309793472
v -0.03660702705383301 -0.03240934759378433 0.05608145147562027
v -0.03841221332550049 -0.03813663870096207 0.05135933309793472
v -0.02495861053466797 -0.044456638395786285 0.05304757505655289
v 0.01758548617362976 -0.04661361128091812 0.053399838507175446
v -0.00368499755859375 -0.051613010466098785 0.051319994032382965
v 0.009795069694519043 -0.05321422964334488 0.048885978758335114
v 0.05149579048156738 0.0023306235671043396 0.06052986532449722
v 0.046601057052612305 0.019262157380580902 0.06394580751657486
v 0.04754236340522766 0.0005033835186623037 0.061551012098789215
v 0.05149579048156738 0.0023306235671043396 0.06052986532449722
v 0.04754236340522766 0.0005033835186623037 0.061551012098789215
v 0.04765135049819946 -0.01342550665140152 0.058883585035800934
v 0.05305325984954834 -0.008087314665317535 0.05720893293619156
v 0.05149579048156738 0.0023306235671043396 0.06052986532449722
v 0.04765135049819946 -0.01342550665140152 0.058883585035800934
v 0.025771617889404297 0.04873048514127731 0.06693051010370255
v 0.02978992462158203 0.04363902658224106 0.06723085790872574
v 0.03781938552856445 0.04097791761159897 0.06477967649698257
v 0.046852827072143555 0.028820596635341644 0.06305865198373795
v 0.046601057052612305 0.019262157380580902 0.06394580751657486
v 0.05302131175994873 0.013277612626552582 0.06039074808359146
v 0.05302131175994873 0.013277612626552582 0.06039074808359146
v 0.05149579048156738 0.0023306235671043396 0.06052986532449722
v 0.05562758445739746 -0.0013226643204689026 0.05641309171915054
v 0.05562758445739746 -0.0013226643204689026 0.05641309171915054
v 0.05149579048156738 0.0023306235671043396 0.06052986532449722
v 0.05305325984954834 -0.008087314665317535 0.05720893293619156
v 0.04870104789733887 -0.023758664727211 0.0539197102189064
v 0.05305325984954834 -0.008087314665317535 0.05720893293619156
v 0.04765135049819946 -0.01342550665140152 0.058883585035800934
v 0.04870104789733887 -0.023758664727211 0.0539197102189064
v 0.04765135049819946 -0.01342550665140152 0.058883585035800934
v 0.044016432017087936 -0.026519931852817535 0.055645622313022614
v -0.039997100830078125 0.038618795573711395 0.06450168043375015
v -0.03359699249267578 0.0396021232008934 0.0667673721909523
v -0.026044845581054688 0.050237737596035004 0.06593356281518936
v -0.026044845581054688 0.050237737596035004 0.06593356281518936
v -0.03359699249267578 0.0396021232008934 0.0667673721909523
v -0.01871967315673828 0.05118151754140854 0.06791118532419205
v -0.01871967315673828 0.05118151754140854 0.06791118532419205
v -0.009310722351074219 0.05270209163427353 0.06845057755708694
v -0.00767943263053894 0.05510743707418442 0.06783125549554825
v 0.004815131425857544 0.056104980409145355 0.06740681082010269
v -0.00767943263053894 0.05510743707418442 0.06783125549554825
v 0.010597825050354004 0.05273877829313278 0.06845968216657639
v 0.004815131425857544 0.056104980409145355 0.06740681082010269
v 0.010597825050354004 0.05273877829313278 0.06845968216657639
v 0.01458364725112915 0.05515449494123459 0.06647411733865738
v 0.01458364725112915 0.05515449494123459 0.06647411733865738
v 0.010597825050354004 0.05273877829313278 0.06845968216657639
v 0.025771617889404297 0.04873048514127731 0.06693051010370255
v 0.03781938552856445 0.04097791761159897 0.06477967649698257
v 0.02978992462158203 0.04363902658224106 0.06723085790872574
v 0.04081010818481445 0.031608425080776215 0.06551245599985123
v 0.03781938552856445 0.04097791761159897 0.06477967649698257
v 0.04081010818481445 0.031608425080776215 0.06551245599985123
v 0.046852827072143555 0.028820596635341644 0.06305865198373795
v 0.046852827072143555 0.028820596635341644 0.06305865198373795
v 0.04081010818481445 0.031608425080776215 0.06551245599985123
v 0.046601057052612305 0.019262157380580902 0.06394580751657486
v 0.05302131175994873 0.013277612626552582 0.06039074808359146
v 0.046601057052612305 0.019262157380580902 0.06394580751657486
v 0.05149579048156738 0.0023306235671043396 0.06052986532449722
v 0.038416385650634766 -0.02461353689432144 0.05828467756509781
v 0.04765135049819946 -0.01342550665140152 0.058883585035800934
v 0.04754236340522766 0.0005033835186623037 0.061551012098789215
v 0.02978992462158203 0.04363902658224106 0.06723085790872574
v 0.025771617889404297 0.04873048514127731 0.06693051010370255
v 0.010597825050354004 0.05273877829313278 0.06845968216657639
v -0.009310722351074219 0.05270209163427353 0.06845057755708694
v 0.010597825050354004 0.05273877829313278 0.06845968216657639
v -0.00767943263053894 0.05510743707418442 0.06783125549554825
v 0.04870104789733887 -0.023758664727211 0.0539197102189064
v 0.044016432017087936 -0.026519931852817535 0.055645622313022614
v 0.03907293081283569 -0.03784123808145523 0.05113307386636734
v 0.03907293081283569 -0.03784123808145523 0.05113307386636734
v 0.044016432017087936 -0.026519931852817535 0.055645622313022614
v 0.03322523832321167 -0.03760162740945816 0.05464998632669449
v 0.03907293081283569 -0.03784123808145523 0.05113307386636734
v 0.03322523832321167 -0.03760162740945816 0.05464998632669449
v 0.030656814575195312 -0.0457409992814064 0.04879347234964371
v 0.030656814575195312 -0.0457409992814064 0.04879347234964371
v 0.03322523832321167 -0.03760162740945816 0.05464998632669449
v 0.023996949195861816 -0.04981819540262222 0.047888197004795074
v 0.023996949195861816 -0.04981819540262222 0.047888197004795074
v 0.03322523832321167 -0.03760162740945816 0.05464998632669449
v 0.01758548617362976 -0.04661361128091812 0.053399838507175446
v 0.023996949195861816 -0.04981819540262222 0.047888197004795074
v 0.01758548617362976 -0.04661361128091812 0.053399838507175446
v 0.009795069694519043 -0.05321422964334488 0.048885978758335114
v -0.05193202197551727 -0.019615329802036285 0.05287209898233414
v -0.04682338237762451 -0.02509251981973648 0.05474606901407242
v -0.051807701587677 -0.007061399519443512 0.05854133516550064
v -0.05465221405029297 0.011639915406703949 0.05849186331033707
v -0.053381919860839844 0.003347240388393402 0.05932585150003433
v -0.05047941207885742 0.012001357972621918 0.062105096876621246
v -0.05465221405029297 0.011639915406703949 0.05849186331033707
v -0.05047941207885742 0.012001357972621918 0.062105096876621246
v -0.04704546928405762 0.02680250257253647 0.06345466524362564
v 0.05562758445739746 -0.0013226643204689026 0.05641309171915054
v 0.05305325984954834 -0.008087314665317535 0.05720893293619156
v 0.05363047122955322 -0.015750564634799957 0.05309358984231949
v 0.045264482498168945 -0.03451891988515854 0.0476401224732399
v 0.04870104789733887 -0.023758664727211 0.0539197102189064
v 0.03907293081283569 -0.03784123808145523 0.05113307386636734
v 0.002695620059967041 -0.056514836847782135 0.04443184286355972
v 0.009795069694519043 -0.05321422964334488 0.048885978758335114
v -0.00368499755859375 -0.051613010466098785 0.051319994032382965
v 0.002695620059967041 -0.056514836847782135 0.04443184286355972
v -0.00368499755859375 -0.051613010466098785 0.051319994032382965
v -0.013691425323486328 -0.05346480756998062 0.04730430990457535
v -0.036717772483825684 -0.042663730680942535 0.04728905111551285
v -0.02716200053691864 -0.048179544508457184 0.047959960997104645
v -0.03841221332550049 -0.03813663870096207 0.05135933309793472
v -0.04660463333129883 -0.03221992403268814 0.04874912649393082
v -0.03841221332550049 -0.03813663870096207 0.05135933309793472
v -0.04682338237762451 -0.02509251981973648 0.05474606901407242
v -0.04660463333129883 -0.03221992403268814 0.04874912649393082
v -0.04682338237762451 -0.02509251981973648 0.05474606901407242
v -0.05193202197551727 -0.019615329802036285 0.05287209898233414
v -0.051553308963775635 0.024159304797649384 0.059617795050144196
v -0.04704546928405762 0.02680250257253647 0.06345466524362564
v -0.039997100830078125 0.038618795573711395 0.06450168043375015
v -0.03464406728744507 0.04620715230703354 0.06282494217157364
v -0.039997100830078125 0.038618795573711395 0.06450168043375015
v -0.026044845581054688 0.050237737596035004 0.06593356281518936
v -0.026044845581054688 0.050237737596035004 0.06593356281518936
v -0.01871967315673828 0.05118151754140854 0.06791118532419205
v -0.014296382665634155 0.05557283014059067 0.06575397402048111
v -0.014296382665634155 0.05557283014059067 0.06575397402048111
v -0.01871967315673828 0.05118151754140854 0.06791118532419205
v -0.00767943263053894 0.05510743707418442 0.06783125549554825
v -0.014296382665634155 0.05557283014059067 0.06575397402048111
v -0.00767943263053894 0.05510743707418442 0.06783125549554825
v -0.004359900951385498 0.05789478123188019 0.06464092433452606
v -0.004359900951385498 0.05789478123188019 0.06464092433452606
v -0.00767943263053894 0.05510743707418442 0.06783125549554825
v 0.004815131425857544 0.056104980409145355 0.06740681082010269
v 0.03024926781654358 0.049662135541439056 0.06299278885126114
v 0.01458364725112915 0.05515449494123459 0.06647411733865738
v 0.025771617889404297 0.04873048514127731 0.06693051010370255
v 0.03024926781654358 0.049662135541439056 0.06299278885126114
v 0.025771617889404297 0.04873048514127731 0.06693051010370255
v 0.03781938552856445 0.04097791761159897 0.06477967649698257
v 0.04208707809448242 0.039708636701107025 0.06099448353052139
v 0.03781938552856445 0.04097791761159897 0.06477967649698257
v 0.046852827072143555 0.028820596635341644 0.06305865198373795
v 0.0514601469039917 0.026131711900234222 0.058412350714206696
v 0.046852827072143555 0.028820596635341644 0.06305865198373795
v 0.05302131175994873 0.013277612626552582 0.06039074808359146
v 0.05616593360900879 0.007994018495082855 0.056318916380405426
v 0.05302131175994873 0.013277612626552582 0.06039074808359146
v 0.05562758445739746 -0.0013226643204689026 0.05641309171915054
v 0.05363047122955322 -0.015750564634799957 0.05309358984231949
v 0.05305325984954834 -0.008087314665317535 0.05720893293619156
v 0.04870104789733887 -0.023758664727211 0.0539197102189064
v -0.013691425323486328 -0.05346480756998062 0.04730430990457535
v -0.00368499755859375 -0.051613010466098785 0.051319994032382965
v -0.012518882751464844 -0.04929701238870621 0.05219189077615738
v -0.013691425323486328 -0.05346480756998062 0.04730430990457535
v -0.012518882751464844 -0.04929701238870621 0.05219189077615738
v -0.02495861053466797 -0.044456638395786285 0.05304757505655289
v -0.013691425323486328 -0.05346480756998062 0.04730430990457535
v -0.02495861053466797 -0.044456638395786285 0.05304757505655289
v -0.02716200053691864 -0.048179544508457184 0.047959960997104645
v -0.02716200053691864 -0.048179544508457184 0.047959960997104645
v -0.02495861053466797 -0.044456638395786285 0.05304757505655289
v -0.03841221332550049 -0.03813663870096207 0.05135933309793472
v -0.05541789531707764 -0.00846496969461441 0.05432335287332535
v -0.05193202197551727 -0.019615329802036285 0.05287209898233414
v -0.051807701587677 -0.007061399519443512 0.05854133516550064
v -0.05541789531707764 -0.00846496969461441 0.05432335287332535
v -0.051807701587677 -0.007061399519443512 0.05854133516550064
v -0.05641305446624756 0.002062402665615082 0.05558720976114273
v -0.05641305446624756 0.002062402665615082 0.05558720976114273
v -0.051807701587677 -0.007061399519443512 0.05854133516550064
v -0.053381919860839844 0.003347240388393402 0.05932585150003433
v -0.05641305446624756 0.002062402665615082 0.05558720976114273
v -0.053381919860839844 0.003347240388393402 0.05932585150003433
v -0.05465221405029297 0.011639915406703949 0.05849186331033707
v -0.051553308963775635 0.024159304797649384 0.059617795050144196
v -0.05465221405029297 0.011639915406703949 0.05849186331033707
v -0.04704546928405762 0.02680250257253647 0.06345466524362564
v 0.0493621826171875 -0.030564703047275543 0.023709334433078766
v 0.04337620735168457 -0.03865162283182144 0.01992122083902359
v 0.05468857288360596 -0.01982370764017105 0.02863232046365738
v 0.02742922306060791 -0.0512678399682045 0.014070309698581696
v 0.04337620735168457 -0.03865162283182144 0.01992122083902359
v 0.03698158264160156 -0.044726528227329254 0.017215527594089508
v -0.004359900951385498 0.05789478123188019 0.06464092433452606
v 0.008916258811950684 0.0573740229010582 0.06437424570322037
v 0.007526278495788574 0.05895610898733139 0.06490598618984222
v 0.008916258811950684 0.0573740229010582 0.06437424570322037
v 0.020276784896850586 0.05447187274694443 0.06309924274682999
v 0.02274799346923828 0.05487879365682602 0.0630144253373146
v 0.0021267980337142944 0.05785895138978958 0.06480113416910172
v 0.008916258811950684 0.0573740229010582 0.06437424570322037
v -0.004359900951385498 0.05789478123188019 0.06464092433452606
v 0.02274799346923828 0.05487879365682602 0.0630144253373146
v 0.007526278495788574 0.05895610898733139 0.06490598618984222
v 0.008916258811950684 0.0573740229010582 0.06437424570322037
v -0.007142961025238037 -0.05762837082147598 0.011108674108982086
v -0.017369508743286133 -0.056945838034152985 0.011337615549564362
v -0.00926351547241211 -0.05882591754198074 0.010430268943309784
v -0.017369508743286133 -0.056945838034152985 0.011337615549564362
v -0.007142961025238037 -0.05762837082147598 0.011108674108982086
v -0.016305923461914062 -0.05573038011789322 0.012002028524875641
v -0.007142961025238037 -0.05762837082147598 0.011108674108982086
v -0.00926351547241211 -0.05882591754198074 0.010430268943309784
v 0.0017959922552108765 -0.05954491347074509 0.010115176439285278
v -0.007142961025238037 -0.05762837082147598 0.011108674108982086
v 0.0017959922552108765 -0.05954491347074509 0.010115176439285278
v 0.004357874393463135 -0.05797459930181503 0.010952219367027283
v -0.017369508743286133 -0.056945838034152985 0.011337615549564362
v -0.016305923461914062 -0.05573038011789322 0.012002028524875641
v -0.026261568069458008 -0.05346737056970596 0.01290515810251236
v -0.026261568069458008 -0.05346737056970596 0.01290515810251236
v -0.016305923461914062 -0.05573038011789322 0.012002028524875641
v -0.027306795120239258 -0.05132810026407242 0.014036722481250763
v -0.016551852226257324 0.055697791278362274 0.06363297253847122
v -0.013889551162719727 0.05776854604482651 0.06435144692659378
v -0.025555133819580078 0.05222281068563461 0.06202486902475357
v -0.025555133819580078 0.05222281068563461 0.06202486902475357
v -0.013889551162719727 0.05776854604482651 0.06435144692659378
v -0.02412724494934082 0.05437370389699936 0.06272033601999283
v -0.025555133819580078 0.05222281068563461 0.06202486902475357
v -0.03525066375732422 0.04801710695028305 0.059739090502262115
v -0.034192442893981934 0.04706486314535141 0.059684671461582184
v -0.034192442893981934 0.04706486314535141 0.059684671461582184
v -0.03525066375732422 0.04801710695028305 0.059739090502262115
v -0.04168415069580078 0.042358241975307465 0.05727116018533707
v -0.004359900951385498 0.05789478123188019 0.06464092433452606
v 0.007526278495788574 0.05895610898733139 0.06490598618984222
v -0.0012369751930236816 0.059376850724220276 0.06507407873868942
v 0.029394984245300293 -0.05192384868860245 0.013652540743350983
v 0.02742922306060791 -0.0512678399682045 0.014070309698581696
v 0.015953779220581055 -0.05583188682794571 0.01195070892572403
v 0.029394984245300293 -0.05192384868860245 0.013652540743350983
v 0.015953779220581055 -0.05583188682794571 0.01195070892572403
v 0.014390349388122559 -0.057883478701114655 0.010904274880886078
v 0.014390349388122559 -0.057883478701114655 0.010904274880886078
v 0.015953779220581055 -0.05583188682794571 0.01195070892572403
v 0.004357874393463135 -0.05797459930181503 0.010952219367027283
v 0.014390349388122559 -0.057883478701114655 0.010904274880886078
v 0.004357874393463135 -0.05797459930181503 0.010952219367027283
v 0.0017959922552108765 -0.05954491347074509 0.010115176439285278
v -0.04534459114074707 -0.03638545423746109 0.020964302122592926
v -0.046070098876953125 -0.037689365446567535 0.020252622663974762
v -0.03723502159118652 -0.04457155615091324 0.017163194715976715
v -0.03723502159118652 -0.04457155615091324 0.017163194715976715
v -0.046070098876953125 -0.037689365446567535 0.020252622663974762
v -0.037340402603149414 -0.04647807031869888 0.01618889719247818
v -0.03723502159118652 -0.04457155615091324 0.017163194715976715
v -0.037340402603149414 -0.04647807031869888 0.01618889719247818
v -0.027306795120239258 -0.05132810026407242 0.014036722481250763
v -0.004359900951385498 0.05789478123188019 0.06464092433452606
v -0.0012369751930236816 0.059376850724220276 0.06507407873868942
v -0.016551852226257324 0.055697791278362274 0.06363297253847122
v -0.016551852226257324 0.055697791278362274 0.06363297253847122
v -0.0012369751930236816 0.059376850724220276 0.06507407873868942
v -0.013889551162719727 0.05776854604482651 0.06435144692659378
v 0.02274799346923828 0.05487879365682602 0.0630144253373146
v 0.020276784896850586 0.05447187274694443 0.06309924274682999
v 0.031912803649902344 0.05022343248128891 0.060795702040195465
v 0.031912803649902344 0.05022343248128891 0.060795702040195465
v 0.020276784896850586 0.05447187274694443 0.06309924274682999
v 0.03064441680908203 0.04947312921285629 0.0607706680893898
v -0.04202890396118164 0.04018577188253403 0.056437648832798004
v -0.034192442893981934 0.04706486314535141 0.059684671461582184
v -0.04168415069580078 0.042358241975307465 0.05727116018533707
v -0.046070098876953125 -0.037689365446567535 0.020252622663974762
v -0.04534459114074707 -0.03638545423746109 0.020964302122592926
v -0.05075883865356445 -0.02813068777322769 0.024775661528110504
v -0.046070098876953125 -0.037689365446567535 0.020252622663974762
v -0.05075883865356445 -0.02813068777322769 0.024775661528110504
v -0.0517120361328125 -0.029545702040195465 0.02398029714822769
v 0.02742922306060791 -0.0512678399682045 0.014070309698581696
v 0.029394984245300293 -0.05192384868860245 0.013652540743350983
v 0.04086422920227051 -0.04332200437784195 0.017634667456150055
v 0.02742922306060791 -0.0512678399682045 0.014070309698581696
v 0.04086422920227051 -0.04332200437784195 0.017634667456150055
v 0.04337620735168457 -0.03865162283182144 0.01992122083902359
v 0.04337620735168457 -0.03865162283182144 0.01992122083902359
v 0.04086422920227051 -0.04332200437784195 0.017634667456150055
v 0.048966407775878906 -0.033957161009311676 0.021962322294712067
v -0.05075883865356445 -0.02813068777322769 0.024775661528110504
v -0.05456864833831787 -0.020029224455356598 0.028550781309604645
v -0.0517120361328125 -0.029545702040195465 0.02398029714822769
v -0.0517120361328125 -0.029545702040195465 0.02398029714822769
v -0.05456864833831787 -0.020029224455356598 0.028550781309604645
v -0.056986451148986816 -0.017455019056797028 0.029559053480625153
v 0.04097449779510498 0.04132708162069321 0.056959368288517
v 0.04732680320739746 0.033784233033657074 0.053523577749729156
v 0.04874444007873535 0.03413756936788559 0.053401388227939606
v 0.04874444007873535 0.03413756936788559 0.053401388227939606
v 0.04732680320739746 0.033784233033657074 0.053523577749729156
v 0.052503347396850586 0.02502807229757309 0.04942742735147476
v 0.04874444007873535 0.03413756936788559 0.053401388227939606
v 0.052503347396850586 0.02502807229757309 0.04942742735147476
v 0.05490422248840332 0.023099027574062347 0.04828254133462906
v -0.04737734794616699 0.033786140382289886 0.05348936468362808
v -0.04202890396118164 0.04018577188253403 0.056437648832798004
v -0.04948413372039795 0.03321035951375961 0.052934326231479645
v 0.04337620735168457 -0.03865162283182144 0.01992122083902359
v 0.048966407775878906 -0.033957161009311676 0.021962322294712067
v 0.05468857288360596 -0.01982370764017105 0.02863232046365738
v 0.05468857288360596 -0.01982370764017105 0.02863232046365738
v 0.048966407775878906 -0.033957161009311676 0.021962322294712067
v 0.05442178249359131 -0.024173416197299957 0.026452697813510895
v -0.056986451148986816 -0.017455019056797028 0.029559053480625153
v -0.05456864833831787 -0.020029224455356598 0.028550781309604645
v -0.05739039182662964 -0.009031929075717926 0.03363076597452164
v -0.04737734794616699 0.033786140382289886 0.05348936468362808
v -0.05545639991760254 0.021586738526821136 0.04763547331094742
v -0.052941083908081055 0.023952804505825043 0.04895726591348648
v -0.052941083908081055 0.023952804505825043 0.04895726591348648
v -0.05545639991760254 0.021586738526821136 0.04763547331094742
v -0.05640769004821777 0.014001689851284027 0.04431382566690445
v 0.05468857288360596 -0.01982370764017105 0.02863232046365738
v 0.05442178249359131 -0.024173416197299957 0.026452697813510895
v 0.05845457315444946 -0.011665023863315582 0.03225234895944595
v 0.05807192623615265 0.0029879435896873474 0.03922823816537857
v 0.05745476484298706 -0.008462585508823395 0.03393284231424332
v 0.05845457315444946 -0.011665023863315582 0.03225234895944595
v 0.05845457315444946 -0.011665023863315582 0.03225234895944595
v 0.05745476484298706 -0.008462585508823395 0.03393284231424332
v 0.05468857288360596 -0.01982370764017105 0.02863232046365738
v 0.05807192623615265 0.0029879435896873474 0.03922823816537857
v 0.0594794899225235 -0.00007835779251763597 0.03762403875589371
v 0.058497071266174316 0.011015735566616058 0.042779602110385895
v 0.05807192623615265 0.0029879435896873474 0.03922823816537857
v 0.058497071266174316 0.011015735566616058 0.042779602110385895
v 0.05634450912475586 0.014220558106899261 0.04442564398050308
v 0.05634450912475586 0.014220558106899261 0.04442564398050308
v 0.058497071266174316 0.011015735566616058 0.042779602110385895
v 0.052503347396850586 0.02502807229757309 0.04942742735147476
v 0.052503347396850586 0.02502807229757309 0.04942742735147476
v 0.058497071266174316 0.011015735566616058 0.042779602110385895
v 0.05490422248840332 0.023099027574062347 0.04828254133462906
v -0.05545639991760254 0.021586738526821136 0.04763547331094742
v -0.05837690830230713 0.011575065553188324 0.04295007139444351
v -0.05640769004821777 0.014001689851284027 0.04431382566690445
v -0.05640769004821777 0.014001689851284027 0.04431382566690445
v -0.05837690830230713 0.011575065553188324 0.04295007139444351
v -0.05940401554107666 0.0031088218092918396 0.03914085775613785
v -0.05640769004821777 0.014001689851284027 0.04431382566690445
v -0.05940401554107666 0.0031088218092918396 0.03914085775613785
v -0.058100104331970215 0.0027349814772605896 0.039096154272556305
v -0.05739039182662964 -0.009031929075717926 0.03363076597452164
v -0.058100104331970215 0.0027349814772605896 0.039096154272556305
v -0.05940401554107666 0.0031088218092918396 0.03914085775613785
v -0.05739039182662964 -0.009031929075717926 0.03363076597452164
v -0.05940401554107666 0.0031088218092918396 0.03914085775613785
v -0.059214770793914795 -0.005873836576938629 0.03492800146341324
v -0.05739039182662964 -0.009031929075717926 0.03363076597452164
v -0.059214770793914795 -0.005873836576938629 0.03492800146341324
v -0.056986451148986816 -0.017455019056797028 0.029559053480625153
v 0.0594794899225235 -0.00007835779251763597 0.03762403875589371
v 0.05807192623615265 0.0029879435896873474 0.03922823816537857
v 0.05845457315444946 -0.011665023863315582 0.03225234895944595
v 0.04115629196166992 0.04299553483724594 0.0574362650513649
v 0.04097449779510498 0.04132708162069321 0.056959368288517
v 0.04874444007873535 0.03413756936788559 0.053401388227939606
v 0.015591621398925781 0.057423196732997894 0.0639551654458046
v 0.007526278495788574 0.05895610898733139 0.06490598618984222
v 0.02274799346923828 0.05487879365682602 0.0630144253373146
v 0.03064441680908203 0.04947312921285629 0.0607706680893898
v 0.04097449779510498 0.04132708162069321 0.056959368288517
v 0.031912803649902344 0.05022343248128891 0.060795702040195465
v 0.058497071266174316 0.011015735566616058 0.042779602110385895
v 0.0594794899225235 -0.00007835779251763597 0.03762403875589371
v 0.058498457074165344 0.01140817254781723 0.038889117538928986
v 0.031912803649902344 0.05022343248128891 0.060795702040195465
v 0.04097449779510498 0.04132708162069321 0.056959368288517
v 0.04115629196166992 0.04299553483724594 0.0574362650513649
v -0.008423686027526855 0.05891584977507591 0.06463835388422012
v -0.013889551162719727 0.05776854604482651 0.06435144692659378
v -0.0012369751930236816 0.059376850724220276 0.06507407873868942
v -0.02412724494934082 0.05437370389699936 0.06272033601999283
v -0.03525066375732422 0.04801710695028305 0.059739090502262115
v -0.025555133819580078 0.05222281068563461 0.06202486902475357
v -0.04168415069580078 0.042358241975307465 0.05727116018533707
v -0.04948413372039795 0.03321035951375961 0.052934326231479645
v -0.04202890396118164 0.04018577188253403 0.056437648832798004
v -0.04948413372039795 0.03321035951375961 0.052934326231479645
v -0.05545639991760254 0.021586738526821136 0.04763547331094742
v -0.04737734794616699 0.033786140382289886 0.05348936468362808
v -0.027306795120239258 -0.05132810026407242 0.014036722481250763
v -0.037340402603149414 -0.04647807031869888 0.01618889719247818
v -0.026261568069458008 -0.05346737056970596 0.01290515810251236
v -0.0029679685831069946 0.059507664293050766 0.06114511936903
v -0.0012369751930236816 0.059376850724220276 0.06507407873868942
v 0.007526278495788574 0.05895610898733139 0.06490598618984222
v -0.0029679685831069946 0.059507664293050766 0.06114511936903
v 0.007526278495788574 0.05895610898733139 0.06490598618984222
v 0.011117160320281982 0.05855432152748108 0.060704346746206284
v 0.015591621398925781 0.057423196732997894 0.0639551654458046
v 0.011117160320281982 0.05855432152748108 0.060704346746206284
v 0.007526278495788574 0.05895610898733139 0.06490598618984222
v 0.011117160320281982 0.05855432152748108 0.060704346746206284
v 0.015591621398925781 0.057423196732997894 0.0639551654458046
v 0.0244767963886261 0.054323188960552216 0.058747000992298126
v 0.0244767963886261 0.054323188960552216 0.058747000992298126
v 0.015591621398925781 0.057423196732997894 0.0639551654458046
v 0.02274799346923828 0.05487879365682602 0.0630144253373146
v 0.0244767963886261 0.054323188960552216 0.058747000992298126
v 0.02274799346923828 0.05487879365682602 0.0630144253373146
v 0.031912803649902344 0.05022343248128891 0.060795702040195465
v 0.0244767963886261 0.054323188960552216 0.058747000992298126
v 0.031912803649902344 0.05022343248128891 0.060795702040195465
v 0.03640010952949524 0.047181837260723114 0.05544321984052658
v 0.03640010952949524 0.047181837260723114 0.05544321984052658
v 0.031912803649902344 0.05022343248128891 0.060795702040195465
v 0.04115629196166992 0.04299553483724594 0.0574362650513649
v 0.03640010952949524 0.047181837260723114 0.05544321984052658
v 0.04115629196166992 0.04299553483724594 0.0574362650513649
v 0.0466250479221344 0.03714119642972946 0.05079386383295059
v 0.04115629196166992 0.04299553483724594 0.0574362650513649
v 0.04874444007873535 0.03413756936788559 0.053401388227939606
v 0.0466250479221344 0.03714119642972946 0.05079386383295059
v 0.0466250479221344 0.03714119642972946 0.05079386383295059
v 0.04874444007873535 0.03413756936788559 0.053401388227939606
v 0.05397447943687439 0.025172017514705658 0.04525894671678543
v 0.05397447943687439 0.025172017514705658 0.04525894671678543
v 0.04874444007873535 0.03413756936788559 0.053401388227939606
v 0.05490422248840332 0.023099027574062347 0.04828254133462906
v 0.05490422248840332 0.023099027574062347 0.04828254133462906
v 0.058498457074165344 0.01140817254781723 0.038889117538928986
v 0.05397447943687439 0.025172017514705658 0.04525894671678543
v 0.05490422248840332 0.023099027574062347 0.04828254133462906
v 0.058497071266174316 0.011015735566616058 0.042779602110385895
v 0.058498457074165344 0.01140817254781723 0.038889117538928986
v 0.058498457074165344 0.01140817254781723 0.038889117538928986
v 0.0594794899225235 -0.00007835779251763597 0.03762403875589371
v 0.059500157833099365 -0.002741672098636627 0.032341040670871735
v 0.059500157833099365 -0.002741672098636627 0.032341040670871735
v 0.0594794899225235 -0.00007835779251763597 0.03762403875589371
v 0.05845457315444946 -0.011665023863315582 0.03225234895944595
v 0.059500157833099365 -0.002741672098636627 0.032341040670871735
v 0.05845457315444946 -0.011665023863315582 0.03225234895944595
v 0.0568547248840332 -0.01789502054452896 0.025334753096103668
v 0.05845457315444946 -0.011665023863315582 0.03225234895944595
v 0.05442178249359131 -0.024173416197299957 0.026452697813510895
v 0.0568547248840332 -0.01789502054452896 0.025334753096103668
v 0.0568547248840332 -0.01789502054452896 0.025334753096103668
v 0.05442178249359131 -0.024173416197299957 0.026452697813510895
v 0.04816187918186188 -0.03535572439432144 0.017251677811145782
v 0.04816187918186188 -0.03535572439432144 0.017251677811145782
v 0.05442178249359131 -0.024173416197299957 0.026452697813510895
v 0.048966407775878906 -0.033957161009311676 0.021962322294712067
v 0.04816187918186188 -0.03535572439432144 0.017251677811145782
v 0.048966407775878906 -0.033957161009311676 0.021962322294712067
v 0.04086422920227051 -0.04332200437784195 0.017634667456150055
v 0.04086422920227051 -0.04332200437784195 0.017634667456150055
v 0.033545494079589844 -0.049405522644519806 0.010750830173492432
v 0.04816187918186188 -0.03535572439432144 0.017251677811145782
v 0.029394984245300293 -0.05192384868860245 0.013652540743350983
v 0.033545494079589844 -0.049405522644519806 0.010750830173492432
v 0.04086422920227051 -0.04332200437784195 0.017634667456150055
v 0.033545494079589844 -0.049405522644519806 0.010750830173492432
v 0.029394984245300293 -0.05192384868860245 0.013652540743350983
v 0.01722903549671173 -0.05704300105571747 0.007215365767478943
v 0.029394984245300293 -0.05192384868860245 0.013652540743350983
v 0.014390349388122559 -0.057883478701114655 0.010904274880886078
v 0.01722903549671173 -0.05704300105571747 0.007215365767478943
v 0.01722903549671173 -0.05704300105571747 0.007215365767478943
v 0.014390349388122559 -0.057883478701114655 0.010904274880886078
v 0.000051441602408885956 -0.05974636226892471 0.0059624966233968735
v 0.000051441602408885956 -0.05974636226892471 0.0059624966233968735
v 0.014390349388122559 -0.057883478701114655 0.010904274880886078
v 0.0017959922552108765 -0.05954491347074509 0.010115176439285278
v 0.000051441602408885956 -0.05974636226892471 0.0059624966233968735
v 0.0017959922552108765 -0.05954491347074509 0.010115176439285278
v -0.00926351547241211 -0.05882591754198074 0.010430268943309784
v 0.000051441602408885956 -0.05974636226892471 0.0059624966233968735
v -0.00926351547241211 -0.05882591754198074 0.010430268943309784
v -0.02029883861541748 -0.056174136698246 0.0076139941811561584
v -0.02029883861541748 -0.056174136698246 0.0076139941811561584
v -0.00926351547241211 -0.05882591754198074 0.010430268943309784
v -0.017369508743286133 -0.056945838034152985 0.011337615549564362
v -0.02029883861541748 -0.056174136698246 0.0076139941811561584
v -0.017369508743286133 -0.056945838034152985 0.011337615549564362
v -0.026261568069458008 -0.05346737056970596 0.01290515810251236
v -0.02029883861541748 -0.056174136698246 0.0076139941811561584
v -0.026261568069458008 -0.05346737056970596 0.01290515810251236
v -0.03379756212234497 -0.048968829214572906 0.010951004922389984
v -0.037340402603149414 -0.04647807031869888 0.01618889719247818
v -0.03379756212234497 -0.048968829214572906 0.010951004922389984
v -0.026261568069458008 -0.05346737056970596 0.01290515810251236
v -0.03379756212234497 -0.048968829214572906 0.010951004922389984
v -0.037340402603149414 -0.04647807031869888 0.01618889719247818
v -0.044675230979919434 -0.039684660732746124 0.015249170362949371
v -0.044675230979919434 -0.039684660732746124 0.015249170362949371
v -0.037340402603149414 -0.04647807031869888 0.01618889719247818
v -0.046070098876953125 -0.037689365446567535 0.020252622663974762
v -0.0517120361328125 -0.029545702040195465 0.02398029714822769
v -0.044675230979919434 -0.039684660732746124 0.015249170362949371
v -0.046070098876953125 -0.037689365446567535 0.020252622663974762
v -0.044675230979919434 -0.039684660732746124 0.015249170362949371
v -0.0517120361328125 -0.029545702040195465 0.02398029714822769
v -0.05400606989860535 -0.025138117372989655 0.021977640688419342
v -0.056986451148986816 -0.017455019056797028 0.029559053480625153
v -0.05400606989860535 -0.025138117372989655 0.021977640688419342
v -0.0517120361328125 -0.029545702040195465 0.02398029714822769
v -0.05400606989860535 -0.025138117372989655 0.021977640688419342
v -0.056986451148986816 -0.017455019056797028 0.029559053480625153
v -0.05915034934878349 -0.008544780313968658 0.029652826488018036
v -0.056986451148986816 -0.017455019056797028 0.029559053480625153
v -0.059214770793914795 -0.005873836576938629 0.03492800146341324
v -0.05915034934878349 -0.008544780313968658 0.029652826488018036
v -0.05940401554107666 0.0031088218092918396 0.03914085775613785
v -0.058814749121665955 0.009493671357631683 0.03800056129693985
v -0.05915034934878349 -0.008544780313968658 0.029652826488018036
v -0.05940401554107666 0.0031088218092918396 0.03914085775613785
v -0.05915034934878349 -0.008544780313968658 0.029652826488018036
v -0.059214770793914795 -0.005873836576938629 0.03492800146341324
v -0.058814749121665955 0.009493671357631683 0.03800056129693985
v -0.05940401554107666 0.0031088218092918396 0.03914085775613785
v -0.05837690830230713 0.011575065553188324 0.04295007139444351
v -0.058814749121665955 0.009493671357631683 0.03800056129693985
v -0.05837690830230713 0.011575065553188324 0.04295007139444351
v -0.05545639991760254 0.021586738526821136 0.04763547331094742
v -0.058814749121665955 0.009493671357631683 0.03800056129693985
v -0.05545639991760254 0.021586738526821136 0.04763547331094742
v -0.052795425057411194 0.02810969203710556 0.04661954194307327
v -0.05545639991760254 0.021586738526821136 0.04763547331094742
v -0.04948413372039795 0.03321035951375961 0.052934326231479645
v -0.052795425057411194 0.02810969203710556 0.04661954194307327
v -0.052795425057411194 0.02810969203710556 0.04661954194307327
v -0.04948413372039795 0.03321035951375961 0.052934326231479645
v -0.040914446115493774 0.043288253247737885 0.05364290624856949
v -0.04948413372039795 0.03321035951375961 0.052934326231479645
v -0.04168415069580078 0.042358241975307465 0.05727116018533707
v -0.040914446115493774 0.043288253247737885 0.05364290624856949
v -0.040914446115493774 0.043288253247737885 0.05364290624856949
v -0.03525066375732422 0.04801710695028305 0.059739090502262115
v -0.02969929575920105 0.05163266509771347 0.0575045570731163
v -0.040914446115493774 0.043288253247737885 0.05364290624856949
v -0.04168415069580078 0.042358241975307465 0.05727116018533707
v -0.03525066375732422 0.04801710695028305 0.059739090502262115
v -0.03525066375732422 0.04801710695028305 0.059739090502262115
v -0.02412724494934082 0.05437370389699936 0.06272033601999283
v -0.02969929575920105 0.05163266509771347 0.0575045570731163
v -0.02969929575920105 0.05163266509771347 0.0575045570731163
v -0.02412724494934082 0.05437370389699936 0.06272033601999283
v -0.01673467457294464 0.057192184031009674 0.06007445603609085
v -0.01673467457294464 0.057192184031009674 0.06007445603609085
v -0.02412724494934082 0.05437370389699936 0.06272033601999283
v -0.013889551162719727 0.05776854604482651 0.06435144692659378
v -0.008423686027526855 0.05891584977507591 0.06463835388422012
v -0.0029679685831069946 0.059507664293050766 0.06114511936903
v -0.01673467457294464 0.057192184031009674 0.06007445603609085
v -0.01673467457294464 0.057192184031009674 0.06007445603609085
v -0.013889551162719727 0.05776854604482651 0.06435144692659378
v -0.008423686027526855 0.05891584977507591 0.06463835388422012
v -0.0029679685831069946 0.059507664293050766 0.06114511936903
v -0.008423686027526855 0.05891584977507591 0.06463835388422012
v -0.0012369751930236816 0.059376850724220276 0.06507407873868942
v -0.01673467457294464 0.057192184031009674 0.06007445603609085
v -0.0029679685831069946 0.059507664293050766 0.06114511936903
v -0.02029883861541748 -0.056174136698246 0.0076139941811561584
v -0.02969929575920105 0.05163266509771347 0.0575045570731163
v -0.01673467457294464 0.057192184031009674 0.06007445603609085
v -0.02029883861541748 -0.056174136698246 0.0076139941811561584
v -0.02029883861541748 -0.056174136698246 0.0076139941811561584
v 0.0244767963886261 0.054323188960552216 0.058747000992298126
v 0.03640010952949524 0.047181837260723114 0.05544321984052658
v -0.02029883861541748 -0.056174136698246 0.0076139941811561584
v -0.0029679685831069946 0.059507664293050766 0.06114511936903
v 0.011117160320281982 0.05855432152748108 0.060704346746206284
v -0.040914446115493774 0.043288253247737885 0.05364290624856949
v -0.02969929575920105 0.05163266509771347 0.0575045570731163
v -0.02029883861541748 -0.056174136698246 0.0076139941811561584
v 0.011117160320281982 0.05855432152748108 0.060704346746206284
v 0.0244767963886261 0.054323188960552216 0.058747000992298126
v -0.02029883861541748 -0.056174136698246 0.0076139941811561584
v -0.02029883861541748 -0.056174136698246 0.0076139941811561584
v 0.03640010952949524 0.047181837260723114 0.05544321984052658
v 0.0466250479221344 0.03714119642972946 0.05079386383295059
v 0.05397447943687439 0.025172017514705658 0.04525894671678543
v 0.058498457074165344 0.01140817254781723 0.038889117538928986
v -0.02029883861541748 -0.056174136698246 0.0076139941811561584
v -0.02029883861541748 -0.056174136698246 0.0076139941811561584
v 0.058498457074165344 0.01140817254781723 0.038889117538928986
v 0.059500157833099365 -0.002741672098636627 0.032341040670871735
v -0.052795425057411194 0.02810969203710556 0.04661954194307327
v -0.040914446115493774 0.043288253247737885 0.05364290624856949
v -0.02029883861541748 -0.056174136698246 0.0076139941811561584
v -0.02029883861541748 -0.056174136698246 0.0076139941811561584
v 0.059500157833099365 -0.002741672098636627 0.032341040670871735
v 0.0568547248840332 -0.01789502054452896 0.025334753096103668
v 0.0466250479221344 0.03714119642972946 0.05079386383295059
v 0.05397447943687439 0.025172017514705658 0.04525894671678543
v -0.02029883861541748 -0.056174136698246 0.0076139941811561584
v -0.02029883861541748 -0.056174136698246 0.0076139941811561584
v 0.0568547248840332 -0.01789502054452896 0.025334753096103668
v 0.04816187918186188 -0.03535572439432144 0.017251677811145782
v -0.02029883861541748 -0.056174136698246 0.0076139941811561584
v 0.04816187918186188 -0.03535572439432144 0.017251677811145782
v 0.033545494079589844 -0.049405522644519806 0.010750830173492432
v -0.058814749121665955 0.009493671357631683 0.03800056129693985
v -0.052795425057411194 0.02810969203710556 0.04661954194307327
v -0.02029883861541748 -0.056174136698246 0.0076139941811561584
v 0.033545494079589844 -0.049405522644519806 0.010750830173492432
v 0.01722903549671173 -0.05704300105571747 0.007215365767478943
v -0.02029883861541748 -0.056174136698246 0.0076139941811561584
v -0.05915034934878349 -0.008544780313968658 0.029652826488018036
v -0.058814749121665955 0.009493671357631683 0.03800056129693985
v -0.02029883861541748 -0.056174136698246 0.0076139941811561584
v -0.02029883861541748 -0.056174136698246 0.0076139941811561584
v 0.01722903549671173 -0.05704300105571747 0.007215365767478943
v 0.000051441602408885956 -0.05974636226892471 0.0059624966233968735
v -0.02029883861541748 -0.056174136698246 0.0076139941811561584
v -0.05400606989860535 -0.025138117372989655 0.021977640688419342
v -0.05915034934878349 -0.008544780313968658 0.029652826488018036
v -0.044675230979919434 -0.039684660732746124 0.015249170362949371
v -0.05400606989860535 -0.025138117372989655 0.021977640688419342
v -0.02029883861541748 -0.056174136698246 0.0076139941811561584
v -0.03379756212234497 -0.048968829214572906 0.010951004922389984
v -0.044675230979919434 -0.039684660732746124 0.015249170362949371
v -0.02029883861541748 -0.056174136698246 0.0076139941811561584
v 0.035805702209472656 0.07048965245485306 0.04578009992837906
v 0.038379669189453125 0.04806103557348251 0.04347268491983414
v 0.04789376258850098 0.07049822062253952 0.03303162008523941
v 0.02333688735961914 0.07050005346536636 0.05323115736246109
v 0.0255434513092041 0.05496009439229965 0.052139200270175934
v 0.035805702209472656 0.07048965245485306 0.04578009992837906
v 0.008545875549316406 0.07049836963415146 0.057477034628391266
v 0.012581348419189453 0.05782618373632431 0.056691206991672516
v 0.02333688735961914 0.07050005346536636 0.05323115736246109
v 0.02333688735961914 0.07050005346536636 0.05323115736246109
v 0.012581348419189453 0.05782618373632431 0.056691206991672516
v 0.0255434513092041 0.05496009439229965 0.052139200270175934
v 0.008545875549316406 0.07049836963415146 0.057477034628391266
v 0.0009975135326385498 0.05927374213933945 0.05813366919755936
v 0.012581348419189453 0.05782618373632431 0.056691206991672516
v -0.008040189743041992 0.07050063461065292 0.05760573595762253
v 0.0009975135326385498 0.05927374213933945 0.05813366919755936
v 0.008545875549316406 0.07049836963415146 0.057477034628391266
v -0.008040189743041992 0.07050063461065292 0.05760573595762253
v -0.008874893188476562 0.05805354565382004 0.0574941411614418
v 0.0009975135326385498 0.05927374213933945 0.05813366919755936
v -0.023134231567382812 0.0553562268614769 0.05318073183298111
v -0.015458106994628906 0.05736168473958969 0.05589798837900162
v -0.023154497146606445 0.07049952447414398 0.05332259088754654
v -0.023154497146606445 0.07049952447414398 0.05332259088754654
v -0.015458106994628906 0.05736168473958969 0.05589798837900162
v -0.008040189743041992 0.07050063461065292 0.05760573595762253
v -0.008040189743041992 0.07050063461065292 0.05760573595762253
v -0.015458106994628906 0.05736168473958969 0.05589798837900162
v -0.008874893188476562 0.05805354565382004 0.0574941411614418
v -0.031951904296875 0.07043936103582382 0.04861585050821304
v -0.023134231567382812 0.0553562268614769 0.05318073183298111
v -0.023154497146606445 0.07049952447414398 0.05332259088754654
v -0.019173383712768555 0.07049958407878876 -0.0551392063498497
v -0.027643203735351562 0.05367501825094223 -0.05091508477926254
v -0.03413200378417969 0.05009230226278305 -0.046783290803432465
v -0.019173383712768555 0.07049958407878876 -0.0551392063498497
v -0.03413200378417969 0.05009230226278305 -0.046783290803432465
v -0.037389278411865234 0.07049475610256195 -0.044578634202480316
v -0.019173383712768555 0.07049958407878876 -0.0551392063498497
v -0.02004861831665039 0.05572136491537094 -0.054508768022060394
v -0.027643203735351562 0.05367501825094223 -0.05091508477926254
v -0.019173383712768555 0.07049958407878876 -0.0551392063498497
v -0.01071929931640625 0.058801375329494476 -0.05711784213781357
v -0.02004861831665039 0.05572136491537094 -0.054508768022060394
v -0.019173383712768555 0.07049958407878876 -0.0551392063498497
v -0.00047995150089263916 0.07049966603517532 -0.05815339833498001
v -0.01071929931640625 0.058801375329494476 -0.05711784213781357
v -0.00047995150089263916 0.07049966603517532 -0.05815339833498001
v 0.006617903709411621 0.05890224874019623 -0.057703159749507904
v 0.0003345012664794922 0.058587826788425446 -0.0582016259431839
v 0.015141487121582031 0.05734368413686752 -0.05601759999990463
v 0.006617903709411621 0.05890224874019623 -0.057703159749507904
v 0.019779622554779053 0.07050129771232605 -0.054982833564281464
v 0.019779622554779053 0.07050129771232605 -0.054982833564281464
v 0.006617903709411621 0.05890224874019623 -0.057703159749507904
v -0.00047995150089263916 0.07049966603517532 -0.05815339833498001
v 0.029122352600097656 0.052999578416347504 -0.05007680505514145
v 0.021203041076660156 0.055610738694667816 -0.053994499146938324
v 0.019779622554779053 0.07050129771232605 -0.054982833564281464
v 0.019779622554779053 0.07050129771232605 -0.054982833564281464
v 0.021203041076660156 0.055610738694667816 -0.053994499146938324
v 0.015141487121582031 0.05734368413686752 -0.05601759999990463
v 0.03714179992675781 0.07047820091247559 -0.04472097009420395
v 0.029122352600097656 0.052999578416347504 -0.05007680505514145
v 0.019779622554779053 0.07050129771232605 -0.054982833564281464
v 0.047948598861694336 0.07049629092216492 -0.032847724854946136
v 0.04385852813720703 0.044332586228847504 -0.03777869790792465
v 0.03714179992675781 0.07047820091247559 -0.04472097009420395
v 0.04796791076660156 0.03516408056020737 0.03496281057596207
v 0.04821491241455078 0.03951939195394516 0.032118476927280426
v 0.038379669189453125 0.04806103557348251 0.04347268491983414
v -0.05801186338067055 0.07047714293003082 -0.0004466846294235438
v -0.05746445059776306 0.021240435540676117 0.008374609053134918
v -0.05712544918060303 0.07049942016601562 0.01061645895242691
v -0.05712544918060303 0.07049942016601562 0.01061645895242691
v -0.05477619171142578 0.030163727700710297 0.01933661848306656
v -0.05347084999084473 0.07049809396266937 0.022578395903110504
v -0.05347084999084473 0.07049809396266937 0.022578395903110504
v -0.05477619171142578 0.030163727700710297 0.01933661848306656
v -0.0497584342956543 0.03780921548604965 0.02970234304666519
v -0.05347084999084473 0.07049809396266937 0.022578395903110504
v -0.0497584342956543 0.03780921548604965 0.02970234304666519
v -0.04763340950012207 0.0704880878329277 0.033397115767002106
v -0.04763340950012207 0.0704880878329277 0.033397115767002106
v -0.0497584342956543 0.03780921548604965 0.02970234304666519
v -0.04287910461425781 0.04519613832235336 0.03891245275735855
v -0.04763340950012207 0.0704880878329277 0.033397115767002106
v -0.04287910461425781 0.04519613832235336 0.03891245275735855
v -0.040195465087890625 0.07048944383859634 0.0419561043381691
v -0.03304624557495117 0.05135460942983627 0.047634758055210114
v -0.031951904296875 0.07043936103582382 0.04861585050821304
v -0.040195465087890625 0.07048944383859634 0.0419561043381691
v -0.03304624557495117 0.05135460942983627 0.047634758055210114
v -0.040195465087890625 0.07048944383859634 0.0419561043381691
v -0.04287910461425781 0.04519613832235336 0.03891245275735855
v 0.038379669189453125 0.04806103557348251 0.04347268491983414
v 0.035805702209472656 0.07048965245485306 0.04578009992837906
v 0.0255434513092041 0.05496009439229965 0.052139200270175934
v 0.04821491241455078 0.03951939195394516 0.032118476927280426
v 0.04789376258850098 0.07049822062253952 0.03303162008523941
v 0.038379669189453125 0.04806103557348251 0.04347268491983414
v 0.05415761470794678 0.030274473130702972 0.020936883985996246
v 0.05472755432128906 0.0704941600561142 0.019714273512363434
v 0.04789376258850098 0.07049822062253952 0.03303162008523941
v 0.05754318833351135 0.020801983773708344 0.00818709284067154
v 0.05472755432128906 0.0704941600561142 0.019714273512363434
v 0.05415761470794678 0.030274473130702972 0.020936883985996246
v 0.05754318833351135 0.020801983773708344 0.00818709284067154
v 0.058000680059194565 0.07049499452114105 0.0037246719002723694
v 0.05472755432128906 0.0704941600561142 0.019714273512363434
v 0.057398632168769836 0.009485326707363129 0.03799966722726822
v 0.05777277052402496 -0.0058998242020606995 0.0308518186211586
v 0.05796639248728752 0.0006064889603294432 -0.0005030929460190237
v 0.057398632168769836 0.009485326707363129 0.03799966722726822
v 0.05796639248728752 0.0006064889603294432 -0.0005030929460190237
v 0.0575401671230793 0.008588291704654694 0.018728412687778473
v 0.057398632168769836 0.009485326707363129 0.03799966722726822
v 0.0575401671230793 0.008588291704654694 0.018728412687778473
v 0.054121434688568115 0.021175287663936615 0.029683507978916168
v 0.054121434688568115 0.021175287663936615 0.029683507978916168
v 0.05108964443206787 0.02796008437871933 0.0465473011136055
v 0.057398632168769836 0.009485326707363129 0.03799966722726822
v 0.05108964443206787 0.02796008437871933 0.0465473011136055
v 0.054121434688568115 0.021175287663936615 0.029683507978916168
v 0.0480777770280838 0.03228656202554703 0.04056403785943985
v 0.0411832332611084 0.04067929834127426 0.04495755583047867
v 0.03986978530883789 0.04205497354269028 0.05306992679834366
v 0.05108964443206787 0.02796008437871933 0.0465473011136055
v 0.0411832332611084 0.04067929834127426 0.04495755583047867
v 0.05108964443206787 0.02796008437871933 0.0465473011136055
v 0.0480777770280838 0.03228656202554703 0.04056403785943985
v 0.034328579902648926 0.04677613824605942 0.04956094175577164
v 0.03986978530883789 0.04205497354269028 0.05306992679834366
v 0.0411832332611084 0.04067929834127426 0.04495755583047867
v 0.034328579902648926 0.04677613824605942 0.04956094175577164
v 0.029064655303955078 0.050100646913051605 0.05677265673875809
v 0.03986978530883789 0.04205497354269028 0.05306992679834366
v 0.004850625991821289 0.058027707040309906 0.058576799929142
v -0.002847716212272644 0.05811821669340134 0.058905936777591705
v 0.0043487101793289185 0.05802982300519943 0.06046273186802864
v 0.0043487101793289185 0.05802982300519943 0.06046273186802864
v -0.002847716212272644 0.05811821669340134 0.058905936777591705
v -0.011574357748031616 0.05691904574632645 0.05994272232055664
v -0.031041622161865234 0.04900773614645004 0.051335372030735016
v -0.03395456075668335 0.04711493104696274 0.05541513115167618
v -0.02183753252029419 0.05397249013185501 0.055300451815128326
v -0.04177999496459961 0.04031219333410263 0.045155324041843414
v -0.03395456075668335 0.04711493104696274 0.05541513115167618
v -0.031041622161865234 0.04900773614645004 0.051335372030735016
v -0.03395456075668335 0.04711493104696274 0.05541513115167618
v -0.04177999496459961 0.04031219333410263 0.045155324041843414
v -0.049326032400131226 0.031102798879146576 0.04800226539373398
v -0.049326032400131226 0.031102798879146576 0.04800226539373398
v -0.055243946611881256 0.017773471772670746 0.030137933790683746
v -0.05677434802055359 0.012680374085903168 0.03947807103395462
v -0.05677434802055359 0.012680374085903168 0.03947807103395462
v -0.055243946611881256 0.017773471772670746 0.030137933790683746
v -0.05734523385763168 0.009724952280521393 0.01986948400735855
v -0.05677434802055359 0.012680374085903168 0.03947807103395462
v -0.05734523385763168 0.009724952280521393 0.01986948400735855
v -0.05800824612379074 -0.0010409727692604065 0.03312657028436661
v 0.05754318833351135 0.020801983773708344 0.00818709284067154
v 0.05796639248728752 0.0006064889603294432 -0.0005030929460190237
v 0.058000680059194565 0.07049499452114105 0.0037246719002723694
v 0.04789376258850098 0.07049822062253952 0.03303162008523941
v 0.04821491241455078 0.03951939195394516 0.032118476927280426
v 0.05415761470794678 0.030274473130702972 0.020936883985996246
v -0.05799185112118721 0.0127616748213768 -0.0008276923908852041
v -0.057934653013944626 0.00784967839717865 0.005259193480014801
v -0.05746445059776306 0.021240435540676117 0.008374609053134918
v -0.05477619171142578 0.030163727700710297 0.01933661848306656
v -0.053538978099823 0.025666676461696625 0.026248373091220856
v -0.0497584342956543 0.03780921548604965 0.02970234304666519
v -0.04287910461425781 0.04519613832235336 0.03891245275735855
v -0.045783281326293945 0.03881474584341049 0.0371650829911232
v -0.03620290756225586 0.04687365144491196 0.04641858488321304
v -0.05801186338067055 0.07047714293003082 -0.0004466846294235438
v -0.05799185112118721 0.0127616748213768 -0.0008276923908852041
v -0.05746445059776306 0.021240435540676117 0.008374609053134918
v -0.031951904296875 0.07043936103582382 0.04861585050821304
v -0.03304624557495117 0.05135460942983627 0.047634758055210114
v -0.023134231567382812 0.0553562268614769 0.05318073183298111
v -0.05058202147483826 0.02846416085958481 0.03639594465494156
v -0.055243946611881256 0.017773471772670746 0.030137933790683746
v -0.049326032400131226 0.031102798879146576 0.04800226539373398
v -0.04177999496459961 0.04031219333410263 0.045155324041843414
v -0.05058202147483826 0.02846416085958481 0.03639594465494156
v -0.049326032400131226 0.031102798879146576 0.04800226539373398
v -0.05746445059776306 0.021240435540676117 0.008374609053134918
v -0.057934653013944626 0.00784967839717865 0.005259193480014801
v -0.05734523385763168 0.009724952280521393 0.01986948400735855
v 0.05754318833351135 0.020801983773708344 0.00818709284067154
v 0.05415761470794678 0.030274473130702972 0.020936883985996246
v 0.0575401671230793 0.008588291704654694 0.018728412687778473
v 0.05415761470794678 0.030274473130702972 0.020936883985996246
v 0.04821491241455078 0.03951939195394516 0.032118476927280426
v 0.04796791076660156 0.03516408056020737 0.03496281057596207
v -0.05712544918060303 0.07049942016601562 0.01061645895242691
v -0.05746445059776306 0.021240435540676117 0.008374609053134918
v -0.05477619171142578 0.030163727700710297 0.01933661848306656
v 0.0009975135326385498 0.05927374213933945 0.05813366919755936
v 0.004850625991821289 0.058027707040309906 0.058576799929142
v 0.012581348419189453 0.05782618373632431 0.056691206991672516
v 0.0480777770280838 0.03228656202554703 0.04056403785943985
v 0.054121434688568115 0.021175287663936615 0.029683507978916168
v 0.04796791076660156 0.03516408056020737 0.03496281057596207
v 0.0480777770280838 0.03228656202554703 0.04056403785943985
v 0.04796791076660156 0.03516408056020737 0.03496281057596207
v 0.0411832332611084 0.04067929834127426 0.04495755583047867
v -0.057934653013944626 0.00784967839717865 0.005259193480014801
v -0.05800824612379074 -0.0010409727692604065 0.03312657028436661
v -0.05734523385763168 0.009724952280521393 0.01986948400735855
v -0.053538978099823 0.025666676461696625 0.026248373091220856
v -0.05058202147483826 0.02846416085958481 0.03639594465494156
v -0.045783281326293945 0.03881474584341049 0.0371650829911232
v -0.045783281326293945 0.03881474584341049 0.0371650829911232
v -0.04177999496459961 0.04031219333410263 0.045155324041843414
v -0.03620290756225586 0.04687365144491196 0.04641858488321304
v -0.015458106994628906 0.05736168473958969 0.05589798837900162
v -0.02183753252029419 0.05397249013185501 0.055300451815128326
v -0.008874893188476562 0.05805354565382004 0.0574941411614418
v -0.05734523385763168 0.009724952280521393 0.01986948400735855
v -0.055243946611881256 0.017773471772670746 0.030137933790683746
v -0.053538978099823 0.025666676461696625 0.026248373091220856
v -0.053538978099823 0.025666676461696625 0.026248373091220856
v -0.055243946611881256 0.017773471772670746 0.030137933790683746
v -0.05058202147483826 0.02846416085958481 0.03639594465494156
v -0.045783281326293945 0.03881474584341049 0.0371650829911232
v -0.05058202147483826 0.02846416085958481 0.03639594465494156
v -0.04177999496459961 0.04031219333410263 0.045155324041843414
v -0.03620290756225586 0.04687365144491196 0.04641858488321304
v -0.04177999496459961 0.04031219333410263 0.045155324041843414
v -0.031041622161865234 0.04900773614645004 0.051335372030735016
v 0.012581348419189453 0.05782618373632431 0.056691206991672516
v 0.004850625991821289 0.058027707040309906 0.058576799929142
v 0.013360023498535156 0.05666410177946091 0.05743608623743057
v -0.04287910461425781 0.04519613832235336 0.03891245275735855
v -0.0497584342956543 0.03780921548604965 0.02970234304666519
v -0.045783281326293945 0.03881474584341049 0.0371650829911232
v -0.04287910461425781 0.04519613832235336 0.03891245275735855
v -0.03620290756225586 0.04687365144491196 0.04641858488321304
v -0.03304624557495117 0.05135460942983627 0.047634758055210114
v -0.03304624557495117 0.05135460942983627 0.047634758055210114
v -0.03620290756225586 0.04687365144491196 0.04641858488321304
v -0.023134231567382812 0.0553562268614769 0.05318073183298111
v 0.012581348419189453 0.05782618373632431 0.056691206991672516
v 0.013360023498535156 0.05666410177946091 0.05743608623743057
v 0.0255434513092041 0.05496009439229965 0.052139200270175934
v 0.0255434513092041 0.05496009439229965 0.052139200270175934
v 0.013360023498535156 0.05666410177946091 0.05743608623743057
v 0.0237729549407959 0.053168438374996185 0.05424711853265762
v 0.0255434513092041 0.05496009439229965 0.052139200270175934
v 0.0237729549407959 0.053168438374996185 0.05424711853265762
v 0.038379669189453125 0.04806103557348251 0.04347268491983414
v -0.02183753252029419 0.05397249013185501 0.055300451815128326
v -0.03395456075668335 0.04711493104696274 0.05541513115167618
v -0.02207934856414795 0.05356010049581528 0.05839773267507553
v -0.02183753252029419 0.05397249013185501 0.055300451815128326
v -0.02207934856414795 0.05356010049581528 0.05839773267507553
v -0.011574357748031616 0.05691904574632645 0.05994272232055664
v -0.02183753252029419 0.05397249013185501 0.055300451815128326
v -0.011574357748031616 0.05691904574632645 0.05994272232055664
v -0.008874893188476562 0.05805354565382004 0.0574941411614418
v -0.008874893188476562 0.05805354565382004 0.0574941411614418
v -0.011574357748031616 0.05691904574632645 0.05994272232055664
v -0.002847716212272644 0.05811821669340134 0.058905936777591705
v 0.004850625991821289 0.058027707040309906 0.058576799929142
v 0.0043487101793289185 0.05802982300519943 0.06046273186802864
v 0.013360023498535156 0.05666410177946091 0.05743608623743057
v 0.013360023498535156 0.05666410177946091 0.05743608623743057
v 0.0043487101793289185 0.05802982300519943 0.06046273186802864
v 0.01864132285118103 0.0549670085310936 0.05904822796583176
v 0.013360023498535156 0.05666410177946091 0.05743608623743057
v 0.01864132285118103 0.0549670085310936 0.05904822796583176
v 0.0237729549407959 0.053168438374996185 0.05424711853265762
v 0.0237729549407959 0.053168438374996185 0.05424711853265762
v 0.01864132285118103 0.0549670085310936 0.05904822796583176
v 0.029064655303955078 0.050100646913051605 0.05677265673875809
v 0.0237729549407959 0.053168438374996185 0.05424711853265762
v 0.029064655303955078 0.050100646913051605 0.05677265673875809
v 0.034328579902648926 0.04677613824605942 0.04956094175577164
v -0.05746445059776306 0.021240435540676117 0.008374609053134918
v -0.05734523385763168 0.009724952280521393 0.01986948400735855
v -0.05477619171142578 0.030163727700710297 0.01933661848306656
v -0.05477619171142578 0.030163727700710297 0.01933661848306656
v -0.05734523385763168 0.009724952280521393 0.01986948400735855
v -0.053538978099823 0.025666676461696625 0.026248373091220856
v -0.0497584342956543 0.03780921548604965 0.02970234304666519
v -0.053538978099823 0.025666676461696625 0.026248373091220856
v -0.045783281326293945 0.03881474584341049 0.0371650829911232
v -0.03620290756225586 0.04687365144491196 0.04641858488321304
v -0.031041622161865234 0.04900773614645004 0.051335372030735016
v -0.023134231567382812 0.0553562268614769 0.05318073183298111
v -0.023134231567382812 0.0553562268614769 0.05318073183298111
v -0.031041622161865234 0.04900773614645004 0.051335372030735016
v -0.02183753252029419 0.05397249013185501 0.055300451815128326
v -0.023134231567382812 0.0553562268614769 0.05318073183298111
v -0.02183753252029419 0.05397249013185501 0.055300451815128326
v -0.015458106994628906 0.05736168473958969 0.05589798837900162
v 0.0009975135326385498 0.05927374213933945 0.05813366919755936
v -0.008874893188476562 0.05805354565382004 0.0574941411614418
v -0.002847716212272644 0.05811821669340134 0.058905936777591705
v 0.0009975135326385498 0.05927374213933945 0.05813366919755936
v -0.002847716212272644 0.05811821669340134 0.058905936777591705
v 0.004850625991821289 0.058027707040309906 0.058576799929142
v 0.038379669189453125 0.04806103557348251 0.04347268491983414
v 0.0237729549407959 0.053168438374996185 0.05424711853265762
v 0.034328579902648926 0.04677613824605942 0.04956094175577164
v 0.038379669189453125 0.04806103557348251 0.04347268491983414
v 0.034328579902648926 0.04677613824605942 0.04956094175577164
v 0.0411832332611084 0.04067929834127426 0.04495755583047867
v 0.038379669189453125 0.04806103557348251 0.04347268491983414
v 0.0411832332611084 0.04067929834127426 0.04495755583047867
v 0.04796791076660156 0.03516408056020737 0.03496281057596207
v 0.05415761470794678 0.030274473130702972 0.020936883985996246
v 0.04796791076660156 0.03516408056020737 0.03496281057596207
v 0.054121434688568115 0.021175287663936615 0.029683507978916168
v 0.05415761470794678 0.030274473130702972 0.020936883985996246
v 0.054121434688568115 0.021175287663936615 0.029683507978916168
v 0.0575401671230793 0.008588291704654694 0.018728412687778473
v 0.05754318833351135 0.020801983773708344 0.00818709284067154
v 0.0575401671230793 0.008588291704654694 0.018728412687778473
v 0.05796639248728752 0.0006064889603294432 -0.0005030929460190237
v 0.021203041076660156 0.055610738694667816 -0.053994499146938324
v 0.029122352600097656 0.052999578416347504 -0.05007680505514145
v 0.027031421661376953 0.05143614858388901 -0.05312909930944443
v 0.04385852813720703 0.044332586228847504 -0.03777869790792465
v 0.043889641761779785 0.040512584149837494 -0.039421163499355316
v 0.03579568862915039 0.0495808944106102 -0.04541810601949692
v -0.003020063042640686 0.057888660579919815 -0.05979328230023384
v -0.01593823730945587 0.05580952391028404 -0.05989726632833481
v -0.011688709259033203 0.05709364265203476 -0.05750378221273422
v 0.058000680059194565 0.07049499452114105 0.0037246719002723694
v 0.05777303874492645 0.014901794493198395 -0.005561791360378265
v 0.05754241347312927 0.07049354910850525 -0.007599197328090668
v 0.05613166093826294 0.025531314313411713 -0.014889560639858246
v 0.05455756187438965 0.07048465311527252 -0.020143352448940277
v 0.05754241347312927 0.07049354910850525 -0.007599197328090668
v 0.05143570899963379 0.03543563932180405 -0.026762329041957855
v 0.05455756187438965 0.07048465311527252 -0.020143352448940277
v 0.05613166093826294 0.025531314313411713 -0.014889560639858246
v 0.05143570899963379 0.03543563932180405 -0.026762329041957855
v 0.047948598861694336 0.07049629092216492 -0.032847724854946136
v 0.05455756187438965 0.07048465311527252 -0.020143352448940277
v 0.04385852813720703 0.044332586228847504 -0.03777869790792465
v 0.047948598861694336 0.07049629092216492 -0.032847724854946136
v 0.05143570899963379 0.03543563932180405 -0.026762329041957855
v 0.03714179992675781 0.07047820091247559 -0.04472097009420395
v 0.04385852813720703 0.044332586228847504 -0.03777869790792465
v 0.03579568862915039 0.0495808944106102 -0.04541810601949692
v 0.03579568862915039 0.0495808944106102 -0.04541810601949692
v 0.029122352600097656 0.052999578416347504 -0.05007680505514145
v 0.03714179992675781 0.07047820091247559 -0.04472097009420395
v -0.01071929931640625 0.058801375329494476 -0.05711784213781357
v -0.00047995150089263916 0.07049966603517532 -0.05815339833498001
v 0.0003345012664794922 0.058587826788425446 -0.0582016259431839
v -0.04117631912231445 0.044634900987148285 -0.040815673768520355
v -0.037389278411865234 0.07049475610256195 -0.044578634202480316
v -0.03413200378417969 0.05009230226278305 -0.046783290803432465
v -0.037389278411865234 0.07049475610256195 -0.044578634202480316
v -0.04117631912231445 0.044634900987148285 -0.040815673768520355
v -0.04685235023498535 0.07048463076353073 -0.03446372598409653
v -0.04685235023498535 0.07048463076353073 -0.03446372598409653
v -0.04117631912231445 0.044634900987148285 -0.040815673768520355
v -0.04710578918457031 0.04135545343160629 -0.03369840234518051
v -0.04685235023498535 0.07048463076353073 -0.03446372598409653
v -0.04710578918457031 0.04135545343160629 -0.03369840234518051
v -0.0527651309967041 0.03404148668050766 -0.0239919051527977
v -0.04685235023498535 0.07048463076353073 -0.03446372598409653
v -0.0527651309967041 0.03404148668050766 -0.0239919051527977
v -0.05334305763244629 0.0704917386174202 -0.022880397737026215
v -0.05334305763244629 0.0704917386174202 -0.022880397737026215
v -0.0527651309967041 0.03404148668050766 -0.0239919051527977
v -0.055657923221588135 0.02851726859807968 -0.016422592103481293
v -0.055657923221588135 0.02851726859807968 -0.016422592103481293
v -0.05720871686935425 0.07049541920423508 -0.01044376939535141
v -0.05334305763244629 0.0704917386174202 -0.022880397737026215
v -0.05758541822433472 0.019778691232204437 -0.0076211318373680115
v -0.05720871686935425 0.07049541920423508 -0.01044376939535141
v -0.055657923221588135 0.02851726859807968 -0.016422592103481293
v -0.05720871686935425 0.07049541920423508 -0.01044376939535141
v -0.05758541822433472 0.019778691232204437 -0.0076211318373680115
v -0.05801186338067055 0.07047714293003082 -0.0004466846294235438
v -0.051598548889160156 0.02688344195485115 -0.05989978462457657
v -0.05224388837814331 0.025437436997890472 -0.0324602946639061
v -0.04741716384887695 0.03316696733236313 -0.04073890298604965
v -0.041547298431396484 0.040295206010341644 -0.04539712518453598
v -0.04232577979564667 0.03975494205951691 -0.05989959090948105
v -0.04741716384887695 0.03316696733236313 -0.04073890298604965
v -0.04741716384887695 0.03316696733236313 -0.04073890298604965
v -0.04232577979564667 0.03975494205951691 -0.05989959090948105
v -0.051598548889160156 0.02688344195485115 -0.05989978462457657
v -0.03335464000701904 0.04742320626974106 -0.05016084760427475
v -0.03034566342830658 0.04959247261285782 -0.059899263083934784
v -0.04232577979564667 0.03975494205951691 -0.05989959090948105
v -0.03335464000701904 0.04742320626974106 -0.05016084760427475
v -0.04232577979564667 0.03975494205951691 -0.05989959090948105
v -0.041547298431396484 0.040295206010341644 -0.04539712518453598
v -0.03034566342830658 0.04959247261285782 -0.059899263083934784
v -0.03335464000701904 0.04742320626974106 -0.05016084760427475
v -0.0206831693649292 0.05423007532954216 -0.056234799325466156
v -0.03034566342830658 0.04959247261285782 -0.059899263083934784
v -0.0206831693649292 0.05423007532954216 -0.056234799325466156
v -0.01593823730945587 0.05580952391028404 -0.05989726632833481
v 0.017228901386260986 0.055496878921985626 -0.05691530555486679
v 0.00911964662373066 0.05743390694260597 -0.05990031361579895
v 0.008527636528015137 0.05748753622174263 -0.0584736093878746
v 0.008527636528015137 0.05748753622174263 -0.0584736093878746
v 0.00911964662373066 0.05743390694260597 -0.05990031361579895
v 0.0003345012664794922 0.058587826788425446 -0.0582016259431839
v 0.00911964662373066 0.05743390694260597 -0.05990031361579895
v 0.017228901386260986 0.055496878921985626 -0.05691530555486679
v 0.028007872402668 0.05117268115282059 -0.0599001981317997
v 0.028007872402668 0.05117268115282059 -0.0599001981317997
v 0.017228901386260986 0.055496878921985626 -0.05691530555486679
v 0.027031421661376953 0.05143614858388901 -0.05312909930944443
v 0.035204172134399414 0.046102605760097504 -0.048878513276576996
v 0.028007872402668 0.05117268115282059 -0.0599001981317997
v 0.027031421661376953 0.05143614858388901 -0.05312909930944443
v 0.04402455687522888 0.03759600967168808 -0.04376675933599472
v 0.043048515915870667 0.03904467448592186 -0.05989967659115791
v 0.035204172134399414 0.046102605760097504 -0.048878513276576996
v 0.035204172134399414 0.046102605760097504 -0.048878513276576996
v 0.043048515915870667 0.03904467448592186 -0.05989967659115791
v 0.028007872402668 0.05117268115282059 -0.0599001981317997
v 0.04944401979446411 0.030200205743312836 -0.03664108365774155
v 0.051669925451278687 0.026585113257169724 -0.05989953503012657
v 0.04402455687522888 0.03759600967168808 -0.04376675933599472
v 0.04402455687522888 0.03759600967168808 -0.04376675933599472
v 0.051669925451278687 0.026585113257169724 -0.05989953503012657
v 0.043048515915870667 0.03904467448592186 -0.05989967659115791
v 0.05409228801727295 0.02128734439611435 -0.028829000890254974
v 0.051669925451278687 0.026585113257169724 -0.05989953503012657
v 0.04944401979446411 0.030200205743312836 -0.03664108365774155
v 0.05409228801727295 0.02128734439611435 -0.028829000890254974
v 0.05732336640357971 0.010410587303340435 -0.05989980325102806
v 0.051669925451278687 0.026585113257169724 -0.05989953503012657
v 0.05749943479895592 0.008727848529815674 -0.01868452876806259
v 0.05732336640357971 0.010410587303340435 -0.05989980325102806
v 0.05409228801727295 0.02128734439611435 -0.028829000890254974
v 0.05749943479895592 0.008727848529815674 -0.01868452876806259
v 0.05796639248728752 0.0006064889603294432 -0.0005030929460190237
v 0.05732336640357971 0.010410587303340435 -0.05989980325102806
v 0.05732336640357971 0.010410587303340435 -0.05989980325102806
v 0.05796639248728752 0.0006064889603294432 -0.0005030929460190237
v 0.057940736413002014 -0.0033382868859916925 -0.05989842489361763
v 0.058000680059194565 0.07049499452114105 0.0037246719002723694
v 0.05796639248728752 0.0006064889603294432 -0.0005030929460190237
v 0.05777303874492645 0.014901794493198395 -0.005561791360378265
v 0.043889641761779785 0.040512584149837494 -0.039421163499355316
v 0.05143570899963379 0.03543563932180405 -0.026762329041957855
v 0.04944401979446411 0.030200205743312836 -0.03664108365774155
v 0.04944401979446411 0.030200205743312836 -0.03664108365774155
v 0.05143570899963379 0.03543563932180405 -0.026762329041957855
v 0.05409228801727295 0.02128734439611435 -0.028829000890254974
v 0.05409228801727295 0.02128734439611435 -0.028829000890254974
v 0.05143570899963379 0.03543563932180405 -0.026762329041957855
v 0.05613166093826294 0.025531314313411713 -0.014889560639858246
v 0.05749943479895592 0.008727848529815674 -0.01868452876806259
v 0.05613166093826294 0.025531314313411713 -0.014889560639858246
v 0.05777303874492645 0.014901794493198395 -0.005561791360378265
v 0.043889641761779785 0.040512584149837494 -0.039421163499355316
v 0.04385852813720703 0.044332586228847504 -0.03777869790792465
v 0.05143570899963379 0.03543563932180405 -0.026762329041957855
v 0.05777303874492645 0.014901794493198395 -0.005561791360378265
v 0.05613166093826294 0.025531314313411713 -0.014889560639858246
v 0.05754241347312927 0.07049354910850525 -0.007599197328090668
v -0.02670574188232422 0.05184229463338852 -0.05279716104269028
v -0.027643203735351562 0.05367501825094223 -0.05091508477926254
v -0.02004861831665039 0.05572136491537094 -0.054508768022060394
v -0.05753190442919731 0.008689843118190765 -0.017842136323451996
v -0.05758541822433472 0.019778691232204437 -0.0076211318373680115
v -0.055657923221588135 0.02851726859807968 -0.016422592103481293
v -0.055657923221588135 0.02851726859807968 -0.016422592103481293
v -0.0527651309967041 0.03404148668050766 -0.0239919051527977
v -0.04887497425079346 0.034377001225948334 -0.033593498170375824
v -0.03335464000701904 0.04742320626974106 -0.05016084760427475
v -0.04117631912231445 0.044634900987148285 -0.040815673768520355
v -0.03413200378417969 0.05009230226278305 -0.046783290803432465
v -0.05799185112118721 0.0127616748213768 -0.0008276923908852041
v -0.05758541822433472 0.019778691232204437 -0.0076211318373680115
v -0.05753190442919731 0.008689843118190765 -0.017842136323451996
v -0.0561075359582901 0.015138410031795502 -0.024553142488002777
v -0.055657923221588135 0.02851726859807968 -0.016422592103481293
v -0.05224388837814331 0.025437436997890472 -0.0324602946639061
v -0.05224388837814331 0.025437436997890472 -0.0324602946639061
v -0.055657923221588135 0.02851726859807968 -0.016422592103481293
v -0.04887497425079346 0.034377001225948334 -0.033593498170375824
v -0.04887497425079346 0.034377001225948334 -0.033593498170375824
v -0.0527651309967041 0.03404148668050766 -0.0239919051527977
v -0.04710578918457031 0.04135545343160629 -0.03369840234518051
v -0.04887497425079346 0.034377001225948334 -0.033593498170375824
v -0.04710578918457031 0.04135545343160629 -0.03369840234518051
v -0.04117631912231445 0.044634900987148285 -0.040815673768520355
v -0.05799185112118721 0.0127616748213768 -0.0008276923908852041
v -0.05801186338067055 0.07047714293003082 -0.0004466846294235438
v -0.05758541822433472 0.019778691232204437 -0.0076211318373680115
v -0.011688709259033203 0.05709364265203476 -0.05750378221273422
v -0.02004861831665039 0.05572136491537094 -0.054508768022060394
v -0.01071929931640625 0.058801375329494476 -0.05711784213781357
v -0.05224388837814331 0.025437436997890472 -0.0324602946639061
v -0.051598548889160156 0.02688344195485115 -0.05989978462457657
v -0.0561075359582901 0.015138410031795502 -0.024553142488002777
v -0.02670574188232422 0.05184229463338852 -0.05279716104269028
v -0.0206831693649292 0.05423007532954216 -0.056234799325466156
v -0.03335464000701904 0.04742320626974106 -0.05016084760427475
v -0.05753190442919731 0.008689843118190765 -0.017842136323451996
v -0.0561075359582901 0.015138410031795502 -0.024553142488002777
v -0.05689835175871849 0.01165719237178564 -0.05989992246031761
v -0.05689835175871849 0.01165719237178564 -0.05989992246031761
v -0.05803234130144119 -0.0020219087600708008 -0.05989937484264374
v -0.05753190442919731 0.008689843118190765 -0.017842136323451996
v -0.051598548889160156 0.02688344195485115 -0.05989978462457657
v -0.05689835175871849 0.01165719237178564 -0.05989992246031761
v -0.0561075359582901 0.015138410031795502 -0.024553142488002777
v -0.057934653013944626 0.00784967839717865 0.005259193480014801
v -0.05753190442919731 0.008689843118190765 -0.017842136323451996
v -0.05803234130144119 -0.0020219087600708008 -0.05989937484264374
v -0.04741716384887695 0.03316696733236313 -0.04073890298604965
v -0.04117631912231445 0.044634900987148285 -0.040815673768520355
v -0.041547298431396484 0.040295206010341644 -0.04539712518453598
v -0.0206831693649292 0.05423007532954216 -0.056234799325466156
v -0.02670574188232422 0.05184229463338852 -0.05279716104269028
v -0.02004861831665039 0.05572136491537094 -0.054508768022060394
v -0.04741716384887695 0.03316696733236313 -0.04073890298604965
v -0.05224388837814331 0.025437436997890472 -0.0324602946639061
v -0.04887497425079346 0.034377001225948334 -0.033593498170375824
v -0.04741716384887695 0.03316696733236313 -0.04073890298604965
v -0.04887497425079346 0.034377001225948334 -0.033593498170375824
v -0.04117631912231445 0.044634900987148285 -0.040815673768520355
v -0.041547298431396484 0.040295206010341644 -0.04539712518453598
v -0.04117631912231445 0.044634900987148285 -0.040815673768520355
v -0.03335464000701904 0.04742320626974106 -0.05016084760427475
v -0.057934653013944626 0.00784967839717865 0.005259193480014801
v -0.05799185112118721 0.0127616748213768 -0.0008276923908852041
v -0.05753190442919731 0.008689843118190765 -0.017842136323451996
v -0.05753190442919731 0.008689843118190765 -0.017842136323451996
v -0.055657923221588135 0.02851726859807968 -0.016422592103481293
v -0.0561075359582901 0.015138410031795502 -0.024553142488002777
v -0.03335464000701904 0.04742320626974106 -0.05016084760427475
v -0.03413200378417969 0.05009230226278305 -0.046783290803432465
v -0.02670574188232422 0.05184229463338852 -0.05279716104269028
v -0.02670574188232422 0.05184229463338852 -0.05279716104269028
v -0.03413200378417969 0.05009230226278305 -0.046783290803432465
v -0.027643203735351562 0.05367501825094223 -0.05091508477926254
v -0.01593823730945587 0.05580952391028404 -0.05989726632833481
v -0.0206831693649292 0.05423007532954216 -0.056234799325466156
v -0.011688709259033203 0.05709364265203476 -0.05750378221273422
v -0.003020063042640686 0.057888660579919815 -0.05979328230023384
v 0.0003345012664794922 0.058587826788425446 -0.0582016259431839
v 0.00911964662373066 0.05743390694260597 -0.05990031361579895
v 0.043889641761779785 0.040512584149837494 -0.039421163499355316
v 0.04944401979446411 0.030200205743312836 -0.03664108365774155
v 0.04402455687522888 0.03759600967168808 -0.04376675933599472
v 0.043889641761779785 0.040512584149837494 -0.039421163499355316
v 0.04402455687522888 0.03759600967168808 -0.04376675933599472
v 0.035204172134399414 0.046102605760097504 -0.048878513276576996
v 0.05777303874492645 0.014901794493198395 -0.005561791360378265
v 0.05796639248728752 0.0006064889603294432 -0.0005030929460190237
v 0.05749943479895592 0.008727848529815674 -0.01868452876806259
v 0.027031421661376953 0.05143614858388901 -0.05312909930944443
v 0.017228901386260986 0.055496878921985626 -0.05691530555486679
v 0.021203041076660156 0.055610738694667816 -0.053994499146938324
v 0.027031421661376953 0.05143614858388901 -0.05312909930944443
v 0.029122352600097656 0.052999578416347504 -0.05007680505514145
v 0.035204172134399414 0.046102605760097504 -0.048878513276576996
v 0.035204172134399414 0.046102605760097504 -0.048878513276576996
v 0.029122352600097656 0.052999578416347504 -0.05007680505514145
v 0.03579568862915039 0.0495808944106102 -0.04541810601949692
v 0.035204172134399414 0.046102605760097504 -0.048878513276576996
v 0.03579568862915039 0.0495808944106102 -0.04541810601949692
v 0.043889641761779785 0.040512584149837494 -0.039421163499355316
v 0.05613166093826294 0.025531314313411713 -0.014889560639858246
v 0.05749943479895592 0.008727848529815674 -0.01868452876806259
v 0.05409228801727295 0.02128734439611435 -0.028829000890254974
v 0.021203041076660156 0.055610738694667816 -0.053994499146938324
v 0.017228901386260986 0.055496878921985626 -0.05691530555486679
v 0.015141487121582031 0.05734368413686752 -0.05601759999990463
v 0.015141487121582031 0.05734368413686752 -0.05601759999990463
v 0.017228901386260986 0.055496878921985626 -0.05691530555486679
v 0.006617903709411621 0.05890224874019623 -0.057703159749507904
v 0.006617903709411621 0.05890224874019623 -0.057703159749507904
v 0.017228901386260986 0.055496878921985626 -0.05691530555486679
v 0.008527636528015137 0.05748753622174263 -0.0584736093878746
v 0.006617903709411621 0.05890224874019623 -0.057703159749507904
v 0.008527636528015137 0.05748753622174263 -0.0584736093878746
v 0.0003345012664794922 0.058587826788425446 -0.0582016259431839
v -0.01071929931640625 0.058801375329494476 -0.05711784213781357
v 0.0003345012664794922 0.058587826788425446 -0.0582016259431839
v -0.003020063042640686 0.057888660579919815 -0.05979328230023384
v -0.01071929931640625 0.058801375329494476 -0.05711784213781357
v -0.003020063042640686 0.057888660579919815 -0.05979328230023384
v -0.011688709259033203 0.05709364265203476 -0.05750378221273422
v -0.02004861831665039 0.05572136491537094 -0.054508768022060394
v -0.011688709259033203 0.05709364265203476 -0.05750378221273422
v -0.0206831693649292 0.05423007532954216 -0.056234799325466156
v -0.057934653013944626 0.00784967839717865 0.005259193480014801
v -0.05803234130144119 -0.0020219087600708008 -0.05989937484264374
v -0.05800824612379074 -0.0010409727692604065 0.03312657028436661
v -0.05800824612379074 -0.0010409727692604065 0.03312657028436661
v -0.05803234130144119 -0.0020219087600708008 -0.05989937484264374
v -0.055440425872802734 -0.017467297613620758 0.025527872145175934
v -0.054225385189056396 -0.020771943032741547 -0.05989991873502731
v -0.055440425872802734 -0.017467297613620758 0.025527872145175934
v -0.05803234130144119 -0.0020219087600708008 -0.05989937484264374
v -0.04670655354857445 -0.034503448754549026 -0.05990012362599373
v -0.04692554473876953 -0.03437534719705582 0.01770392805337906
v -0.054225385189056396 -0.020771943032741547 -0.05989991873502731
v -0.054225385189056396 -0.020771943032741547 -0.05989991873502731
v -0.04692554473876953 -0.03437534719705582 0.01770392805337906
v -0.055440425872802734 -0.017467297613620758 0.025527872145175934
v -0.03579532727599144 -0.04572630673646927 -0.05989975109696388
v -0.034940481185913086 -0.04642603546380997 0.012127377092838287
v -0.04670655354857445 -0.034503448754549026 -0.05990012362599373
v -0.04670655354857445 -0.034503448754549026 -0.05990012362599373
v -0.034940481185913086 -0.04642603546380997 0.012127377092838287
v -0.04692554473876953 -0.03437534719705582 0.01770392805337906
v -0.022282909601926804 -0.05362726002931595 -0.05989979952573776
v -0.0215604305267334 -0.053951092064380646 0.008645616471767426
v -0.03579532727599144 -0.04572630673646927 -0.05989975109696388
v -0.03579532727599144 -0.04572630673646927 -0.05989975109696388
v -0.0215604305267334 -0.053951092064380646 0.008645616471767426
v -0.034940481185913086 -0.04642603546380997 0.012127377092838287
v -0.0071556526236236095 -0.057631999254226685 -0.05989985540509224
v -0.0066956281661987305 -0.05770718678832054 0.00690721720457077
v -0.022282909601926804 -0.05362726002931595 -0.05989979952573776
v -0.022282909601926804 -0.05362726002931595 -0.05989979952573776
v -0.0066956281661987305 -0.05770718678832054 0.00690721720457077
v -0.0215604305267334 -0.053951092064380646 0.008645616471767426
v 0.008024447597563267 -0.05752047896385193 -0.059899866580963135
v 0.013631612062454224 -0.05685998499393463 0.007299512624740601
v -0.0071556526236236095 -0.057631999254226685 -0.05989985540509224
v -0.0071556526236236095 -0.057631999254226685 -0.05989985540509224
v 0.013631612062454224 -0.05685998499393463 0.007299512624740601
v -0.0066956281661987305 -0.05770718678832054 0.00690721720457077
v 0.022975698113441467 -0.053353577852249146 -0.05989987775683403
v 0.013631612062454224 -0.05685998499393463 0.007299512624740601
v 0.008024447597563267 -0.05752047896385193 -0.059899866580963135
v 0.03638676553964615 -0.045285120606422424 -0.05990016087889671
v 0.032529592514038086 -0.048138298094272614 0.011335410177707672
v 0.022975698113441467 -0.053353577852249146 -0.05989987775683403
v 0.022975698113441467 -0.053353577852249146 -0.05989987775683403
v 0.032529592514038086 -0.048138298094272614 0.011335410177707672
v 0.013631612062454224 -0.05685998499393463 0.007299512624740601
v 0.047158483415842056 -0.03392748534679413 -0.05989999324083328
v 0.04394638538360596 -0.037998177111148834 0.016027189791202545
v 0.03638676553964615 -0.045285120606422424 -0.05990016087889671
v 0.03638676553964615 -0.045285120606422424 -0.05990016087889671
v 0.04394638538360596 -0.037998177111148834 0.016027189791202545
v 0.032529592514038086 -0.048138298094272614 0.011335410177707672
v 0.05450804904103279 -0.020103545859456062 -0.05989996716380119
v 0.053803712129592896 -0.022265829145908356 0.023307599127292633
v 0.047158483415842056 -0.03392748534679413 -0.05989999324083328
v 0.047158483415842056 -0.03392748534679413 -0.05989999324083328
v 0.053803712129592896 -0.022265829145908356 0.023307599127292633
v 0.04394638538360596 -0.037998177111148834 0.016027189791202545
v 0.05796639248728752 0.0006064889603294432 -0.0005030929460190237
v 0.05777277052402496 -0.0058998242020606995 0.0308518186211586
v 0.057940736413002014 -0.0033382868859916925 -0.05989842489361763
v 0.057940736413002014 -0.0033382868859916925 -0.05989842489361763
v 0.05777277052402496 -0.0058998242020606995 0.0308518186211586
v 0.053803712129592896 -0.022265829145908356 0.023307599127292633
v 0.057940736413002014 -0.0033382868859916925 -0.05989842489361763
v 0.053803712129592896 -0.022265829145908356 0.023307599127292633
v 0.05450804904103279 -0.020103545859456062 -0.05989996716380119
v -0.019173383712768555 0.07049958407878876 -0.0551392063498497
v -0.037389278411865234 0.07049475610256195 -0.044578634202480316
v 0.04789376258850098 0.07049822062253952 0.03303162008523941
v -0.04685235023498535 0.07048463076353073 -0.03446372598409653
v -0.05334305763244629 0.0704917386174202 -0.022880397737026215
v 0.04789376258850098 0.07049822062253952 0.03303162008523941
v 0.04789376258850098 0.07049822062253952 0.03303162008523941
v -0.05334305763244629 0.0704917386174202 -0.022880397737026215
v -0.05720871686935425 0.07049541920423508 -0.01044376939535141
v 0.04789376258850098 0.07049822062253952 0.03303162008523941
v 0.05472755432128906 0.0704941600561142 0.019714273512363434
v 0.019779622554779053 0.07050129771232605 -0.054982833564281464
v 0.019779622554779053 0.07050129771232605 -0.054982833564281464
v -0.00047995150089263916 0.07049966603517532 -0.05815339833498001
v 0.04789376258850098 0.07049822062253952 0.03303162008523941
v 0.04789376258850098 0.07049822062253952 0.03303162008523941
v -0.037389278411865234 0.07049475610256195 -0.044578634202480316
v -0.04685235023498535 0.07048463076353073 -0.03446372598409653
v 0.04789376258850098 0.07049822062253952 0.03303162008523941
v -0.05720871686935425 0.07049541920423508 -0.01044376939535141
v -0.05801186338067055 0.07047714293003082 -0.0004466846294235438
v 0.04789376258850098 0.07049822062253952 0.03303162008523941
v -0.05801186338067055 0.07047714293003082 -0.0004466846294235438
v -0.05712544918060303 0.07049942016601562 0.01061645895242691
v -0.04763340950012207 0.0704880878329277 0.033397115767002106
v -0.008040189743041992 0.07050063461065292 0.05760573595762253
v -0.05347084999084473 0.07049809396266937 0.022578395903110504
v -0.05347084999084473 0.07049809396266937 0.022578395903110504
v -0.008040189743041992 0.07050063461065292 0.05760573595762253
v 0.008545875549316406 0.07049836963415146 0.057477034628391266
v 0.008545875549316406 0.07049836963415146 0.057477034628391266
v 0.02333688735961914 0.07050005346536636 0.05323115736246109
v -0.05347084999084473 0.07049809396266937 0.022578395903110504
v -0.05347084999084473 0.07049809396266937 0.022578395903110504
v 0.02333688735961914 0.07050005346536636 0.05323115736246109
v 0.035805702209472656 0.07048965245485306 0.04578009992837906
v -0.00047995150089263916 0.07049966603517532 -0.05815339833498001
v -0.019173383712768555 0.07049958407878876 -0.0551392063498497
v 0.04789376258850098 0.07049822062253952 0.03303162008523941
v -0.031951904296875 0.07043936103582382 0.04861585050821304
v -0.023154497146606445 0.07049952447414398 0.05332259088754654
v -0.040195465087890625 0.07048944383859634 0.0419561043381691
v -0.008040189743041992 0.07050063461065292 0.05760573595762253
v -0.04763340950012207 0.0704880878329277 0.033397115767002106
v -0.040195465087890625 0.07048944383859634 0.0419561043381691
v -0.008040189743041992 0.07050063461065292 0.05760573595762253
v -0.040195465087890625 0.07048944383859634 0.0419561043381691
v -0.023154497146606445 0.07049952447414398 0.05332259088754654
v 0.04789376258850098 0.07049822062253952 0.03303162008523941
v -0.05712544918060303 0.07049942016601562 0.01061645895242691
v -0.05347084999084473 0.07049809396266937 0.022578395903110504
v 0.04789376258850098 0.07049822062253952 0.03303162008523941
v -0.05347084999084473 0.07049809396266937 0.022578395903110504
v 0.035805702209472656 0.07048965245485306 0.04578009992837906
v 0.05472755432128906 0.0704941600561142 0.019714273512363434
v 0.058000680059194565 0.07049499452114105 0.0037246719002723694
v 0.019779622554779053 0.07050129771232605 -0.054982833564281464
v 0.019779622554779053 0.07050129771232605 -0.054982833564281464
v 0.058000680059194565 0.07049499452114105 0.0037246719002723694
v 0.05754241347312927 0.07049354910850525 -0.007599197328090668
v 0.05754241347312927 0.07049354910850525 -0.007599197328090668
v 0.05455756187438965 0.07048465311527252 -0.020143352448940277
v 0.019779622554779053 0.07050129771232605 -0.054982833564281464
v 0.019779622554779053 0.07050129771232605 -0.054982833564281464
v 0.05455756187438965 0.07048465311527252 -0.020143352448940277
v 0.047948598861694336 0.07049629092216492 -0.032847724854946136
v 0.019779622554779053 0.07050129771232605 -0.054982833564281464
v 0.047948598861694336 0.07049629092216492 -0.032847724854946136
v 0.03714179992675781 0.07047820091247559 -0.04472097009420395
v 0.053803712129592896 -0.022265829145908356 0.023307599127292633
v 0.05777277052402496 -0.0058998242020606995 0.0308518186211586
v -0.04692554473876953 -0.03437534719705582 0.01770392805337906
v 0.0043487101793289185 0.05802982300519943 0.06046273186802864
v -0.011574357748031616 0.05691904574632645 0.05994272232055664
v -0.04692554473876953 -0.03437534719705582 0.01770392805337906
v -0.04692554473876953 -0.03437534719705582 0.01770392805337906
v 0.05108964443206787 0.02796008437871933 0.0465473011136055
v 0.03986978530883789 0.04205497354269028 0.05306992679834366
v 0.03986978530883789 0.04205497354269028 0.05306992679834366
v 0.029064655303955078 0.050100646913051605 0.05677265673875809
v -0.04692554473876953 -0.03437534719705582 0.01770392805337906
v -0.04692554473876953 -0.03437534719705582 0.01770392805337906
v -0.049326032400131226 0.031102798879146576 0.04800226539373398
v -0.05677434802055359 0.012680374085903168 0.03947807103395462
v -0.04692554473876953 -0.03437534719705582 0.01770392805337906
v 0.04394638538360596 -0.037998177111148834 0.016027189791202545
v 0.053803712129592896 -0.022265829145908356 0.023307599127292633
v 0.029064655303955078 0.050100646913051605 0.05677265673875809
v 0.01864132285118103 0.0549670085310936 0.05904822796583176
v -0.04692554473876953 -0.03437534719705582 0.01770392805337906
v -0.04692554473876953 -0.03437534719705582 0.01770392805337906
v 0.05777277052402496 -0.0058998242020606995 0.0308518186211586
v 0.057398632168769836 0.009485326707363129 0.03799966722726822
v -0.04692554473876953 -0.03437534719705582 0.01770392805337906
v 0.057398632168769836 0.009485326707363129 0.03799966722726822
v 0.05108964443206787 0.02796008437871933 0.0465473011136055
v 0.01864132285118103 0.0549670085310936 0.05904822796583176
v 0.0043487101793289185 0.05802982300519943 0.06046273186802864
v -0.04692554473876953 -0.03437534719705582 0.01770392805337906
v -0.04692554473876953 -0.03437534719705582 0.01770392805337906
v -0.011574357748031616 0.05691904574632645 0.05994272232055664
v -0.02207934856414795 0.05356010049581528 0.05839773267507553
v -0.04692554473876953 -0.03437534719705582 0.01770392805337906
v -0.03395456075668335 0.04711493104696274 0.05541513115167618
v -0.049326032400131226 0.031102798879146576 0.04800226539373398
v 0.04394638538360596 -0.037998177111148834 0.016027189791202545
v -0.04692554473876953 -0.03437534719705582 0.01770392805337906
v 0.032529592514038086 -0.048138298094272614 0.011335410177707672
v 0.032529592514038086 -0.048138298094272614 0.011335410177707672
v -0.04692554473876953 -0.03437534719705582 0.01770392805337906
v -0.034940481185913086 -0.04642603546380997 0.012127377092838287
v -0.04692554473876953 -0.03437534719705582 0.01770392805337906
v -0.02207934856414795 0.05356010049581528 0.05839773267507553
v -0.03395456075668335 0.04711493104696274 0.05541513115167618
v -0.05677434802055359 0.012680374085903168 0.03947807103395462
v -0.05800824612379074 -0.0010409727692604065 0.03312657028436661
v -0.04692554473876953 -0.03437534719705582 0.01770392805337906
v -0.0215604305267334 -0.053951092064380646 0.008645616471767426
v -0.0066956281661987305 -0.05770718678832054 0.00690721720457077
v 0.032529592514038086 -0.048138298094272614 0.011335410177707672
v -0.04692554473876953 -0.03437534719705582 0.01770392805337906
v -0.05800824612379074 -0.0010409727692604065 0.03312657028436661
v -0.055440425872802734 -0.017467297613620758 0.025527872145175934
v 0.032529592514038086 -0.048138298094272614 0.011335410177707672
v -0.034940481185913086 -0.04642603546380997 0.012127377092838287
v -0.0215604305267334 -0.053951092064380646 0.008645616471767426
v 0.032529592514038086 -0.048138298094272614 0.011335410177707672
v -0.0066956281661987305 -0.05770718678832054 0.00690721720457077
v 0.013631612062454224 -0.05685998499393463 0.007299512624740601
v 0.05580507218837738 -0.01667509600520134 -0.06520004570484161
v 0.04454190656542778 -0.037527307868003845 -0.06520004570484161
v -0.024368347600102425 -0.05324358120560646 -0.06520015746355057
v -0.024368347600102425 -0.05324358120560646 -0.06520015746355057
v 0.027680300176143646 0.051245007663965225 -0.0652000680565834
v 0.04580521211028099 0.03597407042980194 -0.06520013511180878
v -0.024368347600102425 -0.05324358120560646 -0.06520015746355057
v -0.014697723090648651 0.05668008700013161 -0.06520009785890579
v 0.008597437292337418 0.057381559163331985 -0.06520003080368042
v -0.014697723090648651 0.05668008700013161 -0.06520009785890579
v -0.024368347600102425 -0.05324358120560646 -0.06520015746355057
v -0.04848545789718628 -0.03283057361841202 -0.06520012766122818
v 0.027680300176143646 0.051245007663965225 -0.0652000680565834
v -0.024368347600102425 -0.05324358120560646 -0.06520015746355057
v 0.008597437292337418 0.057381559163331985 -0.06520003080368042
v -0.024368347600102425 -0.05324358120560646 -0.06520015746355057
v 0.04454190656542778 -0.037527307868003845 -0.06520004570484161
v 0.029544254764914513 -0.04993719607591629 -0.0652000680565834
v -0.024368347600102425 -0.05324358120560646 -0.06520015746355057
v 0.029544254764914513 -0.04993719607591629 -0.0652000680565834
v 0.006843587849289179 -0.05815371125936508 -0.0652000680565834
v -0.024368347600102425 -0.05324358120560646 -0.06520015746355057
v 0.04580521211028099 0.03597407042980194 -0.06520013511180878
v 0.057551175355911255 0.010794738307595253 -0.065200075507164
v 0.057551175355911255 0.010794738307595253 -0.065200075507164
v 0.05580507218837738 -0.01667509600520134 -0.06520004570484161
v -0.024368347600102425 -0.05324358120560646 -0.06520015746355057
v -0.014697723090648651 0.05668008700013161 -0.06520009785890579
v -0.04848545789718628 -0.03283057361841202 -0.06520012766122818
v -0.056947365403175354 -0.011116303503513336 -0.06520012021064758
v -0.014697723090648651 0.05668008700013161 -0.06520009785890579
v -0.056947365403175354 -0.011116303503513336 -0.06520012021064758
v -0.0570874959230423 0.013026021420955658 -0.06520012766122818
v -0.0570874959230423 0.013026021420955658 -0.06520012766122818
v -0.04200834035873413 0.0407915934920311 -0.06520012766122818
v -0.014697723090648651 0.05668008700013161 -0.06520009785890579
v -0.056947365403175354 -0.011116303503513336 -0.06520012021064758
v -0.05803234130144119 -0.0020219087600708008 -0.05989937484264374
v -0.0570874959230423 0.013026021420955658 -0.06520012766122818
v -0.0570874959230423 0.013026021420955658 -0.06520012766122818
v -0.05803234130144119 -0.0020219087600708008 -0.05989937484264374
v -0.05689835175871849 0.01165719237178564 -0.05989992246031761
v -0.0570874959230423 0.013026021420955658 -0.06520012766122818
v -0.05689835175871849 0.01165719237178564 -0.05989992246031761
v -0.051598548889160156 0.02688344195485115 -0.05989978462457657
v -0.0570874959230423 0.013026021420955658 -0.06520012766122818
v -0.051598548889160156 0.02688344195485115 -0.05989978462457657
v -0.04200834035873413 0.0407915934920311 -0.06520012766122818
v -0.04200834035873413 0.0407915934920311 -0.06520012766122818
v -0.051598548889160156 0.02688344195485115 -0.05989978462457657
v -0.04232577979564667 0.03975494205951691 -0.05989959090948105
v -0.04200834035873413 0.0407915934920311 -0.06520012766122818
v -0.04232577979564667 0.03975494205951691 -0.05989959090948105
v -0.03034566342830658 0.04959247261285782 -0.059899263083934784
v -0.04200834035873413 0.0407915934920311 -0.06520012766122818
v -0.03034566342830658 0.04959247261285782 -0.059899263083934784
v -0.014697723090648651 0.05668008700013161 -0.06520009785890579
v -0.014697723090648651 0.05668008700013161 -0.06520009785890579
v -0.03034566342830658 0.04959247261285782 -0.059899263083934784
v -0.01593823730945587 0.05580952391028404 -0.05989726632833481
v -0.014697723090648651 0.05668008700013161 -0.06520009785890579
v -0.01593823730945587 0.05580952391028404 -0.05989726632833481
v -0.003020063042640686 0.057888660579919815 -0.05979328230023384
v -0.014697723090648651 0.05668008700013161 -0.06520009785890579
v -0.003020063042640686 0.057888660579919815 -0.05979328230023384
v 0.00911964662373066 0.05743390694260597 -0.05990031361579895
v -0.014697723090648651 0.05668008700013161 -0.06520009785890579
v 0.00911964662373066 0.05743390694260597 -0.05990031361579895
v 0.008597437292337418 0.057381559163331985 -0.06520003080368042
v 0.008597437292337418 0.057381559163331985 -0.06520003080368042
v 0.00911964662373066 0.05743390694260597 -0.05990031361579895
v 0.028007872402668 0.05117268115282059 -0.0599001981317997
v 0.008597437292337418 0.057381559163331985 -0.06520003080368042
v 0.028007872402668 0.05117268115282059 -0.0599001981317997
v 0.027680300176143646 0.051245007663965225 -0.0652000680565834
v 0.027680300176143646 0.051245007663965225 -0.0652000680565834
v 0.028007872402668 0.05117268115282059 -0.0599001981317997
v 0.043048515915870667 0.03904467448592186 -0.05989967659115791
v 0.027680300176143646 0.051245007663965225 -0.0652000680565834
v 0.043048515915870667 0.03904467448592186 -0.05989967659115791
v 0.04580521211028099 0.03597407042980194 -0.06520013511180878
v 0.04580521211028099 0.03597407042980194 -0.06520013511180878
v 0.043048515915870667 0.03904467448592186 -0.05989967659115791
v 0.051669925451278687 0.026585113257169724 -0.05989953503012657
v 0.04580521211028099 0.03597407042980194 -0.06520013511180878
v 0.051669925451278687 0.026585113257169724 -0.05989953503012657
v 0.057551175355911255 0.010794738307595253 -0.065200075507164
v 0.057551175355911255 0.010794738307595253 -0.065200075507164
v 0.051669925451278687 0.026585113257169724 -0.05989953503012657
v 0.05732336640357971 0.010410587303340435 -0.05989980325102806
v 0.057551175355911255 0.010794738307595253 -0.065200075507164
v 0.05732336640357971 0.010410587303340435 -0.05989980325102806
v 0.057940736413002014 -0.0033382868859916925 -0.05989842489361763
v 0.057551175355911255 0.010794738307595253 -0.065200075507164
v 0.057940736413002014 -0.0033382868859916925 -0.05989842489361763
v 0.05580507218837738 -0.01667509600520134 -0.06520004570484161
v 0.05580507218837738 -0.01667509600520134 -0.06520004570484161
v 0.057940736413002014 -0.0033382868859916925 -0.05989842489361763
v 0.05450804904103279 -0.020103545859456062 -0.05989996716380119
v 0.05580507218837738 -0.01667509600520134 -0.06520004570484161
v 0.05450804904103279 -0.020103545859456062 -0.05989996716380119
v 0.047158483415842056 -0.03392748534679413 -0.05989999324083328
v 0.05580507218837738 -0.01667509600520134 -0.06520004570484161
v 0.047158483415842056 -0.03392748534679413 -0.05989999324083328
v 0.04454190656542778 -0.037527307868003845 -0.06520004570484161
v 0.04454190656542778 -0.037527307868003845 -0.06520004570484161
v 0.047158483415842056 -0.03392748534679413 -0.05989999324083328
v 0.03638676553964615 -0.045285120606422424 -0.05990016087889671
v 0.04454190656542778 -0.037527307868003845 -0.06520004570484161
v 0.03638676553964615 -0.045285120606422424 -0.05990016087889671
v 0.029544254764914513 -0.04993719607591629 -0.0652000680565834
v 0.029544254764914513 -0.04993719607591629 -0.0652000680565834
v 0.03638676553964615 -0.045285120606422424 -0.05990016087889671
v 0.022975698113441467 -0.053353577852249146 -0.05989987775683403
v 0.029544254764914513 -0.04993719607591629 -0.0652000680565834
v 0.022975698113441467 -0.053353577852249146 -0.05989987775683403
v 0.006843587849289179 -0.05815371125936508 -0.0652000680565834
v 0.006843587849289179 -0.05815371125936508 -0.0652000680565834
v 0.022975698113441467 -0.053353577852249146 -0.05989987775683403
v 0.008024447597563267 -0.05752047896385193 -0.059899866580963135
v 0.006843587849289179 -0.05815371125936508 -0.0652000680565834
v 0.008024447597563267 -0.05752047896385193 -0.059899866580963135
v -0.0071556526236236095 -0.057631999254226685 -0.05989985540509224
v 0.006843587849289179 -0.05815371125936508 -0.0652000680565834
v -0.0071556526236236095 -0.057631999254226685 -0.05989985540509224
v -0.024368347600102425 -0.05324358120560646 -0.06520015746355057
v -0.024368347600102425 -0.05324358120560646 -0.06520015746355057
v -0.0071556526236236095 -0.057631999254226685 -0.05989985540509224
v -0.022282909601926804 -0.05362726002931595 -0.05989979952573776
v -0.024368347600102425 -0.05324358120560646 -0.06520015746355057
v -0.022282909601926804 -0.05362726002931595 -0.05989979952573776
v -0.03579532727599144 -0.04572630673646927 -0.05989975109696388
v -0.024368347600102425 -0.05324358120560646 -0.06520015746355057
v -0.03579532727599144 -0.04572630673646927 -0.05989975109696388
v -0.04848545789718628 -0.03283057361841202 -0.06520012766122818
v -0.04848545789718628 -0.03283057361841202 -0.06520012766122818
v -0.03579532727599144 -0.04572630673646927 -0.05989975109696388
v -0.04670655354857445 -0.034503448754549026 -0.05990012362599373
v -0.04848545789718628 -0.03283057361841202 -0.06520012766122818
v -0.04670655354857445 -0.034503448754549026 -0.05990012362599373
v -0.054225385189056396 -0.020771943032741547 -0.05989991873502731
v -0.04848545789718628 -0.03283057361841202 -0.06520012766122818
v -0.054225385189056396 -0.020771943032741547 -0.05989991873502731
v -0.056947365403175354 -0.011116303503513336 -0.06520012021064758
v -0.056947365403175354 -0.011116303503513336 -0.06520012021064758
v -0.054225385189056396 -0.020771943032741547 -0.05989991873502731
v -0.05803234130144119 -0.0020219087600708008 -0.05989937484264374
vn -0.0017336236439380993 -0.13286967315527526 0.9911320015541175
vn -0.0017336236439380993 -0.13286967315527526 0.9911320015541175
vn -0.0017336236439380993 -0.13286967315527526 0.9911320015541175
vn -0.0010529754189910411 -0.13179136777887604 0.9912769172243143
vn -0.0010529754189910411 -0.13179136777887604 0.9912769172243143
vn -0.0010529754189910411 -0.13179136777887604 0.9912769172243143
vn 0.00006615011616156254 -0.13208682453434661 0.9912381481806454
vn 0.00006615011616156254 -0.13208682453434661 0.9912381481806454
vn 0.00006615011616156254 -0.13208682453434661 0.9912381481806454
vn 0.0028177546297756327 -0.12649528664503706 0.9919632063314829
vn 0.0028177546297756327 -0.12649528664503706 0.9919632063314829
vn 0.0028177546297756327 -0.12649528664503706 0.9919632063314829
vn 0.0012062494684117343 -0.13273654923349493 0.9911506209753409
vn 0.0012062494684117343 -0.13273654923349493 0.9911506209753409
vn 0.0012062494684117343 -0.13273654923349493 0.9911506209753409
vn 0.0011257956430809038 -0.13149231588016072 0.9913165505773834
vn 0.0011257956430809038 -0.13149231588016072 0.9913165505773834
vn 0.0011257956430809038 -0.13149231588016072 0.9913165505773834
vn 0.0013702649955659744 -0.1294487382169419 0.9915851685800285
vn 0.0013702649955659744 -0.1294487382169419 0.9915851685800285
vn 0.0013702649955659744 -0.1294487382169419 0.9915851685800285
vn -0.00021950977895156184 -0.12704122191130682 0.9918974139248165
vn -0.00021950977895156184 -0.12704122191130682 0.9918974139248165
vn -0.00021950977895156184 -0.12704122191130682 0.9918974139248165
vn 0.00024354628579581304 -0.1273942912208213 0.9918521236805168
vn 0.00024354628579581304 -0.1273942912208213 0.9918521236805168
vn 0.00024354628579581304 -0.1273942912208213 0.9918521236805168
vn -0.0010743854603350652 -0.1279371655383824 0.9917816934032848
vn -0.0010743854603350652 -0.1279371655383824 0.9917816934032848
vn -0.0010743854603350652 -0.1279371655383824 0.9917816934032848
vn 0.9280460388666907 -0.37163692359552436 0.024830359729556613
vn 0.9280460388666907 -0.37163692359552436 0.024830359729556613
vn 0.9280460388666907 -0.37163692359552436 0.024830359729556613
vn 0.8981053872061595 -0.4396004399778688 -0.012576432027348042
vn 0.8981053872061595 -0.4396004399778688 -0.012576432027348042
vn 0.8981053872061595 -0.4396004399778688 -0.012576432027348042
vn 0.8046329694479785 -0.5937596020283249 -0.003914010282798438
vn 0.8046329694479785 -0.5937596020283249 -0.003914010282798438
vn 0.8046329694479785 -0.5937596020283249 -0.003914010282798438
vn 0.8309794028673554 -0.5561239096800435 0.01412193656677844
vn 0.8309794028673554 -0.5561239096800435 0.01412193656677844
vn 0.8309794028673554 -0.5561239096800435 0.01412193656677844
vn 0.7193010575635248 -0.6946086409391115 0.011172489459176527
vn 0.7193010575635248 -0.6946086409391115 0.011172489459176527
vn 0.7193010575635248 -0.6946086409391115 0.011172489459176527
vn 0.6874280744058604 -0.7262286129635763 0.005885935070218613
vn 0.6874280744058604 -0.7262286129635763 0.005885935070218613
vn 0.6874280744058604 -0.7262286129635763 0.005885935070218613
vn 0.659057725824228 -0.7519589541923108 0.014164929982284585
vn 0.659057725824228 -0.7519589541923108 0.014164929982284585
vn 0.659057725824228 -0.7519589541923108 0.014164929982284585
vn 0.5657822569731107 -0.8245473620644395 -0.0034764071952322157
vn 0.5657822569731107 -0.8245473620644395 -0.0034764071952322157
vn 0.5657822569731107 -0.8245473620644395 -0.0034764071952322157
vn 0.5089878556150778 -0.860634167776867 0.01549813186755675
vn 0.5089878556150778 -0.860634167776867 0.01549813186755675
vn 0.5089878556150778 -0.860634167776867 0.01549813186755675
vn 0.37020903692964513 -0.9289396371898618 -0.0040520899783756245
vn 0.37020903692964513 -0.9289396371898618 -0.0040520899783756245
vn 0.37020903692964513 -0.9289396371898618 -0.0040520899783756245
vn 0.3251800611147727 -0.9455891466859705 0.010912997896591612
vn 0.3251800611147727 -0.9455891466859705 0.010912997896591612
vn 0.3251800611147727 -0.9455891466859705 0.010912997896591612
vn 0.1816159656531863 -0.9833689444358248 0.001077097503667038
vn 0.1816159656531863 -0.9833689444358248 0.001077097503667038
vn 0.1816159656531863 -0.9833689444358248 0.001077097503667038
vn 0.1602665793659404 -0.9870396328409283 0.00820894265944382
vn 0.1602665793659404 -0.9870396328409283 0.00820894265944382
vn 0.1602665793659404 -0.9870396328409283 0.00820894265944382
vn -0.03475854104993099 -0.9993928474476553 0.002404224313112449
vn -0.03475854104993099 -0.9993928474476553 0.002404224313112449
vn -0.03475854104993099 -0.9993928474476553 0.002404224313112449
vn -0.030034327254761895 -0.9995402485820084 0.004150981928484483
vn -0.030034327254761895 -0.9995402485820084 0.004150981928484483
vn -0.030034327254761895 -0.9995402485820084 0.004150981928484483
vn -0.20476766332298313 -0.978775639658904 0.008273528119781826
vn -0.20476766332298313 -0.978775639658904 0.008273528119781826
vn -0.20476766332298313 -0.978775639658904 0.008273528119781826
vn -0.20196018829655132 -0.9793502550976672 0.00922822753056115
vn -0.20196018829655132 -0.9793502550976672 0.00922822753056115
vn -0.20196018829655132 -0.9793502550976672 0.00922822753056115
vn -0.370744563129307 -0.9287219221412785 0.004905124286749088
vn -0.370744563129307 -0.9287219221412785 0.004905124286749088
vn -0.370744563129307 -0.9287219221412785 0.004905124286749088
vn -0.3566700312366679 -0.9342295769112239 -0.0012595403566794722
vn -0.3566700312366679 -0.9342295769112239 -0.0012595403566794722
vn -0.3566700312366679 -0.9342295769112239 -0.0012595403566794722
vn -0.6214750507063209 -0.7833219890058862 0.013244730629131517
vn -0.6214750507063209 -0.7833219890058862 0.013244730629131517
vn -0.6214750507063209 -0.7833219890058862 0.013244730629131517
vn -0.5437813487193509 -0.8392249478460033 -0.001825293904157106
vn -0.5437813487193509 -0.8392249478460033 -0.001825293904157106
vn -0.5437813487193509 -0.8392249478460033 -0.001825293904157106
vn -0.5605260640125643 -0.8280814157583329 0.009576034578980703
vn -0.5605260640125643 -0.8280814157583329 0.009576034578980703
vn -0.5605260640125643 -0.8280814157583329 0.009576034578980703
vn -0.712507904920224 -0.7016046060448242 -0.009135765040766465
vn -0.712507904920224 -0.7016046060448242 -0.009135765040766465
vn -0.712507904920224 -0.7016046060448242 -0.009135765040766465
vn -0.773071751446179 -0.633977997370979 0.020783790929958565
vn -0.773071751446179 -0.633977997370979 0.020783790929958565
vn -0.773071751446179 -0.633977997370979 0.020783790929958565
vn -0.8377723709804066 -0.5459663282302595 -0.007630390595276573
vn -0.8377723709804066 -0.5459663282302595 -0.007630390595276573
vn -0.8377723709804066 -0.5459663282302595 -0.007630390595276573
vn -0.9013677956942274 -0.43264553533937655 0.018813230350840714
vn -0.9013677956942274 -0.43264553533937655 0.018813230350840714
vn -0.9013677956942274 -0.43264553533937655 0.018813230350840714
vn -0.8948185969088457 -0.4463880920835702 0.006111454170246163
vn -0.8948185969088457 -0.4463880920835702 0.006111454170246163
vn -0.8948185969088457 -0.4463880920835702 0.006111454170246163
vn -0.9676514080242047 -0.25215208041368176 0.008371433080788583
vn -0.9676514080242047 -0.25215208041368176 0.008371433080788583
vn -0.9676514080242047 -0.25215208041368176 0.008371433080788583
vn -0.9676567220372737 -0.2521310721738876 0.008389918981978928
vn -0.9676567220372737 -0.2521310721738876 0.008389918981978928
vn -0.9676567220372737 -0.2521310721738876 0.008389918981978928
vn -0.9936037283666548 -0.11161376783099783 0.01714636423417381
vn -0.9936037283666548 -0.11161376783099783 0.01714636423417381
vn -0.9936037283666548 -0.11161376783099783 0.01714636423417381
vn -0.9983979287636275 -0.05576415261704468 -0.00958828052372871
vn -0.9983979287636275 -0.05576415261704468 -0.00958828052372871
vn -0.9983979287636275 -0.05576415261704468 -0.00958828052372871
vn -0.9886721745031509 0.1500541384851354 -0.0033296976882357153
vn -0.9886721745031509 0.1500541384851354 -0.0033296976882357153
vn -0.9886721745031509 0.1500541384851354 -0.0033296976882357153
vn -0.9976214545090489 0.06239887560996895 0.029288458919188347
vn -0.9976214545090489 0.06239887560996895 0.029288458919188347
vn -0.9976214545090489 0.06239887560996895 0.029288458919188347
vn -0.9805709384607654 0.1939355186583339 0.029489816020061264
vn -0.9805709384607654 0.1939355186583339 0.029489816020061264
vn -0.9805709384607654 0.1939355186583339 0.029489816020061264
vn -0.944249209633038 0.32923099290218094 -0.000619209194845522
vn -0.944249209633038 0.32923099290218094 -0.000619209194845522
vn -0.944249209633038 0.32923099290218094 -0.000619209194845522
vn -0.929668358176534 0.36417978659920197 0.055586210861214395
vn -0.929668358176534 0.36417978659920197 0.055586210861214395
vn -0.929668358176534 0.36417978659920197 0.055586210861214395
vn -0.8676616344511079 0.4969815494429842 -0.01313878285392508
vn -0.8676616344511079 0.4969815494429842 -0.01313878285392508
vn -0.8676616344511079 0.4969815494429842 -0.01313878285392508
vn -0.8382320712078595 0.5380654746186525 0.08861455761886111
vn -0.8382320712078595 0.5380654746186525 0.08861455761886111
vn -0.8382320712078595 0.5380654746186525 0.08861455761886111
vn -0.7704747337888124 0.6373090759458919 0.01434664804238955
vn -0.7704747337888124 0.6373090759458919 0.01434664804238955
vn -0.7704747337888124 0.6373090759458919 0.01434664804238955
vn 0.9763309898215603 -0.21608388296921982 0.009249531609592536
vn 0.9763309898215603 -0.21608388296921982 0.009249531609592536
vn 0.9763309898215603 -0.21608388296921982 0.009249531609592536
vn 0.9718516560707346 -0.23558303936098687 -0.0022338661576002425
vn 0.9718516560707346 -0.23558303936098687 -0.0022338661576002425
vn 0.9718516560707346 -0.23558303936098687 -0.0022338661576002425
vn 0.9982810047845625 -0.05841168777285045 0.0048073087950862145
vn 0.9982810047845625 -0.05841168777285045 0.0048073087950862145
vn 0.9982810047845625 -0.05841168777285045 0.0048073087950862145
vn 0.9983624781509884 -0.05683044324587414 0.006531687430863046
vn 0.9983624781509884 -0.05683044324587414 0.006531687430863046
vn 0.9983624781509884 -0.05683044324587414 0.006531687430863046
vn 0.9894570665935852 0.1436537349037594 0.018393417741628774
vn 0.9894570665935852 0.1436537349037594 0.018393417741628774
vn 0.9894570665935852 0.1436537349037594 0.018393417741628774
vn 0.9900448593955214 0.1389983036510962 0.022150574859800497
vn 0.9900448593955214 0.1389983036510962 0.022150574859800497
vn 0.9900448593955214 0.1389983036510962 0.022150574859800497
vn 0.9423683700415663 0.3345762426842257 0.000770049678710167
vn 0.9423683700415663 0.3345762426842257 0.000770049678710167
vn 0.9423683700415663 0.3345762426842257 0.000770049678710167
vn 0.9299082344976268 0.36227393870976166 0.06346864379536346
vn 0.9299082344976268 0.36227393870976166 0.06346864379536346
vn 0.9299082344976268 0.36227393870976166 0.06346864379536346
vn 0.8717290638907631 0.48914977233779067 0.02865203989284735
vn 0.8717290638907631 0.48914977233779067 0.02865203989284735
vn 0.8717290638907631 0.48914977233779067 0.02865203989284735
vn 0.8682275778869127 0.4945463406224293 0.040059829924612766
vn 0.8682275778869127 0.4945463406224293 0.040059829924612766
vn 0.8682275778869127 0.4945463406224293 0.040059829924612766
vn 0.7786585122906085 0.6234184527863691 0.07099545029666258
vn 0.7786585122906085 0.6234184527863691 0.07099545029666258
vn 0.7786585122906085 0.6234184527863691 0.07099545029666258
vn 0.7847114817616632 0.6190384639176016 0.031926017320540505
vn 0.7847114817616632 0.6190384639176016 0.031926017320540505
vn 0.7847114817616632 0.6190384639176016 0.031926017320540505
vn 0.6289293708753518 0.7761107016465263 0.045826032340482534
vn 0.6289293708753518 0.7761107016465263 0.045826032340482534
vn 0.6289293708753518 0.7761107016465263 0.045826032340482534
vn -0.5365120689216349 0.8305122133476306 0.14968053775239637
vn -0.5365120689216349 0.8305122133476306 0.14968053775239637
vn -0.5365120689216349 0.8305122133476306 0.14968053775239637
vn 0.035433418284044525 -0.10943040015553746 0.9933627033417889
vn 0.035433418284044525 -0.10943040015553746 0.9933627033417889
vn 0.035433418284044525 -0.10943040015553746 0.9933627033417889
vn -0.05210598791686504 -0.03165001710246784 0.99813989121797
vn -0.05210598791686504 -0.03165001710246784 0.99813989121797
vn -0.05210598791686504 -0.03165001710246784 0.99813989121797
vn 0.6507236481603215 0.7495750923217911 0.12122670784815055
vn 0.6507236481603215 0.7495750923217911 0.12122670784815055
vn 0.6507236481603215 0.7495750923217911 0.12122670784815055
vn -0.6991276493441043 0.6992788663225444 0.14909593232963778
vn -0.6991276493441043 0.6992788663225444 0.14909593232963778
vn -0.6991276493441043 0.6992788663225444 0.14909593232963778
vn -0.6795997275762271 0.7266345293741955 0.10072969273982475
vn -0.6795997275762271 0.7266345293741955 0.10072969273982475
vn -0.6795997275762271 0.7266345293741955 0.10072969273982475
vn -0.19202093518113675 0.946337329353709 0.25994926336470275
vn -0.19202093518113675 0.946337329353709 0.25994926336470275
vn -0.19202093518113675 0.946337329353709 0.25994926336470275
vn 0.09438490175828271 0.8006978676211612 0.5915863547336134
vn 0.09438490175828271 0.8006978676211612 0.5915863547336134
vn 0.09438490175828271 0.8006978676211612 0.5915863547336134
vn 0.2663514290956307 0.927675953697087 0.2616758321872986
vn 0.2663514290956307 0.927675953697087 0.2616758321872986
vn 0.2663514290956307 0.927675953697087 0.2616758321872986
vn -0.1981847585696301 -0.09537448741016814 0.9755134589650443
vn -0.1981847585696301 -0.09537448741016814 0.9755134589650443
vn -0.1981847585696301 -0.09537448741016814 0.9755134589650443
vn -0.24872724420208997 -0.297937985740963 0.9216114770575785
vn -0.24872724420208997 -0.297937985740963 0.9216114770575785
vn -0.24872724420208997 -0.297937985740963 0.9216114770575785
vn -0.3181600187404503 -0.19860723082524567 0.9270001997513291
vn -0.3181600187404503 -0.19860723082524567 0.9270001997513291
vn -0.3181600187404503 -0.19860723082524567 0.9270001997513291
vn -0.18351948688069022 -0.4032133017377665 0.8965152710560913
vn -0.18351948688069022 -0.4032133017377665 0.8965152710560913
vn -0.18351948688069022 -0.4032133017377665 0.8965152710560913
vn -0.3690382794843763 0.0008748616571084394 0.9294137845396377
vn -0.3690382794843763 0.0008748616571084394 0.9294137845396377
vn -0.3690382794843763 0.0008748616571084394 0.9294137845396377
vn 0.7136437285849988 0.4188188307972053 0.5615188470754676
vn 0.7136437285849988 0.4188188307972053 0.5615188470754676
vn 0.7136437285849988 0.4188188307972053 0.5615188470754676
vn 0.7575837569649598 0.3754678465666843 0.5339388985431139
vn 0.7575837569649598 0.3754678465666843 0.5339388985431139
vn 0.7575837569649598 0.3754678465666843 0.5339388985431139
vn 0.8518037820065673 0.17921716025398102 0.4922514869757198
vn 0.8518037820065673 0.17921716025398102 0.4922514869757198
vn 0.8518037820065673 0.17921716025398102 0.4922514869757198
vn 0.8629457284659396 0.13927055782539394 0.48572459423565595
vn 0.8629457284659396 0.13927055782539394 0.48572459423565595
vn 0.8629457284659396 0.13927055782539394 0.48572459423565595
vn 0.7584764318360463 -0.4150517261328258 0.5024396152608004
vn 0.7584764318360463 -0.4150517261328258 0.5024396152608004
vn 0.7584764318360463 -0.4150517261328258 0.5024396152608004
vn 0.7129021866951318 -0.5091211188291467 0.48225113640867384
vn 0.7129021866951318 -0.5091211188291467 0.48225113640867384
vn 0.7129021866951318 -0.5091211188291467 0.48225113640867384
vn 0.6071191885065192 -0.6481492964818045 0.45968334798785926
vn 0.6071191885065192 -0.6481492964818045 0.45968334798785926
vn 0.6071191885065192 -0.6481492964818045 0.45968334798785926
vn 0.5356895814454087 -0.7073083375803494 0.461250027555734
vn 0.5356895814454087 -0.7073083375803494 0.461250027555734
vn 0.5356895814454087 -0.7073083375803494 0.461250027555734
vn 0.23772172234334138 -0.8633603906044821 0.44508113716646225
vn 0.23772172234334138 -0.8633603906044821 0.44508113716646225
vn 0.23772172234334138 -0.8633603906044821 0.44508113716646225
vn 0.1569699487444266 -0.8965598295759405 0.4141749716990788
vn 0.1569699487444266 -0.8965598295759405 0.4141749716990788
vn 0.1569699487444266 -0.8965598295759405 0.4141749716990788
vn -0.31155067847542567 -0.847388808454255 0.42996323336766795
vn -0.31155067847542567 -0.847388808454255 0.42996323336766795
vn -0.31155067847542567 -0.847388808454255 0.42996323336766795
vn -0.6114058032609901 -0.6432362339898917 0.4609013896933753
vn -0.6114058032609901 -0.6432362339898917 0.4609013896933753
vn -0.6114058032609901 -0.6432362339898917 0.4609013896933753
vn 0.9269550982065438 -0.049803800576394594 0.3718518890056141
vn 0.9269550982065438 -0.049803800576394594 0.3718518890056141
vn 0.9269550982065438 -0.049803800576394594 0.3718518890056141
vn 0.9341580771330315 -0.10593985656806294 0.34077182060354616
vn 0.9341580771330315 -0.10593985656806294 0.34077182060354616
vn 0.9341580771330315 -0.10593985656806294 0.34077182060354616
vn 0.44571118668924486 -0.8260692195297135 0.3448930016768029
vn 0.44571118668924486 -0.8260692195297135 0.3448930016768029
vn 0.44571118668924486 -0.8260692195297135 0.3448930016768029
vn -0.6052967177206463 -0.743866725343799 0.28333404038855814
vn -0.6052967177206463 -0.743866725343799 0.28333404038855814
vn -0.6052967177206463 -0.743866725343799 0.28333404038855814
vn -0.6587960036869384 -0.6711779148009197 0.33986472633918446
vn -0.6587960036869384 -0.6711779148009197 0.33986472633918446
vn -0.6587960036869384 -0.6711779148009197 0.33986472633918446
vn -0.8212640935432671 -0.491001937035225 0.2905897219177109
vn -0.8212640935432671 -0.491001937035225 0.2905897219177109
vn -0.8212640935432671 -0.491001937035225 0.2905897219177109
vn -0.9289984192755261 -0.14725656943326487 0.33952531531878416
vn -0.9289984192755261 -0.14725656943326487 0.33952531531878416
vn -0.9289984192755261 -0.14725656943326487 0.33952531531878416
vn -0.9213735874640001 -0.13102908172748126 0.36592634786985695
vn -0.9213735874640001 -0.13102908172748126 0.36592634786985695
vn -0.9213735874640001 -0.13102908172748126 0.36592634786985695
vn -0.9519992092768111 -0.015455359015745223 0.30571005448630684
vn -0.9519992092768111 -0.015455359015745223 0.30571005448630684
vn -0.9519992092768111 -0.015455359015745223 0.30571005448630684
vn -0.3661900453268953 0.8211275322418565 0.4377835384044096
vn -0.3661900453268953 0.8211275322418565 0.4377835384044096
vn -0.3661900453268953 0.8211275322418565 0.4377835384044096
vn -0.39134880594272 0.839362733951211 0.3772483438547556
vn -0.39134880594272 0.839362733951211 0.3772483438547556
vn -0.39134880594272 0.839362733951211 0.3772483438547556
vn -0.4973992750396859 0.797059185571682 0.3424771757151148
vn -0.4973992750396859 0.797059185571682 0.3424771757151148
vn -0.4973992750396859 0.797059185571682 0.3424771757151148
vn -0.9165113570755299 0.31443279990016215 0.24726291007451023
vn -0.9165113570755299 0.31443279990016215 0.24726291007451023
vn -0.9165113570755299 0.31443279990016215 0.24726291007451023
vn -0.7337069062139121 -0.6398877629491982 0.2285122023041229
vn -0.7337069062139121 -0.6398877629491982 0.2285122023041229
vn -0.7337069062139121 -0.6398877629491982 0.2285122023041229
vn 0.007660876125469187 -0.976020229329179 0.21754499055875057
vn 0.007660876125469187 -0.976020229329179 0.21754499055875057
vn 0.007660876125469187 -0.976020229329179 0.21754499055875057
vn 0.10182414388111923 -0.9681580837895516 0.22869579907777177
vn 0.10182414388111923 -0.9681580837895516 0.22869579907777177
vn 0.10182414388111923 -0.9681580837895516 0.22869579907777177
vn 0.7490335002508158 -0.6237535985841187 0.2233388988854675
vn 0.7490335002508158 -0.6237535985841187 0.2233388988854675
vn 0.7490335002508158 -0.6237535985841187 0.2233388988854675
vn 0.8003986569288654 -0.5664497678617546 0.19620563313991024
vn 0.8003986569288654 -0.5664497678617546 0.19620563313991024
vn 0.8003986569288654 -0.5664497678617546 0.19620563313991024
vn 0.8010019315263904 -0.5348677803007612 0.2689095819920296
vn 0.8010019315263904 -0.5348677803007612 0.2689095819920296
vn 0.8010019315263904 -0.5348677803007612 0.2689095819920296
vn 0.8911585376719801 -0.41234419513116255 0.18923193566618732
vn 0.8911585376719801 -0.41234419513116255 0.18923193566618732
vn 0.8911585376719801 -0.41234419513116255 0.18923193566618732
vn 0.9680010180502243 0.07858836732168362 0.23832309492670056
vn 0.9680010180502243 0.07858836732168362 0.23832309492670056
vn 0.9680010180502243 0.07858836732168362 0.23832309492670056
vn 0.38336855207273496 0.7840706713034027 0.48812061591730177
vn 0.38336855207273496 0.7840706713034027 0.48812061591730177
vn 0.38336855207273496 0.7840706713034027 0.48812061591730177
vn 0.43442009968256 0.9007101466069094 0.0006393677770153714
vn 0.43442009968256 0.9007101466069094 0.0006393677770153714
vn 0.43442009968256 0.9007101466069094 0.0006393677770153714
vn 0.6112645337573308 0.6311081123203817 0.4775544160970953
vn 0.6112645337573308 0.6311081123203817 0.4775544160970953
vn 0.6112645337573308 0.6311081123203817 0.4775544160970953
vn 0.12932486685057773 0.8792667884961457 0.45843755677491627
vn 0.12932486685057773 0.8792667884961457 0.45843755677491627
vn 0.12932486685057773 0.8792667884961457 0.45843755677491627
vn -0.009398447446160705 0.8250103081529361 0.5650395212965187
vn -0.009398447446160705 0.8250103081529361 0.5650395212965187
vn -0.009398447446160705 0.8250103081529361 0.5650395212965187
vn -0.6816488003928063 0.5795433602520655 0.44663677245698485
vn -0.6816488003928063 0.5795433602520655 0.44663677245698485
vn -0.6816488003928063 0.5795433602520655 0.44663677245698485
vn -0.7260720550682537 0.3887024723945512 0.5672122696163454
vn -0.7260720550682537 0.3887024723945512 0.5672122696163454
vn -0.7260720550682537 0.3887024723945512 0.5672122696163454
vn -0.8017604434074482 0.4286074384730313 0.41650432779585667
vn -0.8017604434074482 0.4286074384730313 0.41650432779585667
vn -0.8017604434074482 0.4286074384730313 0.41650432779585667
vn -0.8823912891630822 0.17929372500029314 0.43501652035828847
vn -0.8823912891630822 0.17929372500029314 0.43501652035828847
vn -0.8823912891630822 0.17929372500029314 0.43501652035828847
vn -0.9221945313608049 0.11255253739863322 0.3699853681611679
vn -0.9221945313608049 0.11255253739863322 0.3699853681611679
vn -0.9221945313608049 0.11255253739863322 0.3699853681611679
vn -0.9100885776587235 0.04229466891720053 0.41224985360374117
vn -0.9100885776587235 0.04229466891720053 0.41224985360374117
vn -0.9100885776587235 0.04229466891720053 0.41224985360374117
vn -0.8778676801333716 -0.30466812205742017 0.3694938045208029
vn -0.8778676801333716 -0.30466812205742017 0.3694938045208029
vn -0.8778676801333716 -0.30466812205742017 0.3694938045208029
vn -0.8595337179471485 -0.32052236451538796 0.3980793910232183
vn -0.8595337179471485 -0.32052236451538796 0.3980793910232183
vn -0.8595337179471485 -0.32052236451538796 0.3980793910232183
vn -0.7978500202326136 -0.4633630557431478 0.38565531733296554
vn -0.7978500202326136 -0.4633630557431478 0.38565531733296554
vn -0.7978500202326136 -0.4633630557431478 0.38565531733296554
vn -0.4805357091917984 -0.7849203239918962 0.3911336308424423
vn -0.4805357091917984 -0.7849203239918962 0.3911336308424423
vn -0.4805357091917984 -0.7849203239918962 0.3911336308424423
vn -0.44861340710018377 -0.8259710703993739 0.34134704017067047
vn -0.44861340710018377 -0.8259710703993739 0.34134704017067047
vn -0.44861340710018377 -0.8259710703993739 0.34134704017067047
vn -0.3583971279017163 -0.8575414459943663 0.3690178411861574
vn -0.3583971279017163 -0.8575414459943663 0.3690178411861574
vn -0.3583971279017163 -0.8575414459943663 0.3690178411861574
vn -0.15480056228274017 -0.9172282114179016 0.36705475626405465
vn -0.15480056228274017 -0.9172282114179016 0.36705475626405465
vn -0.15480056228274017 -0.9172282114179016 0.36705475626405465
vn -0.09427895381442838 -0.9024392351567876 0.42037472059733694
vn -0.09427895381442838 -0.9024392351567876 0.42037472059733694
vn -0.09427895381442838 -0.9024392351567876 0.42037472059733694
vn 0.3085222807795708 -0.8805641439146552 0.35975101211035115
vn 0.3085222807795708 -0.8805641439146552 0.35975101211035115
vn 0.3085222807795708 -0.8805641439146552 0.35975101211035115
vn 0.45134911057403815 -0.816957714278168 0.35897642466520824
vn 0.45134911057403815 -0.816957714278168 0.35897642466520824
vn 0.45134911057403815 -0.816957714278168 0.35897642466520824
vn 0.5293089659160318 -0.7552099101965024 0.38663937996780934
vn 0.5293089659160318 -0.7552099101965024 0.38663937996780934
vn 0.5293089659160318 -0.7552099101965024 0.38663937996780934
vn 0.8553422671221156 -0.3700389556156393 0.3625752024081161
vn 0.8553422671221156 -0.3700389556156393 0.3625752024081161
vn 0.8553422671221156 -0.3700389556156393 0.3625752024081161
vn 0.8915347398730368 -0.26707282488039596 0.3658386445004434
vn 0.8915347398730368 -0.26707282488039596 0.3658386445004434
vn 0.8915347398730368 -0.26707282488039596 0.3658386445004434
vn 0.870393119096535 -0.22163320140161918 0.43965275191436504
vn 0.870393119096535 -0.22163320140161918 0.43965275191436504
vn 0.870393119096535 -0.22163320140161918 0.43965275191436504
vn 0.15616373445825424 -0.39650657082500895 0.9046521029283268
vn 0.15616373445825424 -0.39650657082500895 0.9046521029283268
vn 0.15616373445825424 -0.39650657082500895 0.9046521029283268
vn 0.0552155568836373 -0.440048879075976 0.8962746377656833
vn 0.0552155568836373 -0.440048879075976 0.8962746377656833
vn 0.0552155568836373 -0.440048879075976 0.8962746377656833
vn -0.005344657725962852 -0.2356908484902629 0.9718133867012393
vn -0.005344657725962852 -0.2356908484902629 0.9718133867012393
vn -0.005344657725962852 -0.2356908484902629 0.9718133867012393
vn -0.12533162757551275 -0.2691051709917063 0.9549211433803302
vn -0.12533162757551275 -0.2691051709917063 0.9549211433803302
vn -0.12533162757551275 -0.2691051709917063 0.9549211433803302
vn -0.17360280834718747 -0.1869749467829079 0.9669035289052877
vn -0.17360280834718747 -0.1869749467829079 0.9669035289052877
vn -0.17360280834718747 -0.1869749467829079 0.9669035289052877
vn -0.40782735798554015 -0.14025225105287306 0.9022228949395686
vn -0.40782735798554015 -0.14025225105287306 0.9022228949395686
vn -0.40782735798554015 -0.14025225105287306 0.9022228949395686
vn 0.14228232062608187 -0.3190817503010089 0.9369859005673999
vn 0.14228232062608187 -0.3190817503010089 0.9369859005673999
vn 0.14228232062608187 -0.3190817503010089 0.9369859005673999
vn 0.3170294781955503 -0.30967357952975605 0.8964343724424476
vn 0.3170294781955503 -0.30967357952975605 0.8964343724424476
vn 0.3170294781955503 -0.30967357952975605 0.8964343724424476
vn 0.2925987615045282 -0.36436019261380515 0.8840970618684619
vn 0.2925987615045282 -0.36436019261380515 0.8840970618684619
vn 0.2925987615045282 -0.36436019261380515 0.8840970618684619
vn 0.0480416391512115 -0.5509941115401099 0.833125134632121
vn 0.0480416391512115 -0.5509941115401099 0.833125134632121
vn 0.0480416391512115 -0.5509941115401099 0.833125134632121
vn -0.05611201797641401 -0.532079224501447 0.8448332026456781
vn -0.05611201797641401 -0.532079224501447 0.8448332026456781
vn -0.05611201797641401 -0.532079224501447 0.8448332026456781
vn -0.09113746686347521 -0.4534914396462229 0.8865886736820549
vn -0.09113746686347521 -0.4534914396462229 0.8865886736820549
vn -0.09113746686347521 -0.4534914396462229 0.8865886736820549
vn -0.12287083862150973 -0.47027053850845235 0.8739269864396093
vn -0.12287083862150973 -0.47027053850845235 0.8739269864396093
vn -0.12287083862150973 -0.47027053850845235 0.8739269864396093
vn -0.34560161404598927 0.12372796830589892 0.9301886444306345
vn -0.34560161404598927 0.12372796830589892 0.9301886444306345
vn -0.34560161404598927 0.12372796830589892 0.9301886444306345
vn -0.34804661157717753 0.12433986005086686 0.9291948963334743
vn -0.34804661157717753 0.12433986005086686 0.9291948963334743
vn -0.34804661157717753 0.12433986005086686 0.9291948963334743
vn -0.4467391123218579 -0.13423448949820901 0.8845367529679214
vn -0.4467391123218579 -0.13423448949820901 0.8845367529679214
vn -0.4467391123218579 -0.13423448949820901 0.8845367529679214
vn -0.5080948516834976 -0.30962330375996094 0.8037244748428974
vn -0.5080948516834976 -0.30962330375996094 0.8037244748428974
vn -0.5080948516834976 -0.30962330375996094 0.8037244748428974
vn -0.3705001167276183 -0.36114123384409547 0.8557491879764687
vn -0.3705001167276183 -0.36114123384409547 0.8557491879764687
vn -0.3705001167276183 -0.36114123384409547 0.8557491879764687
vn -0.4441968228877736 -0.482440444701846 0.7549439713331664
vn -0.4441968228877736 -0.482440444701846 0.7549439713331664
vn -0.4441968228877736 -0.482440444701846 0.7549439713331664
vn -0.34595550032482636 -0.529550626145234 0.7745262591702038
vn -0.34595550032482636 -0.529550626145234 0.7745262591702038
vn -0.34595550032482636 -0.529550626145234 0.7745262591702038
vn 0.06831145955520833 -0.616845004839619 0.7841146500977058
vn 0.06831145955520833 -0.616845004839619 0.7841146500977058
vn 0.06831145955520833 -0.616845004839619 0.7841146500977058
vn 0.2945082187366233 -0.10646300016798553 0.9497002362281548
vn 0.2945082187366233 -0.10646300016798553 0.9497002362281548
vn 0.2945082187366233 -0.10646300016798553 0.9497002362281548
vn 0.3215264643404051 -0.1756707559994699 0.9304625291839178
vn 0.3215264643404051 -0.1756707559994699 0.9304625291839178
vn 0.3215264643404051 -0.1756707559994699 0.9304625291839178
vn 0.46818911576890343 -0.20406664710757993 0.8597416794676195
vn 0.46818911576890343 -0.20406664710757993 0.8597416794676195
vn 0.46818911576890343 -0.20406664710757993 0.8597416794676195
vn 0.3774087521913929 0.34847311042904766 0.8579796763777336
vn 0.3774087521913929 0.34847311042904766 0.8579796763777336
vn 0.3774087521913929 0.34847311042904766 0.8579796763777336
vn 0.5288292139013929 0.06461571119642132 0.8462650130963797
vn 0.5288292139013929 0.06461571119642132 0.8462650130963797
vn 0.5288292139013929 0.06461571119642132 0.8462650130963797
vn 0.6654368071604432 -0.08330529219026682 0.7417911323069382
vn 0.6654368071604432 -0.08330529219026682 0.7417911323069382
vn 0.6654368071604432 -0.08330529219026682 0.7417911323069382
vn 0.628491596397493 -0.14937131485009086 0.7633390619886329
vn 0.628491596397493 -0.14937131485009086 0.7633390619886329
vn 0.628491596397493 -0.14937131485009086 0.7633390619886329
vn 0.5510218834301209 -0.315202867446704 0.7726720108393327
vn 0.5510218834301209 -0.315202867446704 0.7726720108393327
vn 0.5510218834301209 -0.315202867446704 0.7726720108393327
vn 0.4933765254882086 -0.3354097023878199 0.8025459087437286
vn 0.4933765254882086 -0.3354097023878199 0.8025459087437286
vn 0.4933765254882086 -0.3354097023878199 0.8025459087437286
vn -0.35955915614043216 0.3239217170908437 0.8750953859051593
vn -0.35955915614043216 0.3239217170908437 0.8750953859051593
vn -0.35955915614043216 0.3239217170908437 0.8750953859051593
vn -0.2833844723706825 0.27329245232738275 0.9192412503364257
vn -0.2833844723706825 0.27329245232738275 0.9192412503364257
vn -0.2833844723706825 0.27329245232738275 0.9192412503364257
vn -0.1048494288879393 0.31406256840914476 0.943594881496357
vn -0.1048494288879393 0.31406256840914476 0.943594881496357
vn -0.1048494288879393 0.31406256840914476 0.943594881496357
vn 0.007522699664518073 0.31025629310691316 0.9506231859034969
vn 0.007522699664518073 0.31025629310691316 0.9506231859034969
vn 0.007522699664518073 0.31025629310691316 0.9506231859034969
vn 0.13008895843411314 0.49261156962845304 0.8604712106524652
vn 0.13008895843411314 0.49261156962845304 0.8604712106524652
vn 0.13008895843411314 0.49261156962845304 0.8604712106524652
vn 0.1974332232855728 0.40720091285939947 0.8917440994531677
vn 0.1974332232855728 0.40720091285939947 0.8917440994531677
vn 0.1974332232855728 0.40720091285939947 0.8917440994531677
vn 0.3415712379085041 0.1811557541489676 0.9222319025995419
vn 0.3415712379085041 0.1811557541489676 0.9222319025995419
vn 0.3415712379085041 0.1811557541489676 0.9222319025995419
vn 0.44990553088054114 0.21146925642767447 0.8676783775507056
vn 0.44990553088054114 0.21146925642767447 0.8676783775507056
vn 0.44990553088054114 0.21146925642767447 0.8676783775507056
vn 0.40431202431308566 0.07396188556388152 0.9116257052539107
vn 0.40431202431308566 0.07396188556388152 0.9116257052539107
vn 0.40431202431308566 0.07396188556388152 0.9116257052539107
vn 0.447026382628328 -0.05094615491665715 0.8930688117572126
vn 0.447026382628328 -0.05094615491665715 0.8930688117572126
vn 0.447026382628328 -0.05094615491665715 0.8930688117572126
vn 0.16055502298241506 -0.18443335938249109 0.9696424189060653
vn 0.16055502298241506 -0.18443335938249109 0.9696424189060653
vn 0.16055502298241506 -0.18443335938249109 0.9696424189060653
vn 0.1433127497660895 0.17061353924578648 0.9748602340748691
vn 0.1433127497660895 0.17061353924578648 0.9748602340748691
vn 0.1433127497660895 0.17061353924578648 0.9748602340748691
vn -0.0009033501819453373 0.24991930945789748 0.9682662457808475
vn -0.0009033501819453373 0.24991930945789748 0.9682662457808475
vn -0.0009033501819453373 0.24991930945789748 0.9682662457808475
vn 0.5443591298318767 -0.504751367830552 0.6699993988369458
vn 0.5443591298318767 -0.504751367830552 0.6699993988369458
vn 0.5443591298318767 -0.504751367830552 0.6699993988369458
vn 0.43421806972328897 -0.4907061950521015 0.7554218014217421
vn 0.43421806972328897 -0.4907061950521015 0.7554218014217421
vn 0.43421806972328897 -0.4907061950521015 0.7554218014217421
vn 0.38736546058969873 -0.6158649328453341 0.6860454681969285
vn 0.38736546058969873 -0.6158649328453341 0.6860454681969285
vn 0.38736546058969873 -0.6158649328453341 0.6860454681969285
vn 0.27785247606422675 -0.6172825703438716 0.7360436331459171
vn 0.27785247606422675 -0.6172825703438716 0.7360436331459171
vn 0.27785247606422675 -0.6172825703438716 0.7360436331459171
vn 0.30372912019661513 -0.6266588040313625 0.7176680046334605
vn 0.30372912019661513 -0.6266588040313625 0.7176680046334605
vn 0.30372912019661513 -0.6266588040313625 0.7176680046334605
vn 0.21726978519089785 -0.7126109231617237 0.6670678470993014
vn 0.21726978519089785 -0.7126109231617237 0.6670678470993014
vn 0.21726978519089785 -0.7126109231617237 0.6670678470993014
vn -0.6100030543494803 -0.32110211264087934 0.7244237067779249
vn -0.6100030543494803 -0.32110211264087934 0.7244237067779249
vn -0.6100030543494803 -0.32110211264087934 0.7244237067779249
vn -0.6532255478558806 -0.02395359637720673 0.756784387292036
vn -0.6532255478558806 -0.02395359637720673 0.756784387292036
vn -0.6532255478558806 -0.02395359637720673 0.756784387292036
vn -0.656435077335639 0.08393888238318263 0.7496981080859255
vn -0.656435077335639 0.08393888238318263 0.7496981080859255
vn -0.656435077335639 0.08393888238318263 0.7496981080859255
vn 0.7970519088078206 -0.23802545733054545 0.5550244466042863
vn 0.7970519088078206 -0.23802545733054545 0.5550244466042863
vn 0.7970519088078206 -0.23802545733054545 0.5550244466042863
vn 0.6142891555164102 -0.5347944419476157 0.5802100811575698
vn 0.6142891555164102 -0.5347944419476157 0.5802100811575698
vn 0.6142891555164102 -0.5347944419476157 0.5802100811575698
vn 0.009452233310527624 -0.81056161617279 0.5855770843132422
vn 0.009452233310527624 -0.81056161617279 0.5855770843132422
vn 0.009452233310527624 -0.81056161617279 0.5855770843132422
vn -0.06150192068685332 -0.839245504506837 0.5402633588509334
vn -0.06150192068685332 -0.839245504506837 0.5402633588509334
vn -0.06150192068685332 -0.839245504506837 0.5402633588509334
vn -0.4369708040566093 -0.6863021315717873 0.5814171485277513
vn -0.4369708040566093 -0.6863021315717873 0.5814171485277513
vn -0.4369708040566093 -0.6863021315717873 0.5814171485277513
vn -0.581355207522126 -0.5342142521320623 0.6137110521294912
vn -0.581355207522126 -0.5342142521320623 0.6137110521294912
vn -0.581355207522126 -0.5342142521320623 0.6137110521294912
vn -0.7014513140272938 -0.471341499113083 0.5346056913868523
vn -0.7014513140272938 -0.471341499113083 0.5346056913868523
vn -0.7014513140272938 -0.471341499113083 0.5346056913868523
vn -0.7185195948536524 0.3767938752388307 0.5845989799801635
vn -0.7185195948536524 0.3767938752388307 0.5845989799801635
vn -0.7185195948536524 0.3767938752388307 0.5845989799801635
vn -0.4927288955303641 0.5042831368641875 0.7091662381866769
vn -0.4927288955303641 0.5042831368641875 0.7091662381866769
vn -0.4927288955303641 0.5042831368641875 0.7091662381866769
vn -0.2766874384679988 0.6336161980647287 0.7224780792134915
vn -0.2766874384679988 0.6336161980647287 0.7224780792134915
vn -0.2766874384679988 0.6336161980647287 0.7224780792134915
vn -0.20393614066231694 0.5894116046280501 0.7816674554192127
vn -0.20393614066231694 0.5894116046280501 0.7816674554192127
vn -0.20393614066231694 0.5894116046280501 0.7816674554192127
vn -0.1241599240145621 0.8076494888501157 0.5764430730166207
vn -0.1241599240145621 0.8076494888501157 0.5764430730166207
vn -0.1241599240145621 0.8076494888501157 0.5764430730166207
vn -0.04018311102129662 0.7728014395273641 0.6333744963708944
vn -0.04018311102129662 0.7728014395273641 0.6333744963708944
vn -0.04018311102129662 0.7728014395273641 0.6333744963708944
vn 0.3801908008305825 0.7046946493471977 0.599049585714931
vn 0.3801908008305825 0.7046946493471977 0.599049585714931
vn 0.3801908008305825 0.7046946493471977 0.599049585714931
vn 0.4797440817501775 0.5575913845249765 0.6774492334700797
vn 0.4797440817501775 0.5575913845249765 0.6774492334700797
vn 0.4797440817501775 0.5575913845249765 0.6774492334700797
vn 0.6703413176749845 0.41059315497995996 0.6181066080389109
vn 0.6703413176749845 0.41059315497995996 0.6181066080389109
vn 0.6703413176749845 0.41059315497995996 0.6181066080389109
vn 0.749742248089776 0.1886784380397814 0.6342609939513522
vn 0.749742248089776 0.1886784380397814 0.6342609939513522
vn 0.749742248089776 0.1886784380397814 0.6342609939513522
vn 0.7665533899132386 -0.03781396463755547 0.6410663027261004
vn 0.7665533899132386 -0.03781396463755547 0.6410663027261004
vn 0.7665533899132386 -0.03781396463755547 0.6410663027261004
vn 0.6429727101458146 -0.32420313479189944 0.6938864614609884
vn 0.6429727101458146 -0.32420313479189944 0.6938864614609884
vn 0.6429727101458146 -0.32420313479189944 0.6938864614609884
vn -0.12853407817595436 -0.7391654824780409 0.6611455061183299
vn -0.12853407817595436 -0.7391654824780409 0.6611455061183299
vn -0.12853407817595436 -0.7391654824780409 0.6611455061183299
vn -0.23150076072312234 -0.7121233970957047 0.6627877979364806
vn -0.23150076072312234 -0.7121233970957047 0.6627877979364806
vn -0.23150076072312234 -0.7121233970957047 0.6627877979364806
vn -0.2533381518337668 -0.7251187978756118 0.640330000697202
vn -0.2533381518337668 -0.7251187978756118 0.640330000697202
vn -0.2533381518337668 -0.7251187978756118 0.640330000697202
vn -0.3889937058426536 -0.6550229117069037 0.6477876827740774
vn -0.3889937058426536 -0.6550229117069037 0.6477876827740774
vn -0.3889937058426536 -0.6550229117069037 0.6477876827740774
vn -0.6737047457105853 -0.29859849913660597 0.6759887957062616
vn -0.6737047457105853 -0.29859849913660597 0.6759887957062616
vn -0.6737047457105853 -0.29859849913660597 0.6759887957062616
vn -0.7261392028576253 -0.14921808551961613 0.6711600561916308
vn -0.7261392028576253 -0.14921808551961613 0.6711600561916308
vn -0.7261392028576253 -0.14921808551961613 0.6711600561916308
vn -0.7388289484207847 -0.1610620002941463 0.6543629092764088
vn -0.7388289484207847 -0.1610620002941463 0.6543629092764088
vn -0.7388289484207847 -0.1610620002941463 0.6543629092764088
vn -0.7666758915500257 -0.053093716644709285 0.639835240174238
vn -0.7666758915500257 -0.053093716644709285 0.639835240174238
vn -0.7666758915500257 -0.053093716644709285 0.639835240174238
vn -0.678962152398198 0.10268354878449791 0.7269570031438091
vn -0.678962152398198 0.10268354878449791 0.7269570031438091
vn -0.678962152398198 0.10268354878449791 0.7269570031438091
vn 0.037800114676899685 0.4008077987045555 -0.915382029443457
vn 0.037800114676899685 0.4008077987045555 -0.915382029443457
vn 0.037800114676899685 0.4008077987045555 -0.915382029443457
vn 0.08166502478446885 0.33250573531185873 -0.9395588112043185
vn 0.08166502478446885 0.33250573531185873 -0.9395588112043185
vn 0.08166502478446885 0.33250573531185873 -0.9395588112043185
vn 0.00678991053864907 -0.31321537179175624 0.9496578478527038
vn 0.00678991053864907 -0.31321537179175624 0.9496578478527038
vn 0.00678991053864907 -0.31321537179175624 0.9496578478527038
vn 0.06364154223748028 -0.18196405908207391 0.9812435147831606
vn 0.06364154223748028 -0.18196405908207391 0.9812435147831606
vn 0.06364154223748028 -0.18196405908207391 0.9812435147831606
vn 0.0192606129407497 0.7988868228413323 -0.6011729144594163
vn 0.0192606129407497 0.7988868228413323 -0.6011729144594163
vn 0.0192606129407497 0.7988868228413323 -0.6011729144594163
vn 0.042886361018853014 -0.2842366962879929 0.9577944771827869
vn 0.042886361018853014 -0.2842366962879929 0.9577944771827869
vn 0.042886361018853014 -0.2842366962879929 0.9577944771827869
vn -0.012124005694576294 -0.47652500826409533 0.8790773145661431
vn -0.012124005694576294 -0.47652500826409533 0.8790773145661431
vn -0.012124005694576294 -0.47652500826409533 0.8790773145661431
vn -0.011742659589374774 -0.47168688941566256 0.8816879200143012
vn -0.011742659589374774 -0.47168688941566256 0.8816879200143012
vn -0.011742659589374774 -0.47168688941566256 0.8816879200143012
vn -0.006542617097851913 -0.4840937635033725 0.8749916698452915
vn -0.006542617097851913 -0.4840937635033725 0.8749916698452915
vn -0.006542617097851913 -0.4840937635033725 0.8749916698452915
vn -0.0020583709208163185 -0.4677697009895121 0.8838479902932035
vn -0.0020583709208163185 -0.4677697009895121 0.8838479902932035
vn -0.0020583709208163185 -0.4677697009895121 0.8838479902932035
vn -0.02479081369549977 -0.46271415703321506 0.8861608344072515
vn -0.02479081369549977 -0.46271415703321506 0.8861608344072515
vn -0.02479081369549977 -0.46271415703321506 0.8861608344072515
vn -0.02914392056521556 -0.47845876868540665 0.8776262522065602
vn -0.02914392056521556 -0.47845876868540665 0.8776262522065602
vn -0.02914392056521556 -0.47845876868540665 0.8776262522065602
vn -0.08609013970326192 -0.2259814581253422 0.9703199824951649
vn -0.08609013970326192 -0.2259814581253422 0.9703199824951649
vn -0.08609013970326192 -0.2259814581253422 0.9703199824951649
vn -0.06422165846694124 -0.2681684521341879 0.9612290361114302
vn -0.06422165846694124 -0.2681684521341879 0.9612290361114302
vn -0.06422165846694124 -0.2681684521341879 0.9612290361114302
vn -0.13782933053560492 -0.20850303314046592 0.9682611015709206
vn -0.13782933053560492 -0.20850303314046592 0.9682611015709206
vn -0.13782933053560492 -0.20850303314046592 0.9682611015709206
vn -0.16159290023155062 -0.23436061962315122 0.9586254923402616
vn -0.16159290023155062 -0.23436061962315122 0.9586254923402616
vn -0.16159290023155062 -0.23436061962315122 0.9586254923402616
vn 0.004476400444357962 -0.289203457649017 0.9572571869267501
vn 0.004476400444357962 -0.289203457649017 0.9572571869267501
vn 0.004476400444357962 -0.289203457649017 0.9572571869267501
vn 0.027484307492365374 -0.47706253077255145 0.8784394996666269
vn 0.027484307492365374 -0.47706253077255145 0.8784394996666269
vn 0.027484307492365374 -0.47706253077255145 0.8784394996666269
vn 0.024595714856337575 -0.4690411341352286 0.8828337699135915
vn 0.024595714856337575 -0.4690411341352286 0.8828337699135915
vn 0.024595714856337575 -0.4690411341352286 0.8828337699135915
vn 0.008417355891803726 -0.4594349001907595 0.8881715603454647
vn 0.008417355891803726 -0.4594349001907595 0.8881715603454647
vn 0.008417355891803726 -0.4594349001907595 0.8881715603454647
vn 0.008559653748686195 -0.48120964772036345 0.8765637496888324
vn 0.008559653748686195 -0.48120964772036345 0.8765637496888324
vn 0.008559653748686195 -0.48120964772036345 0.8765637496888324
vn -0.04673579056328259 -0.45840422237513184 0.8875141321630183
vn -0.04673579056328259 -0.45840422237513184 0.8875141321630183
vn -0.04673579056328259 -0.45840422237513184 0.8875141321630183
vn -0.04132704748730784 -0.4528570704837467 0.8906248081312695
vn -0.04132704748730784 -0.4528570704837467 0.8906248081312695
vn -0.04132704748730784 -0.4528570704837467 0.8906248081312695
vn -0.028219288595079186 -0.45363963261229817 0.8907383204255709
vn -0.028219288595079186 -0.45363963261229817 0.8907383204255709
vn -0.028219288595079186 -0.45363963261229817 0.8907383204255709
vn -0.04746994033002886 -0.18675990518167035 0.9812580407729645
vn -0.04746994033002886 -0.18675990518167035 0.9812580407729645
vn -0.04746994033002886 -0.18675990518167035 0.9812580407729645
vn -0.014779840366695603 -0.31074389333178987 0.9503787608505023
vn -0.014779840366695603 -0.31074389333178987 0.9503787608505023
vn -0.014779840366695603 -0.31074389333178987 0.9503787608505023
vn 0.08112325604381228 -0.29416108439837113 0.9523068170261222
vn 0.08112325604381228 -0.29416108439837113 0.9523068170261222
vn 0.08112325604381228 -0.29416108439837113 0.9523068170261222
vn 0.11131881783056569 -0.2205154868162895 0.9690103409515195
vn 0.11131881783056569 -0.2205154868162895 0.9690103409515195
vn 0.11131881783056569 -0.2205154868162895 0.9690103409515195
vn -0.08422049309460079 -0.3452591371542433 0.9347208335938649
vn -0.08422049309460079 -0.3452591371542433 0.9347208335938649
vn -0.08422049309460079 -0.3452591371542433 0.9347208335938649
vn -0.061741590246018135 -0.4514874201330828 0.8901388012526282
vn -0.061741590246018135 -0.4514874201330828 0.8901388012526282
vn -0.061741590246018135 -0.4514874201330828 0.8901388012526282
vn -0.06785570065382779 -0.4537345753871072 0.8885496829030214
vn -0.06785570065382779 -0.4537345753871072 0.8885496829030214
vn -0.06785570065382779 -0.4537345753871072 0.8885496829030214
vn 0.03566055829640346 -0.45860297577763476 0.8879254671366775
vn 0.03566055829640346 -0.45860297577763476 0.8879254671366775
vn 0.03566055829640346 -0.45860297577763476 0.8879254671366775
vn 0.031682143955198826 -0.45318870455877774 0.8908514128712707
vn 0.031682143955198826 -0.45318870455877774 0.8908514128712707
vn 0.031682143955198826 -0.45318870455877774 0.8908514128712707
vn 0.07380356615866458 -0.4702562376620534 0.8794385166469536
vn 0.07380356615866458 -0.4702562376620534 0.8794385166469536
vn 0.07380356615866458 -0.4702562376620534 0.8794385166469536
vn -0.07477398880674001 -0.4498668562251927 0.889959921720069
vn -0.07477398880674001 -0.4498668562251927 0.889959921720069
vn -0.07477398880674001 -0.4498668562251927 0.889959921720069
vn -0.12197396691614104 -0.45921026859908437 0.8799137915772756
vn -0.12197396691614104 -0.45921026859908437 0.8799137915772756
vn -0.12197396691614104 -0.45921026859908437 0.8799137915772756
vn 0.15546660199119838 -0.29806468032353944 0.9418001815719387
vn 0.15546660199119838 -0.29806468032353944 0.9418001815719387
vn 0.15546660199119838 -0.29806468032353944 0.9418001815719387
vn 0.16387572477929493 -0.3368575191358759 0.9271848567732778
vn 0.16387572477929493 -0.3368575191358759 0.9271848567732778
vn 0.16387572477929493 -0.3368575191358759 0.9271848567732778
vn 0.17519226229958246 -0.33204283475824753 0.9268523221722332
vn 0.17519226229958246 -0.33204283475824753 0.9268523221722332
vn 0.17519226229958246 -0.33204283475824753 0.9268523221722332
vn -0.16777275674606934 -0.2933741838001154 0.9411609269266549
vn -0.16777275674606934 -0.2933741838001154 0.9411609269266549
vn -0.16777275674606934 -0.2933741838001154 0.9411609269266549
vn 0.04237969925191628 -0.44038798994104017 0.8968067681541032
vn 0.04237969925191628 -0.44038798994104017 0.8968067681541032
vn 0.04237969925191628 -0.44038798994104017 0.8968067681541032
vn 0.07553010956993639 -0.45041681992493277 0.8896178341721035
vn 0.07553010956993639 -0.45041681992493277 0.8896178341721035
vn 0.07553010956993639 -0.45041681992493277 0.8896178341721035
vn -0.09207393387273294 -0.43694350874466176 0.8947640811225622
vn -0.09207393387273294 -0.43694350874466176 0.8947640811225622
vn -0.09207393387273294 -0.43694350874466176 0.8947640811225622
vn -0.1824482850253297 -0.32452923448557514 0.9281128160172786
vn -0.1824482850253297 -0.32452923448557514 0.9281128160172786
vn -0.1824482850253297 -0.32452923448557514 0.9281128160172786
vn -0.11780508787548094 -0.385914570026712 0.9149819156200567
vn -0.11780508787548094 -0.385914570026712 0.9149819156200567
vn -0.11780508787548094 -0.385914570026712 0.9149819156200567
vn 0.12671418617880548 -0.45058757528482374 0.883693584915035
vn 0.12671418617880548 -0.45058757528482374 0.883693584915035
vn 0.12671418617880548 -0.45058757528482374 0.883693584915035
vn 0.15211141236731623 -0.4216043984401023 0.8939305618690858
vn 0.15211141236731623 -0.4216043984401023 0.8939305618690858
vn 0.15211141236731623 -0.4216043984401023 0.8939305618690858
vn 0.09357188681232453 -0.43956265037658165 0.8933246769189221
vn 0.09357188681232453 -0.43956265037658165 0.8933246769189221
vn 0.09357188681232453 -0.43956265037658165 0.8933246769189221
vn 0.1423837380728129 -0.4067388438393042 0.902380398748044
vn 0.1423837380728129 -0.4067388438393042 0.902380398748044
vn 0.1423837380728129 -0.4067388438393042 0.902380398748044
vn 0.08936365021030898 -0.40689969391924025 0.9090911819556486
vn 0.08936365021030898 -0.40689969391924025 0.9090911819556486
vn 0.08936365021030898 -0.40689969391924025 0.9090911819556486
vn 0.1472504289115885 -0.37184578209549063 0.9165413386875392
vn 0.1472504289115885 -0.37184578209549063 0.9165413386875392
vn 0.1472504289115885 -0.37184578209549063 0.9165413386875392
vn 0.133568719906681 -0.37758019814523575 0.9162928522208907
vn 0.133568719906681 -0.37758019814523575 0.9162928522208907
vn 0.133568719906681 -0.37758019814523575 0.9162928522208907
vn -0.16473691090334586 -0.3782525045314416 0.9109263378570822
vn -0.16473691090334586 -0.3782525045314416 0.9109263378570822
vn -0.16473691090334586 -0.3782525045314416 0.9109263378570822
vn -0.14752144750821897 -0.3908828103325933 0.9085417167701072
vn -0.14752144750821897 -0.3908828103325933 0.9085417167701072
vn -0.14752144750821897 -0.3908828103325933 0.9085417167701072
vn -0.085824802594917 -0.4080350402679368 0.908923269133917
vn -0.085824802594917 -0.4080350402679368 0.908923269133917
vn -0.085824802594917 -0.4080350402679368 0.908923269133917
vn -0.09067213590448743 -0.4240074779546205 0.9011083300075968
vn -0.09067213590448743 -0.4240074779546205 0.9011083300075968
vn -0.09067213590448743 -0.4240074779546205 0.9011083300075968
vn -0.09421893925890913 -0.4243560420602828 0.9005802246617775
vn -0.09421893925890913 -0.4243560420602828 0.9005802246617775
vn -0.09421893925890913 -0.4243560420602828 0.9005802246617775
vn -0.12220597805950785 -0.43669884659901 0.891268655516177
vn -0.12220597805950785 -0.43669884659901 0.891268655516177
vn -0.12220597805950785 -0.43669884659901 0.891268655516177
vn 0.09786075368377721 -0.42569974129013277 0.8995571150037984
vn 0.09786075368377721 -0.42569974129013277 0.8995571150037984
vn 0.09786075368377721 -0.42569974129013277 0.8995571150037984
vn 0.16575250431811764 -0.2876781593041372 0.943274818900439
vn 0.16575250431811764 -0.2876781593041372 0.943274818900439
vn 0.16575250431811764 -0.2876781593041372 0.943274818900439
vn 0.101441580002962 -0.08127837117512958 0.991515724648692
vn 0.101441580002962 -0.08127837117512958 0.991515724648692
vn 0.101441580002962 -0.08127837117512958 0.991515724648692
vn 0.13997064840653997 -0.2684198081299528 0.9530787082860115
vn 0.13997064840653997 -0.2684198081299528 0.9530787082860115
vn 0.13997064840653997 -0.2684198081299528 0.9530787082860115
vn 0.9964157843449546 0.08412741789050877 0.008840942670600016
vn 0.9964157843449546 0.08412741789050877 0.008840942670600016
vn 0.9964157843449546 0.08412741789050877 0.008840942670600016
vn 0.12258162442569011 -0.28507769324348503 0.9506337118828326
vn 0.12258162442569011 -0.28507769324348503 0.9506337118828326
vn 0.12258162442569011 -0.28507769324348503 0.9506337118828326
vn -0.06397973728140524 0.05563545956525283 0.9963991614089032
vn -0.06397973728140524 0.05563545956525283 0.9963991614089032
vn -0.06397973728140524 0.05563545956525283 0.9963991614089032
vn -0.1294855357566244 -0.22620261259691693 0.965435587744801
vn -0.1294855357566244 -0.22620261259691693 0.965435587744801
vn -0.1294855357566244 -0.22620261259691693 0.965435587744801
vn -0.12155513360484538 -0.3386805326315743 0.9330165305666891
vn -0.12155513360484538 -0.3386805326315743 0.9330165305666891
vn -0.12155513360484538 -0.3386805326315743 0.9330165305666891
vn -0.1496646069938303 -0.34543361421930635 0.9264319314341284
vn -0.1496646069938303 -0.34543361421930635 0.9264319314341284
vn -0.1496646069938303 -0.34543361421930635 0.9264319314341284
vn -0.04708791567900214 -0.4849295363159858 0.8732846460378025
vn -0.04708791567900214 -0.4849295363159858 0.8732846460378025
vn -0.04708791567900214 -0.4849295363159858 0.8732846460378025
vn 0.04818346663257899 0.9987661116754358 0.01202529467405304
vn 0.04818346663257899 0.9987661116754358 0.01202529467405304
vn 0.04818346663257899 0.9987661116754358 0.01202529467405304
vn 0.06627351928729638 0.9970505445288018 -0.03870442217752411
vn 0.06627351928729638 0.9970505445288018 -0.03870442217752411
vn 0.06627351928729638 0.9970505445288018 -0.03870442217752411
vn 0.19448752577106204 0.9782091316709002 0.07267390890212282
vn 0.19448752577106204 0.9782091316709002 0.07267390890212282
vn 0.19448752577106204 0.9782091316709002 0.07267390890212282
vn 0.2918790234381561 0.9539024082054057 -0.06983431317565865
vn 0.2918790234381561 0.9539024082054057 -0.06983431317565865
vn 0.2918790234381561 0.9539024082054057 -0.06983431317565865
vn 0.33657380212068994 0.9415564929869211 0.013763947115290567
vn 0.33657380212068994 0.9415564929869211 0.013763947115290567
vn 0.33657380212068994 0.9415564929869211 0.013763947115290567
vn 0.46580737245310155 0.881794978055575 0.07389931288114583
vn 0.46580737245310155 0.881794978055575 0.07389931288114583
vn 0.46580737245310155 0.881794978055575 0.07389931288114583
vn 0.49713353433463947 0.8644725873524722 -0.07446740734087683
vn 0.49713353433463947 0.8644725873524722 -0.07446740734087683
vn 0.49713353433463947 0.8644725873524722 -0.07446740734087683
vn 0.6346001566526813 0.766821138938351 0.09627035916460748
vn 0.6346001566526813 0.766821138938351 0.09627035916460748
vn 0.6346001566526813 0.766821138938351 0.09627035916460748
vn 0.6781542289226038 0.7299823152074509 -0.08504505440505397
vn 0.6781542289226038 0.7299823152074509 -0.08504505440505397
vn 0.6781542289226038 0.7299823152074509 -0.08504505440505397
vn 0.7760302827707954 0.6244484031056751 0.08855050582267478
vn 0.7760302827707954 0.6244484031056751 0.08855050582267478
vn 0.7760302827707954 0.6244484031056751 0.08855050582267478
vn 0.8386291440627185 0.5416357630357777 -0.05772225679305083
vn 0.8386291440627185 0.5416357630357777 -0.05772225679305083
vn 0.8386291440627185 0.5416357630357777 -0.05772225679305083
vn 0.8818707472843235 0.46880647575804313 0.05024413768304178
vn 0.8818707472843235 0.46880647575804313 0.05024413768304178
vn 0.8818707472843235 0.46880647575804313 0.05024413768304178
vn 0.9400024438676435 0.33609399287491887 -0.05861939505190932
vn 0.9400024438676435 0.33609399287491887 -0.05861939505190932
vn 0.9400024438676435 0.33609399287491887 -0.05861939505190932
vn 0.9615520790427455 0.2732016729587193 0.027900630479092272
vn 0.9615520790427455 0.2732016729587193 0.027900630479092272
vn 0.9615520790427455 0.2732016729587193 0.027900630479092272
vn 0.9951294918820486 0.08953364425793817 -0.041243435022665594
vn 0.9951294918820486 0.08953364425793817 -0.041243435022665594
vn 0.9951294918820486 0.08953364425793817 -0.041243435022665594
vn 0.9911759392369709 -0.11676364270274399 0.06274160677329192
vn 0.9911759392369709 -0.11676364270274399 0.06274160677329192
vn 0.9911759392369709 -0.11676364270274399 0.06274160677329192
vn 0.9855519691619243 -0.11423816715574338 -0.12504781983685143
vn 0.9855519691619243 -0.11423816715574338 -0.12504781983685143
vn 0.9855519691619243 -0.11423816715574338 -0.12504781983685143
vn 0.9338120993053535 -0.34499279310806263 0.09473613827060078
vn 0.9338120993053535 -0.34499279310806263 0.09473613827060078
vn 0.9338120993053535 -0.34499279310806263 0.09473613827060078
vn 0.9111668977511866 -0.3810155653730868 -0.1568503215996249
vn 0.9111668977511866 -0.3810155653730868 -0.1568503215996249
vn 0.9111668977511866 -0.3810155653730868 -0.1568503215996249
vn 0.874421556715314 -0.4851378908297579 -0.005307356481433753
vn 0.874421556715314 -0.4851378908297579 -0.005307356481433753
vn 0.874421556715314 -0.4851378908297579 -0.005307356481433753
vn 0.7371361140123895 -0.6717309846510474 0.07353797439723184
vn 0.7371361140123895 -0.6717309846510474 0.07353797439723184
vn 0.7371361140123895 -0.6717309846510474 0.07353797439723184
vn 0.7217014024523016 -0.6695680793277169 -0.17557241481443803
vn 0.7217014024523016 -0.6695680793277169 -0.17557241481443803
vn 0.7217014024523016 -0.6695680793277169 -0.17557241481443803
vn 0.5712397653065844 -0.8131983221072712 0.1113266340746776
vn 0.5712397653065844 -0.8131983221072712 0.1113266340746776
vn 0.5712397653065844 -0.8131983221072712 0.1113266340746776
vn 0.4438037532660855 -0.886024764809652 -0.1341579096845823
vn 0.4438037532660855 -0.886024764809652 -0.1341579096845823
vn 0.4438037532660855 -0.886024764809652 -0.1341579096845823
vn 0.35831952172773135 -0.93143588506605 0.06351623697948414
vn 0.35831952172773135 -0.93143588506605 0.06351623697948414
vn 0.35831952172773135 -0.93143588506605 0.06351623697948414
vn 0.1617547389653809 -0.9818297424320842 -0.09922580963634699
vn 0.1617547389653809 -0.9818297424320842 -0.09922580963634699
vn 0.1617547389653809 -0.9818297424320842 -0.09922580963634699
vn 0.13121582235491677 -0.9913288699944598 -0.007034165140970808
vn 0.13121582235491677 -0.9913288699944598 -0.007034165140970808
vn 0.13121582235491677 -0.9913288699944598 -0.007034165140970808
vn -0.0625782607569244 -0.9952504016280087 0.07456942630814392
vn -0.0625782607569244 -0.9952504016280087 0.07456942630814392
vn -0.0625782607569244 -0.9952504016280087 0.07456942630814392
vn -0.1844921251012691 -0.9651077933140867 -0.18582142788180184
vn -0.1844921251012691 -0.9651077933140867 -0.18582142788180184
vn -0.1844921251012691 -0.9651077933140867 -0.18582142788180184
vn -0.22823813053329953 -0.973352887581787 -0.02217007006893606
vn -0.22823813053329953 -0.973352887581787 -0.02217007006893606
vn -0.22823813053329953 -0.973352887581787 -0.02217007006893606
vn -0.3504458091086005 -0.9329564031998202 0.08234126915874589
vn -0.3504458091086005 -0.9329564031998202 0.08234126915874589
vn -0.3504458091086005 -0.9329564031998202 0.08234126915874589
vn -0.4887793240721902 -0.8657023691656722 -0.10795452922631293
vn -0.4887793240721902 -0.8657023691656722 -0.10795452922631293
vn -0.4887793240721902 -0.8657023691656722 -0.10795452922631293
vn -0.5217747056923427 -0.851497703986582 0.05198861995906449
vn -0.5217747056923427 -0.851497703986582 0.05198861995906449
vn -0.5217747056923427 -0.851497703986582 0.05198861995906449
vn -0.6688630487869718 -0.7363170282946139 -0.10227148092594468
vn -0.6688630487869718 -0.7363170282946139 -0.10227148092594468
vn -0.6688630487869718 -0.7363170282946139 -0.10227148092594468
vn -0.6829691771624826 -0.7238101023978816 0.09824478974871746
vn -0.6829691771624826 -0.7238101023978816 0.09824478974871746
vn -0.6829691771624826 -0.7238101023978816 0.09824478974871746
vn -0.8225391859112734 -0.5687028596920013 -0.0025189320275006166
vn -0.8225391859112734 -0.5687028596920013 -0.0025189320275006166
vn -0.8225391859112734 -0.5687028596920013 -0.0025189320275006166
vn -0.8592970427384015 -0.49875396815931855 -0.11337138786471423
vn -0.8592970427384015 -0.49875396815931855 -0.11337138786471423
vn -0.8592970427384015 -0.49875396815931855 -0.11337138786471423
vn -0.8988984757935709 -0.43028470561296706 0.08268374889636587
vn -0.8988984757935709 -0.43028470561296706 0.08268374889636587
vn -0.8988984757935709 -0.43028470561296706 0.08268374889636587
vn -0.9621167023281285 -0.23215055080497943 -0.14296003938930618
vn -0.9621167023281285 -0.23215055080497943 -0.14296003938930618
vn -0.9621167023281285 -0.23215055080497943 -0.14296003938930618
vn -0.9658582385382692 -0.23569554517161476 0.10754288927682182
vn -0.9658582385382692 -0.23569554517161476 0.10754288927682182
vn -0.9658582385382692 -0.23569554517161476 0.10754288927682182
vn -0.9909489001995146 0.07112310717094948 -0.11384981695076207
vn -0.9909489001995146 0.07112310717094948 -0.11384981695076207
vn -0.9909489001995146 0.07112310717094948 -0.11384981695076207
vn -0.9997956532518381 -0.020113372732158286 -0.0020258272551737636
vn -0.9997956532518381 -0.020113372732158286 -0.0020258272551737636
vn -0.9997956532518381 -0.020113372732158286 -0.0020258272551737636
vn -0.9939351603527712 0.09992945864534568 0.045902073039888976
vn -0.9939351603527712 0.09992945864534568 0.045902073039888976
vn -0.9939351603527712 0.09992945864534568 0.045902073039888976
vn -0.9539241855739585 0.2972841283064259 -0.04062997949972806
vn -0.9539241855739585 0.2972841283064259 -0.04062997949972806
vn -0.9539241855739585 0.2972841283064259 -0.04062997949972806
vn -0.9252165572502098 0.3577303594788598 -0.12650419794297418
vn -0.9252165572502098 0.3577303594788598 -0.12650419794297418
vn -0.9252165572502098 0.3577303594788598 -0.12650419794297418
vn -0.9056929450499376 0.393884335363011 0.15676549251161684
vn -0.9056929450499376 0.393884335363011 0.15676549251161684
vn -0.9056929450499376 0.393884335363011 0.15676549251161684
vn -0.7509024117172596 0.6476210929341214 -0.12935411885215428
vn -0.7509024117172596 0.6476210929341214 -0.12935411885215428
vn -0.7509024117172596 0.6476210929341214 -0.12935411885215428
vn -0.7619535282945347 0.6476170383238675 0.00435802617386974
vn -0.7619535282945347 0.6476170383238675 0.00435802617386974
vn -0.7619535282945347 0.6476170383238675 0.00435802617386974
vn -0.571217716931947 0.8145427720851395 -0.10114540180804472
vn -0.571217716931947 0.8145427720851395 -0.10114540180804472
vn -0.571217716931947 0.8145427720851395 -0.10114540180804472
vn -0.6699713373788101 0.7408485307808956 0.04776883430267978
vn -0.6699713373788101 0.7408485307808956 0.04776883430267978
vn -0.6699713373788101 0.7408485307808956 0.04776883430267978
vn -0.513952025149129 0.8518033761565901 0.10141165718665558
vn -0.513952025149129 0.8518033761565901 0.10141165718665558
vn -0.513952025149129 0.8518033761565901 0.10141165718665558
vn -0.3796470488310427 0.9217663468108455 -0.07883476517925349
vn -0.3796470488310427 0.9217663468108455 -0.07883476517925349
vn -0.3796470488310427 0.9217663468108455 -0.07883476517925349
vn -0.32639838044533886 0.940906249106124 0.09033010370692941
vn -0.32639838044533886 0.940906249106124 0.09033010370692941
vn -0.32639838044533886 0.940906249106124 0.09033010370692941
vn -0.15911649511515988 0.9838631961844843 -0.08182390956143881
vn -0.15911649511515988 0.9838631961844843 -0.08182390956143881
vn -0.15911649511515988 0.9838631961844843 -0.08182390956143881
vn -0.20567258107902625 0.9786083891237949 0.004940660767821251
vn -0.20567258107902625 0.9786083891237949 0.004940660767821251
vn -0.20567258107902625 0.9786083891237949 0.004940660767821251
vn -0.06768965790145685 0.9957169991925491 0.06297434185577967
vn -0.06768965790145685 0.9957169991925491 0.06297434185577967
vn -0.06768965790145685 0.9957169991925491 0.06297434185577967
vn -0.00005495247088674449 0.4199671198951154 -0.907539318810611
vn -0.00005495247088674449 0.4199671198951154 -0.907539318810611
vn -0.00005495247088674449 0.4199671198951154 -0.907539318810611
vn -0.0001971263575843994 0.41997081487997884 -0.9075375891885943
vn -0.0001971263575843994 0.41997081487997884 -0.9075375891885943
vn -0.0001971263575843994 0.41997081487997884 -0.9075375891885943
vn 0.00005532210065825402 0.4199484354055224 -0.9075479648701323
vn 0.00005532210065825402 0.4199484354055224 -0.9075479648701323
vn 0.00005532210065825402 0.4199484354055224 -0.9075479648701323
vn 0.000024338476751543086 0.4199573427559841 -0.9075438444907064
vn 0.000024338476751543086 0.4199573427559841 -0.9075438444907064
vn 0.000024338476751543086 0.4199573427559841 -0.9075438444907064
vn 0.0000033980843081798975 0.4199852003270988 -0.90753095346366
vn 0.0000033980843081798975 0.4199852003270988 -0.90753095346366
vn 0.0000033980843081798975 0.4199852003270988 -0.90753095346366
vn 0.00003762741571516695 0.41995434091507233 -0.9075452331045349
vn 0.00003762741571516695 0.41995434091507233 -0.9075452331045349
vn 0.00003762741571516695 0.41995434091507233 -0.9075452331045349
vn -0.00016889976297759795 0.4200497390019163 -0.9075010678987061
vn -0.00016889976297759795 0.4200497390019163 -0.9075010678987061
vn -0.00016889976297759795 0.4200497390019163 -0.9075010678987061
vn -0.000014240668013263377 0.4199936706154213 -0.9075270334486948
vn -0.000014240668013263377 0.4199936706154213 -0.9075270334486948
vn -0.000014240668013263377 0.4199936706154213 -0.9075270334486948
vn 0.000003054831489638281 0.4199770681200271 -0.9075347168257388
vn 0.000003054831489638281 0.4199770681200271 -0.9075347168257388
vn 0.000003054831489638281 0.4199770681200271 -0.9075347168257388
vn -0.0000558987535087827 0.4199750821293306 -0.9075356341575749
vn -0.0000558987535087827 0.4199750821293306 -0.9075356341575749
vn -0.0000558987535087827 0.4199750821293306 -0.9075356341575749
vn 0.0002841895051386029 0.41963121481887256 -0.907694641818471
vn 0.0002841895051386029 0.41963121481887256 -0.907694641818471
vn 0.0002841895051386029 0.41963121481887256 -0.907694641818471
vn 0.000204462301170342 0.4198292001954399 -0.907603107563226
vn 0.000204462301170342 0.4198292001954399 -0.907603107563226
vn 0.000204462301170342 0.4198292001954399 -0.907603107563226
vn 0.0000035298031958360943 0.4200971324544428 -0.9074791453753055
vn 0.0000035298031958360943 0.4200971324544428 -0.9074791453753055
vn 0.0000035298031958360943 0.4200971324544428 -0.9074791453753055
vn 0.00009687019475378807 0.41984433533578813 -0.9075961242219006
vn 0.00009687019475378807 0.41984433533578813 -0.9075961242219006
vn 0.00009687019475378807 0.41984433533578813 -0.9075961242219006
vn 0.00025504688061225985 0.42007381152551587 -0.907489905079673
vn 0.00025504688061225985 0.42007381152551587 -0.907489905079673
vn 0.00025504688061225985 0.42007381152551587 -0.907489905079673
vn 0.00008243867573607263 0.4199388741389563 -0.9075523870227936
vn 0.00008243867573607263 0.4199388741389563 -0.9075523870227936
vn 0.00008243867573607263 0.4199388741389563 -0.9075523870227936
vn 0.00006434816190464975 0.41998168968671273 -0.9075325758270102
vn 0.00006434816190464975 0.41998168968671273 -0.9075325758270102
vn 0.00006434816190464975 0.41998168968671273 -0.9075325758270102
vn 0.00008528500661929862 0.42004028165543433 -0.9075054570157092
vn 0.00008528500661929862 0.42004028165543433 -0.9075054570157092
vn 0.00008528500661929862 0.42004028165543433 -0.9075054570157092
vn -0.00030344358311544214 0.41973457244786055 -0.9076468457577561
vn -0.00030344358311544214 0.41973457244786055 -0.9076468457577561
vn -0.00030344358311544214 0.41973457244786055 -0.9076468457577561
vn -0.0005267027864290953 0.41953480103200097 -0.907739099800826
vn -0.0005267027864290953 0.41953480103200097 -0.907739099800826
vn -0.0005267027864290953 0.41953480103200097 -0.907739099800826
vn -0.00022746226780393587 0.4198991959879329 -0.9075707209190943
vn -0.00022746226780393587 0.4198991959879329 -0.9075707209190943
vn -0.00022746226780393587 0.4198991959879329 -0.9075707209190943
vn 0.7255919191085652 0.012489430038990458 0.6880119047383195
vn 0.7255919191085652 0.012489430038990458 0.6880119047383195
vn 0.7255919191085652 0.012489430038990458 0.6880119047383195
vn 0.5129320755102129 0.01251929285950779 0.8583379015394131
vn 0.5129320755102129 0.01251929285950779 0.8583379015394131
vn 0.5129320755102129 0.01251929285950779 0.8583379015394131
vn 0.2758018667392263 0.02824834170210949 0.9607993346657975
vn 0.2758018667392263 0.02824834170210949 0.9607993346657975
vn 0.2758018667392263 0.02824834170210949 0.9607993346657975
vn 0.32735511371619114 -0.01989921351093483 0.9446918284951478
vn 0.32735511371619114 -0.01989921351093483 0.9446918284951478
vn 0.32735511371619114 -0.01989921351093483 0.9446918284951478
vn 0.1206923659234767 -0.0231073836016096 0.9924209800436918
vn 0.1206923659234767 -0.0231073836016096 0.9924209800436918
vn 0.1206923659234767 -0.0231073836016096 0.9924209800436918
vn 0.007755648680432324 0.05319931268937303 0.9985537957681221
vn 0.007755648680432324 0.05319931268937303 0.9985537957681221
vn 0.007755648680432324 0.05319931268937303 0.9985537957681221
vn -0.06407076876610669 -0.004650421448713193 0.9979345219853202
vn -0.06407076876610669 -0.004650421448713193 0.9979345219853202
vn -0.06407076876610669 -0.004650421448713193 0.9979345219853202
vn -0.3315274999682461 -0.00928122918924752 0.9433999022416428
vn -0.3315274999682461 -0.00928122918924752 0.9433999022416428
vn -0.3315274999682461 -0.00928122918924752 0.9433999022416428
vn -0.27253556887580704 0.028867152261915104 0.9617125616408614
vn -0.27253556887580704 0.028867152261915104 0.9617125616408614
vn -0.27253556887580704 0.028867152261915104 0.9617125616408614
vn -0.23633336727685758 0.007137224455297373 0.9716458200078136
vn -0.23633336727685758 0.007137224455297373 0.9716458200078136
vn -0.23633336727685758 0.007137224455297373 0.9716458200078136
vn -0.47167599908962876 -0.008891046180622848 0.8817271126491545
vn -0.47167599908962876 -0.008891046180622848 0.8817271126491545
vn -0.47167599908962876 -0.008891046180622848 0.8817271126491545
vn -0.5660930298818977 0.07896798135995152 -0.8205502662476365
vn -0.5660930298818977 0.07896798135995152 -0.8205502662476365
vn -0.5660930298818977 0.07896798135995152 -0.8205502662476365
vn -0.5015105031696987 0.013408951521789215 -0.8650476375492635
vn -0.5015105031696987 0.013408951521789215 -0.8650476375492635
vn -0.5015105031696987 0.013408951521789215 -0.8650476375492635
vn -0.424716526257671 -0.013463240858826268 -0.905226277495961
vn -0.424716526257671 -0.013463240858826268 -0.905226277495961
vn -0.424716526257671 -0.013463240858826268 -0.905226277495961
vn -0.26136794225677396 -0.02568307287430173 -0.9648974963840423
vn -0.26136794225677396 -0.02568307287430173 -0.9648974963840423
vn -0.26136794225677396 -0.02568307287430173 -0.9648974963840423
vn -0.15897317452108503 0.051871408499500796 -0.9859193104727011
vn -0.15897317452108503 0.051871408499500796 -0.9859193104727011
vn -0.15897317452108503 0.051871408499500796 -0.9859193104727011
vn 0.0786106728353501 0.009410881352191041 -0.9968609719657746
vn 0.0786106728353501 0.009410881352191041 -0.9968609719657746
vn 0.0786106728353501 0.009410881352191041 -0.9968609719657746
vn 0.19543743627285112 0.008231821677925886 -0.9806816229617837
vn 0.19543743627285112 0.008231821677925886 -0.9806816229617837
vn 0.19543743627285112 0.008231821677925886 -0.9806816229617837
vn 0.15436658074164683 0.056180569586587875 -0.9864150760968018
vn 0.15436658074164683 0.056180569586587875 -0.9864150760968018
vn 0.15436658074164683 0.056180569586587875 -0.9864150760968018
vn 0.43864476257058516 -0.017704484813266974 -0.898486128711452
vn 0.43864476257058516 -0.017704484813266974 -0.898486128711452
vn 0.43864476257058516 -0.017704484813266974 -0.898486128711452
vn 0.3077306194066202 -0.03369616018771967 -0.9508766663811987
vn 0.3077306194066202 -0.03369616018771967 -0.9508766663811987
vn 0.3077306194066202 -0.03369616018771967 -0.9508766663811987
vn 0.5086135109861744 0.030305036331452272 -0.860461446675716
vn 0.5086135109861744 0.030305036331452272 -0.860461446675716
vn 0.5086135109861744 0.030305036331452272 -0.860461446675716
vn 0.73948343691743 0.011252355147569145 -0.6730807017203942
vn 0.73948343691743 0.011252355147569145 -0.6730807017203942
vn 0.73948343691743 0.011252355147569145 -0.6730807017203942
vn 0.8198015184843928 0.27980450106451193 0.49963477808767826
vn 0.8198015184843928 0.27980450106451193 0.49963477808767826
vn 0.8198015184843928 0.27980450106451193 0.49963477808767826
vn -0.9968008430315028 0.0032254415665536585 0.0798603522305403
vn -0.9968008430315028 0.0032254415665536585 0.0798603522305403
vn -0.9968008430315028 0.0032254415665536585 0.0798603522305403
vn -0.9563344448689236 0.007466668984894108 0.2921791888747685
vn -0.9563344448689236 0.007466668984894108 0.2921791888747685
vn -0.9563344448689236 0.007466668984894108 0.2921791888747685
vn -0.8982557539270937 -0.006247755060002288 0.43942868146444247
vn -0.8982557539270937 -0.006247755060002288 0.43942868146444247
vn -0.8982557539270937 -0.006247755060002288 0.43942868146444247
vn -0.8800572292942861 0.003539418856376632 0.47485444683715844
vn -0.8800572292942861 0.003539418856376632 0.47485444683715844
vn -0.8800572292942861 0.003539418856376632 0.47485444683715844
vn -0.7944894335501926 -0.01697023378344097 0.6070408150548274
vn -0.7944894335501926 -0.01697023378344097 0.6070408150548274
vn -0.7944894335501926 -0.01697023378344097 0.6070408150548274
vn -0.7548083162480923 0.0011531582713802972 0.6559444152889184
vn -0.7548083162480923 0.0011531582713802972 0.6559444152889184
vn -0.7548083162480923 0.0011531582713802972 0.6559444152889184
vn -0.6284315499370655 -0.003952313625662432 0.7778548490950621
vn -0.6284315499370655 -0.003952313625662432 0.7778548490950621
vn -0.6284315499370655 -0.003952313625662432 0.7778548490950621
vn -0.6559896477737015 -0.02118787544769954 0.7544724355122248
vn -0.6559896477737015 -0.02118787544769954 0.7544724355122248
vn -0.6559896477737015 -0.02118787544769954 0.7544724355122248
vn 0.5510590625504792 -0.022575944469591564 0.8341607976357395
vn 0.5510590625504792 -0.022575944469591564 0.8341607976357395
vn 0.5510590625504792 -0.022575944469591564 0.8341607976357395
vn 0.7514489921584037 -0.011655123954661173 0.6596882371770175
vn 0.7514489921584037 -0.011655123954661173 0.6596882371770175
vn 0.7514489921584037 -0.011655123954661173 0.6596882371770175
vn 0.8896979651847855 0.0012706718353656219 0.45654782459139914
vn 0.8896979651847855 0.0012706718353656219 0.45654782459139914
vn 0.8896979651847855 0.0012706718353656219 0.45654782459139914
vn 0.9654202456774297 -0.005757781208621835 0.2606349884257384
vn 0.9654202456774297 -0.005757781208621835 0.2606349884257384
vn 0.9654202456774297 -0.005757781208621835 0.2606349884257384
vn 0.9796448680100547 0.008989222103747783 0.20053709499125608
vn 0.9796448680100547 0.008989222103747783 0.20053709499125608
vn 0.9796448680100547 0.008989222103747783 0.20053709499125608
vn 0.9997563558447392 0.019558428239448433 0.010232147030299095
vn 0.9997563558447392 0.019558428239448433 0.010232147030299095
vn 0.9997563558447392 0.019558428239448433 0.010232147030299095
vn 0.9991774529820296 0.04018107417403953 0.005467973167860505
vn 0.9991774529820296 0.04018107417403953 0.005467973167860505
vn 0.9991774529820296 0.04018107417403953 0.005467973167860505
vn 0.963842344672107 0.2664199803520716 -0.0053224699320124835
vn 0.963842344672107 0.2664199803520716 -0.0053224699320124835
vn 0.963842344672107 0.2664199803520716 -0.0053224699320124835
vn 0.9519699184594931 0.30215042730187835 0.049582190648642846
vn 0.9519699184594931 0.30215042730187835 0.049582190648642846
vn 0.9519699184594931 0.30215042730187835 0.049582190648642846
vn 0.8535375697369614 0.5181197586155473 -0.055004843238471275
vn 0.8535375697369614 0.5181197586155473 -0.055004843238471275
vn 0.8535375697369614 0.5181197586155473 -0.055004843238471275
vn 0.7873362825294086 0.6160946430840867 0.022999325552359475
vn 0.7873362825294086 0.6160946430840867 0.022999325552359475
vn 0.7873362825294086 0.6160946430840867 0.022999325552359475
vn 0.7847533238303331 0.6176570067542183 0.051594987592438565
vn 0.7847533238303331 0.6176570067542183 0.051594987592438565
vn 0.7847533238303331 0.6176570067542183 0.051594987592438565
vn 0.6562883285331855 0.7541998656365225 -0.021637756468013518
vn 0.6562883285331855 0.7541998656365225 -0.021637756468013518
vn 0.6562883285331855 0.7541998656365225 -0.021637756468013518
vn 0.6138686931436669 0.7846715191631941 0.08634717477840036
vn 0.6138686931436669 0.7846715191631941 0.08634717477840036
vn 0.6138686931436669 0.7846715191631941 0.08634717477840036
vn 0.011842972483556142 0.9999278090305405 0.00202995816130057
vn 0.011842972483556142 0.9999278090305405 0.00202995816130057
vn 0.011842972483556142 0.9999278090305405 0.00202995816130057
vn -0.07678540820223075 0.9103572993337632 0.4066369248321577
vn -0.07678540820223075 0.9103572993337632 0.4066369248321577
vn -0.07678540820223075 0.9103572993337632 0.4066369248321577
vn -0.49148416106524023 0.8693088220090001 0.05239743695374612
vn -0.49148416106524023 0.8693088220090001 0.05239743695374612
vn -0.49148416106524023 0.8693088220090001 0.05239743695374612
vn -0.6054288621233858 0.7933041887331356 -0.06422115731162023
vn -0.6054288621233858 0.7933041887331356 -0.06422115731162023
vn -0.6054288621233858 0.7933041887331356 -0.06422115731162023
vn -0.7453599238201724 0.6526975265154049 0.13573696196489468
vn -0.7453599238201724 0.6526975265154049 0.13573696196489468
vn -0.7453599238201724 0.6526975265154049 0.13573696196489468
vn -0.9328978661924995 0.3576632143678158 0.04217340799085727
vn -0.9328978661924995 0.3576632143678158 0.04217340799085727
vn -0.9328978661924995 0.3576632143678158 0.04217340799085727
vn -0.9635782437185709 0.26714763586949847 -0.012211014764228601
vn -0.9635782437185709 0.26714763586949847 -0.012211014764228601
vn -0.9635782437185709 0.26714763586949847 -0.012211014764228601
vn -0.9965015651869267 0.08189491184269934 0.016668953004968012
vn -0.9965015651869267 0.08189491184269934 0.016668953004968012
vn -0.9965015651869267 0.08189491184269934 0.016668953004968012
vn 0.9983147473634468 -0.003991965706486127 0.05789412238263323
vn 0.9983147473634468 -0.003991965706486127 0.05789412238263323
vn 0.9983147473634468 -0.003991965706486127 0.05789412238263323
vn 0.8813787501055088 -0.004787187450292299 0.47238605154975416
vn 0.8813787501055088 -0.004787187450292299 0.47238605154975416
vn 0.8813787501055088 -0.004787187450292299 0.47238605154975416
vn -0.9991122802899595 0.027698218053575502 0.03174051181777078
vn -0.9991122802899595 0.027698218053575502 0.03174051181777078
vn -0.9991122802899595 0.027698218053575502 0.03174051181777078
vn -0.9317081549573263 0.20475028408993876 0.2999953918831162
vn -0.9317081549573263 0.20475028408993876 0.2999953918831162
vn -0.9317081549573263 0.20475028408993876 0.2999953918831162
vn -0.7548899608901696 0.1701099863198565 0.6334064567886062
vn -0.7548899608901696 0.1701099863198565 0.6334064567886062
vn -0.7548899608901696 0.1701099863198565 0.6334064567886062
vn -0.9983228921120899 -0.0007282967475260383 0.0578867227332808
vn -0.9983228921120899 -0.0007282967475260383 0.0578867227332808
vn -0.9983228921120899 -0.0007282967475260383 0.0578867227332808
vn -0.48287746209860344 -0.017319064551354242 0.8755166512410131
vn -0.48287746209860344 -0.017319064551354242 0.8755166512410131
vn -0.48287746209860344 -0.017319064551354242 0.8755166512410131
vn -0.9186452139743283 0.3949663983787114 0.009618471490313196
vn -0.9186452139743283 0.3949663983787114 0.009618471490313196
vn -0.9186452139743283 0.3949663983787114 0.009618471490313196
vn -0.7808049328883848 0.6221736675683397 -0.056952472832406204
vn -0.7808049328883848 0.6221736675683397 -0.056952472832406204
vn -0.7808049328883848 0.6221736675683397 -0.056952472832406204
vn -0.998967707602287 0.02649260499763859 0.03690069170450415
vn -0.998967707602287 0.02649260499763859 0.03690069170450415
vn -0.998967707602287 0.02649260499763859 0.03690069170450415
vn 0.9779182075521974 0.13640904425274405 0.15833051501195355
vn 0.9779182075521974 0.13640904425274405 0.15833051501195355
vn 0.9779182075521974 0.13640904425274405 0.15833051501195355
vn 0.9219006172201684 0.17383490261907772 0.3462378930742394
vn 0.9219006172201684 0.17383490261907772 0.3462378930742394
vn 0.9219006172201684 0.17383490261907772 0.3462378930742394
vn -0.9703951986094927 -0.00431202022175679 0.2414840884970487
vn -0.9703951986094927 -0.00431202022175679 0.2414840884970487
vn -0.9703951986094927 -0.00431202022175679 0.2414840884970487
vn 0.17302171795255197 0.7584812601378043 0.628306981607332
vn 0.17302171795255197 0.7584812601378043 0.628306981607332
vn 0.17302171795255197 0.7584812601378043 0.628306981607332
vn 0.9244034433745647 0.3463317805621857 0.1597891474721425
vn 0.9244034433745647 0.3463317805621857 0.1597891474721425
vn 0.9244034433745647 0.3463317805621857 0.1597891474721425
vn 0.8083942505668004 0.5298845750361268 0.25636121545453094
vn 0.8083942505668004 0.5298845750361268 0.25636121545453094
vn 0.8083942505668004 0.5298845750361268 0.25636121545453094
vn -0.9950296140856127 0.09559932959825702 0.027871764798813488
vn -0.9950296140856127 0.09559932959825702 0.027871764798813488
vn -0.9950296140856127 0.09559932959825702 0.027871764798813488
vn -0.9011270823612239 0.406597725542955 0.1504934251668279
vn -0.9011270823612239 0.406597725542955 0.1504934251668279
vn -0.9011270823612239 0.406597725542955 0.1504934251668279
vn -0.7588018786345662 0.5931721338568915 0.26901027600505373
vn -0.7588018786345662 0.5931721338568915 0.26901027600505373
vn -0.7588018786345662 0.5931721338568915 0.26901027600505373
vn -0.2548471934798393 0.31873761951593416 0.9129398873314524
vn -0.2548471934798393 0.31873761951593416 0.9129398873314524
vn -0.2548471934798393 0.31873761951593416 0.9129398873314524
vn -0.9745595591733507 0.22274828269287741 0.0248368311428467
vn -0.9745595591733507 0.22274828269287741 0.0248368311428467
vn -0.9745595591733507 0.22274828269287741 0.0248368311428467
vn -0.9358093186616924 0.2962665869848473 0.19101578087239032
vn -0.9358093186616924 0.2962665869848473 0.19101578087239032
vn -0.9358093186616924 0.2962665869848473 0.19101578087239032
vn -0.8564336333015005 0.37033194446721995 0.35968831320619654
vn -0.8564336333015005 0.37033194446721995 0.35968831320619654
vn -0.8564336333015005 0.37033194446721995 0.35968831320619654
vn -0.6981487337439425 0.49355748743068867 0.5186418341908364
vn -0.6981487337439425 0.49355748743068867 0.5186418341908364
vn -0.6981487337439425 0.49355748743068867 0.5186418341908364
vn 0.20104804387774108 0.6205539030999282 0.7579528596162023
vn 0.20104804387774108 0.6205539030999282 0.7579528596162023
vn 0.20104804387774108 0.6205539030999282 0.7579528596162023
vn -0.8630268406069497 0.2771103328266332 0.4223677731938117
vn -0.8630268406069497 0.2771103328266332 0.4223677731938117
vn -0.8630268406069497 0.2771103328266332 0.4223677731938117
vn -0.7351626034427347 0.36240755903701505 0.5728845500204498
vn -0.7351626034427347 0.36240755903701505 0.5728845500204498
vn -0.7351626034427347 0.36240755903701505 0.5728845500204498
vn -0.5267680856505005 0.1437085561565533 0.8377727823386873
vn -0.5267680856505005 0.1437085561565533 0.8377727823386873
vn -0.5267680856505005 0.1437085561565533 0.8377727823386873
vn 0.37405041391147104 0.6649924611074685 0.6464296671122769
vn 0.37405041391147104 0.6649924611074685 0.6464296671122769
vn 0.37405041391147104 0.6649924611074685 0.6464296671122769
vn 0.4029091675631299 0.502124855830437 0.7652024776821157
vn 0.4029091675631299 0.502124855830437 0.7652024776821157
vn 0.4029091675631299 0.502124855830437 0.7652024776821157
vn 0.6295600648547764 0.2452423915385547 0.7372315064703219
vn 0.6295600648547764 0.2452423915385547 0.7372315064703219
vn 0.6295600648547764 0.2452423915385547 0.7372315064703219
vn -0.4905095986267746 0.8680028304839736 0.07727496313043908
vn -0.4905095986267746 0.8680028304839736 0.07727496313043908
vn -0.4905095986267746 0.8680028304839736 0.07727496313043908
vn -0.3164340790443616 0.9432349612533784 0.10088251329484478
vn -0.3164340790443616 0.9432349612533784 0.10088251329484478
vn -0.3164340790443616 0.9432349612533784 0.10088251329484478
vn -0.31323325140713826 0.9451519102024473 0.09258939925055053
vn -0.31323325140713826 0.9451519102024473 0.09258939925055053
vn -0.31323325140713826 0.9451519102024473 0.09258939925055053
vn -0.08886012966665194 0.9375129116983255 0.33641257074395026
vn -0.08886012966665194 0.9375129116983255 0.33641257074395026
vn -0.08886012966665194 0.9375129116983255 0.33641257074395026
vn 0.1636302763525571 0.9856083359013343 0.04244220614657399
vn 0.1636302763525571 0.9856083359013343 0.04244220614657399
vn 0.1636302763525571 0.9856083359013343 0.04244220614657399
vn 0.22644879197532522 0.9415663594537057 0.24934661689706375
vn 0.22644879197532522 0.9415663594537057 0.24934661689706375
vn 0.22644879197532522 0.9415663594537057 0.24934661689706375
vn 0.31202325131088665 0.9498124690116678 -0.02231063314526681
vn 0.31202325131088665 0.9498124690116678 -0.02231063314526681
vn 0.31202325131088665 0.9498124690116678 -0.02231063314526681
vn 0.44420880028532445 0.8843571533592528 0.14349552972616167
vn 0.44420880028532445 0.8843571533592528 0.14349552972616167
vn 0.44420880028532445 0.8843571533592528 0.14349552972616167
vn 0.5099939041393341 0.8598396665986375 -0.024123960791374074
vn 0.5099939041393341 0.8598396665986375 -0.024123960791374074
vn 0.5099939041393341 0.8598396665986375 -0.024123960791374074
vn -0.9823227255871533 0.127056669691283 0.1374724171679048
vn -0.9823227255871533 0.127056669691283 0.1374724171679048
vn -0.9823227255871533 0.127056669691283 0.1374724171679048
vn -0.9587235490334555 0.1271370952611044 0.25433307991149007
vn -0.9587235490334555 0.1271370952611044 0.25433307991149007
vn -0.9587235490334555 0.1271370952611044 0.25433307991149007
vn -0.8811340078127553 0.14644345219151164 0.44961892262900105
vn -0.8811340078127553 0.14644345219151164 0.44961892262900105
vn -0.8811340078127553 0.14644345219151164 0.44961892262900105
vn -0.6327532024024294 0.6809706188997112 0.36864942837988296
vn -0.6327532024024294 0.6809706188997112 0.36864942837988296
vn -0.6327532024024294 0.6809706188997112 0.36864942837988296
vn -0.5555897401806217 0.49861199083057417 0.6653616484333919
vn -0.5555897401806217 0.49861199083057417 0.6653616484333919
vn -0.5555897401806217 0.49861199083057417 0.6653616484333919
vn -0.39979579925722414 0.6361902337207623 0.6598676423454928
vn -0.39979579925722414 0.6361902337207623 0.6598676423454928
vn -0.39979579925722414 0.6361902337207623 0.6598676423454928
vn -0.13746069430960026 0.8243894612566056 0.549077930433346
vn -0.13746069430960026 0.8243894612566056 0.549077930433346
vn -0.13746069430960026 0.8243894612566056 0.549077930433346
vn 0.04341406471020846 0.45124081773433544 0.8913455802301293
vn 0.04341406471020846 0.45124081773433544 0.8913455802301293
vn 0.04341406471020846 0.45124081773433544 0.8913455802301293
vn 0.5990878835704081 0.6036472811887644 0.5260262994114859
vn 0.5990878835704081 0.6036472811887644 0.5260262994114859
vn 0.5990878835704081 0.6036472811887644 0.5260262994114859
vn 0.7266313332692467 0.3897772377219807 0.5657566707208846
vn 0.7266313332692467 0.3897772377219807 0.5657566707208846
vn 0.7266313332692467 0.3897772377219807 0.5657566707208846
vn 0.8468518795784281 0.39358126850370595 0.3576809739663224
vn 0.8468518795784281 0.39358126850370595 0.3576809739663224
vn 0.8468518795784281 0.39358126850370595 0.3576809739663224
vn 0.9094616850701965 0.2862565542592512 0.30155700710296696
vn 0.9094616850701965 0.2862565542592512 0.30155700710296696
vn 0.9094616850701965 0.2862565542592512 0.30155700710296696
vn 0.9794407655676999 0.1377629810466904 0.14736739054922185
vn 0.9794407655676999 0.1377629810466904 0.14736739054922185
vn 0.9794407655676999 0.1377629810466904 0.14736739054922185
vn 0.9997690868614713 0.013898068973030194 0.01638952821165645
vn 0.9997690868614713 0.013898068973030194 0.01638952821165645
vn 0.9997690868614713 0.013898068973030194 0.01638952821165645
vn 0.5071782413403488 0.5750189359678238 -0.6419684219565184
vn 0.5071782413403488 0.5750189359678238 -0.6419684219565184
vn 0.5071782413403488 0.5750189359678238 -0.6419684219565184
vn 0.7486957818627042 0.26698839346904024 -0.6067716407132214
vn 0.7486957818627042 0.26698839346904024 -0.6067716407132214
vn 0.7486957818627042 0.26698839346904024 -0.6067716407132214
vn -0.152200254973175 0.9578429659109043 -0.2436635693761018
vn -0.152200254973175 0.9578429659109043 -0.2436635693761018
vn -0.152200254973175 0.9578429659109043 -0.2436635693761018
vn 0.9991785741226078 0.0026631811253417887 -0.04043617786840877
vn 0.9991785741226078 0.0026631811253417887 -0.04043617786840877
vn 0.9991785741226078 0.0026631811253417887 -0.04043617786840877
vn 0.9728135421307714 0.0070103387953464515 -0.23148362230826722
vn 0.9728135421307714 0.0070103387953464515 -0.23148362230826722
vn 0.9728135421307714 0.0070103387953464515 -0.23148362230826722
vn 0.9265234500342253 -0.011507630385434972 -0.37606099369595425
vn 0.9265234500342253 -0.011507630385434972 -0.37606099369595425
vn 0.9265234500342253 -0.011507630385434972 -0.37606099369595425
vn 0.8871136248046813 0.008133846280402694 -0.4614794223262679
vn 0.8871136248046813 0.008133846280402694 -0.4614794223262679
vn 0.8871136248046813 0.008133846280402694 -0.4614794223262679
vn 0.8165748154606574 -0.018920295022152395 -0.5769294525257556
vn 0.8165748154606574 -0.018920295022152395 -0.5769294525257556
vn 0.8165748154606574 -0.018920295022152395 -0.5769294525257556
vn 0.680960714175004 -0.019442809727337734 -0.7320618026506882
vn 0.680960714175004 -0.019442809727337734 -0.7320618026506882
vn 0.680960714175004 -0.019442809727337734 -0.7320618026506882
vn 0.5692088610280905 -0.009239199581549614 -0.8221410522034502
vn 0.5692088610280905 -0.009239199581549614 -0.8221410522034502
vn 0.5692088610280905 -0.009239199581549614 -0.8221410522034502
vn -0.09762865171349243 -0.0026458447902683387 -0.9952193958469416
vn -0.09762865171349243 -0.0026458447902683387 -0.9952193958469416
vn -0.09762865171349243 -0.0026458447902683387 -0.9952193958469416
vn -0.637832052742073 -0.018631028221371762 -0.7699501005144735
vn -0.637832052742073 -0.018631028221371762 -0.7699501005144735
vn -0.637832052742073 -0.018631028221371762 -0.7699501005144735
vn -0.7302278964567746 0.007528677208079105 -0.6831621610246067
vn -0.7302278964567746 0.007528677208079105 -0.6831621610246067
vn -0.7302278964567746 0.007528677208079105 -0.6831621610246067
vn -0.7659434642765305 -0.010225160934139563 -0.6428266139605129
vn -0.7659434642765305 -0.010225160934139563 -0.6428266139605129
vn -0.7659434642765305 -0.010225160934139563 -0.6428266139605129
vn -0.8619576633027828 -0.005819758825773112 -0.5069468582413904
vn -0.8619576633027828 -0.005819758825773112 -0.5069468582413904
vn -0.8619576633027828 -0.005819758825773112 -0.5069468582413904
vn -0.8723753767184225 0.0010747582513047796 -0.4888353986671705
vn -0.8723753767184225 0.0010747582513047796 -0.4888353986671705
vn -0.8723753767184225 0.0010747582513047796 -0.4888353986671705
vn -0.9331642531925549 -0.00383513473248118 -0.3594297821621981
vn -0.9331642531925549 -0.00383513473248118 -0.3594297821621981
vn -0.9331642531925549 -0.00383513473248118 -0.3594297821621981
vn -0.9549093154392716 0.0069973994303120434 -0.29681515407491266
vn -0.9549093154392716 0.0069973994303120434 -0.29681515407491266
vn -0.9549093154392716 0.0069973994303120434 -0.29681515407491266
vn -0.9758064205493837 -0.0049172593556233235 -0.21858099225465388
vn -0.9758064205493837 -0.0049172593556233235 -0.21858099225465388
vn -0.9758064205493837 -0.0049172593556233235 -0.21858099225465388
vn -0.9967845356454874 0.0029471380049740977 -0.08007436465929431
vn -0.9967845356454874 0.0029471380049740977 -0.08007436465929431
vn -0.9967845356454874 0.0029471380049740977 -0.08007436465929431
vn -0.8441108291272957 0.5361029395270296 0.008399189276788704
vn -0.8441108291272957 0.5361029395270296 0.008399189276788704
vn -0.8441108291272957 0.5361029395270296 0.008399189276788704
vn -0.7662925930309904 0.6422612843173037 0.017207688192440975
vn -0.7662925930309904 0.6422612843173037 0.017207688192440975
vn -0.7662925930309904 0.6422612843173037 0.017207688192440975
vn -0.8112893757409574 0.5844619315065893 -0.014621881870495998
vn -0.8112893757409574 0.5844619315065893 -0.014621881870495998
vn -0.8112893757409574 0.5844619315065893 -0.014621881870495998
vn -0.6344310536794218 0.7726091019215836 -0.02392516990832938
vn -0.6344310536794218 0.7726091019215836 -0.02392516990832938
vn -0.6344310536794218 0.7726091019215836 -0.02392516990832938
vn -0.6540729554693079 0.7563997085900311 0.006931794036229542
vn -0.6540729554693079 0.7563997085900311 0.006931794036229542
vn -0.6540729554693079 0.7563997085900311 0.006931794036229542
vn -0.4501516016453783 0.8909756126355658 0.05938007430762284
vn -0.4501516016453783 0.8909756126355658 0.05938007430762284
vn -0.4501516016453783 0.8909756126355658 0.05938007430762284
vn -0.39349047313342433 0.9119141921248196 -0.11652361887004481
vn -0.39349047313342433 0.9119141921248196 -0.11652361887004481
vn -0.39349047313342433 0.9119141921248196 -0.11652361887004481
vn 0.21384361500710433 0.9754793696141828 0.05206637857398882
vn 0.21384361500710433 0.9754793696141828 0.05206637857398882
vn 0.21384361500710433 0.9754793696141828 0.05206637857398882
vn 0.13367137291890369 0.9908581956556582 0.018220871658311856
vn 0.13367137291890369 0.9908581956556582 0.018220871658311856
vn 0.13367137291890369 0.9908581956556582 0.018220871658311856
vn 0.3060440478403574 0.9232380563020619 -0.23231128293107073
vn 0.3060440478403574 0.9232380563020619 -0.23231128293107073
vn 0.3060440478403574 0.9232380563020619 -0.23231128293107073
vn 0.37661886538857253 0.9261880596597859 0.018273160018594973
vn 0.37661886538857253 0.9261880596597859 0.018273160018594973
vn 0.37661886538857253 0.9261880596597859 0.018273160018594973
vn 0.5300422773590703 0.846855499906983 0.04348501453724396
vn 0.5300422773590703 0.846855499906983 0.04348501453724396
vn 0.5300422773590703 0.846855499906983 0.04348501453724396
vn 0.6868504835441333 0.7264130662464341 0.023674256939637348
vn 0.6868504835441333 0.7264130662464341 0.023674256939637348
vn 0.6868504835441333 0.7264130662464341 0.023674256939637348
vn 0.6268663343740538 0.7774110358766745 -0.05167862348779361
vn 0.6268663343740538 0.7774110358766745 -0.05167862348779361
vn 0.6268663343740538 0.7774110358766745 -0.05167862348779361
vn 0.812417823926173 0.5829339757854018 -0.012855319602650005
vn 0.812417823926173 0.5829339757854018 -0.012855319602650005
vn 0.812417823926173 0.5829339757854018 -0.012855319602650005
vn 0.8223285785066506 0.5690113382172409 0.0013438569328794337
vn 0.8223285785066506 0.5690113382172409 0.0013438569328794337
vn 0.8223285785066506 0.5690113382172409 0.0013438569328794337
vn 0.8824844428006353 0.47020408871639086 0.011372034525136996
vn 0.8824844428006353 0.47020408871639086 0.011372034525136996
vn 0.8824844428006353 0.47020408871639086 0.011372034525136996
vn 0.9438554271978473 0.32990367001459986 -0.01733496639936682
vn 0.9438554271978473 0.32990367001459986 -0.01733496639936682
vn 0.9438554271978473 0.32990367001459986 -0.01733496639936682
vn 0.9636978340232593 0.2669091774516751 0.0067805376592826455
vn 0.9636978340232593 0.2669091774516751 0.0067805376592826455
vn 0.9636978340232593 0.2669091774516751 0.0067805376592826455
vn 0.9986090737731325 0.052682485841008736 -0.0021150564007981765
vn 0.9986090737731325 0.052682485841008736 -0.0021150564007981765
vn 0.9986090737731325 0.052682485841008736 -0.0021150564007981765
vn 0.9989875727595704 0.044857510209056504 -0.00341075501708237
vn 0.9989875727595704 0.044857510209056504 -0.00341075501708237
vn 0.9989875727595704 0.044857510209056504 -0.00341075501708237
vn 0.9994271836288531 0.0015547406847750145 -0.03380661777081341
vn 0.9994271836288531 0.0015547406847750145 -0.03380661777081341
vn 0.9994271836288531 0.0015547406847750145 -0.03380661777081341
vn 0.8571262391917337 0.363183380541825 -0.3652840568478822
vn 0.8571262391917337 0.363183380541825 -0.3652840568478822
vn 0.8571262391917337 0.363183380541825 -0.3652840568478822
vn 0.927691398002685 0.2184187914078546 -0.30279019408124225
vn 0.927691398002685 0.2184187914078546 -0.30279019408124225
vn 0.927691398002685 0.2184187914078546 -0.30279019408124225
vn 0.9564024791226639 0.2093289938310881 -0.2036557641454984
vn 0.9564024791226639 0.2093289938310881 -0.2036557641454984
vn 0.9564024791226639 0.2093289938310881 -0.2036557641454984
vn 0.9932383948371022 0.09569264254806574 -0.06572981959190792
vn 0.9932383948371022 0.09569264254806574 -0.06572981959190792
vn 0.9932383948371022 0.09569264254806574 -0.06572981959190792
vn 0.8748545463311262 0.19732887629355453 -0.44236957099746593
vn 0.8748545463311262 0.19732887629355453 -0.44236957099746593
vn 0.8748545463311262 0.19732887629355453 -0.44236957099746593
vn 0.9844024643675384 -0.002363351607252628 -0.17591532825850606
vn 0.9844024643675384 -0.002363351607252628 -0.17591532825850606
vn 0.9844024643675384 -0.002363351607252628 -0.17591532825850606
vn -0.476853324195064 0.49910424534201925 -0.7235370477630642
vn -0.476853324195064 0.49910424534201925 -0.7235370477630642
vn -0.476853324195064 0.49910424534201925 -0.7235370477630642
vn -0.9880966005226162 0.10165596067067516 -0.11546070195426451
vn -0.9880966005226162 0.10165596067067516 -0.11546070195426451
vn -0.9880966005226162 0.10165596067067516 -0.11546070195426451
vn -0.9260114880620387 -0.03062888558824591 -0.3762507080986703
vn -0.9260114880620387 -0.03062888558824591 -0.3762507080986703
vn -0.9260114880620387 -0.03062888558824591 -0.3762507080986703
vn -0.7536705869976862 0.4201144652791744 -0.5054547282969631
vn -0.7536705869976862 0.4201144652791744 -0.5054547282969631
vn -0.7536705869976862 0.4201144652791744 -0.5054547282969631
vn -0.9991177604341478 0.025754536302457432 -0.0331723475940196
vn -0.9991177604341478 0.025754536302457432 -0.0331723475940196
vn -0.9991177604341478 0.025754536302457432 -0.0331723475940196
vn -0.9553318808025584 0.17626527299211628 -0.23721625378388614
vn -0.9553318808025584 0.17626527299211628 -0.23721625378388614
vn -0.9553318808025584 0.17626527299211628 -0.23721625378388614
vn -0.91508363982915 0.3125515854479037 -0.25482040450292875
vn -0.91508363982915 0.3125515854479037 -0.25482040450292875
vn -0.91508363982915 0.3125515854479037 -0.25482040450292875
vn -0.9059131074742192 0.22426838997727874 -0.3592006834116596
vn -0.9059131074742192 0.22426838997727874 -0.3592006834116596
vn -0.9059131074742192 0.22426838997727874 -0.3592006834116596
vn -0.7957707173088449 0.1931162656037921 -0.5739817709936545
vn -0.7957707173088449 0.1931162656037921 -0.5739817709936545
vn -0.7957707173088449 0.1931162656037921 -0.5739817709936545
vn -0.9982180799494929 0.00004779696707784033 -0.05967128771358679
vn -0.9982180799494929 0.00004779696707784033 -0.05967128771358679
vn -0.9982180799494929 0.00004779696707784033 -0.05967128771358679
vn -0.3666083463260709 0.3981438223298269 -0.8408803821856344
vn -0.3666083463260709 0.3981438223298269 -0.8408803821856344
vn -0.3666083463260709 0.3981438223298269 -0.8408803821856344
vn -0.9371990196380621 0.3487758424395685 -0.0036618738406234215
vn -0.9371990196380621 0.3487758424395685 -0.0036618738406234215
vn -0.9371990196380621 0.3487758424395685 -0.0036618738406234215
vn -0.5705090184027785 0.4475629940546645 -0.6886267684848756
vn -0.5705090184027785 0.4475629940546645 -0.6886267684848756
vn -0.5705090184027785 0.4475629940546645 -0.6886267684848756
vn -0.9763430753151302 0.2162264988264482 0.0005481691802390739
vn -0.9763430753151302 0.2162264988264482 0.0005481691802390739
vn -0.9763430753151302 0.2162264988264482 0.0005481691802390739
vn -0.996539462245811 0.0826121708333927 -0.009183104977302623
vn -0.996539462245811 0.0826121708333927 -0.009183104977302623
vn -0.996539462245811 0.0826121708333927 -0.009183104977302623
vn -0.9443655063504547 0.3287055509618927 -0.011245051457775618
vn -0.9443655063504547 0.3287055509618927 -0.011245051457775618
vn -0.9443655063504547 0.3287055509618927 -0.011245051457775618
vn -0.9948668439088812 0.1002612780390038 -0.013698139171707797
vn -0.9948668439088812 0.1002612780390038 -0.013698139171707797
vn -0.9948668439088812 0.1002612780390038 -0.013698139171707797
vn -0.8221500314284396 0.44503732424171105 -0.3549804302408709
vn -0.8221500314284396 0.44503732424171105 -0.3549804302408709
vn -0.8221500314284396 0.44503732424171105 -0.3549804302408709
vn -0.5344296125287792 0.7267875112782386 -0.4314683101947617
vn -0.5344296125287792 0.7267875112782386 -0.4314683101947617
vn -0.5344296125287792 0.7267875112782386 -0.4314683101947617
vn -0.9179234530436394 0.31541311829310603 -0.2406888014866095
vn -0.9179234530436394 0.31541311829310603 -0.2406888014866095
vn -0.9179234530436394 0.31541311829310603 -0.2406888014866095
vn -0.8507867882470269 0.46131285108378944 -0.25169881678159356
vn -0.8507867882470269 0.46131285108378944 -0.25169881678159356
vn -0.8507867882470269 0.46131285108378944 -0.25169881678159356
vn -0.7209554932278339 0.5313107983308578 -0.4448955072392137
vn -0.7209554932278339 0.5313107983308578 -0.4448955072392137
vn -0.7209554932278339 0.5313107983308578 -0.4448955072392137
vn -0.9992199266467899 -0.034790563375574235 -0.018685686821574357
vn -0.9992199266467899 -0.034790563375574235 -0.018685686821574357
vn -0.9992199266467899 -0.034790563375574235 -0.018685686821574357
vn -0.988480263606557 0.10146597708144053 -0.11230059641524666
vn -0.988480263606557 0.10146597708144053 -0.11230059641524666
vn -0.988480263606557 0.10146597708144053 -0.11230059641524666
vn -0.5982959899582535 0.5559445650301797 -0.5770334037239765
vn -0.5982959899582535 0.5559445650301797 -0.5770334037239765
vn -0.5982959899582535 0.5559445650301797 -0.5770334037239765
vn -0.6357324219561116 0.370327806114921 -0.6772751314583507
vn -0.6357324219561116 0.370327806114921 -0.6772751314583507
vn -0.6357324219561116 0.370327806114921 -0.6772751314583507
vn -0.300484426354776 0.9535348056875736 0.021919942075707737
vn -0.300484426354776 0.9535348056875736 0.021919942075707737
vn -0.300484426354776 0.9535348056875736 0.021919942075707737
vn 0.029376746849418964 0.8908954190791235 -0.4532574974651583
vn 0.029376746849418964 0.8908954190791235 -0.4532574974651583
vn 0.029376746849418964 0.8908954190791235 -0.4532574974651583
vn 0.8794861972764416 0.4073581966172621 -0.24609617723352836
vn 0.8794861972764416 0.4073581966172621 -0.24609617723352836
vn 0.8794861972764416 0.4073581966172621 -0.24609617723352836
vn 0.74738275196862 0.5621679960515011 -0.3540990910398549
vn 0.74738275196862 0.5621679960515011 -0.3540990910398549
vn 0.74738275196862 0.5621679960515011 -0.3540990910398549
vn 0.9997141116602184 0.005268672352252535 -0.02332243638784125
vn 0.9997141116602184 0.005268672352252535 -0.02332243638784125
vn 0.9997141116602184 0.005268672352252535 -0.02332243638784125
vn 0.4884271821375122 0.5397922884010954 -0.6856115322337557
vn 0.4884271821375122 0.5397922884010954 -0.6856115322337557
vn 0.4884271821375122 0.5397922884010954 -0.6856115322337557
vn 0.6225491760495393 0.4360677300716836 -0.6498287914444613
vn 0.6225491760495393 0.4360677300716836 -0.6498287914444613
vn 0.6225491760495393 0.4360677300716836 -0.6498287914444613
vn 0.65421863414866 0.4745854582778656 -0.5888689340794349
vn 0.65421863414866 0.4745854582778656 -0.5888689340794349
vn 0.65421863414866 0.4745854582778656 -0.5888689340794349
vn 0.7830386686880155 0.3666594293264049 -0.5024055197003068
vn 0.7830386686880155 0.3666594293264049 -0.5024055197003068
vn 0.7830386686880155 0.3666594293264049 -0.5024055197003068
vn 0.9764331315536388 0.11999366108402414 -0.1793874602752567
vn 0.9764331315536388 0.11999366108402414 -0.1793874602752567
vn 0.9764331315536388 0.11999366108402414 -0.1793874602752567
vn 0.395736658895346 0.7227230565097762 -0.5666249909733202
vn 0.395736658895346 0.7227230565097762 -0.5666249909733202
vn 0.395736658895346 0.7227230565097762 -0.5666249909733202
vn 0.2600342021496961 0.6437488760171439 -0.7197010478935228
vn 0.2600342021496961 0.6437488760171439 -0.7197010478935228
vn 0.2600342021496961 0.6437488760171439 -0.7197010478935228
vn 0.27858456117027647 0.7213666814425552 -0.634051065121824
vn 0.27858456117027647 0.7213666814425552 -0.634051065121824
vn 0.27858456117027647 0.7213666814425552 -0.634051065121824
vn 0.04160231345916628 0.520588874074122 -0.8527933346978523
vn 0.04160231345916628 0.520588874074122 -0.8527933346978523
vn 0.04160231345916628 0.520588874074122 -0.8527933346978523
vn -0.01828560785847636 0.9290287463860192 -0.3695554423001613
vn -0.01828560785847636 0.9290287463860192 -0.3695554423001613
vn -0.01828560785847636 0.9290287463860192 -0.3695554423001613
vn -0.26902308361173277 0.35504793198372075 -0.8953030472851737
vn -0.26902308361173277 0.35504793198372075 -0.8953030472851737
vn -0.26902308361173277 0.35504793198372075 -0.8953030472851737
vn -0.322975744682166 0.7716397998889557 -0.5479586549862432
vn -0.322975744682166 0.7716397998889557 -0.5479586549862432
vn -0.322975744682166 0.7716397998889557 -0.5479586549862432
vn -0.9999612803638658 0.008798303288323761 0.00016622967475441784
vn -0.9999612803638658 0.008798303288323761 0.00016622967475441784
vn -0.9999612803638658 0.008798303288323761 0.00016622967475441784
vn -0.9878651567713531 -0.1553024362281668 0.0018934990642480228
vn -0.9878651567713531 -0.1553024362281668 0.0018934990642480228
vn -0.9878651567713531 -0.1553024362281668 0.0018934990642480228
vn -0.9799850317205548 -0.198973322476971 -0.0062413577159724475
vn -0.9799850317205548 -0.198973322476971 -0.0062413577159724475
vn -0.9799850317205548 -0.198973322476971 -0.0062413577159724475
vn -0.8771166248421028 -0.48027450081800016 -0.001682346462140631
vn -0.8771166248421028 -0.48027450081800016 -0.001682346462140631
vn -0.8771166248421028 -0.48027450081800016 -0.001682346462140631
vn -0.8922377420224866 -0.4515406884303077 0.004776861155478969
vn -0.8922377420224866 -0.4515406884303077 0.004776861155478969
vn -0.8922377420224866 -0.4515406884303077 0.004776861155478969
vn -0.7169902119970313 -0.6970810691175766 0.0017375207475706003
vn -0.7169902119970313 -0.6970810691175766 0.0017375207475706003
vn -0.7169902119970313 -0.6970810691175766 0.0017375207475706003
vn -0.7092282756470534 -0.7049784048792673 -0.0008376613822974588
vn -0.7092282756470534 -0.7049784048792673 -0.0008376613822974588
vn -0.7092282756470534 -0.7049784048792673 -0.0008376613822974588
vn -0.5047621848271343 -0.8632575480932766 0.0012419454586145714
vn -0.5047621848271343 -0.8632575480932766 0.0012419454586145714
vn -0.5047621848271343 -0.8632575480932766 0.0012419454586145714
vn -0.4907209749860186 -0.8713127751697137 -0.0026405557792050257
vn -0.4907209749860186 -0.8713127751697137 -0.0026405557792050257
vn -0.4907209749860186 -0.8713127751697137 -0.0026405557792050257
vn -0.25592029553806034 -0.9666976506085885 0.0006742696398758291
vn -0.25592029553806034 -0.9666976506085885 0.0006742696398758291
vn -0.25592029553806034 -0.9666976506085885 0.0006742696398758291
vn -0.2452026894700357 -0.9694697821600269 -0.001995634047498093
vn -0.2452026894700357 -0.9694697821600269 -0.001995634047498093
vn -0.2452026894700357 -0.9694697821600269 -0.001995634047498093
vn 0.007345975805981028 -0.9999305556414576 0.009215233801904471
vn 0.007345975805981028 -0.9999305556414576 0.009215233801904471
vn 0.007345975805981028 -0.9999305556414576 0.009215233801904471
vn 0.04166914809883198 -0.9991304669905489 -0.0014113922081696087
vn 0.04166914809883198 -0.9991304669905489 -0.0014113922081696087
vn 0.04166914809883198 -0.9991304669905489 -0.0014113922081696087
vn 0.2684452796670602 -0.9632081263576259 -0.0129320200705647
vn 0.2684452796670602 -0.9632081263576259 -0.0129320200705647
vn 0.2684452796670602 -0.9632081263576259 -0.0129320200705647
vn 0.5155096704399934 -0.8568598122213665 -0.006406393900909263
vn 0.5155096704399934 -0.8568598122213665 -0.006406393900909263
vn 0.5155096704399934 -0.8568598122213665 -0.006406393900909263
vn 0.41715188926566793 -0.9087751314306052 0.010585923453828017
vn 0.41715188926566793 -0.9087751314306052 0.010585923453828017
vn 0.41715188926566793 -0.9087751314306052 0.010585923453828017
vn 0.725560626114917 -0.6881303386453019 -0.00619797286470136
vn 0.725560626114917 -0.6881303386453019 -0.00619797286470136
vn 0.725560626114917 -0.6881303386453019 -0.00619797286470136
vn 0.662700522365808 -0.7488613594744722 0.005889137638973119
vn 0.662700522365808 -0.7488613594744722 0.005889137638973119
vn 0.662700522365808 -0.7488613594744722 0.005889137638973119
vn 0.8829576865411918 -0.4694288019819122 -0.00472479075230392
vn 0.8829576865411918 -0.4694288019819122 -0.00472479075230392
vn 0.8829576865411918 -0.4694288019819122 -0.00472479075230392
vn 0.8458793427741509 -0.5333258080319776 0.00719165871050913
vn 0.8458793427741509 -0.5333258080319776 0.00719165871050913
vn 0.8458793427741509 -0.5333258080319776 0.00719165871050913
vn 0.99970854240211 -0.024113524925031934 0.001169685401442749
vn 0.99970854240211 -0.024113524925031934 0.001169685401442749
vn 0.99970854240211 -0.024113524925031934 0.001169685401442749
vn 0.9723218859890663 -0.23359616534341687 -0.004793909001663258
vn 0.9723218859890663 -0.23359616534341687 -0.004793909001663258
vn 0.9723218859890663 -0.23359616534341687 -0.004793909001663258
vn 0.9796708618086 -0.20058792411486354 0.0030801335173437443
vn 0.9796708618086 -0.20058792411486354 0.0030801335173437443
vn 0.9796708618086 -0.20058792411486354 0.0030801335173437443
vn -0.00017770984659155572 0.9999999728635781 0.00015063881756342915
vn -0.00017770984659155572 0.9999999728635781 0.00015063881756342915
vn -0.00017770984659155572 0.9999999728635781 0.00015063881756342915
vn 0.00020991010573010715 0.999999854958419 -0.0004960049281289841
vn 0.00020991010573010715 0.999999854958419 -0.0004960049281289841
vn 0.00020991010573010715 0.999999854958419 -0.0004960049281289841
vn 0.00008485379097252056 0.9999999600652921 -0.00026957234315898743
vn 0.00008485379097252056 0.9999999600652921 -0.00026957234315898743
vn 0.00008485379097252056 0.9999999600652921 -0.00026957234315898743
vn 0.0004082140106330399 0.9999999121269134 -0.00009543315266800716
vn 0.0004082140106330399 0.9999999121269134 -0.00009543315266800716
vn 0.0004082140106330399 0.9999999121269134 -0.00009543315266800716
vn -0.00009053571501583048 0.9999999938612714 0.00006388068101735437
vn -0.00009053571501583048 0.9999999938612714 0.00006388068101735437
vn -0.00009053571501583048 0.9999999938612714 0.00006388068101735437
vn -0.0005139896962953823 0.9999997326218073 0.0005201643065786077
vn -0.0005139896962953823 0.9999997326218073 0.0005201643065786077
vn -0.0005139896962953823 0.9999997326218073 0.0005201643065786077
vn -0.0007576876661972435 0.9999981513033271 0.0017672858649791904
vn -0.0007576876661972435 0.9999981513033271 0.0017672858649791904
vn -0.0007576876661972435 0.9999981513033271 0.0017672858649791904
vn 0.0004488873256028374 0.9999977988051426 -0.0020496060691704435
vn 0.0004488873256028374 0.9999977988051426 -0.0020496060691704435
vn 0.0004488873256028374 0.9999977988051426 -0.0020496060691704435
vn -0.001316837152921246 0.9999977956809595 0.001635412221633606
vn -0.001316837152921246 0.9999977956809595 0.001635412221633606
vn -0.001316837152921246 0.9999977956809595 0.001635412221633606
vn 0.00013464110357757877 0.9999999603909736 -0.00024716355750023793
vn 0.00013464110357757877 0.9999999603909736 -0.00024716355750023793
vn 0.00013464110357757877 0.9999999603909736 -0.00024716355750023793
vn -0.00007688744431071707 0.9999999887579581 0.00012873385131456625
vn -0.00007688744431071707 0.9999999887579581 0.00012873385131456625
vn -0.00007688744431071707 0.9999999887579581 0.00012873385131456625
vn 0.0003187201783038472 0.9999995772084797 -0.0008625545258181758
vn 0.0003187201783038472 0.9999995772084797 -0.0008625545258181758
vn 0.0003187201783038472 0.9999995772084797 -0.0008625545258181758
vn -0.0000016842284364772738 0.9999999998583857 0.00001674491067878326
vn -0.0000016842284364772738 0.9999999998583857 0.00001674491067878326
vn -0.0000016842284364772738 0.9999999998583857 0.00001674491067878326
vn -0.032108057235851174 0.9983668310396384 0.04725191361637471
vn -0.032108057235851174 0.9983668310396384 0.04725191361637471
vn -0.032108057235851174 0.9983668310396384 0.04725191361637471
vn -0.0004694797867828374 0.9999998586549008 0.00024955742440045084
vn -0.0004694797867828374 0.9999998586549008 0.00024955742440045084
vn -0.0004694797867828374 0.9999998586549008 0.00024955742440045084
vn 0.0003092720852823103 0.9999990401925333 -0.001350542405719033
vn 0.0003092720852823103 0.9999990401925333 -0.001350542405719033
vn 0.0003092720852823103 0.9999990401925333 -0.001350542405719033
vn -0.000013095464877342656 0.9999999933167507 0.00011486952203622705
vn -0.000013095464877342656 0.9999999933167507 0.00011486952203622705
vn -0.000013095464877342656 0.9999999933167507 0.00011486952203622705
vn -0.00006427423731391807 0.9999998111830916 0.0006111485938875834
vn -0.00006427423731391807 0.9999998111830916 0.0006111485938875834
vn -0.00006427423731391807 0.9999998111830916 0.0006111485938875834
vn 0.00006447949244926732 0.9999999957834576 0.00006538715360589428
vn 0.00006447949244926732 0.9999999957834576 0.00006538715360589428
vn 0.00006447949244926732 0.9999999957834576 0.00006538715360589428
vn 0.0003848990795962776 0.9999999156704339 -0.00014321949502712344
vn 0.0003848990795962776 0.9999999156704339 -0.00014321949502712344
vn 0.0003848990795962776 0.9999999156704339 -0.00014321949502712344
vn 0.0015611536576673963 0.9999981975003155 -0.0010806458148520152
vn 0.0015611536576673963 0.9999981975003155 -0.0010806458148520152
vn 0.0015611536576673963 0.9999981975003155 -0.0010806458148520152
vn -0.0009168947400553891 0.9999986093910558 0.0013930254807048728
vn -0.0009168947400553891 0.9999986093910558 0.0013930254807048728
vn -0.0009168947400553891 0.9999986093910558 0.0013930254807048728
vn 0.004828030148695922 0.9999708336897885 -0.005917929928008678
vn 0.004828030148695922 0.9999708336897885 -0.005917929928008678
vn 0.004828030148695922 0.9999708336897885 -0.005917929928008678
vn -0.00020021971607986664 -0.4185916818310152 0.9081745227729896
vn -0.00020021971607986664 -0.4185916818310152 0.9081745227729896
vn -0.00020021971607986664 -0.4185916818310152 0.9081745227729896
vn -0.000356821955634654 -0.41978764669464785 0.90762228066562
vn -0.000356821955634654 -0.41978764669464785 0.90762228066562
vn -0.000356821955634654 -0.41978764669464785 0.90762228066562
vn 0.000020297669697069273 -0.41996252252033517 0.9075414476850969
vn 0.000020297669697069273 -0.41996252252033517 0.9075414476850969
vn 0.000020297669697069273 -0.41996252252033517 0.9075414476850969
vn -0.0009188310793694492 -0.41908376734005737 0.9079471084273094
vn -0.0009188310793694492 -0.41908376734005737 0.9079471084273094
vn -0.0009188310793694492 -0.41908376734005737 0.9079471084273094
vn 0.000034801516311641066 -0.4199442250833506 0.9075499141138181
vn 0.000034801516311641066 -0.4199442250833506 0.9075499141138181
vn 0.000034801516311641066 -0.4199442250833506 0.9075499141138181
vn 0.0000020717061599055756 -0.41997808442041007 0.9075342465176017
vn 0.0000020717061599055756 -0.41997808442041007 0.9075342465176017
vn 0.0000020717061599055756 -0.41997808442041007 0.9075342465176017
vn 0.0015297775122486675 -0.4208977446965881 0.9071068009281426
vn 0.0015297775122486675 -0.4208977446965881 0.9071068009281426
vn 0.0015297775122486675 -0.4208977446965881 0.9071068009281426
vn 0.0007027537310464978 -0.4213271199661745 0.906908465126554
vn 0.0007027537310464978 -0.4213271199661745 0.906908465126554
vn 0.0007027537310464978 -0.4213271199661745 0.906908465126554
vn -0.000022186177322314598 -0.419907509278522 0.9075669028558069
vn -0.000022186177322314598 -0.419907509278522 0.9075669028558069
vn -0.000022186177322314598 -0.419907509278522 0.9075669028558069
vn -0.0001564940925673299 -0.4198792338698913 0.9075799713933929
vn -0.0001564940925673299 -0.4198792338698913 0.9075799713933929
vn -0.0001564940925673299 -0.4198792338698913 0.9075799713933929
vn 0.0008951281109995651 -0.4201867837422614 0.9074371964571426
vn 0.0008951281109995651 -0.4201867837422614 0.9074371964571426
vn 0.0008951281109995651 -0.4201867837422614 0.9074371964571426
vn -0.00020820635410801817 -0.41995154952533814 0.9075465016743669
vn -0.00020820635410801817 -0.41995154952533814 0.9075465016743669
vn -0.00020820635410801817 -0.41995154952533814 0.9075465016743669
vn 0.000004533296315794203 -0.4199272105735937 0.9075577875812262
vn 0.000004533296315794203 -0.4199272105735937 0.9075577875812262
vn 0.000004533296315794203 -0.4199272105735937 0.9075577875812262
vn -0.000005466020346917154 -0.4199747691674486 0.9075357806901448
vn -0.000005466020346917154 -0.4199747691674486 0.9075357806901448
vn -0.000005466020346917154 -0.4199747691674486 0.9075357806901448
vn 0.0000021207842754246954 -0.41997914981060974 0.9075337534879127
vn 0.0000021207842754246954 -0.41997914981060974 0.9075337534879127
vn 0.0000021207842754246954 -0.41997914981060974 0.9075337534879127
vn -0.0004879512250162468 -0.42003430008027803 0.907508098398947
vn -0.0004879512250162468 -0.42003430008027803 0.907508098398947
vn -0.0004879512250162468 -0.42003430008027803 0.907508098398947
vn 0.000005756640484967061 -0.41999865574562034 0.9075247264613417
vn 0.000005756640484967061 -0.41999865574562034 0.9075247264613417
vn 0.000005756640484967061 -0.41999865574562034 0.9075247264613417
vn 0.0003715324918758839 -0.4197989475254446 0.9076170478897674
vn 0.0003715324918758839 -0.4197989475254446 0.9076170478897674
vn 0.0003715324918758839 -0.4197989475254446 0.9076170478897674
vn -0.0000039176142929392386 -0.41992452430932814 0.9075590305143995
vn -0.0000039176142929392386 -0.41992452430932814 0.9075590305143995
vn -0.0000039176142929392386 -0.41992452430932814 0.9075590305143995
vn -0.000012707405573136089 -0.4199363347326065 0.9075535656972905
vn -0.000012707405573136089 -0.4199363347326065 0.9075535656972905
vn -0.000012707405573136089 -0.4199363347326065 0.9075535656972905
vn 0.0000018496597249354694 -9.990798162085164e-7 -0.9999999999977904
vn 0.0000018496597249354694 -9.990798162085164e-7 -0.9999999999977904
vn 0.0000018496597249354694 -9.990798162085164e-7 -0.9999999999977904
vn -0.000002098123104579604 0.0000019007954961049332 -0.9999999999959925
vn -0.000002098123104579604 0.0000019007954961049332 -0.9999999999959925
vn -0.000002098123104579604 0.0000019007954961049332 -0.9999999999959925
vn 0.000002869779109448131 2.897655235744193e-7 -0.9999999999958402
vn 0.000002869779109448131 2.897655235744193e-7 -0.9999999999958402
vn 0.000002869779109448131 2.897655235744193e-7 -0.9999999999958402
vn -7.229448328868297e-7 6.058383519300184e-7 -0.9999999999995552
vn -7.229448328868297e-7 6.058383519300184e-7 -0.9999999999995552
vn -7.229448328868297e-7 6.058383519300184e-7 -0.9999999999995552
vn -0.0000014454649317452703 0.0000015756884295078994 -0.999999999997714
vn -0.0000014454649317452703 0.0000015756884295078994 -0.999999999997714
vn -0.0000014454649317452703 0.0000015756884295078994 -0.999999999997714
vn 0.0000016718186088813918 -2.193098822541808e-7 -0.9999999999985785
vn 0.0000016718186088813918 -2.193098822541808e-7 -0.9999999999985785
vn 0.0000016718186088813918 -2.193098822541808e-7 -0.9999999999985785
vn 0.0000019966855688491887 -0.000005516461896964412 -0.9999999999827911
vn 0.0000019966855688491887 -0.000005516461896964412 -0.9999999999827911
vn 0.0000019966855688491887 -0.000005516461896964412 -0.9999999999827911
vn 0.0000020891150143077174 -0.0000013926492101701785 -0.9999999999968481
vn 0.0000020891150143077174 -0.0000013926492101701785 -0.9999999999968481
vn 0.0000020891150143077174 -0.0000013926492101701785 -0.9999999999968481
vn 0.0000019452056676476714 -0.0000012085566822829748 -0.9999999999973779
vn 0.0000019452056676476714 -0.0000012085566822829748 -0.9999999999973779
vn 0.0000019452056676476714 -0.0000012085566822829748 -0.9999999999973779
vn -1.3259084497007433e-8 3.379521160695538e-7 -0.9999999999999429
vn -1.3259084497007433e-8 3.379521160695538e-7 -0.9999999999999429
vn -1.3259084497007433e-8 3.379521160695538e-7 -0.9999999999999429
vn 0.000001014803729048594 -3.0272045137263684e-7 -0.9999999999994393
vn 0.000001014803729048594 -3.0272045137263684e-7 -0.9999999999994393
vn 0.000001014803729048594 -3.0272045137263684e-7 -0.9999999999994393
vn 0.0000015952628018541055 -8.663684525330888e-7 -0.9999999999983524
vn 0.0000015952628018541055 -8.663684525330888e-7 -0.9999999999983524
vn 0.0000015952628018541055 -8.663684525330888e-7 -0.9999999999983524
vn -0.9815478043483178 -0.005697306547886546 -0.1911320184508491
vn -0.9815478043483178 -0.005697306547886546 -0.1911320184508491
vn -0.9815478043483178 -0.005697306547886546 -0.1911320184508491
vn -0.994971835655181 0.08248486567848938 0.05680927025548874
vn -0.994971835655181 0.08248486567848938 0.05680927025548874
vn -0.994971835655181 0.08248486567848938 0.05680927025548874
vn -0.9378527909310053 0.3264374701779267 0.1177740234803905
vn -0.9378527909310053 0.3264374701779267 0.1177740234803905
vn -0.9378527909310053 0.3264374701779267 0.1177740234803905
vn -0.8325757971519242 0.4521621162865682 -0.3199483748858398
vn -0.8325757971519242 0.4521621162865682 -0.3199483748858398
vn -0.8325757971519242 0.4521621162865682 -0.3199483748858398
vn -0.8096298092650317 0.5832651339134096 0.06558472009881985
vn -0.8096298092650317 0.5832651339134096 0.06558472009881985
vn -0.8096298092650317 0.5832651339134096 0.06558472009881985
vn -0.6305918000776707 0.7679291249746881 0.11242259866420415
vn -0.6305918000776707 0.7679291249746881 0.11242259866420415
vn -0.6305918000776707 0.7679291249746881 0.11242259866420415
vn -0.4777147393322492 0.821141050659564 -0.312275523770962
vn -0.4777147393322492 0.821141050659564 -0.312275523770962
vn -0.4777147393322492 0.821141050659564 -0.312275523770962
vn -0.39554400158612285 0.9166170568766758 0.05794923512849756
vn -0.39554400158612285 0.9166170568766758 0.05794923512849756
vn -0.39554400158612285 0.9166170568766758 0.05794923512849756
vn -0.15865180218051095 0.9795550902625629 0.12369895232207208
vn -0.15865180218051095 0.9795550902625629 0.12369895232207208
vn -0.15865180218051095 0.9795550902625629 0.12369895232207208
vn 0.03335027751586788 0.9576235362953721 -0.286085514702791
vn 0.03335027751586788 0.9576235362953721 -0.286085514702791
vn 0.03335027751586788 0.9576235362953721 -0.286085514702791
vn -0.030097974024829686 0.9995230886428801 -0.006907042015075395
vn -0.030097974024829686 0.9995230886428801 -0.006907042015075395
vn -0.030097974024829686 0.9995230886428801 -0.006907042015075395
vn 0.3143951525642403 0.9484343916077435 -0.04034715429565678
vn 0.3143951525642403 0.9484343916077435 -0.04034715429565678
vn 0.3143951525642403 0.9484343916077435 -0.04034715429565678
vn 0.30612920878533456 0.9519715049094224 -0.005929702265257305
vn 0.30612920878533456 0.9519715049094224 -0.005929702265257305
vn 0.30612920878533456 0.9519715049094224 -0.005929702265257305
vn 0.6274556401569962 0.7781428550828436 -0.028162328005591136
vn 0.6274556401569962 0.7781428550828436 -0.028162328005591136
vn 0.6274556401569962 0.7781428550828436 -0.028162328005591136
vn 0.6406097368447063 0.7603333540592491 -0.1072956465322274
vn 0.6406097368447063 0.7603333540592491 -0.1072956465322274
vn 0.6406097368447063 0.7603333540592491 -0.1072956465322274
vn 0.818404384924537 0.5662971197200883 0.09757989000312406
vn 0.818404384924537 0.5662971197200883 0.09757989000312406
vn 0.818404384924537 0.5662971197200883 0.09757989000312406
vn 0.8783813782647083 0.4097575278853372 -0.2460587788701889
vn 0.8783813782647083 0.4097575278853372 -0.2460587788701889
vn 0.8783813782647083 0.4097575278853372 -0.2460587788701889
vn 0.9420409108056526 0.32926809457380907 0.06435405398410983
vn 0.9420409108056526 0.32926809457380907 0.06435405398410983
vn 0.9420409108056526 0.32926809457380907 0.06435405398410983
vn 0.9979292302352878 0.04481495610796448 0.046139691709491504
vn 0.9979292302352878 0.04481495610796448 0.046139691709491504
vn 0.9979292302352878 0.04481495610796448 0.046139691709491504
vn 0.9698893549875108 -0.061650679291090145 -0.23561373649441059
vn 0.9698893549875108 -0.061650679291090145 -0.23561373649441059
vn 0.9698893549875108 -0.061650679291090145 -0.23561373649441059
vn 0.9738016115981115 -0.19939596925292144 0.10932368771043642
vn 0.9738016115981115 -0.19939596925292144 0.10932368771043642
vn 0.9738016115981115 -0.19939596925292144 0.10932368771043642
vn 0.8796003856744478 -0.46764369734765976 -0.08724983583006425
vn 0.8796003856744478 -0.46764369734765976 -0.08724983583006425
vn 0.8796003856744478 -0.46764369734765976 -0.08724983583006425
vn 0.8744260640746268 -0.4723146840702667 -0.1108958866620449
vn 0.8744260640746268 -0.4723146840702667 -0.1108958866620449
vn 0.8744260640746268 -0.4723146840702667 -0.1108958866620449
vn 0.7212872020059129 -0.6840790615373434 0.10853851753487863
vn 0.7212872020059129 -0.6840790615373434 0.10853851753487863
vn 0.7212872020059129 -0.6840790615373434 0.10853851753487863
vn 0.6307484537861933 -0.7622745669745031 -0.14523729751740794
vn 0.6307484537861933 -0.7622745669745031 -0.14523729751740794
vn 0.6307484537861933 -0.7622745669745031 -0.14523729751740794
vn 0.5136008907277844 -0.8536838969897915 0.086243429105929
vn 0.5136008907277844 -0.8536838969897915 0.086243429105929
vn 0.5136008907277844 -0.8536838969897915 0.086243429105929
vn 0.33470507652847115 -0.9247264044054658 -0.18125558954528595
vn 0.33470507652847115 -0.9247264044054658 -0.18125558954528595
vn 0.33470507652847115 -0.9247264044054658 -0.18125558954528595
vn 0.2680586324884544 -0.9618204998729715 0.05518963283558926
vn 0.2680586324884544 -0.9618204998729715 0.05518963283558926
vn 0.2680586324884544 -0.9618204998729715 0.05518963283558926
vn 0.00729589174668824 -0.9931023262603138 0.11702367085326815
vn 0.00729589174668824 -0.9931023262603138 0.11702367085326815
vn 0.00729589174668824 -0.9931023262603138 0.11702367085326815
vn -0.14829904016770712 -0.9426892511507813 -0.2989052867550456
vn -0.14829904016770712 -0.9426892511507813 -0.2989052867550456
vn -0.14829904016770712 -0.9426892511507813 -0.2989052867550456
vn -0.2557995947670241 -0.9662422063604155 0.03070123718651403
vn -0.2557995947670241 -0.9662422063604155 0.03070123718651403
vn -0.2557995947670241 -0.9662422063604155 0.03070123718651403
vn -0.5001505528049508 -0.8553714010306831 0.13486730822444934
vn -0.5001505528049508 -0.8553714010306831 0.13486730822444934
vn -0.5001505528049508 -0.8553714010306831 0.13486730822444934
vn -0.6170367602229886 -0.729002535779867 -0.29634597915281713
vn -0.6170367602229886 -0.729002535779867 -0.29634597915281713
vn -0.6170367602229886 -0.729002535779867 -0.29634597915281713
vn -0.7168391366844418 -0.6969335098553121 0.020623650459120783
vn -0.7168391366844418 -0.6969335098553121 0.020623650459120783
vn -0.7168391366844418 -0.6969335098553121 0.020623650459120783
vn -0.8683078965414751 -0.4754533215642948 0.1413702083792692
vn -0.8683078965414751 -0.4754533215642948 0.1413702083792692
vn -0.8683078965414751 -0.4754533215642948 0.1413702083792692
vn -0.9165371808643988 -0.3571684419825665 -0.17997305394110033
vn -0.9165371808643988 -0.3571684419825665 -0.17997305394110033
vn -0.9165371808643988 -0.3571684419825665 -0.17997305394110033
vn -0.970431532512372 -0.19703783620326115 0.1394228525386922
vn -0.970431532512372 -0.19703783620326115 0.1394228525386922
vn -0.970431532512372 -0.19703783620326115 0.1394228525386922
f 1//1 2//2 3//3
f 4//4 5//5 6//6
f 7//7 8//8 9//9
f 10//10 11//11 12//12
f 13//13 14//14 15//15
f 16//16 17//17 18//18
f 19//19 20//20 21//21
f 22//22 23//23 24//24
f 25//25 26//26 27//27
f 28//28 29//29 30//30
f 31//31 32//32 33//33
f 34//34 35//35 36//36
f 37//37 38//38 39//39
f 40//40 41//41 42//42
f 43//43 44//44 45//45
f 46//46 47//47 48//48
f 49//49 50//50 51//51
f 52//52 53//53 54//54
f 55//55 56//56 57//57
f 58//58 59//59 60//60
f 61//61 62//62 63//63
f 64//64 65//65 66//66
f 67//67 68//68 69//69
f 70//70 71//71 72//72
f 73//73 74//74 75//75
f 76//76 77//77 78//78
f 79//79 80//80 81//81
f 82//82 83//83 84//84
f 85//85 86//86 87//87
f 88//88 89//89 90//90
f 91//91 92//92 93//93
f 94//94 95//95 96//96
f 97//97 98//98 99//99
f 100//100 101//101 102//102
f 103//103 104//104 105//105
f 106//106 107//107 108//108
f 109//109 110//110 111//111
f 112//112 113//113 114//114
f 115//115 116//116 117//117
f 118//118 119//119 120//120
f 121//121 122//122 123//123
f 124//124 125//125 126//126
f 127//127 128//128 129//129
f 130//130 131//131 132//132
f 133//133 134//134 135//135
f 136//136 137//137 138//138
f 139//139 140//140 141//141
f 142//142 143//143 144//144
f 145//145 146//146 147//147
f 148//148 149//149 150//150
f 151//151 152//152 153//153
f 154//154 155//155 156//156
f 157//157 158//158 159//159
f 160//160 161//161 162//162
f 163//163 164//164 165//165
f 166//166 167//167 168//168
f 169//169 170//170 171//171
f 172//172 173//173 174//174
f 175//175 176//176 177//177
f 178//178 179//179 180//180
f 181//181 182//182 183//183
f 184//184 185//185 186//186
f 187//187 188//188 189//189
f 190//190 191//191 192//192
f 193//193 194//194 195//195
f 196//196 197//197 198//198
f 199//199 200//200 201//201
f 202//202 203//203 204//204
f 205//205 206//206 207//207
f 208//208 209//209 210//210
f 211//211 212//212 213//213
f 214//214 215//215 216//216
f 217//217 218//218 219//219
f 220//220 221//221 222//222
f 223//223 224//224 225//225
f 226//226 227//227 228//228
f 229//229 230//230 231//231
f 232//232 233//233 234//234
f 235//235 236//236 237//237
f 238//238 239//239 240//240
f 241//241 242//242 243//243
f 244//244 245//245 246//246
f 247//247 248//248 249//249
f 250//250 251//251 252//252
f 253//253 254//254 255//255
f 256//256 257//257 258//258
f 259//259 260//260 261//261
f 262//262 263//263 264//264
f 265//265 266//266 267//267
f 268//268 269//269 270//270
f 271//271 272//272 273//273
f 274//274 275//275 276//276
f 277//277 278//278 279//279
f 280//280 281//281 282//282
f 283//283 284//284 285//285
f 286//286 287//287 288//288
f 289//289 290//290 291//291
f 292//292 293//293 294//294
f 295//295 296//296 297//297
f 298//298 299//299 300//300
f 301//301 302//302 303//303
f 304//304 305//305 306//306
f 307//307 308//308 309//309
f 310//310 311//311 312//312
f 313//313 314//314 315//315
f 316//316 317//317 318//318
f 319//319 320//320 321//321
f 322//322 323//323 324//324
f 325//325 326//326 327//327
f 328//328 329//329 330//330
f 331//331 332//332 333//333
f 334//334 335//335 336//336
f 337//337 338//338 339//339
f 340//340 341//341 342//342
f 343//343 344//344 345//345
f 346//346 347//347 348//348
f 349//349 350//350 351//351
f 352//352 353//353 354//354
f 355//355 356//356 357//357
f 358//358 359//359 360//360
f 361//361 362//362 363//363
f 364//364 365//365 366//366
f 367//367 368//368 369//369
f 370//370 371//371 372//372
f 373//373 374//374 375//375
f 376//376 377//377 378//378
f 379//379 380//380 381//381
f 382//382 383//383 384//384
f 385//385 386//386 387//387
f 388//388 389//389 390//390
f 391//391 392//392 393//393
f 394//394 395//395 396//396
f 397//397 398//398 399//399
f 400//400 401//401 402//402
f 403//403 404//404 405//405
f 406//406 407//407 408//408
f 409//409 410//410 411//411
f 412//412 413//413 414//414
f 415//415 416//416 417//417
f 418//418 419//419 420//420
f 421//421 422//422 423//423
f 424//424 425//425 426//426
f 427//427 428//428 429//429
f 430//430 431//431 432//432
f 433//433 434//434 435//435
f 436//436 437//437 438//438
f 439//439 440//440 441//441
f 442//442 443//443 444//444
f 445//445 446//446 447//447
f 448//448 449//449 450//450
f 451//451 452//452 453//453
f 454//454 455//455 456//456
f 457//457 458//458 459//459
f 460//460 461//461 462//462
f 463//463 464//464 465//465
f 466//466 467//467 468//468
f 469//469 470//470 471//471
f 472//472 473//473 474//474
f 475//475 476//476 477//477
f 478//478 479//479 480//480
f 481//481 482//482 483//483
f 484//484 485//485 486//486
f 487//487 488//488 489//489
f 490//490 491//491 492//492
f 493//493 494//494 495//495
f 496//496 497//497 498//498
f 499//499 500//500 501//501
f 502//502 503//503 504//504
f 505//505 506//506 507//507
f 508//508 509//509 510//510
f 511//511 512//512 513//513
f 514//514 515//515 516//516
f 517//517 518//518 519//519
f 520//520 521//521 522//522
f 523//523 524//524 525//525
f 526//526 527//527 528//528
f 529//529 530//530 531//531
f 532//532 533//533 534//534
f 535//535 536//536 537//537
f 538//538 539//539 540//540
f 541//541 542//542 543//543
f 544//544 545//545 546//546
f 547//547 548//548 549//549
f 550//550 551//551 552//552
f 553//553 554//554 555//555
f 556//556 557//557 558//558
f 559//559 560//560 561//561
f 562//562 563//563 564//564
f 565//565 566//566 567//567
f 568//568 569//569 570//570
f 571//571 572//572 573//573
f 574//574 575//575 576//576
f 577//577 578//578 579//579
f 580//580 581//581 582//582
f 583//583 584//584 585//585
f 586//586 587//587 588//588
f 589//589 590//590 591//591
f 592//592 593//593 594//594
f 595//595 596//596 597//597
f 598//598 599//599 600//600
f 601//601 602//602 603//603
f 604//604 605//605 606//606
f 607//607 608//608 609//609
f 610//610 611//611 612//612
f 613//613 614//614 615//615
f 616//616 617//617 618//618
f 619//619 620//620 621//621
f 622//622 623//623 624//624
f 625//625 626//626 627//627
f 628//628 629//629 630//630
f 631//631 632//632 633//633
f 634//634 635//635 636//636
f 637//637 638//638 639//639
f 640//640 641//641 642//642
f 643//643 644//644 645//645
f 646//646 647//647 648//648
f 649//649 650//650 651//651
f 652//652 653//653 654//654
f 655//655 656//656 657//657
f 658//658 659//659 660//660
f 661//661 662//662 663//663
f 664//664 665//665 666//666
f 667//667 668//668 669//669
f 670//670 671//671 672//672
f 673//673 674//674 675//675
f 676//676 677//677 678//678
f 679//679 680//680 681//681
f 682//682 683//683 684//684
f 685//685 686//686 687//687
f 688//688 689//689 690//690
f 691//691 692//692 693//693
f 694//694 695//695 696//696
f 697//697 698//698 699//699
f 700//700 701//701 702//702
f 703//703 704//704 705//705
f 706//706 707//707 708//708
f 709//709 710//710 711//711
f 712//712 713//713 714//714
f 715//715 716//716 717//717
f 718//718 719//719 720//720
f 721//721 722//722 723//723
f 724//724 725//725 726//726
f 727//727 728//728 729//729
f 730//730 731//731 732//732
f 733//733 734//734 735//735
f 736//736 737//737 738//738
f 739//739 740//740 741//741
f 742//742 743//743 744//744
f 745//745 746//746 747//747
f 748//748 749//749 750//750
f 751//751 752//752 753//753
f 754//754 755//755 756//756
f 757//757 758//758 759//759
f 760//760 761//761 762//762
f 763//763 764//764 765//765
f 766//766 767//767 768//768
f 769//769 770//770 771//771
f 772//772 773//773 774//774
f 775//775 776//776 777//777
f 778//778 779//779 780//780
f 781//781 782//782 783//783
f 784//784 785//785 786//786
f 787//787 788//788 789//789
f 790//790 791//791 792//792
f 793//793 794//794 795//795
f 796//796 797//797 798//798
f 799//799 800//800 801//801
f 802//802 803//803 804//804
f 805//805 806//806 807//807
f 808//808 809//809 810//810
f 811//811 812//812 813//813
f 814//814 815//815 816//816
f 817//817 818//818 819//819
f 820//820 821//821 822//822
f 823//823 824//824 825//825
f 826//826 827//827 828//828
f 829//829 830//830 831//831
f 832//832 833//833 834//834
f 835//835 836//836 837//837
f 838//838 839//839 840//840
f 841//841 842//842 843//843
f 844//844 845//845 846//846
f 847//847 848//848 849//849
f 850//850 851//851 852//852
f 853//853 854//854 855//855
f 856//856 857//857 858//858
f 859//859 860//860 861//861
f 862//862 863//863 864//864
f 865//865 866//866 867//867
f 868//868 869//869 870//870
f 871//871 872//872 873//873
f 874//874 875//875 876//876
f 877//877 878//878 879//879
f 880//880 881//881 882//882
f 883//883 884//884 885//885
f 886//886 887//887 888//888
f 889//889 890//890 891//891
f 892//892 893//893 894//894
f 895//895 896//896 897//897
f 898//898 899//899 900//900
f 901//901 902//902 903//903
f 904//904 905//905 906//906
f 907//907 908//908 909//909
f 910//910 911//911 912//912
f 913//913 914//914 915//915
f 916//916 917//917 918//918
f 919//919 920//920 921//921
f 922//922 923//923 924//924
f 925//925 926//926 927//927
f 928//928 929//929 930//930
f 931//931 932//932 933//933
f 934//934 935//935 936//936
f 937//937 938//938 939//939
f 940//940 941//941 942//942
f 943//943 944//944 945//945
f 946//946 947//947 948//948
f 949//949 950//950 951//951
f 952//952 953//953 954//954
f 955//955 956//956 957//957
f 958//958 959//959 960//960
f 961//961 962//962 963//963
f 964//964 965//965 966//966
f 967//967 968//968 969//969
f 970//970 971//971 972//972
f 973//973 974//974 975//975
f 976//976 977//977 978//978
f 979//979 980//980 981//981
f 982//982 983//983 984//984
f 985//985 986//986 987//987
f 988//988 989//989 990//990
f 991//991 992//992 993//993
f 994//994 995//995 996//996
f 997//997 998//998 999//999
f 1000//1000 1001//1001 1002//1002
f 1003//1003 1004//1004 1005//1005
f 1006//1006 1007//1007 1008//1008
f 1009//1009 1010//1010 1011//1011
f 1012//1012 1013//1013 1014//1014
f 1015//1015 1016//1016 1017//1017
f 1018//1018 1019//1019 1020//1020
f 1021//1021 1022//1022 1023//1023
f 1024//1024 1025//1025 1026//1026
f 1027//1027 1028//1028 1029//1029
f 1030//1030 1031//1031 1032//1032
f 1033//1033 1034//1034 1035//1035
f 1036//1036 1037//1037 1038//1038
f 1039//1039 1040//1040 1041//1041
f 1042//1042 1043//1043 1044//1044
f 1045//1045 1046//1046 1047//1047
f 1048//1048 1049//1049 1050//1050
f 1051//1051 1052//1052 1053//1053
f 1054//1054 1055//1055 1056//1056
f 1057//1057 1058//1058 1059//1059
f 1060//1060 1061//1061 1062//1062
f 1063//1063 1064//1064 1065//1065
f 1066//1066 1067//1067 1068//1068
f 1069//1069 1070//1070 1071//1071
f 1072//1072 1073//1073 1074//1074
f 1075//1075 1076//1076 1077//1077
f 1078//1078 1079//1079 1080//1080
f 1081//1081 1082//1082 1083//1083
f 1084//1084 1085//1085 1086//1086
f 1087//1087 1088//1088 1089//1089
f 1090//1090 1091//1091 1092//1092
f 1093//1093 1094//1094 1095//1095
f 1096//1096 1097//1097 1098//1098
f 1099//1099 1100//1100 1101//1101
f 1102//1102 1103//1103 1104//1104
f 1105//1105 1106//1106 1107//1107
f 1108//1108 1109//1109 1110//1110
f 1111//1111 1112//1112 1113//1113
f 1114//1114 1115//1115 1116//1116
f 1117//1117 1118//1118 1119//1119
f 1120//1120 1121//1121 1122//1122
f 1123//1123 1124//1124 1125//1125
f 1126//1126 1127//1127 1128//1128
f 1129//1129 1130//1130 1131//1131
f 1132//1132 1133//1133 1134//1134
f 1135//1135 1136//1136 1137//1137
f 1138//1138 1139//1139 1140//1140
f 1141//1141 1142//1142 1143//1143
f 1144//1144 1145//1145 1146//1146
f 1147//1147 1148//1148 1149//1149
f 1150//1150 1151//1151 1152//1152
f 1153//1153 1154//1154 1155//1155
f 1156//1156 1157//1157 1158//1158
f 1159//1159 1160//1160 1161//1161
f 1162//1162 1163//1163 1164//1164
f 1165//1165 1166//1166 1167//1167
f 1168//1168 1169//1169 1170//1170
f 1171//1171 1172//1172 1173//1173
f 1174//1174 1175//1175 1176//1176
f 1177//1177 1178//1178 1179//1179
f 1180//1180 1181//1181 1182//1182
f 1183//1183 1184//1184 1185//1185
f 1186//1186 1187//1187 1188//1188
f 1189//1189 1190//1190 1191//1191
f 1192//1192 1193//1193 1194//1194
f 1195//1195 1196//1196 1197//1197
f 1198//1198 1199//1199 1200//1200
f 1201//1201 1202//1202 1203//1203
f 1204//1204 1205//1205 1206//1206
f 1207//1207 1208//1208 1209//1209
f 1210//1210 1211//1211 1212//1212
f 1213//1213 1214//1214 1215//1215
f 1216//1216 1217//1217 1218//1218
f 1219//1219 1220//1220 1221//1221
f 1222//1222 1223//1223 1224//1224
f 1225//1225 1226//1226 1227//1227
f 1228//1228 1229//1229 1230//1230
f 1231//1231 1232//1232 1233//1233
f 1234//1234 1235//1235 1236//1236
f 1237//1237 1238//1238 1239//1239
f 1240//1240 1241//1241 1242//1242
f 1243//1243 1244//1244 1245//1245
f 1246//1246 1247//1247 1248//1248
f 1249//1249 1250//1250 1251//1251
f 1252//1252 1253//1253 1254//1254
f 1255//1255 1256//1256 1257//1257
f 1258//1258 1259//1259 1260//1260
f 1261//1261 1262//1262 1263//1263
f 1264//1264 1265//1265 1266//1266
f 1267//1267 1268//1268 1269//1269
f 1270//1270 1271//1271 1272//1272
f 1273//1273 1274//1274 1275//1275
f 1276//1276 1277//1277 1278//1278
f 1279//1279 1280//1280 1281//1281
f 1282//1282 1283//1283 1284//1284
f 1285//1285 1286//1286 1287//1287
f 1288//1288 1289//1289 1290//1290
f 1291//1291 1292//1292 1293//1293
f 1294//1294 1295//1295 1296//1296
f 1297//1297 1298//1298 1299//1299
f 1300//1300 1301//1301 1302//1302
f 1303//1303 1304//1304 1305//1305
f 1306//1306 1307//1307 1308//1308
f 1309//1309 1310//1310 1311//1311
f 1312//1312 1313//1313 1314//1314
f 1315//1315 1316//1316 1317//1317
f 1318//1318 1319//1319 1320//1320
f 1321//1321 1322//1322 1323//1323
f 1324//1324 1325//1325 1326//1326
f 1327//1327 1328//1328 1329//1329
f 1330//1330 1331//1331 1332//1332
f 1333//1333 1334//1334 1335//1335
f 1336//1336 1337//1337 1338//1338
f 1339//1339 1340//1340 1341//1341
f 1342//1342 1343//1343 1344//1344
f 1345//1345 1346//1346 1347//1347
f 1348//1348 1349//1349 1350//1350
f 1351//1351 1352//1352 1353//1353
f 1354//1354 1355//1355 1356//1356
f 1357//1357 1358//1358 1359//1359
f 1360//1360 1361//1361 1362//1362
f 1363//1363 1364//1364 1365//1365
f 1366//1366 1367//1367 1368//1368
f 1369//1369 1370//1370 1371//1371
f 1372//1372 1373//1373 1374//1374
f 1375//1375 1376//1376 1377//1377
f 1378//1378 1379//1379 1380//1380
f 1381//1381 1382//1382 1383//1383
f 1384//1384 1385//1385 1386//1386
f 1387//1387 1388//1388 1389//1389
f 1390//1390 1391//1391 1392//1392
f 1393//1393 1394//1394 1395//1395
f 1396//1396 1397//1397 1398//1398
f 1399//1399 1400//1400 1401//1401
f 1402//1402 1403//1403 1404//1404
f 1405//1405 1406//1406 1407//1407
f 1408//1408 1409//1409 1410//1410
f 1411//1411 1412//1412 1413//1413
f 1414//1414 1415//1415 1416//1416
f 1417//1417 1418//1418 1419//1419
f 1420//1420 1421//1421 1422//1422
f 1423//1423 1424//1424 1425//1425
f 1426//1426 1427//1427 1428//1428
f 1429//1429 1430//1430 1431//1431
f 1432//1432 1433//1433 1434//1434
f 1435//1435 1436//1436 1437//1437
f 1438//1438 1439//1439 1440//1440
f 1441//1441 1442//1442 1443//1443
f 1444//1444 1445//1445 1446//1446
f 1447//1447 1448//1448 1449//1449
f 1450//1450 1451//1451 1452//1452
f 1453//1453 1454//1454 1455//1455
f 1456//1456 1457//1457 1458//1458
f 1459//1459 1460//1460 1461//1461
f 1462//1462 1463//1463 1464//1464
f 1465//1465 1466//1466 1467//1467
f 1468//1468 1469//1469 1470//1470
f 1471//1471 1472//1472 1473//1473
f 1474//1474 1475//1475 1476//1476
f 1477//1477 1478//1478 1479//1479
f 1480//1480 1481//1481 1482//1482
f 1483//1483 1484//1484 1485//1485
f 1486//1486 1487//1487 1488//1488
f 1489//1489 1490//1490 1491//1491
f 1492//1492 1493//1493 1494//1494
f 1495//1495 1496//1496 1497//1497
f 1498//1498 1499//1499 1500//1500
f 1501//1501 1502//1502 1503//1503
f 1504//1504 1505//1505 1506//1506
f 1507//1507 1508//1508 1509//1509
f 1510//1510 1511//1511 1512//1512
f 1513//1513 1514//1514 1515//1515
f 1516//1516 1517//1517 1518//1518
f 1519//1519 1520//1520 1521//1521
f 1522//1522 1523//1523 1524//1524
f 1525//1525 1526//1526 1527//1527
f 1528//1528 1529//1529 1530//1530
f 1531//1531 1532//1532 1533//1533
f 1534//1534 1535//1535 1536//1536
f 1537//1537 1538//1538 1539//1539
f 1540//1540 1541//1541 1542//1542
f 1543//1543 1544//1544 1545//1545
f 1546//1546 1547//1547 1548//1548
f 1549//1549 1550//1550 1551//1551
f 1552//1552 1553//1553 1554//1554
f 1555//1555 1556//1556 1557//1557
f 1558//1558 1559//1559 1560//1560
f 1561//1561 1562//1562 1563//1563
f 1564//1564 1565//1565 1566//1566
f 1567//1567 1568//1568 1569//1569
f 1570//1570 1571//1571 1572//1572
f 1573//1573 1574//1574 1575//1575
f 1576//1576 1577//1577 1578//1578
f 1579//1579 1580//1580 1581//1581
f 1582//1582 1583//1583 1584//1584
f 1585//1585 1586//1586 1587//1587
f 1588//1588 1589//1589 1590//1590
f 1591//1591 1592//1592 1593//1593
f 1594//1594 1595//1595 1596//1596
f 1597//1597 1598//1598 1599//1599
f 1600//1600 1601//1601 1602//1602
f 1603//1603 1604//1604 1605//1605
f 1606//1606 1607//1607 1608//1608
f 1609//1609 1610//1610 1611//1611
f 1612//1612 1613//1613 1614//1614
f 1615//1615 1616//1616 1617//1617
f 1618//1618 1619//1619 1620//1620
f 1621//1621 1622//1622 1623//1623
f 1624//1624 1625//1625 1626//1626
f 1627//1627 1628//1628 1629//1629
f 1630//1630 1631//1631 1632//1632
f 1633//1633 1634//1634 1635//1635
f 1636//1636 1637//1637 1638//1638
f 1639//1639 1640//1640 1641//1641
f 1642//1642 1643//1643 1644//1644
f 1645//1645 1646//1646 1647//1647
f 1648//1648 1649//1649 1650//1650
f 1651//1651 1652//1652 1653//1653
f 1654//1654 1655//1655 1656//1656
f 1657//1657 1658//1658 1659//1659
f 1660//1660 1661//1661 1662//1662
f 1663//1663 1664//1664 1665//1665
f 1666//1666 1667//1667 1668//1668
f 1669//1669 1670//1670 1671//1671
f 1672//1672 1673//1673 1674//1674
f 1675//1675 1676//1676 1677//1677
f 1678//1678 1679//1679 1680//1680
f 1681//1681 1682//1682 1683//1683
f 1684//1684 1685//1685 1686//1686
f 1687//1687 1688//1688 1689//1689
f 1690//1690 1691//1691 1692//1692
f 1693//1693 1694//1694 1695//1695
f 1696//1696 1697//1697 1698//1698
f 1699//1699 1700//1700 1701//1701
f 1702//1702 1703//1703 1704//1704
f 1705//1705 1706//1706 1707//1707
f 1708//1708 1709//1709 1710//1710
f 1711//1711 1712//1712 1713//1713
f 1714//1714 1715//1715 1716//1716
f 1717//1717 1718//1718 1719//1719
f 1720//1720 1721//1721 1722//1722
f 1723//1723 1724//1724 1725//1725
f 1726//1726 1727//1727 1728//1728
f 1729//1729 1730//1730 1731//1731
f 1732//1732 1733//1733 1734//1734
f 1735//1735 1736//1736 1737//1737
f 1738//1738 1739//1739 1740//1740
f 1741//1741 1742//1742 1743//1743
f 1744//1744 1745//1745 1746//1746
f 1747//1747 1748//1748 1749//1749
f 1750//1750 1751//1751 1752//1752
f 1753//1753 1754//1754 1755//1755
f 1756//1756 1757//1757 1758//1758
f 1759//1759 1760//1760 1761//1761
f 1762//1762 1763//1763 1764//1764
f 1765//1765 1766//1766 1767//1767
f 1768//1768 1769//1769 1770//1770
f 1771//1771 1772//1772 1773//1773
f 1774//1774 1775//1775 1776//1776
f 1777//1777 1778//1778 1779//1779
f 1780//1780 1781//1781 1782//1782
f 1783//1783 1784//1784 1785//1785
f 1786//1786 1787//1787 1788//1788
f 1789//1789 1790//1790 1791//1791
f 1792//1792 1793//1793 1794//1794
f 1795//1795 1796//1796 1797//1797
f 1798//1798 1799//1799 1800//1800
f 1801//1801 1802//1802 1803//1803
f 1804//1804 1805//1805 1806//1806
f 1807//1807 1808//1808 1809//1809
f 1810//1810 1811//1811 1812//1812
f 1813//1813 1814//1814 1815//1815
f 1816//1816 1817//1817 1818//1818
f 1819//1819 1820//1820 1821//1821
f 1822//1822 1823//1823 1824//1824
f 1825//1825 1826//1826 1827//1827
f 1828//1828 1829//1829 1830//1830
f 1831//1831 1832//1832 1833//1833
f 1834//1834 1835//1835 1836//1836
f 1837//1837 1838//1838 1839//1839
f 1840//1840 1841//1841 1842//1842
f 1843//1843 1844//1844 1845//1845
f 1846//1846 1847//1847 1848//1848
f 1849//1849 1850//1850 1851//1851
f 1852//1852 1853//1853 1854//1854
f 1855//1855 1856//1856 1857//1857
f 1858//1858 1859//1859 1860//1860
f 1861//1861 1862//1862 1863//1863
f 1864//1864 1865//1865 1866//1866
f 1867//1867 1868//1868 1869//1869
f 1870//1870 1871//1871 1872//1872
f 1873//1873 1874//1874 1875//1875
f 1876//1876 1877//1877 1878//1878
f 1879//1879 1880//1880 1881//1881
f 1882//1882 1883//1883 1884//1884
f 1885//1885 1886//1886 1887//1887
f 1888//1888 1889//1889 1890//1890
f 1891//1891 1892//1892 1893//1893
f 1894//1894 1895//1895 1896//1896
f 1897//1897 1898//1898 1899//1899
f 1900//1900 1901//1901 1902//1902
f 1903//1903 1904//1904 1905//1905
f 1906//1906 1907//1907 1908//1908
f 1909//1909 1910//1910 1911//1911
f 1912//1912 1913//1913 1914//1914
f 1915//1915 1916//1916 1917//1917
f 1918//1918 1919//1919 1920//1920
f 1921//1921 1922//1922 1923//1923
f 1924//1924 1925//1925 1926//1926
f 1927//1927 1928//1928 1929//1929
f 1930//1930 1931//1931 1932//1932
f 1933//1933 1934//1934 1935//1935
f 1936//1936 1937//1937 1938//1938
f 1939//1939 1940//1940 1941//1941
f 1942//1942 1943//1943 1944//1944
f 1945//1945 1946//1946 1947//1947
f 1948//1948 1949//1949 1950//1950
f 1951//1951 1952//1952 1953//1953
f 1954//1954 1955//1955 1956//1956
f 1957//1957 1958//1958 1959//1959
f 1960//1960 1961//1961 1962//1962
f 1963//1963 1964//1964 1965//1965
f 1966//1966 1967//1967 1968//1968
f 1969//1969 1970//1970 1971//1971
f 1972//1972 1973//1973 1974//1974
f 1975//1975 1976//1976 1977//1977
f 1978//1978 1979//1979 1980//1980
f 1981//1981 1982//1982 1983//1983
f 1984//1984 1985//1985 1986//1986
f 1987//1987 1988//1988 1989//1989
f 1990//1990 1991//1991 1992//1992
f 1993//1993 1994//1994 1995//1995
f 1996//1996 1997//1997 1998//1998
f 1999//1999 2000//2000 2001//2001
f 2002//2002 2003//2003 2004//2004
f 2005//2005 2006//2006 2007//2007
f 2008//2008 2009//2009 2010//2010
f 2011//2011 2012//2012 2013//2013
f 2014//2014 2015//2015 2016//2016
f 2017//2017 2018//2018 2019//2019
f 2020//2020 2021//2021 2022//2022
